8.533350000000000364e+02, 1.878630000000000022e-01
8.533509999999999991e+02, 3.403950000000000031e-01
8.533680000000000518e+02, 2.310480000000000089e+00
8.533849999999999909e+02, 9.076189999999999536e-01
8.534009999999999536e+02, 7.175789999999999669e-01
8.534180000000000064e+02, -8.693180000000000351e-01
8.534349999999999454e+02, -5.320749999999999647e-01
8.534510000000000218e+02, 4.545289999999999747e-02
8.534679999999999609e+02, 3.999730000000000230e-01
8.534850000000000136e+02, 1.320280000000000065e-01
8.535009999999999764e+02, -1.867599999999999927e+00
8.535180000000000291e+02, -1.908889999999999976e+00
8.535349999999999682e+02, -6.987640000000000517e-01
8.535510000000000446e+02, -4.644840000000000080e-01
8.535679999999999836e+02, 8.494939999999999436e-02
8.535850000000000364e+02, 7.418839999999999879e-01
8.536009999999999991e+02, -2.727530000000000232e-01
8.536180000000000518e+02, -7.839380000000000237e-01
8.536349999999999909e+02, -3.378399999999999737e-01
8.536509999999999536e+02, -1.208020000000000066e-01
8.536680000000000064e+02, 3.044209999999999972e-01
8.536849999999999454e+02, 9.592039999999999456e-01
8.537010000000000218e+02, 4.428429999999999866e-01
8.537179999999999609e+02, -1.224849999999999994e+00
8.537350000000000136e+02, -6.185479999999999867e-01
8.537509999999999764e+02, -8.821970000000000089e-01
8.537680000000000291e+02, 1.130390000000000006e+00
8.537849999999999682e+02, -2.259049999999999947e-01
8.538010000000000446e+02, -3.018440000000000012e-01
8.538179999999999836e+02, 1.128070000000000045e-01
8.538350000000000364e+02, -3.973829999999999724e-02
8.538509999999999991e+02, -7.412269999999999692e-01
8.538680000000000518e+02, -9.005779999999999896e-01
8.538849999999999909e+02, -9.495810000000000084e-01
8.539009999999999536e+02, 5.330110000000000126e-01
8.539180000000000064e+02, 9.101850000000000218e-01
8.539349999999999454e+02, 1.628370000000000095e+00
8.539510000000000218e+02, 2.178259999999999863e+00
8.539679999999999609e+02, -7.067010000000000236e-01
8.539850000000000136e+02, -9.715470000000000494e-01
8.540009999999999764e+02, -1.274049999999999905e+00
8.540180000000000291e+02, -1.957799999999999985e+00
8.540349999999999682e+02, -5.607189999999999674e-01
8.540510000000000446e+02, -7.488069999999999449e-02
8.540679999999999836e+02, -1.199250000000000038e-01
8.540850000000000364e+02, 6.144290000000000029e-01
8.541009999999999991e+02, 1.632489999999999983e-02
8.541180000000000518e+02, 1.351250000000000062e+00
8.541349999999999909e+02, -1.258539999999999992e+00
8.541509999999999536e+02, -5.153419999999999668e-01
8.541680000000000064e+02, 1.274380000000000068e+00
8.541849999999999454e+02, 2.200499999999999956e-01
8.542010000000000218e+02, 3.812139999999999973e-01
8.542179999999999609e+02, -1.796329999999999982e+00
8.542350000000000136e+02, -1.555569999999999897e+00
8.542509999999999764e+02, -7.460670000000000357e-01
8.542680000000000291e+02, -1.278130000000000099e-01
8.542849999999999682e+02, 7.268170000000000464e-01
8.543010000000000446e+02, 6.078930000000000167e-01
8.543179999999999836e+02, 4.899690000000000295e-02
8.543350000000000364e+02, -1.889440000000000008e+00
8.543509999999999991e+02, -7.449210000000000553e-01
8.543680000000000518e+02, -4.833259999999999779e-01
8.543849999999999909e+02, -6.866989999999999483e-01
8.544009999999999536e+02, 1.805900000000000005e-01
8.544180000000000064e+02, 5.367199999999999749e-01
8.544349999999999454e+02, 6.374009999999999954e-01
8.544510000000000218e+02, 2.127999999999999892e-01
8.544679999999999609e+02, -5.314889999999999892e-02
8.544850000000000136e+02, -4.140710000000000224e-01
8.545009999999999764e+02, 1.059010000000000007e+00
8.545180000000000291e+02, -8.905839999999999590e-02
8.545349999999999682e+02, -3.587250000000000161e-02
8.545510000000000446e+02, -1.540030000000000010e+00
8.545679999999999836e+02, 1.982990000000000100e-02
8.545850000000000364e+02, -9.033560000000000478e-01
8.546009999999999991e+02, 1.879229999999999956e+00
8.546180000000000518e+02, 7.548759999999999915e-01
8.546349999999999909e+02, 2.677320000000000255e-01
8.546509999999999536e+02, 7.501640000000000530e-01
8.546680000000000064e+02, -4.887339999999999740e-02
8.546849999999999454e+02, 5.700469999999999704e-01
8.547010000000000218e+02, 1.096330000000000027e+00
8.547179999999999609e+02, 7.388550000000000395e-01
8.547350000000000136e+02, -8.213110000000000133e-01
8.547509999999999764e+02, -9.583660000000000512e-01
8.547680000000000291e+02, -1.098200000000000065e+00
8.547849999999999682e+02, -8.075320000000000276e-01
8.548010000000000446e+02, -1.673149999999999915e-01
8.548179999999999836e+02, -5.987710000000000254e-02
8.548350000000000364e+02, -2.532130000000000214e-01
8.548509999999999991e+02, -5.354629999999999806e-02
8.548680000000000518e+02, -1.904309999999999892e-01
8.548849999999999909e+02, -9.080340000000000078e-01
8.549009999999999536e+02, -5.726670000000000371e-01
8.549180000000000064e+02, 5.806949999999999612e-01
8.549349999999999454e+02, 7.909140000000000267e-03
8.549510000000000218e+02, -2.911340000000000039e-01
8.549679999999999609e+02, 6.106260000000000021e-01
8.549850000000000136e+02, -7.541970000000000063e-01
8.550009999999999764e+02, -3.950210000000000110e-01
8.550180000000000291e+02, -1.356489999999999974e+00
8.550349999999999682e+02, 1.196939999999999948e-01
8.550510000000000446e+02, 9.235050000000000203e-01
8.550679999999999836e+02, 1.156679999999999930e+00
8.550850000000000364e+02, 9.253849999999999576e-02
8.551009999999999991e+02, -5.000199999999999784e-02
8.551180000000000518e+02, -1.350570000000000048e+00
8.551349999999999909e+02, -7.727249999999999397e-02
8.551509999999999536e+02, -2.250689999999999913e-01
8.551680000000000064e+02, -5.515799999999999592e-01
8.551849999999999454e+02, -2.465370000000000061e-01
8.552010000000000218e+02, 1.256009999999999904e-01
8.552179999999999609e+02, 1.412390000000000034e+00
8.552350000000000136e+02, 1.426579999999999959e+00
8.552509999999999764e+02, 9.269319999999999782e-01
8.552680000000000291e+02, 1.074289999999999967e+00
8.552849999999999682e+02, -1.473140000000000005e-01
8.553010000000000446e+02, 9.762969999999999704e-01
8.553179999999999836e+02, -7.167660000000000142e-01
8.553350000000000364e+02, -1.950729999999999964e-01
8.553509999999999991e+02, -3.948360000000000203e-01
8.553680000000000518e+02, 6.991500000000000492e-02
8.553849999999999909e+02, 2.859849999999999892e-01
8.554009999999999536e+02, 8.434989999999999988e-01
8.554180000000000064e+02, -1.412430000000000074e-01
8.554349999999999454e+02, -1.154169999999999918e+00
8.554510000000000218e+02, -1.245679999999999898e+00
8.554679999999999609e+02, -6.049050000000000260e-01
8.554850000000000136e+02, 2.460640000000000049e-01
8.555009999999999764e+02, -5.343269999999999964e-01
8.555180000000000291e+02, -2.254700000000000037e-01
8.555349999999999682e+02, -1.781560000000000032e+00
8.555510000000000446e+02, -3.836649999999999783e-01
8.555679999999999836e+02, 1.831810000000000105e-01
8.555850000000000364e+02, 1.647629999999999928e-01
8.556009999999999991e+02, -6.037169999999999481e-01
8.556180000000000518e+02, 2.228259999999999963e-02
8.556349999999999909e+02, 4.563429999999999986e-01
8.556509999999999536e+02, 3.412939999999999724e-02
8.556680000000000064e+02, 1.153960000000000097e+00
8.556849999999999454e+02, 5.591479999999999784e-01
8.557010000000000218e+02, 2.364960000000000118e-01
8.557179999999999609e+02, -6.946940000000000337e-01
8.557350000000000136e+02, -1.448159999999999892e+00
8.557509999999999764e+02, 5.163689999999999947e-02
8.557680000000000291e+02, 5.843549999999999578e-01
8.557849999999999682e+02, 2.789030000000000120e-01
8.558010000000000446e+02, -9.786390000000000366e-01
8.558179999999999836e+02, -1.729149999999999965e+00
8.558350000000000364e+02, -1.419499999999999984e+00
8.558509999999999991e+02, 6.725749999999999784e-02
8.558680000000000518e+02, 1.024450000000000083e+00
8.558849999999999909e+02, 6.424269999999999703e-01
8.559009999999999536e+02, 1.604910000000000059e+00
8.559180000000000064e+02, 4.776719999999999855e-01
8.559349999999999454e+02, -6.791770000000000307e-01
8.559510000000000218e+02, 1.037910000000000110e+00
8.559679999999999609e+02, 1.861009999999999887e-01
8.559850000000000136e+02, 1.988099999999999867e-01
8.560009999999999764e+02, -5.615499999999999936e-01
8.560180000000000291e+02, -1.222180000000000044e+00
8.560349999999999682e+02, -1.454960000000000031e+00
8.560510000000000446e+02, 7.357039999999999413e-02
8.560679999999999836e+02, -8.823440000000000172e-01
8.560850000000000364e+02, 5.134849999999999831e-02
8.561009999999999991e+02, -1.286160000000000081e-01
8.561180000000000518e+02, 2.015329999999999899e-01
8.561349999999999909e+02, 2.232359999999999900e-01
8.561509999999999536e+02, -3.605479999999999796e-01
8.561680000000000064e+02, -1.223729999999999957e-02
8.561849999999999454e+02, 8.360699999999999799e-01
8.562010000000000218e+02, 3.439220000000000055e-01
8.562179999999999609e+02, 2.349239999999999939e-01
8.562350000000000136e+02, -1.716900000000000093e+00
8.562509999999999764e+02, -2.032520000000000160e-02
8.562680000000000291e+02, 1.473829999999999973e+00
8.562849999999999682e+02, 1.548859999999999904e+00
8.563010000000000446e+02, 6.983669999999999600e-01
8.563179999999999836e+02, -1.570880000000000054e+00
8.563350000000000364e+02, -1.058019999999999960e+00
8.563509999999999991e+02, -6.556140000000000301e-01
8.563680000000000518e+02, -1.883559999999999957e-01
8.563849999999999909e+02, 4.869919999999999805e-01
8.564009999999999536e+02, 1.166679999999999939e+00
8.564180000000000064e+02, -1.203359999999999985e+00
8.564349999999999454e+02, -3.797980000000000245e-01
8.564510000000000218e+02, -3.690769999999999884e-01
8.564679999999999609e+02, -2.183850000000000027e-02
8.564850000000000136e+02, -2.485249999999999959e-01
8.565009999999999764e+02, 9.622950000000000115e-01
8.565180000000000291e+02, 8.276940000000000408e-01
8.565349999999999682e+02, -5.641560000000000324e-02
8.565510000000000446e+02, 2.010309999999999875e-01
8.565679999999999836e+02, -2.258680000000000132e-01
8.565850000000000364e+02, 6.048040000000000083e-01
8.566009999999999991e+02, 6.793879999999999919e-01
8.566180000000000518e+02, -4.370029999999999748e-02
8.566349999999999909e+02, -5.233480000000000354e-01
8.566509999999999536e+02, 1.144980000000000109e+00
8.566680000000000064e+02, -2.957859999999999934e-01
8.566849999999999454e+02, 5.936979999999999480e-01
8.567010000000000218e+02, -8.183080000000000354e-01
8.567179999999999609e+02, -4.100679999999999881e-01
8.567350000000000136e+02, -3.582130000000000036e-01
8.567509999999999764e+02, -9.725800000000000001e-01
8.567680000000000291e+02, -2.096689999999999943e-01
8.567849999999999682e+02, 1.656239999999999934e-01
8.568010000000000446e+02, 7.765600000000000280e-01
8.568179999999999836e+02, -7.252520000000000078e-01
8.568350000000000364e+02, -1.515029999999999988e-01
8.568509999999999991e+02, 3.025299999999999864e-02
8.568680000000000518e+02, -9.048519999999999897e-01
8.568849999999999909e+02, 5.118810000000000304e-01
8.569009999999999536e+02, -2.796390000000000264e-01
8.569180000000000064e+02, -5.725029999999999841e-01
8.569349999999999454e+02, -9.587469999999999326e-02
8.569510000000000218e+02, -9.507649999999999713e-01
8.569679999999999609e+02, 1.170950000000000046e-01
8.569850000000000136e+02, 6.900749999999999940e-01
8.570009999999999764e+02, 2.966449999999999920e-01
8.570180000000000291e+02, 1.477389999999999981e+00
8.570349999999999682e+02, -2.476470000000000060e-01
8.570510000000000446e+02, 1.280409999999999882e-01
8.570679999999999836e+02, -1.391599999999999948e+00
8.570850000000000364e+02, -1.694440000000000113e-01
8.571009999999999991e+02, -4.592260000000000092e-02
8.571180000000000518e+02, 2.685289999999999899e-02
8.571349999999999909e+02, -3.066869999999999874e-01
8.571509999999999536e+02, 3.214620000000000255e-01
8.571680000000000064e+02, 1.349380000000000024e+00
8.571849999999999454e+02, 3.165640000000000120e-02
8.572010000000000218e+02, 8.020979999999999777e-01
8.572179999999999609e+02, -6.263469999999999871e-01
8.572350000000000136e+02, 3.298249999999999793e-01
8.572509999999999764e+02, -4.925280000000000213e-01
8.572680000000000291e+02, 2.962330000000000241e-01
8.572849999999999682e+02, 7.071629999999999583e-02
8.573010000000000446e+02, 3.855970000000000231e-01
8.573179999999999836e+02, 1.004110000000000058e+00
8.573350000000000364e+02, 1.504709999999999992e+00
8.573509999999999991e+02, 1.008520000000000083e+00
8.573680000000000518e+02, -2.858769999999999922e-01
8.573849999999999909e+02, 7.427479999999999638e-01
8.574009999999999536e+02, 1.370220000000000049e-01
8.574180000000000064e+02, 4.476600000000000024e-01
8.574349999999999454e+02, 5.404109999999999747e-01
8.574510000000000218e+02, -6.482169999999999599e-02
8.574679999999999609e+02, -1.057299999999999907e+00
8.574850000000000136e+02, 4.590359999999999996e-01
8.575009999999999764e+02, 3.325179999999999803e-01
8.575180000000000291e+02, 8.168100000000000360e-02
8.575349999999999682e+02, -9.247210000000000152e-01
8.575510000000000446e+02, -5.102539999999999853e-01
8.575679999999999836e+02, -5.011199999999999682e-02
8.575850000000000364e+02, -8.270340000000000469e-01
8.576009999999999991e+02, -2.411310000000000120e-01
8.576180000000000518e+02, 3.315670000000000006e-01
8.576349999999999909e+02, 3.192150000000000265e-01
8.576509999999999536e+02, -6.851329999999999920e-01
8.576680000000000064e+02, -5.414099999999999469e-01
8.576849999999999454e+02, -5.446050000000000058e-01
8.577010000000000218e+02, 3.166370000000000018e-01
8.577179999999999609e+02, -5.184060000000000334e-01
8.577350000000000136e+02, -1.198600000000000110e+00
8.577509999999999764e+02, -9.684979999999999700e-01
8.577680000000000291e+02, -2.156649999999999887e-02
8.577849999999999682e+02, 1.721430000000000016e+00
8.578010000000000446e+02, -1.194979999999999931e+00
8.578179999999999836e+02, -4.692999999999999949e-01
8.578350000000000364e+02, -3.839050000000000101e-02
8.578509999999999991e+02, 3.773690000000000100e-01
8.578680000000000518e+02, 9.093830000000000524e-01
8.578849999999999909e+02, 1.340580000000000105e+00
8.579009999999999536e+02, 7.097229999999999928e-01
8.579180000000000064e+02, -7.481659999999999977e-01
8.579349999999999454e+02, -4.936570000000000125e-01
8.579510000000000218e+02, -1.298000000000000043e+00
8.579679999999999609e+02, -1.667489999999999917e+00
8.579850000000000136e+02, -8.721210000000000351e-01
8.580009999999999764e+02, -6.095439999999999747e-01
8.580180000000000291e+02, -4.019059999999999855e-01
8.580349999999999682e+02, 6.443659999999999666e-02
8.580510000000000446e+02, -4.991110000000000269e-01
8.580679999999999836e+02, -6.485300000000000509e-01
8.580850000000000364e+02, -1.668189999999999951e-02
8.581009999999999991e+02, 4.316019999999999857e-01
8.581180000000000518e+02, -3.598269999999999941e-02
8.581349999999999909e+02, 8.272640000000000549e-02
8.581509999999999536e+02, 1.907129999999999992e+00
8.581680000000000064e+02, 3.554680000000000062e-01
8.581849999999999454e+02, -1.903029999999999999e-01
8.582010000000000218e+02, 5.266650000000000498e-01
8.582179999999999609e+02, -8.798119999999999552e-02
8.582350000000000136e+02, -4.699039999999999884e-01
8.582509999999999764e+02, 8.803379999999999539e-01
8.582680000000000291e+02, 5.062999999999999723e-01
8.582849999999999682e+02, -1.453710000000000058e+00
8.583010000000000446e+02, 2.347289999999999932e-01
8.583179999999999836e+02, -1.333800000000000097e+00
8.583350000000000364e+02, -5.782829999999999915e-01
8.583509999999999991e+02, 1.050119999999999942e-01
8.583680000000000518e+02, 6.038219999999999699e-01
8.583849999999999909e+02, 6.341780000000000195e-01
8.584009999999999536e+02, -9.526419999999999888e-01
8.584180000000000064e+02, 6.297169999999999712e-01
8.584349999999999454e+02, 5.573160000000000336e-01
8.584510000000000218e+02, -4.835059999999999913e-01
8.584679999999999609e+02, 6.850650000000000350e-01
8.584850000000000136e+02, 2.819670000000000232e-01
8.585009999999999764e+02, 1.653920000000000112e-01
8.585180000000000291e+02, -1.577759999999999996e-01
8.585349999999999682e+02, -2.377869999999999984e-01
8.585510000000000446e+02, 2.592400000000000260e-01
8.585679999999999836e+02, 7.988960000000000505e-01
8.585850000000000364e+02, 8.758240000000000469e-01
8.586009999999999991e+02, -2.526590000000000225e-01
8.586180000000000518e+02, 1.294070000000000054e+00
8.586349999999999909e+02, -4.093539999999999957e-01
8.586509999999999536e+02, 1.340090000000000003e+00
8.586680000000000064e+02, -7.419609999999999816e-01
8.586849999999999454e+02, 2.756770000000000054e-01
8.587010000000000218e+02, -2.853390000000000093e-01
8.587179999999999609e+02, 1.198390000000000011e-01
8.587350000000000136e+02, -1.032960000000000100e+00
8.587509999999999764e+02, -1.086040000000000061e-01
8.587680000000000291e+02, 1.856269999999999865e-01
8.587849999999999682e+02, 2.534330000000000194e-01
8.588010000000000446e+02, -2.108740000000000059e+00
8.588179999999999836e+02, -1.907229999999999981e+00
8.588350000000000364e+02, -1.112090000000000023e-01
8.588509999999999991e+02, 1.008420000000000094e+00
8.588680000000000518e+02, -3.960080000000000267e-01
8.588849999999999909e+02, 6.691519999999999690e-01
8.589009999999999536e+02, 6.574470000000000036e-01
8.589180000000000064e+02, 1.222229999999999928e+00
8.589349999999999454e+02, 1.067939999999999889e+00
8.589510000000000218e+02, -6.944310000000000205e-01
8.589679999999999609e+02, 4.014070000000000138e-01
8.589850000000000136e+02, -1.333790000000000031e+00
8.590009999999999764e+02, -3.688460000000000072e-01
8.590180000000000291e+02, 1.210050000000000070e+00
8.590349999999999682e+02, 1.069180000000000019e+00
8.590510000000000446e+02, -6.018350000000000088e-01
8.590679999999999836e+02, 1.417089999999999961e+00
8.590850000000000364e+02, 1.113010000000000055e+00
8.591009999999999991e+02, -1.221309999999999896e+00
8.591180000000000518e+02, 5.497100000000000319e-01
8.591349999999999909e+02, 8.679199999999999415e-02
8.591509999999999536e+02, -4.092970000000000219e-01
8.591680000000000064e+02, -5.683730000000000032e-02
8.591849999999999454e+02, -2.039209999999999912e-01
8.592010000000000218e+02, -1.400870000000000060e+00
8.592179999999999609e+02, 4.042969999999999897e-02
8.592350000000000136e+02, -8.128349999999999742e-01
8.592509999999999764e+02, -3.027440000000000131e-01
8.592680000000000291e+02, 2.452199999999999866e-03
8.592849999999999682e+02, -5.585269999999999957e-01
8.593010000000000446e+02, 3.431020000000000181e-01
8.593179999999999836e+02, 1.452679999999999971e+00
8.593350000000000364e+02, 5.632840000000000069e-01
8.593509999999999991e+02, 8.624089999999999534e-02
8.593680000000000518e+02, -1.229599999999999999e-01
8.593849999999999909e+02, 1.215969999999999968e-01
8.594009999999999536e+02, -8.738219999999999876e-01
8.594180000000000064e+02, 2.146980000000000000e-01
8.594349999999999454e+02, -5.321869999999999656e-01
8.594510000000000218e+02, 9.230519999999999836e-01
8.594679999999999609e+02, -7.892209999999999503e-01
8.594850000000000136e+02, -7.980949999999999989e-01
8.595009999999999764e+02, -1.477090000000000014e+00
8.595180000000000291e+02, -4.395959999999999868e-01
8.595349999999999682e+02, -4.953000000000000180e-01
8.595510000000000446e+02, 2.017869999999999941e-01
8.595679999999999836e+02, -7.602680000000000549e-01
8.595850000000000364e+02, 4.387900000000000134e-01
8.596009999999999991e+02, 1.233139999999999903e+00
8.596180000000000518e+02, 1.164290000000000047e+00
8.596349999999999909e+02, 8.856000000000000538e-01
8.596509999999999536e+02, 1.146779999999999911e+00
8.596680000000000064e+02, -3.260080000000000200e-01
8.596849999999999454e+02, -7.979309999999999459e-01
8.597010000000000218e+02, 6.524240000000000039e-01
8.597179999999999609e+02, 2.198380000000000056e-01
8.597350000000000136e+02, 8.660710000000000353e-01
8.597509999999999764e+02, 1.944530000000000092e+00
8.597680000000000291e+02, -2.323270000000000057e-01
8.597849999999999682e+02, -4.896159999999999957e-01
8.598010000000000446e+02, -6.880260000000000264e-01
8.598179999999999836e+02, -7.836790000000000145e-01
8.598350000000000364e+02, 1.991850000000000009e-01
8.598509999999999991e+02, 2.575100000000000167e-01
8.598680000000000518e+02, 2.976159999999999917e-01
8.598849999999999909e+02, 1.745479999999999920e+00
8.599009999999999536e+02, 6.766299999999999537e-01
8.599180000000000064e+02, 7.027930000000000010e-01
8.599349999999999454e+02, 6.824130000000000473e-01
8.599510000000000218e+02, 5.301139999999999741e-01
8.599679999999999609e+02, -1.729759999999999964e+00
8.599850000000000136e+02, -5.442409999999999748e-01
8.600009999999999764e+02, -6.486369999999999636e-02
8.600180000000000291e+02, 3.580880000000000174e-01
8.600349999999999682e+02, 4.665659999999999807e-01
8.600510000000000446e+02, -3.054629999999999845e-01
8.600679999999999836e+02, -3.431299999999999906e-01
8.600850000000000364e+02, -2.111500000000000044e-01
8.601009999999999991e+02, -6.497659999999999547e-02
8.601180000000000518e+02, 6.822489999999999943e-01
8.601349999999999909e+02, -3.234110000000000040e-01
8.601509999999999536e+02, -4.692709999999999937e-01
8.601680000000000064e+02, -4.506169999999999898e-01
8.601849999999999454e+02, -6.717459999999999543e-01
8.602010000000000218e+02, -1.661470000000000002e+00
8.602179999999999609e+02, -6.966120000000000090e-01
8.602350000000000136e+02, 2.709599999999999786e-01
8.602509999999999764e+02, 1.129010000000000069e+00
8.602680000000000291e+02, 1.716590000000000060e+00
8.602849999999999682e+02, -1.687809999999999866e-01
8.603010000000000446e+02, 1.834500000000000020e-01
8.603179999999999836e+02, 9.506059999999999510e-01
8.603350000000000364e+02, -1.902919999999999889e-01
8.603509999999999991e+02, -2.643979999999999997e+00
8.603680000000000518e+02, -7.566739999999999577e-01
8.603849999999999909e+02, -4.875889999999999946e-01
8.604009999999999536e+02, -7.336759999999999948e-01
8.604180000000000064e+02, 7.923430000000000195e-01
8.604349999999999454e+02, -2.117209999999999925e-01
8.604510000000000218e+02, -5.783740000000000547e-01
8.604679999999999609e+02, 2.127380000000000049e+00
8.604850000000000136e+02, -1.307190000000000019e-01
8.605009999999999764e+02, 2.139749999999999985e-01
8.605180000000000291e+02, -1.422749999999999959e+00
8.605349999999999682e+02, 4.051180000000000059e-02
8.605510000000000446e+02, 6.656549999999999967e-01
8.605679999999999836e+02, 2.970280000000000142e-01
8.605850000000000364e+02, -2.310699999999999976e-01
8.606009999999999991e+02, 2.153650000000000009e-02
8.606180000000000518e+02, 1.544059999999999988e+00
8.606349999999999909e+02, 6.289639999999999675e-01
8.606509999999999536e+02, 2.428140000000000159e-02
8.606680000000000064e+02, -6.980549999999999811e-01
8.606849999999999454e+02, -1.755929999999999991e+00
8.607010000000000218e+02, -9.380579999999999474e-01
8.607179999999999609e+02, -7.284580000000000499e-01
8.607350000000000136e+02, 1.043870000000000076e+00
8.607509999999999764e+02, 1.410080000000000000e+00
8.607680000000000291e+02, 2.242780000000000218e+00
8.607849999999999682e+02, 4.640210000000000168e-01
8.608010000000000446e+02, 1.980870000000000131e-01
8.608179999999999836e+02, 1.924869999999999914e-01
8.608350000000000364e+02, -5.371869999999999701e-01
8.608509999999999991e+02, -5.265649999999999498e-01
8.608680000000000518e+02, -3.286819999999999742e-01
8.608849999999999909e+02, -1.491899999999999893e-01
8.609009999999999536e+02, 9.161420000000000119e-01
8.609180000000000064e+02, 6.259320000000000439e-01
8.609349999999999454e+02, -1.269409999999999927e+00
8.609510000000000218e+02, 4.189470000000000138e-01
8.609679999999999609e+02, -1.262089999999999934e+00
8.609850000000000136e+02, -7.439839999999999787e-01
8.610009999999999764e+02, 4.176630000000000065e-01
8.610180000000000291e+02, 1.063229999999999897e+00
8.610349999999999682e+02, -8.495900000000000674e-02
8.610510000000000446e+02, 1.297969999999999957e-01
8.610679999999999836e+02, -6.590540000000000287e-01
8.610850000000000364e+02, -7.765819999999999945e-01
8.611009999999999991e+02, -5.503639999999999644e-01
8.611180000000000518e+02, 7.626239999999999686e-01
8.611349999999999909e+02, -2.480739999999999890e-01
8.611509999999999536e+02, -1.162300000000000111e+00
8.611680000000000064e+02, 7.063099999999999934e-01
8.611849999999999454e+02, -5.965909999999999824e-01
8.612010000000000218e+02, 8.702189999999999648e-01
8.612179999999999609e+02, 5.290420000000000122e-01
8.612350000000000136e+02, -6.609340000000000215e-01
8.612509999999999764e+02, -3.156700000000000061e-01
8.612680000000000291e+02, 7.117919999999999803e-02
8.612849999999999682e+02, 7.111270000000000091e-02
8.613010000000000446e+02, 5.530089999999999728e-01
8.613179999999999836e+02, -1.296920000000000073e+00
8.613350000000000364e+02, 4.339600000000000124e-01
8.613509999999999991e+02, 1.324220000000000119e-01
8.613680000000000518e+02, 4.189609999999999862e-03
8.613849999999999909e+02, -1.081020000000000092e+00
8.614009999999999536e+02, 1.341559999999999975e-01
8.614180000000000064e+02, -5.219540000000000290e-01
8.614349999999999454e+02, 5.127120000000000288e-02
8.614510000000000218e+02, 1.070360000000000061e-01
8.614679999999999609e+02, -1.178860000000000019e+00
8.614850000000000136e+02, -6.976329999999999476e-01
8.615009999999999764e+02, -2.655540000000000123e-01
8.615180000000000291e+02, -2.145440000000000125e-01
8.615349999999999682e+02, -7.082260000000000222e-01
8.615510000000000446e+02, 1.509480000000000023e-02
8.615679999999999836e+02, -1.540739999999999887e-01
8.615850000000000364e+02, 5.765599999999999614e-01
8.616009999999999991e+02, -5.732580000000000453e-01
8.616180000000000518e+02, 1.165960000000000107e+00
8.616349999999999909e+02, 1.329200000000000104e-01
8.616509999999999536e+02, -7.004930000000000323e-01
8.616680000000000064e+02, -1.232490000000000085e+00
8.616849999999999454e+02, -1.279899999999999927e-01
8.617010000000000218e+02, -2.027899999999999980e-01
8.617179999999999609e+02, 2.068220000000000058e-01
8.617350000000000136e+02, -5.152719999999999523e-01
8.617509999999999764e+02, 5.996139999999999803e-01
8.617680000000000291e+02, 6.564130000000000242e-01
8.617849999999999682e+02, -5.265229999999999633e-01
8.618010000000000446e+02, -5.359390000000000542e-01
8.618179999999999836e+02, -7.139199999999999990e-01
8.618350000000000364e+02, 4.614460000000000228e-01
8.618509999999999991e+02, -3.406080000000000219e-01
8.618680000000000518e+02, 3.487299999999999844e-01
8.618849999999999909e+02, -5.551730000000000276e-01
8.619009999999999536e+02, 7.454699999999999660e-01
8.619180000000000064e+02, -3.528890000000000082e-01
8.619349999999999454e+02, -6.429669999999999552e-01
8.619510000000000218e+02, 1.132030000000000092e+00
8.619679999999999609e+02, 3.714490000000000153e-02
8.619850000000000136e+02, 2.547929999999999917e-01
8.620009999999999764e+02, -5.740760000000000307e-01
8.620180000000000291e+02, -1.531959999999999988e+00
8.620349999999999682e+02, -7.228520000000000501e-01
8.620510000000000446e+02, 1.939679999999999876e-02
8.620679999999999836e+02, 1.079199999999999937e+00
8.620850000000000364e+02, 5.271540000000000115e-01
8.621009999999999991e+02, -2.421999999999999986e-01
8.621180000000000518e+02, -8.105860000000000287e-01
8.621349999999999909e+02, -6.554769999999999763e-01
8.621509999999999536e+02, 1.631829999999999947e-01
8.621680000000000064e+02, 1.040159999999999973e-01
8.621849999999999454e+02, 4.751670000000000060e-01
8.622010000000000218e+02, 3.135299999999999754e-01
8.622179999999999609e+02, 9.529009999999999980e-01
8.622350000000000136e+02, -3.423649999999999749e-01
8.622509999999999764e+02, -6.217810000000000004e-02
8.622680000000000291e+02, -7.541470000000000118e-01
8.622849999999999682e+02, 5.895589999999999858e-02
8.623010000000000446e+02, 1.924069999999999947e-01
8.623179999999999836e+02, 3.590840000000000143e-01
8.623350000000000364e+02, -2.900309999999999833e-01
8.623509999999999991e+02, 1.938040000000000040e-01
8.623680000000000518e+02, -3.324440000000000173e-01
8.623849999999999909e+02, -3.363200000000000078e-01
8.624009999999999536e+02, -7.220969999999999889e-01
8.624180000000000064e+02, 6.167349999999999915e-02
8.624349999999999454e+02, 1.338200000000000056e+00
8.624510000000000218e+02, 2.219230000000000036e+00
8.624679999999999609e+02, 1.516189999999999927e+00
8.624850000000000136e+02, 8.714330000000000132e-01
8.625009999999999764e+02, 5.333229999999999915e-01
8.625180000000000291e+02, 9.757460000000000022e-01
8.625349999999999682e+02, 1.122609999999999997e-01
8.625510000000000446e+02, 7.749650000000000150e-01
8.625679999999999836e+02, 1.051399999999999890e+00
8.625850000000000364e+02, -1.989829999999999932e-01
8.626009999999999991e+02, -4.505310000000000148e-01
8.626180000000000518e+02, 2.331040000000000056e-01
8.626349999999999909e+02, -4.163250000000000006e-01
8.626509999999999536e+02, 7.732740000000000169e-01
8.626680000000000064e+02, 1.763969999999999982e-01
8.626849999999999454e+02, -4.691029999999999922e-01
8.627010000000000218e+02, -1.317469999999999919e+00
8.627179999999999609e+02, 2.334970000000000101e-01
8.627350000000000136e+02, 1.291789999999999994e+00
8.627509999999999764e+02, 1.250180000000000069e+00
8.627680000000000291e+02, -3.039620000000000100e-01
8.627849999999999682e+02, -4.588320000000000176e-01
8.628010000000000446e+02, -6.615469999999999962e-01
8.628179999999999836e+02, 4.645690000000000097e-01
8.628350000000000364e+02, -1.085069999999999979e+00
8.628509999999999991e+02, -1.262199999999999989e+00
8.628680000000000518e+02, -8.987359999999999793e-01
8.628849999999999909e+02, -1.809409999999999963e+00
8.629009999999999536e+02, 4.529210000000000180e-01
8.629180000000000064e+02, -6.161339999999999595e-01
8.629349999999999454e+02, -8.454220000000000068e-01
8.629510000000000218e+02, -3.980750000000000122e-01
8.629679999999999609e+02, 8.266850000000000032e-01
8.629850000000000136e+02, 1.119569999999999954e+00
8.630009999999999764e+02, 7.072330000000000005e-01
8.630180000000000291e+02, -1.706150000000000055e+00
8.630349999999999682e+02, 1.003719999999999946e+00
8.630510000000000446e+02, -3.924989999999999868e-01
8.630679999999999836e+02, -2.418510000000000104e-01
8.630850000000000364e+02, -6.569150000000000267e-01
8.631009999999999991e+02, -9.854789999999999939e-01
8.631180000000000518e+02, 2.804629999999999970e-02
8.631349999999999909e+02, -1.465470000000000106e-01
8.631509999999999536e+02, 9.838839999999999808e-01
8.631680000000000064e+02, -6.260419999999999874e-01
8.631849999999999454e+02, -6.440839999999999899e-01
8.632010000000000218e+02, -1.784620000000000095e+00
8.632179999999999609e+02, -1.182649999999999979e+00
8.632350000000000136e+02, -1.146980000000000111e+00
8.632509999999999764e+02, -1.122840000000000060e+00
8.632680000000000291e+02, -1.352649999999999963e-01
8.632849999999999682e+02, 4.377090000000000147e-01
8.633010000000000446e+02, 1.048559999999999937e+00
8.633179999999999836e+02, 9.903359999999999941e-01
8.633350000000000364e+02, -1.097719999999999946e-01
8.633509999999999991e+02, -3.173340000000000050e-01
8.633680000000000518e+02, -1.260099999999999998e+00
8.633849999999999909e+02, 1.888650000000000051e-01
8.634009999999999536e+02, -1.646459999999999868e-01
8.634180000000000064e+02, 2.106500000000000039e+00
8.634349999999999454e+02, 7.397800000000000209e-02
8.634510000000000218e+02, 6.397690000000000321e-01
8.634679999999999609e+02, -8.165069999999999828e-01
8.634850000000000136e+02, 7.609970000000000623e-02
8.635009999999999764e+02, -3.731990000000000030e-01
8.635180000000000291e+02, -2.372829999999999939e-01
8.635349999999999682e+02, -8.122190000000000243e-01
8.635510000000000446e+02, 4.069360000000000199e-01
8.635679999999999836e+02, 6.976240000000000219e-01
8.635850000000000364e+02, -6.040029999999999705e-02
8.636009999999999991e+02, -1.589480000000000059e-01
8.636180000000000518e+02, -1.327889999999999904e-01
8.636349999999999909e+02, -8.145919999999999828e-01
8.636509999999999536e+02, -5.194609999999999506e-01
8.636680000000000064e+02, -3.857990000000000030e-01
8.636849999999999454e+02, 1.489910000000000123e-01
8.637010000000000218e+02, -1.193060000000000009e+00
8.637179999999999609e+02, -3.108009999999999939e-01
8.637350000000000136e+02, 9.172979999999999468e-01
8.637509999999999764e+02, 1.002830000000000110e+00
8.637680000000000291e+02, 6.605429999999999635e-02
8.637849999999999682e+02, -8.367080000000000073e-01
8.638010000000000446e+02, -1.963039999999999896e+00
8.638179999999999836e+02, 6.935019999999999518e-01
8.638350000000000364e+02, 2.296179999999999888e-01
8.638509999999999991e+02, 1.458750000000000047e-01
8.638680000000000518e+02, -3.635499999999999843e-01
8.638849999999999909e+02, -8.227539999999999853e-01
8.639009999999999536e+02, -1.118770000000000042e+00
8.639180000000000064e+02, 1.872149999999999925e-01
8.639349999999999454e+02, 6.833590000000000497e-01
8.639510000000000218e+02, 1.126530000000000031e+00
8.639679999999999609e+02, 9.455580000000000096e-01
8.639850000000000136e+02, 1.572510000000000074e+00
8.640009999999999764e+02, 4.647399999999999864e-01
8.640180000000000291e+02, -5.394060000000000521e-01
8.640349999999999682e+02, -2.925380000000000202e-01
8.640510000000000446e+02, -1.192609999999999948e+00
8.640679999999999836e+02, 2.004239999999999799e+00
8.640850000000000364e+02, 9.202299999999999924e-01
8.641009999999999991e+02, 1.743609999999999882e-01
8.641180000000000518e+02, -2.797620000000000107e-01
8.641349999999999909e+02, -7.719559999999999755e-01
8.641509999999999536e+02, -2.320260000000000211e+00
8.641680000000000064e+02, 1.432740000000000125e-01
8.641849999999999454e+02, -5.992729999999999446e-01
8.642010000000000218e+02, 2.263529999999999820e+00
8.642179999999999609e+02, 4.177489999999999815e-01
8.642350000000000136e+02, 7.061899999999999844e-01
8.642509999999999764e+02, 9.627860000000000307e-01
8.642680000000000291e+02, -5.029190000000000049e-02
8.642849999999999682e+02, -1.550799999999999956e+00
8.643010000000000446e+02, -5.499089999999999812e-01
8.643179999999999836e+02, -1.636609999999999898e+00
8.643350000000000364e+02, -2.895169999999999799e+00
8.643509999999999991e+02, -7.622189999999999799e-01
8.643680000000000518e+02, 3.536900000000000044e-01
8.643849999999999909e+02, 7.131509999999999794e-01
8.644009999999999536e+02, 1.329090000000000105e+00
8.644180000000000064e+02, 4.644340000000000135e-01
8.644349999999999454e+02, -9.854289999999999994e-01
8.644510000000000218e+02, -3.889870000000000272e-01
8.644679999999999609e+02, 7.281199999999999894e-01
8.644850000000000136e+02, 9.168530000000000291e-01
8.645009999999999764e+02, 1.833250000000000046e+00
8.645180000000000291e+02, 2.272810000000000219e+00
8.645349999999999682e+02, -2.240209999999999979e-01
8.645510000000000446e+02, -1.041660000000000030e+00
8.645679999999999836e+02, 8.353030000000000177e-02
8.645850000000000364e+02, -1.337650000000000006e+00
8.646009999999999991e+02, -2.617349999999999954e-01
8.646180000000000518e+02, 4.201130000000000142e-01
8.646349999999999909e+02, -5.617940000000000156e-01
8.646509999999999536e+02, 1.393460000000000011e-02
8.646680000000000064e+02, 8.877790000000000681e-02
8.646849999999999454e+02, 5.249519999999999742e-01
8.647010000000000218e+02, -2.577070000000000194e-01
8.647179999999999609e+02, 3.970400000000000040e-01
8.647350000000000136e+02, 1.136079999999999979e+00
8.647509999999999764e+02, 8.754119999999999679e-01
8.647680000000000291e+02, -7.560249999999999471e-01
8.647849999999999682e+02, -3.624919999999999809e-01
8.648010000000000446e+02, -1.852670000000000039e+00
8.648179999999999836e+02, -9.675240000000000506e-01
8.648350000000000364e+02, -5.999600000000000488e-01
8.648509999999999991e+02, -4.280969999999999914e-02
8.648680000000000518e+02, 1.047230000000000105e+00
8.648849999999999909e+02, -1.546410000000000007e-01
8.649009999999999536e+02, 3.142240000000000033e-01
8.649180000000000064e+02, 3.381870000000000015e-02
8.649349999999999454e+02, -7.049489999999999923e-02
8.649510000000000218e+02, -4.176909999999999790e-01
8.649679999999999609e+02, 8.824819999999999887e-01
8.649850000000000136e+02, 3.291129999999999889e-01
8.650009999999999764e+02, 1.662490000000000023e+00
8.650180000000000291e+02, 1.055010000000000003e+00
8.650349999999999682e+02, 4.779320000000000096e-02
8.650510000000000446e+02, -1.694059999999999899e+00
8.650679999999999836e+02, -1.247900000000000009e+00
8.650850000000000364e+02, 7.458190000000000097e-01
8.651009999999999991e+02, -1.829590000000000105e-01
8.651180000000000518e+02, 2.554480000000000084e-01
8.651349999999999909e+02, -6.816609999999999614e-01
8.651509999999999536e+02, -6.337779999999999525e-01
8.651680000000000064e+02, -4.325089999999999768e-01
8.651849999999999454e+02, -5.870440000000000103e-01
8.652010000000000218e+02, -5.137270000000000447e-01
8.652179999999999609e+02, 4.260360000000000258e-01
8.652350000000000136e+02, 1.169229999999999992e+00
8.652509999999999764e+02, 9.442610000000000170e-01
8.652680000000000291e+02, 4.984680000000000222e-01
8.652849999999999682e+02, 1.007980000000000098e+00
8.653010000000000446e+02, -2.125250000000000056e-02
8.653179999999999836e+02, 9.382129999999999637e-01
8.653350000000000364e+02, 1.063989999999999991e+00
8.653509999999999991e+02, 7.695749999999999813e-02
8.653680000000000518e+02, -4.995970000000000133e-01
8.653849999999999909e+02, -8.264029999999999987e-01
8.654009999999999536e+02, 6.678620000000000390e-02
8.654180000000000064e+02, 5.563869999999999649e-01
8.654349999999999454e+02, 9.355869999999999465e-01
8.654510000000000218e+02, 2.744699999999999918e-01
8.654679999999999609e+02, -9.127969999999999695e-01
8.654850000000000136e+02, -6.726560000000000317e-01
8.655009999999999764e+02, -9.676189999999999791e-02
8.655180000000000291e+02, 1.254680000000000017e+00
8.655349999999999682e+02, 4.109400000000000275e-01
8.655510000000000446e+02, -7.605199999999999738e-01
8.655679999999999836e+02, 2.493200000000000138e-01
8.655850000000000364e+02, -5.859309999999999796e-01
8.656009999999999991e+02, -3.022589999999999999e-01
8.656180000000000518e+02, -1.579699999999999993e-01
8.656349999999999909e+02, -6.965850000000000097e-01
8.656509999999999536e+02, 4.549420000000000130e-01
8.656680000000000064e+02, -8.043959999999999999e-01
8.656849999999999454e+02, 5.922079999999999567e-01
8.657010000000000218e+02, 6.213980000000000059e-01
8.657179999999999609e+02, 3.939869999999999761e-01
8.657350000000000136e+02, 1.070449999999999902e+00
8.657509999999999764e+02, -9.368210000000000148e-01
8.657680000000000291e+02, -9.633080000000000531e-01
8.657849999999999682e+02, -3.051409999999999956e-01
8.658010000000000446e+02, -9.140390000000000459e-01
8.658179999999999836e+02, 1.425319999999999920e-01
8.658350000000000364e+02, -1.453019999999999978e+00
8.658509999999999991e+02, -1.142879999999999896e+00
8.658680000000000518e+02, 1.746769999999999934e+00
8.658849999999999909e+02, 1.111590000000000078e+00
8.659009999999999536e+02, 1.481749999999999901e+00
8.659180000000000064e+02, 8.469849999999999879e-01
8.659349999999999454e+02, -3.281439999999999912e-01
8.659510000000000218e+02, -8.374430000000000485e-01
8.659679999999999609e+02, 9.848010000000000097e-02
8.659850000000000136e+02, -1.302669999999999995e+00
8.660009999999999764e+02, 8.423469999999999569e-01
8.660180000000000291e+02, -1.948259999999999992e-01
8.660349999999999682e+02, 6.042349999999999804e-02
8.660510000000000446e+02, -5.237060000000000048e-01
8.660679999999999836e+02, -2.811609999999999943e-01
8.660850000000000364e+02, -1.067420000000000035e+00
8.661009999999999991e+02, 1.531009999999999982e+00
8.661180000000000518e+02, 1.367070000000000007e+00
8.661349999999999909e+02, -6.211619999999999919e-01
8.661509999999999536e+02, -4.759660000000000002e-01
8.661680000000000064e+02, -3.364380000000000148e-01
8.661849999999999454e+02, 5.881189999999999474e-01
8.662010000000000218e+02, 2.086230000000000029e+00
8.662179999999999609e+02, 1.406970000000000054e+00
8.662350000000000136e+02, 1.583970000000000100e-01
8.662509999999999764e+02, -1.589939999999999909e+00
8.662680000000000291e+02, -7.740289999999999671e-01
8.662849999999999682e+02, -7.575709999999999944e-01
8.663010000000000446e+02, -2.706339999999999857e-01
8.663179999999999836e+02, 1.562989999999999935e-01
8.663350000000000364e+02, -9.825770000000000337e-01
8.663509999999999991e+02, -1.067960000000000020e+00
8.663680000000000518e+02, -3.701099999999999945e-01
8.663849999999999909e+02, 6.154819999999999736e-01
8.664009999999999536e+02, -6.750879999999999381e-02
8.664180000000000064e+02, -8.355669999999999487e-01
8.664349999999999454e+02, -6.266689999999999761e-02
8.664510000000000218e+02, -1.176729999999999998e-01
8.664679999999999609e+02, 1.369469999999999965e+00
8.664850000000000136e+02, 1.853210000000000024e+00
8.665009999999999764e+02, -6.073119999999999907e-02
8.665180000000000291e+02, 3.837160000000000015e-01
8.665349999999999682e+02, 8.741020000000000456e-01
8.665510000000000446e+02, 7.020790000000000086e-01
8.665679999999999836e+02, 6.643259999999999443e-02
8.665850000000000364e+02, -2.251079999999999970e+00
8.666009999999999991e+02, -7.455370000000000053e-01
8.666180000000000518e+02, -1.023109999999999964e+00
8.666349999999999909e+02, 2.673510000000000053e-01
8.666509999999999536e+02, 7.949420000000000375e-01
8.666680000000000064e+02, 1.060100000000000042e+00
8.666849999999999454e+02, -1.367939999999999934e+00
8.667010000000000218e+02, 3.402350000000000096e-01
8.667179999999999609e+02, 2.784429999999999961e-01
8.667350000000000136e+02, 2.997940000000000049e-01
8.667509999999999764e+02, -5.009710000000000552e-01
8.667680000000000291e+02, -1.612780000000000102e+00
8.667849999999999682e+02, 4.380720000000000169e-01
8.668010000000000446e+02, -4.684710000000000263e-01
8.668179999999999836e+02, -1.049589999999999967e-01
8.668350000000000364e+02, -1.509230000000000016e-01
8.668509999999999991e+02, -4.231790000000000274e-01
8.668680000000000518e+02, -2.786120000000000263e-01
8.668849999999999909e+02, -9.865500000000000380e-01
8.669009999999999536e+02, -6.455149999999999499e-01
8.669180000000000064e+02, 5.725040000000000129e-01
8.669349999999999454e+02, 1.037570000000000103e+00
8.669510000000000218e+02, 1.222749999999999948e-01
8.669679999999999609e+02, 1.243409999999999904e+00
8.669850000000000136e+02, 1.463959999999999928e+00
8.670009999999999764e+02, 6.648660000000000680e-02
8.670180000000000291e+02, -1.397920000000000051e+00
8.670349999999999682e+02, -6.792850000000000277e-01
8.670510000000000446e+02, -6.233030000000000515e-01
8.670679999999999836e+02, -2.916540000000000243e-01
8.670850000000000364e+02, -1.315350000000000019e+00
8.671009999999999991e+02, 7.523189999999999600e-01
8.671180000000000518e+02, 7.638709999999999667e-01
8.671349999999999909e+02, -1.035989999999999966e+00
8.671509999999999536e+02, 5.779570000000000540e-01
8.671680000000000064e+02, -4.417519999999999780e-01
8.671849999999999454e+02, 8.538469999999999394e-02
8.672010000000000218e+02, 4.714420000000000277e-01
8.672179999999999609e+02, 4.317250000000000254e-01
8.672350000000000136e+02, -1.256059999999999954e+00
8.672509999999999764e+02, -2.504549999999999832e-01
8.672680000000000291e+02, -1.295460000000000056e+00
8.672849999999999682e+02, 6.852599999999999802e-01
8.673010000000000446e+02, -4.502780000000000116e-01
8.673179999999999836e+02, 1.142559999999999965e-01
8.673350000000000364e+02, -1.179519999999999902e+00
8.673509999999999991e+02, 7.384730000000000461e-01
8.673680000000000518e+02, 3.790049999999999808e-01
8.673849999999999909e+02, -1.318940000000000001e+00
8.674009999999999536e+02, -7.301429999999999865e-01
8.674180000000000064e+02, -4.796920000000000073e-01
8.674349999999999454e+02, -1.058070000000000066e+00
8.674510000000000218e+02, -7.101009999999999822e-01
8.674679999999999609e+02, -1.047050000000000036e+00
8.674850000000000136e+02, 1.086319999999999952e+00
8.675009999999999764e+02, 1.793240000000000112e-01
8.675180000000000291e+02, -1.544030000000000014e+00
8.675349999999999682e+02, -9.683119999999999505e-01
8.675510000000000446e+02, -1.164209999999999967e+00
8.675679999999999836e+02, -1.640500000000000069e+00
8.675850000000000364e+02, -7.959779999999999633e-02
8.676009999999999991e+02, -7.405080000000000551e-01
8.676180000000000518e+02, 1.976700000000000124e-01
8.676349999999999909e+02, -1.271819999999999895e-01
8.676509999999999536e+02, 4.399850000000000150e-01
8.676680000000000064e+02, 3.399260000000000059e-01
8.676849999999999454e+02, -3.243880000000000097e-01
8.677010000000000218e+02, -1.137930000000000108e+00
8.677179999999999609e+02, 9.485799999999999788e-02
8.677350000000000136e+02, 8.798909999999999787e-01
8.677509999999999764e+02, 3.426259999999999861e-01
8.677680000000000291e+02, -1.398379999999999956e+00
8.677849999999999682e+02, 2.048560000000000159e+00
8.678010000000000446e+02, 2.203819999999999946e-01
8.678179999999999836e+02, 1.212010000000000032e+00
8.678350000000000364e+02, -1.405759999999999899e+00
8.678509999999999991e+02, -2.162529999999999841e+00
8.678680000000000518e+02, -3.890620000000000189e-01
8.678849999999999909e+02, 6.839079999999999604e-01
8.679009999999999536e+02, 9.074500000000000621e-02
8.679180000000000064e+02, 8.897979999999999778e-02
8.679349999999999454e+02, 1.808089999999999975e-01
8.679510000000000218e+02, -7.777109999999999579e-02
8.679679999999999609e+02, -1.498939999999999995e-01
8.679850000000000136e+02, -7.747260000000000257e-01
8.680009999999999764e+02, -1.820109999999999895e+00
8.680180000000000291e+02, -7.024829999999999686e-01
8.680349999999999682e+02, -1.010489999999999999e-01
8.680510000000000446e+02, 1.818160000000000054e-01
8.680679999999999836e+02, 1.600969999999999893e-01
8.680850000000000364e+02, 1.252580000000000027e+00
8.681009999999999991e+02, 4.300010000000000221e-01
8.681180000000000518e+02, -3.378189999999999804e-01
8.681349999999999909e+02, 1.351739999999999886e-01
8.681509999999999536e+02, -1.126209999999999933e+00
8.681680000000000064e+02, -9.233140000000000791e-03
8.681849999999999454e+02, 6.210959999999999814e-01
8.682010000000000218e+02, 8.807599999999999874e-01
8.682179999999999609e+02, 8.299990000000000423e-01
8.682350000000000136e+02, -9.840649999999999675e-01
8.682509999999999764e+02, -1.696490000000000054e+00
8.682680000000000291e+02, 1.329919999999999991e+00
8.682849999999999682e+02, 7.217219999999999747e-01
8.683010000000000446e+02, -1.047799999999999981e-01
8.683179999999999836e+02, -7.813229999999999897e-01
8.683350000000000364e+02, 6.093380000000000463e-01
8.683509999999999991e+02, -4.316030000000000144e-01
8.683680000000000518e+02, -1.832560000000000022e-01
8.683849999999999909e+02, -1.568309999999999982e-01
8.684009999999999536e+02, 3.332120000000000221e-02
8.684180000000000064e+02, -3.323369999999999796e-02
8.684349999999999454e+02, -8.742510000000000003e-01
8.684510000000000218e+02, 4.870389999999999997e-01
8.684679999999999609e+02, -1.862890000000000032e-02
8.684850000000000136e+02, 1.481700000000000017e+00
8.685009999999999764e+02, -1.403300000000000103e-01
8.685180000000000291e+02, 1.558079999999999909e+00
8.685349999999999682e+02, -1.230499999999999927e+00
8.685510000000000446e+02, -3.732079999999999842e-01
8.685679999999999836e+02, -1.169399999999999995e+00
8.685850000000000364e+02, 7.062209999999999877e-01
8.686009999999999991e+02, 6.478059999999999929e-01
8.686180000000000518e+02, 2.140239999999999920e+00
8.686349999999999909e+02, 1.164250000000000007e+00
8.686509999999999536e+02, -2.875159999999999938e-01
8.686680000000000064e+02, -7.971169999999999645e-01
8.686849999999999454e+02, 7.696129999999999916e-01
8.687010000000000218e+02, 2.372459999999999847e-02
8.687179999999999609e+02, 9.390249999999999986e-01
8.687350000000000136e+02, 1.039060000000000095e+00
8.687509999999999764e+02, -6.074669999999999792e-01
8.687680000000000291e+02, -4.334979999999999944e-01
8.687849999999999682e+02, 4.927420000000000133e-01
8.688010000000000446e+02, -1.212900000000000089e+00
8.688179999999999836e+02, 2.547320000000000140e-01
8.688350000000000364e+02, -7.220320000000000071e-01
8.688509999999999991e+02, -6.608140000000000125e-01
8.688680000000000518e+02, 5.173740000000000006e-01
8.688849999999999909e+02, -5.709619999999999695e-01
8.689009999999999536e+02, -2.185729999999999951e+00
8.689180000000000064e+02, -4.845479999999999787e-01
8.689349999999999454e+02, -8.375679999999999792e-01
8.689510000000000218e+02, 2.185370000000000090e-01
8.689679999999999609e+02, -5.387699999999999712e-01
8.689850000000000136e+02, 3.817900000000000182e-01
8.690009999999999764e+02, 1.610669999999999880e-01
8.690180000000000291e+02, -9.304710000000000480e-01
8.690349999999999682e+02, 3.058489999999999820e-01
8.690510000000000446e+02, -1.400300000000000100e+00
8.690679999999999836e+02, 1.599760000000000071e-01
8.690850000000000364e+02, -1.047630000000000061e+00
8.691009999999999991e+02, -2.863410000000000122e-01
8.691180000000000518e+02, -9.337560000000000304e-02
8.691349999999999909e+02, -7.340159999999999740e-02
8.691509999999999536e+02, -7.768429999999999502e-01
8.691680000000000064e+02, -8.897009999999999641e-01
8.691849999999999454e+02, 9.944509999999999461e-02
8.692010000000000218e+02, 6.181489999999999485e-01
8.692179999999999609e+02, 1.569909999999999917e+00
8.692350000000000136e+02, 3.687719999999999887e-02
8.692509999999999764e+02, 5.097570000000000157e-01
8.692680000000000291e+02, -5.794979999999999576e-01
8.692849999999999682e+02, -5.770610000000000461e-01
8.693010000000000446e+02, -1.572279999999999900e+00
8.693179999999999836e+02, -1.425680000000000058e+00
8.693350000000000364e+02, -1.749230000000000063e+00
8.693509999999999991e+02, 7.562720000000000553e-01
8.693680000000000518e+02, 9.128889999999999505e-01
8.693849999999999909e+02, 9.647859999999999769e-02
8.694009999999999536e+02, 1.274350000000000094e+00
8.694180000000000064e+02, 2.342069999999999985e-01
8.694349999999999454e+02, -5.372559999999999558e-01
8.694510000000000218e+02, -5.833760000000000057e-01
8.694679999999999609e+02, -1.447889999999999899e+00
8.694850000000000136e+02, 3.640090000000000270e-01
8.695009999999999764e+02, -8.870279999999999831e-02
8.695180000000000291e+02, -2.740590000000000040e-02
8.695349999999999682e+02, -8.864140000000000352e-01
8.695510000000000446e+02, 5.190439999999999499e-01
8.695679999999999836e+02, 8.450919999999999543e-01
8.695850000000000364e+02, 1.261910000000000087e+00
8.696009999999999991e+02, -1.462420000000000053e+00
8.696180000000000518e+02, -1.760529999999999928e+00
8.696349999999999909e+02, -1.073660000000000059e+00
8.696509999999999536e+02, 3.650459999999999816e-01
8.696680000000000064e+02, 3.238809999999999745e-01
8.696849999999999454e+02, 1.100789999999999935e+00
8.697010000000000218e+02, 1.890429999999999888e-01
8.697179999999999609e+02, 6.575250000000000261e-01
8.697350000000000136e+02, 6.765619999999999967e-01
8.697509999999999764e+02, -1.639319999999999944e-01
8.697680000000000291e+02, 1.343960000000000043e+00
8.697849999999999682e+02, -7.822189999999999976e-01
8.698010000000000446e+02, 1.443869999999999876e-01
8.698179999999999836e+02, -3.367150000000000004e-02
8.698350000000000364e+02, 2.922570000000000029e-02
8.698509999999999991e+02, -3.439329999999999887e-01
8.698680000000000518e+02, -1.100610000000000060e-01
8.698849999999999909e+02, 1.782050000000000023e-01
8.699009999999999536e+02, -5.195270000000000096e-03
8.699180000000000064e+02, 1.935099999999999876e-01
8.699349999999999454e+02, 3.947359999999999758e-01
8.699510000000000218e+02, -1.130390000000000006e+00
8.699679999999999609e+02, 9.570079999999999698e-01
8.699850000000000136e+02, 1.374679999999999902e+00
8.700009999999999764e+02, 3.264250000000000207e-01
8.700180000000000291e+02, -6.537669999999999593e-02
8.700349999999999682e+02, -1.878019999999999967e-01
8.700510000000000446e+02, 7.068560000000000398e-01
8.700679999999999836e+02, 1.074689999999999923e+00
8.700850000000000364e+02, 5.092109999999999692e-01
8.701009999999999991e+02, 4.863580000000000125e-01
8.701180000000000518e+02, -1.170029999999999903e+00
8.701349999999999909e+02, 4.984080000000000177e-01
8.701509999999999536e+02, -6.274279999999999857e-01
8.701680000000000064e+02, -3.601079999999999837e-01
8.701849999999999454e+02, 1.399120000000000086e-01
8.702010000000000218e+02, 6.919469999999999787e-01
8.702179999999999609e+02, 6.405809999999999560e-01
8.702350000000000136e+02, 1.300059999999999993e+00
8.702509999999999764e+02, 1.831639999999999935e-01
8.702680000000000291e+02, -5.357389999999999652e-01
8.702849999999999682e+02, -6.024589999999999668e-01
8.703010000000000446e+02, -2.398140000000000160e+00
8.703179999999999836e+02, -5.137770000000000392e-01
8.703350000000000364e+02, -1.103129999999999944e+00
8.703509999999999991e+02, -2.912209999999999965e+00
8.703680000000000518e+02, 1.385380000000000056e+00
8.703849999999999909e+02, 1.080529999999999990e+00
8.704009999999999536e+02, 9.335020000000000540e-01
8.704180000000000064e+02, 8.170439999999999925e-01
8.704349999999999454e+02, 3.199730000000000074e-01
8.704510000000000218e+02, 8.722220000000000528e-01
8.704679999999999609e+02, -3.972559999999999980e-01
8.704850000000000136e+02, -1.046939999999999982e+00
8.705009999999999764e+02, -4.971749999999999781e-01
8.705180000000000291e+02, 1.429720000000000102e+00
8.705349999999999682e+02, -4.825999999999999734e-02
8.705510000000000446e+02, -2.114790000000000073e-02
8.705679999999999836e+02, -5.750999999999999446e-01
8.705850000000000364e+02, 7.028050000000000130e-01
8.706009999999999991e+02, 5.648149999999999560e-01
8.706180000000000518e+02, -2.350560000000000149e-02
8.706349999999999909e+02, 1.693419999999999925e-01
8.706509999999999536e+02, 1.272569999999999979e+00
8.706680000000000064e+02, 2.715549999999999908e-01
8.706849999999999454e+02, -1.433019999999999960e+00
8.707010000000000218e+02, -1.313290000000000068e+00
8.707179999999999609e+02, 7.641430000000000167e-01
8.707350000000000136e+02, 1.626479999999999926e+00
8.707509999999999764e+02, 2.281000000000000139e+00
8.707680000000000291e+02, 9.939309999999999812e-02
8.707849999999999682e+02, -3.084060000000000135e-01
8.708010000000000446e+02, 3.571150000000000019e-02
8.708179999999999836e+02, -1.072869999999999990e+00
8.708350000000000364e+02, 1.738969999999999960e-01
8.708509999999999991e+02, 5.067369999999999930e-01
8.708680000000000518e+02, -1.906090000000000007e-01
8.708849999999999909e+02, 1.810200000000000004e-02
8.709009999999999536e+02, 8.008579999999999588e-01
8.709180000000000064e+02, -5.735670000000000490e-01
8.709349999999999454e+02, -1.965290000000000092e-01
8.709510000000000218e+02, 5.117049999999999654e-01
8.709679999999999609e+02, -3.271430000000000171e-02
8.709850000000000136e+02, 6.759699999999999598e-01
8.710009999999999764e+02, -5.131679999999999575e-01
8.710180000000000291e+02, 3.047079999999999927e-02
8.710349999999999682e+02, 3.342470000000000163e-01
8.710510000000000446e+02, 7.028630000000000155e-01
8.710679999999999836e+02, 5.887890000000000068e-01
8.710850000000000364e+02, 5.395780000000000021e-01
8.711009999999999991e+02, 2.948290000000000077e-01
8.711180000000000518e+02, 4.234180000000000166e-01
8.711349999999999909e+02, -1.845630000000000104e+00
8.711509999999999536e+02, -1.165950000000000042e+00
8.711680000000000064e+02, -5.793629999999999614e-01
8.711849999999999454e+02, 4.577930000000000055e-01
8.712010000000000218e+02, -6.090430000000000010e-01
8.712179999999999609e+02, 8.576390000000000402e-01
8.712350000000000136e+02, 7.407240000000000490e-01
8.712509999999999764e+02, -7.777760000000000229e-01
8.712680000000000291e+02, 3.672309999999999741e-01
8.712849999999999682e+02, -6.455020000000000202e-01
8.713010000000000446e+02, -3.598660000000000192e-01
8.713179999999999836e+02, -9.138290000000000024e-01
8.713350000000000364e+02, 4.167859999999999898e-01
8.713509999999999991e+02, -2.257020000000000137e-01
8.713680000000000518e+02, 1.505400000000000071e+00
8.713849999999999909e+02, -1.142190000000000039e+00
8.714009999999999536e+02, -1.645680000000000032e+00
8.714180000000000064e+02, -9.837759999999999838e-01
8.714349999999999454e+02, -5.945040000000000324e-01
8.714510000000000218e+02, -4.387530000000000041e-01
8.714679999999999609e+02, 1.831620000000000026e+00
8.714850000000000136e+02, 9.202479999999999549e-01
8.715009999999999764e+02, -5.396900000000000031e-01
8.715180000000000291e+02, -5.717339999999999645e-01
8.715349999999999682e+02, -1.284859999999999891e+00
8.715510000000000446e+02, -4.105249999999999733e-01
8.715679999999999836e+02, 9.053470000000000129e-01
8.715850000000000364e+02, 1.155170000000000030e+00
8.716009999999999991e+02, -6.875149999999999872e-01
8.716180000000000518e+02, -2.080249999999999932e+00
8.716349999999999909e+02, -1.609669999999999934e+00
8.716509999999999536e+02, -6.705419999999999714e-01
8.716680000000000064e+02, 9.142119999999999413e-02
8.716849999999999454e+02, 4.010610000000000008e-01
8.717010000000000218e+02, 3.152860000000000107e-01
8.717179999999999609e+02, 7.191300000000000470e-01
8.717350000000000136e+02, 1.072259999999999991e+00
8.717509999999999764e+02, -2.170769999999999922e-01
8.717680000000000291e+02, -2.499540000000000095e+00
8.717849999999999682e+02, -7.342300000000000493e-01
8.718010000000000446e+02, -8.896140000000000159e-01
8.718179999999999836e+02, -8.059370000000000145e-01
8.718350000000000364e+02, 7.105860000000000509e-01
8.718509999999999991e+02, -5.563700000000000312e-01
8.718680000000000518e+02, -1.711560000000000026e-01
8.718849999999999909e+02, 1.771570000000000089e+00
8.719009999999999536e+02, -6.688629999999999576e-02
8.719180000000000064e+02, 9.094950000000000534e-01
8.719349999999999454e+02, -1.493440000000000101e+00
8.719510000000000218e+02, -3.370050000000000129e-02
8.719679999999999609e+02, -5.763900000000000273e-02
8.719850000000000136e+02, 7.660289999999999599e-01
8.720009999999999764e+02, -3.620809999999999862e-01
8.720180000000000291e+02, -2.036490000000000133e+00
8.720349999999999682e+02, -1.266760000000000108e+00
8.720510000000000446e+02, -2.567729999999999735e-01
8.720679999999999836e+02, 5.356689999999999507e-01
8.720850000000000364e+02, 1.248340000000000005e-01
8.721009999999999991e+02, -5.850990000000000357e-01
8.721180000000000518e+02, 6.080820000000000114e-01
8.721349999999999909e+02, 5.453149999999999942e-01
8.721509999999999536e+02, 8.477350000000000163e-01
8.721680000000000064e+02, -7.331910000000000371e-01
8.721849999999999454e+02, -5.099220000000000141e-02
8.722010000000000218e+02, 3.033520000000000105e-01
8.722179999999999609e+02, -1.123210000000000042e+00
8.722350000000000136e+02, 1.104680000000000106e+00
8.722509999999999764e+02, -8.880940000000000500e-01
8.722680000000000291e+02, -2.688340000000000174e-01
8.722849999999999682e+02, -9.680149999999999866e-02
8.723010000000000446e+02, -1.177450000000000108e+00
8.723179999999999836e+02, 1.799630000000000118e-01
8.723350000000000364e+02, 4.125929999999999875e-01
8.723509999999999991e+02, 7.059220000000000494e-01
8.723680000000000518e+02, -1.175089999999999968e+00
8.723849999999999909e+02, -1.522650000000000114e-01
8.724009999999999536e+02, 2.441820000000000102e-01
8.724180000000000064e+02, -1.994879999999999987e-01
8.724349999999999454e+02, 6.435319999999999929e-01
8.724510000000000218e+02, 6.905090000000000394e-01
8.724679999999999609e+02, 1.165800000000000039e-03
8.724850000000000136e+02, 4.288930000000000242e-01
8.725009999999999764e+02, -1.631729999999999903e+00
8.725180000000000291e+02, -7.139109999999999623e-01
8.725349999999999682e+02, -2.392970000000000097e-01
8.725510000000000446e+02, 1.084330000000000016e-01
8.725679999999999836e+02, 3.917499999999999871e-01
8.725850000000000364e+02, -1.126940000000000053e+00
8.726009999999999991e+02, -1.071849999999999969e+00
8.726180000000000518e+02, -3.191240000000000188e-01
8.726349999999999909e+02, -6.782460000000000155e-01
8.726509999999999536e+02, -3.000260000000000080e-02
8.726680000000000064e+02, -7.196690000000000031e-01
8.726849999999999454e+02, -1.677329999999999932e-01
8.727010000000000218e+02, -9.193900000000000405e-01
8.727179999999999609e+02, 5.559920000000000417e-01
8.727350000000000136e+02, 5.198679999999999968e-02
8.727509999999999764e+02, 1.481270000000000087e-01
8.727680000000000291e+02, 5.796149999999999913e-01
8.727849999999999682e+02, 1.871010000000000062e+00
8.728010000000000446e+02, -3.604720000000000060e-03
8.728179999999999836e+02, -1.169769999999999976e-01
8.728350000000000364e+02, 4.497459999999999791e-01
8.728509999999999991e+02, 8.024219999999999686e-01
8.728680000000000518e+02, 1.440980000000000039e-01
8.728849999999999909e+02, -1.046630000000000060e-01
8.729009999999999536e+02, -5.197030000000000260e-01
8.729180000000000064e+02, 3.002180000000000126e-03
8.729349999999999454e+02, -1.130390000000000006e+00
8.729510000000000218e+02, -5.684160000000000323e-01
8.729679999999999609e+02, -1.747039999999999982e-01
8.729850000000000136e+02, -3.151900000000000257e-01
8.730009999999999764e+02, 5.675010000000000332e-01
8.730180000000000291e+02, -1.096779999999999977e-01
8.730349999999999682e+02, -4.499020000000000241e-01
8.730510000000000446e+02, 4.914890000000000092e-01
8.730679999999999836e+02, 3.545969999999999955e-01
8.730850000000000364e+02, 3.422080000000000122e-01
8.731009999999999991e+02, 3.358819999999999861e-02
8.731180000000000518e+02, 4.491069999999999784e-01
8.731349999999999909e+02, -4.105820000000000025e-01
8.731509999999999536e+02, 8.331750000000000267e-02
8.731680000000000064e+02, -2.900150000000000228e-01
8.731849999999999454e+02, -1.100619999999999932e-01
8.732010000000000218e+02, 7.896520000000000206e-01
8.732179999999999609e+02, 9.048129999999999784e-01
8.732350000000000136e+02, 7.691719999999999668e-01
8.732509999999999764e+02, -9.155759999999999454e-01
8.732680000000000291e+02, -1.211589999999999945e+00
8.732849999999999682e+02, -9.580250000000000155e-01
8.733010000000000446e+02, -1.186770000000000103e+00
8.733179999999999836e+02, -7.518350000000000311e-01
8.733350000000000364e+02, 1.108899999999999997e+00
8.733509999999999991e+02, 7.152129999999999876e-01
8.733680000000000518e+02, 1.613759999999999917e-01
8.733849999999999909e+02, 5.311019999999999630e-01
8.734009999999999536e+02, -2.476039999999999908e-01
8.734180000000000064e+02, 1.130849999999999911e+00
8.734349999999999454e+02, 7.529010000000000424e-01
8.734510000000000218e+02, 1.214630000000000098e+00
8.734679999999999609e+02, 1.754909999999999970e+00
8.734850000000000136e+02, 9.308520000000000683e-02
8.735009999999999764e+02, -8.848110000000000142e-01
8.735180000000000291e+02, -1.144069999999999920e+00
8.735349999999999682e+02, -1.094870000000000010e+00
8.735510000000000446e+02, -1.770909999999999984e+00
8.735679999999999836e+02, 1.080899999999999916e-02
8.735850000000000364e+02, 1.627189999999999914e+00
8.736009999999999991e+02, 5.290979999999999572e-01
8.736180000000000518e+02, 9.664730000000000265e-01
8.736349999999999909e+02, 7.676039999999999530e-01
8.736509999999999536e+02, -2.550620000000000109e-01
8.736680000000000064e+02, -1.056820000000000093e+00
8.736849999999999454e+02, 4.862239999999999895e-01
8.737010000000000218e+02, 5.130479999999999485e-01
8.737179999999999609e+02, 4.129010000000000180e-01
8.737350000000000136e+02, -1.066629999999999939e-01
8.737509999999999764e+02, 5.773909999999999876e-01
8.737680000000000291e+02, -2.591800000000000215e-01
8.737849999999999682e+02, 9.591469999999999718e-01
8.738010000000000446e+02, -1.696819999999999995e-01
8.738179999999999836e+02, -2.125140000000000085e-01
8.738350000000000364e+02, -5.062670000000000226e-01
8.738509999999999991e+02, -3.955069999999999975e-01
8.738680000000000518e+02, -7.848509999999999653e-01
8.738849999999999909e+02, -3.439180000000000015e-01
8.739009999999999536e+02, -6.845790000000000486e-01
8.739180000000000064e+02, 5.629750000000000032e-01
8.739349999999999454e+02, 3.695079999999999892e-02
8.739510000000000218e+02, 4.553010000000000113e-01
8.739679999999999609e+02, -2.917000000000000148e-01
8.739850000000000136e+02, -1.309180000000000010e+00
8.740009999999999764e+02, -3.742759999999999976e-01
8.740180000000000291e+02, 7.868680000000000119e-02
8.740349999999999682e+02, 2.124880000000000102e+00
8.740510000000000446e+02, -3.231649999999999801e-01
8.740679999999999836e+02, 2.592289999999999872e-01
8.740850000000000364e+02, -2.984020000000000006e-01
8.741009999999999991e+02, 5.066049999999999720e-01
8.741180000000000518e+02, 2.104560000000000208e+00
8.741349999999999909e+02, 3.645269999999999899e-01
8.741509999999999536e+02, -1.069029999999999925e+00
8.741680000000000064e+02, -8.616329999999999822e-02
8.741849999999999454e+02, -2.108510000000000106e-01
8.742010000000000218e+02, 1.252629999999999910e+00
8.742179999999999609e+02, 1.071769999999999889e+00
8.742350000000000136e+02, -5.726240000000000219e-01
8.742509999999999764e+02, 6.011110000000000064e-02
8.742680000000000291e+02, -2.490460000000000118e+00
8.742849999999999682e+02, -1.368600000000000039e+00
8.743010000000000446e+02, 1.748339999999999894e-01
8.743179999999999836e+02, 2.901820000000000094e-02
8.743350000000000364e+02, 1.023130000000000012e-01
8.743509999999999991e+02, 2.498960000000000070e-01
8.743680000000000518e+02, 6.314389999999999725e-01
8.743849999999999909e+02, -8.231030000000000291e-01
8.744009999999999536e+02, -2.731290000000000107e-01
8.744180000000000064e+02, -1.101469999999999949e-01
8.744349999999999454e+02, -4.425350000000000117e-01
8.744510000000000218e+02, -5.655529999999999724e-01
8.744679999999999609e+02, -1.899470000000000047e-01
8.744850000000000136e+02, -2.536630000000000273e-01
8.745009999999999764e+02, -6.957999999999999741e-01
8.745180000000000291e+02, 5.216260000000000341e-01
8.745349999999999682e+02, 8.202829999999999844e-01
8.745510000000000446e+02, -6.141889999999999850e-01
8.745679999999999836e+02, 1.130140000000000033e-01
8.745850000000000364e+02, -9.542610000000000259e-01
8.746009999999999991e+02, 7.486599999999999921e-01
8.746180000000000518e+02, -7.262600000000000167e-01
8.746349999999999909e+02, 4.597060000000000035e-01
8.746509999999999536e+02, 7.749139999999999917e-01
8.746680000000000064e+02, 3.363729999999999776e-01
8.746849999999999454e+02, 4.521319999999999784e-01
8.747010000000000218e+02, -6.504919999999999591e-01
8.747179999999999609e+02, -3.180109999999999881e-01
8.747350000000000136e+02, -1.128190000000000026e+00
8.747509999999999764e+02, -5.774150000000000116e-01
8.747680000000000291e+02, -3.132130000000000192e-01
8.747849999999999682e+02, -8.538830000000000031e-02
8.748010000000000446e+02, -1.641359999999999930e+00
8.748179999999999836e+02, -1.665780000000000038e+00
8.748350000000000364e+02, -1.767060000000000020e-01
8.748509999999999991e+02, 1.028010000000000090e+00
8.748680000000000518e+02, 9.098950000000000093e-01
8.748849999999999909e+02, 1.957770000000000010e+00
8.749009999999999536e+02, -5.107880000000000198e-01
8.749180000000000064e+02, -5.031779999999999586e-03
8.749349999999999454e+02, 6.060130000000000239e-01
8.749510000000000218e+02, -6.308529999999999971e-01
8.749679999999999609e+02, -1.098490000000000022e-01
8.749850000000000136e+02, -1.602170000000000094e+00
8.750009999999999764e+02, -1.068940000000000001e+00
8.750180000000000291e+02, -1.694720000000000004e+00
8.750349999999999682e+02, -9.644390000000000462e-01
8.750510000000000446e+02, -4.867150000000000087e-01
8.750679999999999836e+02, 9.984570000000000389e-01
8.750850000000000364e+02, 4.799039999999999973e-01
8.751009999999999991e+02, 9.008059999999999679e-02
8.751180000000000518e+02, -9.378619999999999735e-01
8.751349999999999909e+02, 6.691000000000000281e-01
8.751509999999999536e+02, -2.958649999999999891e-01
8.751680000000000064e+02, 7.031469999999999665e-01
8.751849999999999454e+02, -1.869499999999999940e+00
8.752010000000000218e+02, -1.161739999999999995e+00
8.752179999999999609e+02, -2.107930000000000047e-03
8.752350000000000136e+02, -2.623519999999999741e-01
8.752509999999999764e+02, -5.167720000000000091e-01
8.752680000000000291e+02, -1.059479999999999977e+00
8.752849999999999682e+02, -1.482850000000000001e+00
8.753010000000000446e+02, 1.733790000000000053e-01
8.753179999999999836e+02, 1.024310000000000054e+00
8.753350000000000364e+02, 7.176940000000000541e-01
8.753509999999999991e+02, 8.827660000000000506e-01
8.753680000000000518e+02, 1.232139999999999971e-02
8.753849999999999909e+02, 1.666739999999999888e-01
8.754009999999999536e+02, -9.811849999999999739e-01
8.754180000000000064e+02, -5.424109999999999765e-01
8.754349999999999454e+02, -7.088010000000000144e-01
8.754510000000000218e+02, -2.831289999999999848e-02
8.754679999999999609e+02, 5.868750000000000355e-01
8.754850000000000136e+02, -1.103350000000000053e+00
8.755009999999999764e+02, 5.304969999999999963e-01
8.755180000000000291e+02, -6.178879999999999928e-01
8.755349999999999682e+02, -1.232679999999999998e+00
8.755510000000000446e+02, -1.362039999999999917e+00
8.755679999999999836e+02, 1.099269999999999935e-02
8.755850000000000364e+02, 4.499619999999999731e-01
8.756009999999999991e+02, 7.413210000000000077e-01
8.756180000000000518e+02, 7.505530000000000257e-01
8.756349999999999909e+02, 8.466569999999999929e-01
8.756509999999999536e+02, 1.083560000000000079e+00
8.756680000000000064e+02, -3.231559999999999988e-01
8.756849999999999454e+02, -1.286629999999999940e+00
8.757010000000000218e+02, -5.728379999999999583e-01
8.757179999999999609e+02, 5.350209999999999688e-01
8.757350000000000136e+02, -4.386510000000000131e-01
8.757509999999999764e+02, 7.760500000000000176e-01
8.757680000000000291e+02, 4.094729999999999759e-01
8.757849999999999682e+02, 1.167300000000000004e-01
8.758010000000000446e+02, 6.499970000000000470e-01
8.758179999999999836e+02, 5.169080000000000341e-01
8.758350000000000364e+02, 1.351199999999999957e+00
8.758509999999999991e+02, -4.107000000000000095e-01
8.758680000000000518e+02, -1.207789999999999919e+00
8.758849999999999909e+02, -1.019039999999999946e+00
8.759009999999999536e+02, -2.064119999999999844e-02
8.759180000000000064e+02, 9.727550000000000086e-02
8.759349999999999454e+02, 8.177429999999999422e-02
8.759510000000000218e+02, -1.267339999999999911e+00
8.759679999999999609e+02, -6.093159999999999688e-01
8.759850000000000136e+02, -3.944659999999999833e-01
8.760009999999999764e+02, 3.191000000000000086e-02
8.760180000000000291e+02, -1.467580000000000107e+00
8.760349999999999682e+02, -1.484779999999999989e+00
8.760510000000000446e+02, -6.048540000000000028e-01
8.760679999999999836e+02, 3.524720000000000075e-01
8.760850000000000364e+02, 8.683370000000000255e-01
8.761009999999999991e+02, 7.432800000000000518e-01
8.761180000000000518e+02, -6.071260000000000545e-01
8.761349999999999909e+02, -9.850900000000000212e-01
8.761509999999999536e+02, 1.611950000000000049e-01
8.761680000000000064e+02, 2.221259999999999901e-01
8.761849999999999454e+02, 1.177310000000000079e+00
8.762010000000000218e+02, 3.923880000000000146e-01
8.762179999999999609e+02, 8.152070000000000149e-01
8.762350000000000136e+02, -1.101690000000000030e-01
8.762509999999999764e+02, -1.034480000000000066e+00
8.762680000000000291e+02, -1.637040000000000051e+00
8.762849999999999682e+02, -9.873619999999999619e-01
8.763010000000000446e+02, -7.390099999999999447e-01
8.763179999999999836e+02, 3.383120000000000016e-01
8.763350000000000364e+02, 7.239919999999999689e-01
8.763509999999999991e+02, 4.125480000000000258e-01
8.763680000000000518e+02, -6.963439999999999908e-02
8.763849999999999909e+02, -8.827409999999999979e-01
8.764009999999999536e+02, -4.548409999999999953e-01
8.764180000000000064e+02, -3.178940000000000099e-01
8.764349999999999454e+02, 5.317479999999999984e-01
8.764510000000000218e+02, -2.285419999999999952e-01
8.764679999999999609e+02, -9.107469999999999732e-01
8.764850000000000136e+02, 1.283370000000000066e-01
8.765009999999999764e+02, -6.103370000000000184e-01
8.765180000000000291e+02, -9.643220000000000125e-01
8.765349999999999682e+02, 2.001600000000000046e-01
8.765510000000000446e+02, 1.347580000000000000e+00
8.765679999999999836e+02, 1.110759999999999970e+00
8.765850000000000364e+02, -1.050460000000000005e-01
8.766009999999999991e+02, -9.781929999999999792e-01
8.766180000000000518e+02, 1.777029999999999998e-01
8.766349999999999909e+02, 7.069659999999999833e-02
8.766509999999999536e+02, 3.868469999999999964e-01
8.766680000000000064e+02, 1.059549999999999992e+00
8.766849999999999454e+02, 9.844169999999999865e-01
8.767010000000000218e+02, -8.693269999999999609e-01
8.767179999999999609e+02, 2.560879999999999823e-01
8.767350000000000136e+02, -3.888860000000000094e-01
8.767509999999999764e+02, -7.875079999999999858e-01
8.767680000000000291e+02, -7.134869999999999823e-01
8.767849999999999682e+02, -6.609450000000000047e-01
8.768010000000000446e+02, -1.280519999999999992e-01
8.768179999999999836e+02, -3.730819999999999970e-02
8.768350000000000364e+02, 2.183309999999999973e-01
8.768509999999999991e+02, -2.332809999999999884e-01
8.768680000000000518e+02, 9.362260000000000026e-01
8.768849999999999909e+02, 1.467470000000000052e+00
8.769009999999999536e+02, 9.859189999999999898e-01
8.769180000000000064e+02, -2.174540000000000084e-01
8.769349999999999454e+02, -5.726980000000000404e-01
8.769510000000000218e+02, -4.247299999999999964e-01
8.769679999999999609e+02, -1.922690000000000163e-02
8.769850000000000136e+02, 8.006860000000000088e-01
8.770009999999999764e+02, 1.053420000000000023e+00
8.770180000000000291e+02, 6.671829999999999705e-01
8.770349999999999682e+02, -1.762519999999999920e-01
8.770510000000000446e+02, 1.142409999999999926e+00
8.770679999999999836e+02, 7.735769999999999591e-01
8.770850000000000364e+02, -1.159619999999999956e-01
8.771009999999999991e+02, -8.301209999999999839e-03
8.771180000000000518e+02, -2.338580000000000103e-01
8.771349999999999909e+02, -2.272390000000000132e+00
8.771509999999999536e+02, -5.485630000000000228e-01
8.771680000000000064e+02, -7.359189999999999898e-01
8.771849999999999454e+02, -1.795229999999999881e-01
8.772010000000000218e+02, 2.011390000000000122e-01
8.772179999999999609e+02, 2.714260000000000006e-01
8.772350000000000136e+02, -1.072729999999999961e+00
8.772509999999999764e+02, -1.448539999999999939e+00
8.772680000000000291e+02, 2.173700000000000077e-01
8.772849999999999682e+02, 5.470329999999999915e-01
8.773010000000000446e+02, 1.219719999999999915e+00
8.773179999999999836e+02, -3.817849999999999855e-01
8.773350000000000364e+02, -9.371810000000000418e-01
8.773509999999999991e+02, -1.628679999999999906e+00
8.773680000000000518e+02, -1.572410000000000085e+00
8.773849999999999909e+02, -1.107310000000000016e+00
8.774009999999999536e+02, 2.232860000000000067e+00
8.774180000000000064e+02, 7.973799999999999777e-01
8.774349999999999454e+02, 1.270729999999999915e+00
8.774510000000000218e+02, -5.969079999999999941e-01
8.774679999999999609e+02, -7.589489999999999847e-01
8.774850000000000136e+02, -1.779449999999999976e+00
8.775009999999999764e+02, -2.107810000000000183e+00
8.775180000000000291e+02, -2.079680000000000195e+00
8.775349999999999682e+02, 4.492749999999999799e-01
8.775510000000000446e+02, 1.086510000000000087e+00
8.775679999999999836e+02, 2.729969999999999897e-01
8.775850000000000364e+02, 9.101310000000000233e-01
8.776009999999999991e+02, -5.731870000000000021e-01
8.776180000000000518e+02, 7.434720000000000217e-01
8.776349999999999909e+02, -1.040769999999999973e+00
8.776509999999999536e+02, 1.002720000000000056e+00
8.776680000000000064e+02, 1.729960000000000109e-01
8.776849999999999454e+02, 2.558159999999999989e+00
8.777010000000000218e+02, -3.675260000000000193e-01
8.777179999999999609e+02, -5.368849999999999456e-01
8.777350000000000136e+02, -7.054489999999999927e-01
8.777509999999999764e+02, 7.732970000000000121e-01
8.777680000000000291e+02, -2.125070000000000014e-01
8.777849999999999682e+02, 2.514310000000000156e-01
8.778010000000000446e+02, -2.497139999999999915e-01
8.778179999999999836e+02, -1.436989999999999990e+00
8.778350000000000364e+02, -1.140970000000000040e+00
8.778509999999999991e+02, 1.060710000000000042e+00
8.778680000000000518e+02, 5.581390000000000517e-01
8.778849999999999909e+02, 5.301089999999999969e-02
8.779009999999999536e+02, 7.766929999999999668e-01
8.779180000000000064e+02, -4.351670000000000260e-01
8.779349999999999454e+02, -3.645479999999999832e-01
8.779510000000000218e+02, -4.559790000000000232e-01
8.779679999999999609e+02, -3.787360000000000171e-01
8.779850000000000136e+02, 2.413170000000000037e-01
8.780009999999999764e+02, -3.302149999999999808e-01
8.780180000000000291e+02, 2.094209999999999960e-01
8.780349999999999682e+02, -4.468940000000000135e-01
8.780510000000000446e+02, 7.937729999999999508e-01
8.780679999999999836e+02, -7.023850000000000371e-01
8.780850000000000364e+02, 2.761390000000000233e-01
8.781009999999999991e+02, -9.905880000000000241e-02
8.781180000000000518e+02, -1.059250000000000025e+00
8.781349999999999909e+02, 2.083790000000000087e-01
8.781509999999999536e+02, -4.652320000000000066e-02
8.781680000000000064e+02, -1.031750000000000028e-01
8.781849999999999454e+02, -6.563330000000000553e-01
8.782010000000000218e+02, -1.514380000000000066e-02
8.782179999999999609e+02, -5.969790000000000374e-01
8.782350000000000136e+02, -1.369569999999999954e+00
8.782509999999999764e+02, 1.002259999999999929e+00
8.782680000000000291e+02, 1.161269999999999941e-01
8.782849999999999682e+02, 4.374089999999999923e-01
8.783010000000000446e+02, -5.628389999999999782e-01
8.783179999999999836e+02, -1.306920000000000082e+00
8.783350000000000364e+02, -6.455070000000000530e-01
8.783509999999999991e+02, 5.701119999999999521e-01
8.783680000000000518e+02, 4.307110000000000105e-01
8.783849999999999909e+02, -3.490730000000000222e-01
8.784009999999999536e+02, 9.496729999999999894e-01
8.784180000000000064e+02, -7.425640000000000018e-01
8.784349999999999454e+02, 5.261820000000000386e-01
8.784510000000000218e+02, 2.514640000000000208e-01
8.784679999999999609e+02, 1.334000000000000075e+00
8.784850000000000136e+02, 2.951949999999999852e-01
8.785009999999999764e+02, 9.358039999999999761e-03
8.785180000000000291e+02, 3.494979999999999754e-01
8.785349999999999682e+02, -8.583939999999999904e-01
8.785510000000000446e+02, 2.741219999999999768e-01
8.785679999999999836e+02, 5.663049999999999473e-01
8.785850000000000364e+02, 9.975939999999999808e-01
8.786009999999999991e+02, 2.915059999999999873e-01
8.786180000000000518e+02, -1.725300000000000056e+00
8.786349999999999909e+02, -1.565220000000000056e+00
8.786509999999999536e+02, -7.444579999999999531e-01
8.786680000000000064e+02, 6.431409999999999905e-02
8.786849999999999454e+02, 8.253749999999999698e-01
8.787010000000000218e+02, 1.283600000000000074e+00
8.787179999999999609e+02, 1.416800000000000059e+00
8.787350000000000136e+02, -1.529909999999999881e-01
8.787509999999999764e+02, 5.252980000000000427e-01
8.787680000000000291e+02, 1.191159999999999997e+00
8.787849999999999682e+02, 8.055539999999999923e-01
8.788010000000000446e+02, 8.205050000000000399e-01
8.788179999999999836e+02, -1.532799999999999940e+00
8.788350000000000364e+02, -3.144330000000000180e-01
8.788509999999999991e+02, -1.382880000000000109e+00
8.788680000000000518e+02, 1.056619999999999893e+00
8.788849999999999909e+02, 2.094760000000000025e-02
8.789009999999999536e+02, 1.596349999999999852e-02
8.789180000000000064e+02, -3.642599999999999727e-01
8.789349999999999454e+02, -2.301989999999999981e+00
8.789510000000000218e+02, -6.098500000000000032e-01
8.789679999999999609e+02, 3.736070000000000224e-01
8.789850000000000136e+02, 2.104179999999999939e-01
8.790009999999999764e+02, 1.024890000000000079e+00
8.790180000000000291e+02, 1.131499999999999950e+00
8.790349999999999682e+02, -4.704420000000000268e-01
8.790510000000000446e+02, -8.461049999999999960e-01
8.790679999999999836e+02, -1.777809999999999946e-01
8.790850000000000364e+02, -1.254669999999999952e-01
8.791009999999999991e+02, 5.522810000000000219e-01
8.791180000000000518e+02, -2.143059999999999965e-01
8.791349999999999909e+02, 1.020629999999999926e+00
8.791509999999999536e+02, -9.713279999999999692e-01
8.791680000000000064e+02, -4.056839999999999891e-01
8.791849999999999454e+02, 4.877190000000000136e-01
8.792010000000000218e+02, -4.643030000000000213e-01
8.792179999999999609e+02, 6.484550000000000036e-01
8.792350000000000136e+02, -6.398700000000000498e-01
8.792509999999999764e+02, 3.045749999999999846e-01
8.792680000000000291e+02, -1.148379999999999956e+00
8.792849999999999682e+02, -9.340899999999999759e-01
8.793010000000000446e+02, -1.323380000000000001e+00
8.793179999999999836e+02, -6.651550000000000518e-01
8.793350000000000364e+02, -5.090879999999999850e-01
8.793509999999999991e+02, 3.064779999999999727e-01
8.793680000000000518e+02, 3.716039999999999899e-01
8.793849999999999909e+02, 3.238639999999999852e-01
8.794009999999999536e+02, -1.255120000000000013e+00
8.794180000000000064e+02, 8.092430000000000456e-01
8.794349999999999454e+02, -5.393769999999999953e-01
8.794510000000000218e+02, -1.820180000000000131e-01
8.794679999999999609e+02, 8.362199999999999633e-01
8.794850000000000136e+02, -1.418420000000000014e+00
8.795009999999999764e+02, -3.481230000000000158e-01
8.795180000000000291e+02, -3.348240000000000105e-01
8.795349999999999682e+02, -2.091669999999999918e-01
8.795510000000000446e+02, 8.162690000000000223e-01
8.795679999999999836e+02, -3.357550000000000257e-01
8.795850000000000364e+02, -9.485730000000000550e-02
8.796009999999999991e+02, 4.435549999999999771e-01
8.796180000000000518e+02, -1.097450000000000037e+00
8.796349999999999909e+02, 7.391200000000000547e-02
8.796509999999999536e+02, -1.026690000000000103e+00
8.796680000000000064e+02, -7.850009999999999488e-01
8.796849999999999454e+02, 1.055569999999999897e+00
8.797010000000000218e+02, -2.368190000000000017e-01
8.797179999999999609e+02, -6.311700000000000088e-01
8.797350000000000136e+02, 6.363399999999999612e-02
8.797509999999999764e+02, -4.325869999999999993e-01
8.797680000000000291e+02, 2.283129999999999882e-01
8.797849999999999682e+02, -5.281670000000000531e-01
8.798010000000000446e+02, -3.161430000000000073e-01
8.798179999999999836e+02, -1.907140000000000057e+00
8.798350000000000364e+02, -1.647009999999999863e-01
8.798509999999999991e+02, -6.716999999999999638e-01
8.798680000000000518e+02, -2.240310000000000079e-01
8.798849999999999909e+02, 1.058140000000000081e+00
8.799009999999999536e+02, -1.391239999999999977e-01
8.799180000000000064e+02, -1.580080000000000096e-01
8.799349999999999454e+02, -1.104559999999999986e+00
8.799510000000000218e+02, -3.105350000000000124e-02
8.799679999999999609e+02, 3.548120000000000163e-01
8.799850000000000136e+02, 6.612489999999999757e-01
8.800009999999999764e+02, 1.883920000000000039e-01
8.800180000000000291e+02, 6.619310000000000471e-02
8.800349999999999682e+02, 1.362219999999999986e+00
8.800510000000000446e+02, 3.860120000000000218e-01
8.800679999999999836e+02, 2.105090000000000017e-01
8.800850000000000364e+02, 3.611420000000000186e-01
8.801009999999999991e+02, -5.724240000000000439e-01
8.801180000000000518e+02, 3.836149999999999838e-01
8.801349999999999909e+02, 1.057960000000000012e+00
8.801509999999999536e+02, 5.980999999999999650e-01
8.801680000000000064e+02, 1.757630000000000026e+00
8.801849999999999454e+02, 4.240280000000000160e-01
8.802010000000000218e+02, 3.115490000000000204e-01
8.802179999999999609e+02, -9.183810000000000029e-01
8.802350000000000136e+02, -8.981509999999999841e-03
8.802509999999999764e+02, -4.222270000000000190e-02
8.802680000000000291e+02, -8.932529999999999637e-01
8.802849999999999682e+02, -6.940849999999999520e-01
8.803010000000000446e+02, -7.951329999999999787e-01
8.803179999999999836e+02, 3.393180000000000085e-01
8.803350000000000364e+02, 1.114770000000000039e+00
8.803509999999999991e+02, 1.429920000000000080e+00
8.803680000000000518e+02, 3.482839999999999825e-01
8.803849999999999909e+02, -4.464110000000000023e-01
8.804009999999999536e+02, -4.412090000000000178e-01
8.804180000000000064e+02, 4.274399999999999866e-01
8.804349999999999454e+02, 6.634170000000000345e-01
8.804510000000000218e+02, 1.085020000000000095e+00
8.804679999999999609e+02, 3.737259999999999888e-02
8.804850000000000136e+02, 1.180009999999999948e-01
8.805009999999999764e+02, -1.269290000000000029e+00
8.805180000000000291e+02, -1.375250000000000083e+00
8.805349999999999682e+02, 9.711770000000000125e-02
8.805510000000000446e+02, 5.394160000000000066e-01
8.805679999999999836e+02, -2.052200000000000118e-03
8.805850000000000364e+02, 1.661149999999999904e+00
8.806009999999999991e+02, 6.756259999999999488e-01
8.806180000000000518e+02, -7.586340000000000305e-01
8.806349999999999909e+02, -2.030990000000000073e+00
8.806509999999999536e+02, -8.927939999999999765e-01
8.806680000000000064e+02, -2.995559999999999889e-01
8.806849999999999454e+02, 7.257860000000000422e-01
8.807010000000000218e+02, 7.764280000000000070e-01
8.807179999999999609e+02, -3.201450000000000129e-01
8.807350000000000136e+02, 1.297550000000000092e-01
8.807509999999999764e+02, -4.039980000000000238e-01
8.807680000000000291e+02, -1.018799999999999983e-01
8.807849999999999682e+02, 9.855479999999999796e-01
8.808010000000000446e+02, -1.826010000000000133e-01
8.808179999999999836e+02, -4.164050000000000251e-01
8.808350000000000364e+02, -1.127220000000000028e-01
8.808509999999999991e+02, -4.106560000000000071e-02
8.808680000000000518e+02, 9.009820000000000328e-02
8.808849999999999909e+02, 9.722239999999999771e-01
8.809009999999999536e+02, 1.616679999999999895e+00
8.809180000000000064e+02, 9.143010000000000026e-02
8.809349999999999454e+02, -1.123890000000000056e+00
8.809510000000000218e+02, 1.482860000000000067e+00
8.809679999999999609e+02, 3.901089999999999836e-01
8.809850000000000136e+02, 7.698080000000000478e-01
8.810009999999999764e+02, 3.782389999999999919e-01
8.810180000000000291e+02, 2.572260000000000102e-01
8.810349999999999682e+02, -1.837300000000000044e-01
8.810510000000000446e+02, -7.627080000000000526e-01
8.810679999999999836e+02, -5.592430000000000456e-01
8.810850000000000364e+02, -1.300070000000000114e-01
8.811009999999999991e+02, 1.774390000000000134e-01
8.811180000000000518e+02, -8.524890000000000245e-02
8.811349999999999909e+02, 1.327590000000000048e+00
8.811509999999999536e+02, 4.326380000000000225e-01
8.811680000000000064e+02, 1.632570000000000077e+00
8.811849999999999454e+02, 1.111920000000000019e+00
8.812010000000000218e+02, -6.728650000000000464e-01
8.812179999999999609e+02, -1.872890000000000110e-01
8.812350000000000136e+02, -1.263959999999999972e+00
8.812509999999999764e+02, -3.664700000000000180e-01
8.812680000000000291e+02, -1.466150000000000064e+00
8.812849999999999682e+02, -6.116899999999999560e-01
8.813010000000000446e+02, 7.131539999999999546e-01
8.813179999999999836e+02, -5.514820000000000277e-01
8.813350000000000364e+02, -2.807520000000000016e-01
8.813509999999999991e+02, -4.087419999999999942e-01
8.813680000000000518e+02, 8.385519999999999641e-01
8.813849999999999909e+02, 1.300640000000000018e+00
8.814009999999999536e+02, 1.503539999999999877e-01
8.814180000000000064e+02, 1.086179999999999923e+00
8.814349999999999454e+02, -1.766030000000000100e-01
8.814510000000000218e+02, -2.214309999999999889e-01
8.814679999999999609e+02, -9.457269999999999843e-01
8.814850000000000136e+02, -1.642600000000000060e+00
8.815009999999999764e+02, 2.818579999999999974e-01
8.815180000000000291e+02, 9.461950000000000083e-01
8.815349999999999682e+02, -4.809519999999999906e-01
8.815510000000000446e+02, -1.021419999999999995e+00
8.815679999999999836e+02, -1.055979999999999919e+00
8.815850000000000364e+02, -9.178699999999999637e-01
8.816009999999999991e+02, 5.168190000000000284e-02
8.816180000000000518e+02, 1.488260000000000138e-01
8.816349999999999909e+02, -4.394799999999999818e-01
8.816509999999999536e+02, -4.596850000000000103e-01
8.816680000000000064e+02, -1.000140000000000029e+00
8.816849999999999454e+02, -5.252499999999999947e-01
8.817010000000000218e+02, 2.517050000000000121e-01
8.817179999999999609e+02, 1.099779999999999980e+00
8.817350000000000136e+02, -4.451809999999999934e-01
8.817509999999999764e+02, -1.117429999999999923e+00
8.817680000000000291e+02, -7.783360000000000278e-01
8.817849999999999682e+02, -2.839360000000000217e-01
8.818010000000000446e+02, 1.760829999999999895e-01
8.818179999999999836e+02, 5.791380000000000416e-01
8.818350000000000364e+02, -9.869790000000000507e-01
8.818509999999999991e+02, 5.283029999999999671e-01
8.818680000000000518e+02, 7.453809999999999603e-01
8.818849999999999909e+02, 1.060890000000000111e+00
8.819009999999999536e+02, 4.990589999999999749e-01
8.819180000000000064e+02, -5.610119999999999552e-01
8.819349999999999454e+02, 4.040000000000000258e-01
8.819510000000000218e+02, 1.142240000000000061e-01
8.819679999999999609e+02, 7.465770000000000461e-01
8.819850000000000136e+02, 1.681789999999999952e-01
8.820009999999999764e+02, 4.567609999999999726e-01
8.820180000000000291e+02, -1.159659999999999913e+00
8.820349999999999682e+02, -1.411640000000000006e+00
8.820510000000000446e+02, -4.980439999999999867e-01
8.820679999999999836e+02, 1.426779999999999993e-01
8.820850000000000364e+02, 9.020669999999999522e-01
8.821009999999999991e+02, -1.653629999999999933e+00
8.821180000000000518e+02, -1.703910000000000036e+00
8.821349999999999909e+02, 3.768380000000000341e-02
8.821509999999999536e+02, 1.385579999999999867e-01
8.821680000000000064e+02, 6.120640000000000525e-01
8.821849999999999454e+02, 1.866059999999999941e-01
8.822010000000000218e+02, 1.837020000000000042e-01
8.822179999999999609e+02, -4.466620000000000035e-01
8.822350000000000136e+02, -8.664239999999999720e-01
8.822509999999999764e+02, -9.039319999999999578e-01
8.822680000000000291e+02, -1.559220000000000050e+00
8.822849999999999682e+02, -1.367599999999999927e+00
8.823010000000000446e+02, 3.769589999999999885e-01
8.823179999999999836e+02, -5.458650000000000446e-01
8.823350000000000364e+02, 1.069139999999999979e+00
8.823509999999999991e+02, 6.246620000000000505e-01
8.823680000000000518e+02, 1.299940000000000095e+00
8.823849999999999909e+02, 3.834629999999999983e-01
8.824009999999999536e+02, -1.753370000000000095e+00
8.824180000000000064e+02, -1.328240000000000087e+00
8.824349999999999454e+02, -5.107920000000000238e-01
8.824510000000000218e+02, -1.407660000000000031e-03
8.824679999999999609e+02, -7.338489999999999736e-01
8.824850000000000136e+02, -2.022430000000000061e-01
8.825009999999999764e+02, -4.119229999999999836e-01
8.825180000000000291e+02, -9.317879999999999496e-01
8.825349999999999682e+02, 6.333900000000000086e-01
8.825510000000000446e+02, 4.049340000000000162e-01
8.825679999999999836e+02, 7.766269999999999563e-01
8.825850000000000364e+02, 6.790859999999999674e-01
8.826009999999999991e+02, 8.424840000000000106e-02
8.826180000000000518e+02, 1.144359999999999961e-01
8.826349999999999909e+02, -8.527049999999999907e-02
8.826509999999999536e+02, 7.522879999999999567e-01
8.826680000000000064e+02, 1.945580000000000087e-01
8.826849999999999454e+02, 4.077339999999999853e-01
8.827010000000000218e+02, 3.489869999999999917e-01
8.827179999999999609e+02, -1.043860000000000010e+00
8.827350000000000136e+02, 4.534340000000000037e-01
8.827509999999999764e+02, 7.784579999999999833e-01
8.827680000000000291e+02, 9.347440000000000193e-01
8.827849999999999682e+02, -1.627189999999999886e-02
8.828010000000000446e+02, -1.683529999999999971e+00
8.828179999999999836e+02, -6.904400000000000537e-01
8.828350000000000364e+02, -9.015020000000000255e-01
8.828509999999999991e+02, -1.595450000000000035e+00
8.828680000000000518e+02, -1.022690000000000099e+00
8.828849999999999909e+02, -1.341870000000000007e-01
8.829009999999999536e+02, -3.736450000000000049e-01
8.829180000000000064e+02, 9.473199999999999676e-02
8.829349999999999454e+02, 2.210399999999999865e-01
8.829510000000000218e+02, 1.997000000000000108e+00
8.829679999999999609e+02, 5.556980000000000253e-01
8.829850000000000136e+02, -1.010790000000000077e+00
8.830009999999999764e+02, 5.491599999999999954e-02
8.830180000000000291e+02, -2.012449999999999850e+00
8.830349999999999682e+02, -1.726359999999999895e+00
8.830510000000000446e+02, 4.073720000000000119e-01
8.830679999999999836e+02, -7.381109999999999616e-01
8.830850000000000364e+02, 8.352680000000000105e-01
8.831009999999999991e+02, 7.462050000000000072e-01
8.831180000000000518e+02, -8.909259999999999402e-02
8.831349999999999909e+02, 5.391660000000000341e-01
8.831509999999999536e+02, -7.597949999999999982e-01
8.831680000000000064e+02, -8.122359999999999580e-01
8.831849999999999454e+02, -7.518989999999999840e-01
8.832010000000000218e+02, -1.347059999999999924e+00
8.832179999999999609e+02, -1.433140000000000081e+00
8.832350000000000136e+02, -4.116310000000000247e-01
8.832509999999999764e+02, -6.056519999999999682e-01
8.832680000000000291e+02, -1.193210000000000104e+00
8.832849999999999682e+02, 2.211310000000000109e+00
8.833010000000000446e+02, -3.702469999999999928e-01
8.833179999999999836e+02, -7.928699999999999637e-01
8.833350000000000364e+02, -1.661440000000000028e+00
8.833509999999999991e+02, 3.350099999999999745e-01
8.833680000000000518e+02, 1.668880000000000086e-01
8.833849999999999909e+02, 5.790370000000000239e-01
8.834009999999999536e+02, -9.204250000000000487e-01
8.834180000000000064e+02, 6.486239999999999783e-01
8.834349999999999454e+02, 1.440010000000000012e+00
8.834510000000000218e+02, 5.464440000000000408e-01
8.834679999999999609e+02, -6.105899999999999661e-01
8.834850000000000136e+02, 4.175389999999999935e-01
8.835009999999999764e+02, -9.659840000000000093e-02
8.835180000000000291e+02, -1.425890000000000102e+00
8.835349999999999682e+02, -1.503880000000000106e+00
8.835510000000000446e+02, 1.886400000000000021e-01
8.835679999999999836e+02, 6.446809999999999485e-01
8.835850000000000364e+02, -3.569109999999999783e-01
8.836009999999999991e+02, 3.438729999999999842e-01
8.836180000000000518e+02, 1.950079999999999869e-01
8.836349999999999909e+02, -6.013990000000000169e-01
8.836509999999999536e+02, -1.697180000000000077e-01
8.836680000000000064e+02, 6.930089999999999861e-01
8.836849999999999454e+02, 1.230760000000000048e-01
8.837010000000000218e+02, -3.047909999999999786e-01
8.837179999999999609e+02, -9.301629999999999621e-02
8.837350000000000136e+02, -2.194720000000000004e-01
8.837509999999999764e+02, -1.246000000000000024e-01
8.837680000000000291e+02, 1.293979999999999908e+00
8.837849999999999682e+02, -1.820060000000000011e-01
8.838010000000000446e+02, -1.162800000000000056e+00
8.838179999999999836e+02, -5.798659999999999926e-01
8.838350000000000364e+02, 9.929280000000000328e-01
8.838509999999999991e+02, 3.183909999999999796e-01
8.838680000000000518e+02, 4.063760000000000150e-01
8.838849999999999909e+02, 4.524929999999999786e-01
8.839009999999999536e+02, -8.621050000000000102e-01
8.839180000000000064e+02, 3.263380000000000170e-01
8.839349999999999454e+02, -1.627359999999999918e+00
8.839510000000000218e+02, -9.052000000000000046e-01
8.839679999999999609e+02, 3.467609999999999859e-01
8.839850000000000136e+02, -5.662289999999999823e-01
8.840009999999999764e+02, -1.636599999999999999e-01
8.840180000000000291e+02, 8.389609999999999568e-01
8.840349999999999682e+02, 8.377649999999999819e-01
8.840510000000000446e+02, -3.183130000000000126e-01
8.840679999999999836e+02, -4.312469999999999914e-01
8.840850000000000364e+02, -8.641229999999999745e-02
8.841009999999999991e+02, -1.619450000000000056e+00
8.841180000000000518e+02, -8.447949999999999626e-01
8.841349999999999909e+02, 2.311269999999999991e-01
8.841509999999999536e+02, 7.024000000000000243e-01
8.841680000000000064e+02, -8.713549999999999907e-01
8.841849999999999454e+02, -5.446659999999999835e-01
8.842010000000000218e+02, 3.656630000000000158e-01
8.842179999999999609e+02, -1.498610000000000046e-02
8.842350000000000136e+02, 1.055770000000000097e+00
8.842509999999999764e+02, -6.483730000000000049e-02
8.842680000000000291e+02, -2.357370000000000021e-01
8.842849999999999682e+02, -1.097690000000000055e+00
8.843010000000000446e+02, 2.769240000000000035e-01
8.843179999999999836e+02, -6.448800000000000088e-01
8.843350000000000364e+02, 6.263530000000000486e-01
8.843509999999999991e+02, 1.182930000000000037e+00
8.843680000000000518e+02, 1.286780000000000035e+00
8.843849999999999909e+02, 7.388440000000000285e-02
8.844009999999999536e+02, -5.993929999999999536e-01
8.844180000000000064e+02, -1.184849999999999959e+00
8.844349999999999454e+02, -1.559809999999999919e+00
8.844510000000000218e+02, 1.054279999999999974e-02
8.844679999999999609e+02, 1.145860000000000101e+00
8.844850000000000136e+02, 8.270690000000000541e-01
8.845009999999999764e+02, 7.976499999999999702e-01
8.845180000000000291e+02, 1.233330000000000037e+00
8.845349999999999682e+02, 2.567329999999999890e-01
8.845510000000000446e+02, -7.516159999999999508e-01
8.845679999999999836e+02, -1.060499999999999998e+00
8.845850000000000364e+02, -6.449880000000000058e-01
8.846009999999999991e+02, -3.956239999999999757e-01
8.846180000000000518e+02, 8.798079999999999790e-02
8.846349999999999909e+02, 1.287369999999999903e+00
8.846509999999999536e+02, 2.839450000000000029e-01
8.846680000000000064e+02, -7.332570000000000476e-01
8.846849999999999454e+02, -4.293199999999999794e-01
8.847010000000000218e+02, -1.311309999999999976e+00
8.847179999999999609e+02, 3.566039999999999766e-01
8.847350000000000136e+02, -1.073839999999999906e+00
8.847509999999999764e+02, -1.647009999999999863e-01
8.847680000000000291e+02, 4.727469999999999728e-01
8.847849999999999682e+02, 2.646459999999999924e-01
8.848010000000000446e+02, 1.342100000000000071e+00
8.848179999999999836e+02, 3.127440000000000220e-01
8.848350000000000364e+02, 3.817869999999999875e-01
8.848509999999999991e+02, 6.977529999999999566e-01
8.848680000000000518e+02, 8.057990000000000430e-01
8.848849999999999909e+02, 1.521220000000000017e+00
8.849009999999999536e+02, 7.095569999999999933e-01
8.849180000000000064e+02, -5.593639999999999723e-01
8.849349999999999454e+02, -1.618910000000000071e+00
8.849510000000000218e+02, -9.229009999999999714e-01
8.849679999999999609e+02, 1.044489999999999919e+00
8.849850000000000136e+02, 6.874069999999999903e-01
8.850009999999999764e+02, 1.139539999999999997e+00
8.850180000000000291e+02, -3.483180000000000165e-01
8.850349999999999682e+02, -8.861030000000000295e-02
8.850510000000000446e+02, 1.938999999999999890e-01
8.850679999999999836e+02, 3.806249999999999911e-02
8.850850000000000364e+02, 3.485779999999999990e-01
8.851009999999999991e+02, 7.655600000000000183e-01
8.851180000000000518e+02, 1.022080000000000100e+00
8.851349999999999909e+02, 5.991159999999999819e-01
8.851509999999999536e+02, -4.503679999999999906e-01
8.851680000000000064e+02, -1.402060000000000084e+00
8.851849999999999454e+02, -9.570560000000000178e-01
8.852010000000000218e+02, -1.546219999999999928e+00
8.852179999999999609e+02, -1.255840000000000012e-01
8.852350000000000136e+02, -4.871289999999999787e-01
8.852509999999999764e+02, 1.654819999999999902e-01
8.852680000000000291e+02, 1.485929999999999973e+00
8.852849999999999682e+02, 1.195729999999999960e+00
8.853010000000000446e+02, 1.212830000000000075e+00
8.853179999999999836e+02, 5.965470000000000494e-01
8.853350000000000364e+02, 1.996159999999999879e-01
8.853509999999999991e+02, -1.193480000000000096e+00
8.853680000000000518e+02, 3.302180000000000115e-01
8.853849999999999909e+02, -8.668460000000000054e-01
8.854009999999999536e+02, 1.158639999999999892e+00
8.854180000000000064e+02, -2.831929999999999725e-01
8.854349999999999454e+02, 1.008459999999999912e+00
8.854510000000000218e+02, -4.996039999999999925e-01
8.854679999999999609e+02, 7.779989999999999961e-01
8.854850000000000136e+02, -3.844369999999999732e-01
8.855009999999999764e+02, -1.084270000000000025e-02
8.855180000000000291e+02, -3.777849999999999819e-01
8.855349999999999682e+02, 6.494440000000000213e-01
8.855510000000000446e+02, -1.160420000000000007e+00
8.855679999999999836e+02, 1.379819999999999935e-01
8.855850000000000364e+02, -3.970210000000000128e-01
8.856009999999999991e+02, -7.146780000000000355e-01
8.856180000000000518e+02, -1.260420000000000096e+00
8.856349999999999909e+02, 3.517290000000000139e-01
8.856509999999999536e+02, 8.081439999999999735e-01
8.856680000000000064e+02, -1.046249999999999902e+00
8.856849999999999454e+02, -3.854520000000000168e-01
8.857010000000000218e+02, 4.412980000000000236e-01
8.857179999999999609e+02, 1.037280000000000008e-01
8.857350000000000136e+02, -2.902129999999999987e-01
8.857509999999999764e+02, 8.043930000000000247e-01
8.857680000000000291e+02, 5.797660000000000036e-01
8.857849999999999682e+02, -2.074579999999999827e-02
8.858010000000000446e+02, 3.432390000000000163e-01
8.858179999999999836e+02, 6.435539999999999594e-01
8.858350000000000364e+02, 8.660980000000000345e-01
8.858509999999999991e+02, -7.456150000000000277e-02
8.858680000000000518e+02, -1.180679999999999952e+00
8.858849999999999909e+02, 5.349059999999999926e-01
8.859009999999999536e+02, 4.436240000000000183e-01
8.859180000000000064e+02, 5.316020000000000190e-01
8.859349999999999454e+02, 1.234869999999999912e+00
8.859510000000000218e+02, 2.844740000000000116e-02
8.859679999999999609e+02, -3.436939999999999995e-01
8.859850000000000136e+02, -5.559089999999999865e-01
8.860009999999999764e+02, -2.183029999999999970e-01
8.860180000000000291e+02, 4.906699999999999950e-01
8.860349999999999682e+02, -3.249079999999999746e-01
8.860510000000000446e+02, -3.487509999999999777e-01
8.860679999999999836e+02, -4.122560000000000113e-01
8.860850000000000364e+02, -7.276449999999999863e-01
8.861009999999999991e+02, -5.878669999999999729e-02
8.861180000000000518e+02, 1.032170000000000032e+00
8.861349999999999909e+02, -3.244369999999999754e-01
8.861509999999999536e+02, -1.219100000000000045e-01
8.861680000000000064e+02, 1.009789999999999993e-02
8.861849999999999454e+02, -1.456260000000000110e+00
8.862010000000000218e+02, -5.625109999999999832e-01
8.862179999999999609e+02, 3.166590000000000238e-01
8.862350000000000136e+02, -1.222000000000000031e-01
8.862509999999999764e+02, 1.122179999999999955e+00
8.862680000000000291e+02, -6.603780000000000205e-01
8.862849999999999682e+02, -2.196740000000000081e-01
8.863010000000000446e+02, 1.102230000000000043e+00
8.863179999999999836e+02, 3.520860000000000101e-01
8.863350000000000364e+02, 1.317290000000000127e-01
8.863509999999999991e+02, -1.865639999999999965e+00
8.863680000000000518e+02, -1.923580000000000068e+00
8.863849999999999909e+02, 5.510549999999999615e-01
8.864009999999999536e+02, 8.991160000000000263e-01
8.864180000000000064e+02, 4.930459999999999843e-01
8.864349999999999454e+02, -2.150690000000000102e-01
8.864510000000000218e+02, -1.202830000000000066e+00
8.864679999999999609e+02, 1.719579999999999997e-01
8.864850000000000136e+02, -8.300199999999999800e-01
8.865009999999999764e+02, -1.530019999999999936e+00
8.865180000000000291e+02, 5.976289999999999658e-01
8.865349999999999682e+02, 6.046120000000000383e-01
8.865510000000000446e+02, 3.703940000000000010e-01
8.865679999999999836e+02, -2.282379999999999964e-01
8.865850000000000364e+02, 6.885270000000000001e-01
8.866009999999999991e+02, 3.371459999999999735e-02
8.866180000000000518e+02, 1.038100000000000023e+00
8.866349999999999909e+02, -6.173330000000000206e-01
8.866509999999999536e+02, -3.793300000000000005e-01
8.866680000000000064e+02, 2.446399999999999963e-01
8.866849999999999454e+02, -2.222669999999999924e-01
8.867010000000000218e+02, 3.587170000000000081e-01
8.867179999999999609e+02, -1.588870000000000005e+00
8.867350000000000136e+02, -1.127580000000000027e+00
8.867509999999999764e+02, 2.580319999999999836e-01
8.867680000000000291e+02, 5.862079999999999513e-01
8.867849999999999682e+02, -3.878900000000000126e-01
8.868010000000000446e+02, 8.701160000000000005e-01
8.868179999999999836e+02, 8.836129999999999818e-01
8.868350000000000364e+02, -3.917089999999999739e-01
8.868509999999999991e+02, 4.383109999999999784e-02
8.868680000000000518e+02, 5.689600000000000213e-01
8.868849999999999909e+02, -4.760380000000000167e-02
8.869009999999999536e+02, -1.795549999999999924e-01
8.869180000000000064e+02, -1.237430000000000030e+00
8.869349999999999454e+02, -9.359409999999999952e-02
8.869510000000000218e+02, 5.034480000000000066e-01
8.869679999999999609e+02, 1.048959999999999892e+00
8.869850000000000136e+02, -5.473860000000000392e-01
8.870009999999999764e+02, 5.445090000000000346e-02
8.870180000000000291e+02, -5.573590000000000488e-01
8.870349999999999682e+02, -3.389209999999999723e-01
8.870510000000000446e+02, 2.271990000000000121e-01
8.870679999999999836e+02, 2.816989999999999772e-01
8.870850000000000364e+02, 1.355399999999999938e+00
8.871009999999999991e+02, 1.032839999999999980e+00
8.871180000000000518e+02, -6.330059999999999576e-01
8.871349999999999909e+02, -1.183060000000000000e+00
8.871509999999999536e+02, -9.632150000000000434e-01
8.871680000000000064e+02, -9.875479999999999814e-01
8.871849999999999454e+02, -9.282270000000000243e-01
8.872010000000000218e+02, 8.826549999999999674e-01
8.872179999999999609e+02, -4.164720000000000089e-01
8.872350000000000136e+02, -2.486309999999999909e-01
8.872509999999999764e+02, 1.903320000000000012e-01
8.872680000000000291e+02, -4.336030000000000162e-01
8.872849999999999682e+02, -7.668289999999999829e-01
8.873010000000000446e+02, -9.055450000000000443e-01
8.873179999999999836e+02, 1.561169999999999947e+00
8.873350000000000364e+02, -3.244219999999999743e-02
8.873509999999999991e+02, 2.206440000000000179e+00
8.873680000000000518e+02, 1.426069999999999949e+00
8.873849999999999909e+02, 1.296019999999999950e+00
8.874009999999999536e+02, -1.137909999999999977e+00
8.874180000000000064e+02, 1.379779999999999895e-01
8.874349999999999454e+02, -7.236789999999999612e-01
8.874510000000000218e+02, -1.164469999999999950e-01
8.874679999999999609e+02, 9.352869999999999795e-01
8.874850000000000136e+02, 9.412040000000000406e-01
8.875009999999999764e+02, 6.684539999999999926e-01
8.875180000000000291e+02, -2.303819999999999979e+00
8.875349999999999682e+02, 2.337370000000000003e-01
8.875510000000000446e+02, 9.028850000000000486e-01
8.875679999999999836e+02, 2.718880000000000186e-01
8.875850000000000364e+02, -5.923640000000000017e-01
8.876009999999999991e+02, -5.206089999999999884e-01
8.876180000000000518e+02, -1.260909999999999975e+00
8.876349999999999909e+02, -8.789789999999999548e-01
8.876509999999999536e+02, -1.506580000000000030e+00
8.876680000000000064e+02, -4.594619999999999815e-01
8.876849999999999454e+02, -1.419340000000000046e-01
8.877010000000000218e+02, 4.879330000000000056e-01
8.877179999999999609e+02, 1.172809999999999908e+00
8.877350000000000136e+02, 2.808950000000000058e-01
8.877509999999999764e+02, 9.223720000000000530e-02
8.877680000000000291e+02, 1.567939999999999959e-02
8.877849999999999682e+02, 4.688899999999999735e-01
8.878010000000000446e+02, 7.226019999999999666e-01
8.878179999999999836e+02, -2.542949999999999933e-01
8.878350000000000364e+02, -1.870959999999999984e-02
8.878509999999999991e+02, -9.607860000000000289e-01
8.878680000000000518e+02, -1.783619999999999983e+00
8.878849999999999909e+02, 3.108609999999999984e-01
8.879009999999999536e+02, 1.726219999999999977e-01
8.879180000000000064e+02, 9.839970000000000105e-01
8.879349999999999454e+02, 1.086470000000000047e+00
8.879510000000000218e+02, 6.250719999999999610e-01
8.879679999999999609e+02, -1.055620000000000003e+00
8.879850000000000136e+02, -6.242519999999999666e-03
8.880009999999999764e+02, -7.753750000000000364e-01
8.880180000000000291e+02, 5.127330000000000082e-02
8.880349999999999682e+02, 4.342650000000000121e-01
8.880510000000000446e+02, -4.495169999999999999e-01
8.880679999999999836e+02, 1.477809999999999957e-01
8.880850000000000364e+02, -1.280780000000000030e+00
8.881009999999999991e+02, 3.907109999999999750e-01
8.881180000000000518e+02, 1.007660000000000000e+00
8.881349999999999909e+02, 6.428059999999999885e-01
8.881509999999999536e+02, 7.833050000000000290e-01
8.881680000000000064e+02, 7.016099999999999559e-01
8.881849999999999454e+02, -1.350449999999999984e-01
8.882010000000000218e+02, -5.051579999999999959e-01
8.882179999999999609e+02, 8.461509999999999865e-01
8.882350000000000136e+02, 1.298559999999999937e+00
8.882509999999999764e+02, 1.571549999999999891e-01
8.882680000000000291e+02, -8.075679999999999525e-01
8.882849999999999682e+02, -8.309180000000000454e-01
8.883010000000000446e+02, -6.810749999999999860e-01
8.883179999999999836e+02, 1.059420000000000028e+00
8.883350000000000364e+02, -1.085760000000000058e-01
8.883509999999999991e+02, 8.232599999999999918e-01
8.883680000000000518e+02, 4.060570000000000013e-01
8.883849999999999909e+02, 1.268639999999999990e+00
8.884009999999999536e+02, 3.976339999999999875e-01
8.884180000000000064e+02, -2.835099999999999842e-01
8.884349999999999454e+02, -7.823090000000000321e-01
8.884510000000000218e+02, 5.872570000000000290e-01
8.884679999999999609e+02, 1.297490000000000032e+00
8.884850000000000136e+02, 1.627629999999999910e-01
8.885009999999999764e+02, -1.321050000000000002e-01
8.885180000000000291e+02, -4.343910000000000271e-01
8.885349999999999682e+02, -2.224129999999999996e-01
8.885510000000000446e+02, 9.151550000000000518e-01
8.885679999999999836e+02, 4.923859999999999904e-01
8.885850000000000364e+02, -4.705110000000000126e-01
8.886009999999999991e+02, -9.229899999999999771e-01
8.886180000000000518e+02, 5.655890000000000084e-01
8.886349999999999909e+02, -6.761660000000000448e-01
8.886509999999999536e+02, 3.997820000000000262e-01
8.886680000000000064e+02, -8.747509999999999453e-01
8.886849999999999454e+02, -2.952810000000000157e-01
8.887010000000000218e+02, -6.440690000000000026e-01
8.887179999999999609e+02, -1.773500000000000076e+00
8.887350000000000136e+02, 2.687869999999999981e-01
8.887509999999999764e+02, 1.535980000000000123e-01
8.887680000000000291e+02, -8.762269999999999781e-01
8.887849999999999682e+02, -7.394490000000000229e-01
8.888010000000000446e+02, 9.687769999999999992e-01
8.888179999999999836e+02, 1.822070000000000078e+00
8.888350000000000364e+02, -3.523689999999999878e-01
8.888509999999999991e+02, 5.504099999999999965e-02
8.888680000000000518e+02, -1.245460000000000012e+00
8.888849999999999909e+02, 6.946670000000000345e-01
8.889009999999999536e+02, 5.508450000000000291e-01
8.889180000000000064e+02, 9.145079999999999876e-01
8.889349999999999454e+02, -5.354489999999999528e-01
8.889510000000000218e+02, -9.815799999999999526e-02
8.889679999999999609e+02, 4.129349999999999965e-01
8.889850000000000136e+02, 8.419020000000000392e-01
8.890009999999999764e+02, -4.681600000000000206e-01
8.890180000000000291e+02, -4.738559999999999994e-01
8.890349999999999682e+02, 6.604309999999999903e-01
8.890510000000000446e+02, 4.302929999999999949e-02
8.890679999999999836e+02, 1.523009999999999975e+00
8.890850000000000364e+02, 6.848360000000000003e-01
8.891009999999999991e+02, -3.138219999999999898e-01
8.891180000000000518e+02, 2.859410000000000007e-01
8.891349999999999909e+02, 1.215950000000000086e+00
8.891509999999999536e+02, 3.650269999999999904e-01
8.891680000000000064e+02, -2.077090000000000047e-01
8.891849999999999454e+02, -9.566710000000000491e-01
8.892010000000000218e+02, -1.168069999999999942e-01
8.892179999999999609e+02, 1.707220000000000126e-01
8.892350000000000136e+02, -6.097590000000000510e-01
8.892509999999999764e+02, -6.294490000000000363e-01
8.892680000000000291e+02, -4.642490000000000228e-01
8.892849999999999682e+02, 5.302970000000000184e-01
8.893010000000000446e+02, -5.626370000000000537e-01
8.893179999999999836e+02, 1.058349999999999902e+00
8.893350000000000364e+02, 1.052640000000000020e+00
8.893509999999999991e+02, 1.475819999999999910e-01
8.893680000000000518e+02, 1.078390000000000043e-01
8.893849999999999909e+02, 2.329440000000000122e-01
8.894009999999999536e+02, 1.050019999999999953e+00
8.894180000000000064e+02, 1.057600000000000096e+00
8.894349999999999454e+02, -4.087419999999999942e-01
8.894510000000000218e+02, -8.614060000000000050e-01
8.894679999999999609e+02, -6.242809999999999748e-01
8.894850000000000136e+02, -3.278769999999999740e-01
8.895009999999999764e+02, 1.400460000000000038e-01
8.895180000000000291e+02, -1.656859999999999999e-01
8.895349999999999682e+02, -4.809829999999999939e-01
8.895510000000000446e+02, -5.959799999999999542e-01
8.895679999999999836e+02, -5.050379999999999869e-01
8.895850000000000364e+02, 8.458480000000000443e-01
8.896009999999999991e+02, -8.364120000000000443e-01
8.896180000000000518e+02, 5.723899999999999648e-03
8.896349999999999909e+02, 4.045030000000000014e-01
8.896509999999999536e+02, 1.195080000000000031e-01
8.896680000000000064e+02, 4.128660000000000108e-01
8.896849999999999454e+02, 2.842870000000000119e-01
8.897010000000000218e+02, -1.830819999999999947e-01
8.897179999999999609e+02, -7.136379999999999946e-01
8.897350000000000136e+02, -7.855520000000000280e-01
8.897509999999999764e+02, -4.964250000000000052e-01
8.897680000000000291e+02, 9.799060000000000548e-01
8.897849999999999682e+02, 1.452909999999999924e+00
8.898010000000000446e+02, 5.938350000000000017e-01
8.898179999999999836e+02, 5.946780000000000399e-01
8.898350000000000364e+02, 6.762289999999999690e-01
8.898509999999999991e+02, 5.056589999999999696e-01
8.898680000000000518e+02, 5.348359999999999781e-01
8.898849999999999909e+02, 1.061690000000000023e+00
8.899009999999999536e+02, 5.902539999999999870e-02
8.899180000000000064e+02, -2.974749999999999894e-01
8.899349999999999454e+02, -1.505319999999999991e-01
8.899510000000000218e+02, 1.324319999999999942e+00
8.899679999999999609e+02, -7.584980000000000055e-01
8.899850000000000136e+02, -1.394090000000000051e-01
8.900009999999999764e+02, 6.101839999999999486e-01
8.900180000000000291e+02, -9.398680000000000367e-01
8.900349999999999682e+02, -5.011959999999999749e-01
8.900510000000000446e+02, 3.077360000000000095e-01
8.900679999999999836e+02, 5.325089999999999685e-02
8.900850000000000364e+02, 6.088010000000000366e-01
8.901009999999999991e+02, 1.129450000000000065e+00
8.901180000000000518e+02, -3.388630000000000253e-01
8.901349999999999909e+02, -1.165019999999999945e+00
8.901509999999999536e+02, -4.301530000000000076e-01
8.901680000000000064e+02, 6.296650000000000302e-01
8.901849999999999454e+02, 2.113019999999999898e-01
8.902010000000000218e+02, -1.270399999999999863e-01
8.902179999999999609e+02, 4.069809999999999817e-01
8.902350000000000136e+02, -9.275050000000000239e-01
8.902509999999999764e+02, -1.182180000000000009e+00
8.902680000000000291e+02, 6.933140000000000136e-02
8.902849999999999682e+02, -4.953219999999999845e-02
8.903010000000000446e+02, 7.073970000000000535e-01
8.903179999999999836e+02, 1.119990000000000041e+00
8.903350000000000364e+02, -1.038559999999999928e+00
8.903509999999999991e+02, -9.492610000000000214e-01
8.903680000000000518e+02, -2.967440000000000078e-01
8.903849999999999909e+02, -6.099679999999999547e-01
8.904009999999999536e+02, -6.990730000000000555e-01
8.904180000000000064e+02, 2.338449999999999973e-01
8.904349999999999454e+02, -1.291220000000000034e+00
8.904510000000000218e+02, 8.014769999999999950e-01
8.904679999999999609e+02, -1.781069999999999931e+00
8.904850000000000136e+02, -7.550540000000000029e-01
8.905009999999999764e+02, 2.219750000000000056e-01
8.905180000000000291e+02, 1.847080000000000055e+00
8.905349999999999682e+02, 2.742290000000000005e-01
8.905510000000000446e+02, -3.780470000000000219e-01
8.905679999999999836e+02, -9.519969999999999821e-01
8.905850000000000364e+02, -7.438749999999999529e-02
8.906009999999999991e+02, -1.344729999999999981e+00
8.906180000000000518e+02, -1.799479999999999968e-01
8.906349999999999909e+02, -7.280489999999999462e-01
8.906509999999999536e+02, -1.288269999999999971e-01
8.906680000000000064e+02, -1.738240000000000063e-01
8.906849999999999454e+02, 1.089959999999999957e-01
8.907010000000000218e+02, -1.212260000000000004e-01
8.907179999999999609e+02, -7.350950000000000539e-01
8.907350000000000136e+02, -7.777969999999999606e-01
8.907509999999999764e+02, 2.620040000000000147e-01
8.907680000000000291e+02, 3.456839999999999913e-01
8.907849999999999682e+02, 2.511909999999999976e-01
8.908010000000000446e+02, -1.570080000000000087e-01
8.908179999999999836e+02, 4.821340000000000070e-01
8.908350000000000364e+02, 8.078079999999999705e-01
8.908509999999999991e+02, 5.067470000000000308e-02
8.908680000000000518e+02, 6.271440000000000348e-01
8.908849999999999909e+02, -1.576650000000000107e+00
8.909009999999999536e+02, 4.312280000000000002e-01
8.909180000000000064e+02, 5.667670000000000208e-01
8.909349999999999454e+02, 9.753129999999999855e-01
8.909510000000000218e+02, 1.577839999999999909e+00
8.909679999999999609e+02, 1.444720000000000004e+00
8.909850000000000136e+02, 1.670419999999999960e-01
8.910009999999999764e+02, 1.294010000000000105e+00
8.910180000000000291e+02, -1.235759999999999970e+00
8.910349999999999682e+02, -1.039050000000000029e+00
8.910510000000000446e+02, -3.927730000000000110e-02
8.910679999999999836e+02, 4.539670000000000094e-01
8.910850000000000364e+02, -1.151180000000000092e+00
8.911009999999999991e+02, -1.121590000000000087e+00
8.911180000000000518e+02, -1.773409999999999931e+00
8.911349999999999909e+02, 7.351860000000000062e-01
8.911509999999999536e+02, 2.484909999999999897e-01
8.911680000000000064e+02, -8.612989999999999535e-02
8.911849999999999454e+02, -6.854670000000000485e-01
8.912010000000000218e+02, -1.020029999999999992e+00
8.912179999999999609e+02, -3.573600000000000110e-01
8.912350000000000136e+02, -2.697690000000000157e-02
8.912509999999999764e+02, -1.227200000000000069e+00
8.912680000000000291e+02, -1.509330000000000060e+00
8.912849999999999682e+02, -3.609539999999999971e-01
8.913010000000000446e+02, -4.773480000000000084e-02
8.913179999999999836e+02, -1.971019999999999994e-01
8.913350000000000364e+02, 1.921370000000000022e-01
8.913509999999999991e+02, -9.932640000000000358e-01
8.913680000000000518e+02, -3.059339999999999837e-01
8.913849999999999909e+02, 7.200849999999999751e-01
8.914009999999999536e+02, 9.265980000000000327e-01
8.914180000000000064e+02, 1.070589999999999931e+00
8.914349999999999454e+02, -7.594530000000000447e-01
8.914510000000000218e+02, -5.002500000000000002e-02
8.914679999999999609e+02, -7.377960000000000074e-01
8.914850000000000136e+02, -7.952299999999999924e-01
8.915009999999999764e+02, -1.403429999999999955e+00
8.915180000000000291e+02, 7.438780000000000392e-01
8.915349999999999682e+02, 1.135569999999999968e+00
8.915510000000000446e+02, 6.899530000000000385e-01
8.915679999999999836e+02, -1.872189999999999965e-01
8.915850000000000364e+02, -1.475689999999999946e+00
8.916009999999999991e+02, -6.962289999999999868e-01
8.916180000000000518e+02, 5.800550000000000150e-02
8.916349999999999909e+02, 8.285059999999999647e-01
8.916509999999999536e+02, 3.467759999999999732e-01
8.916680000000000064e+02, -1.064400000000000013e+00
8.916849999999999454e+02, 1.482650000000000079e-01
8.917010000000000218e+02, -2.126429999999999987e-01
8.917179999999999609e+02, 5.166509999999999714e-01
8.917350000000000136e+02, 8.613720000000000265e-01
8.917509999999999764e+02, 3.814589999999999925e-01
8.917680000000000291e+02, 1.104050000000000083e-03
8.917849999999999682e+02, -1.130200000000000093e+00
8.918010000000000446e+02, 4.525200000000000056e-02
8.918179999999999836e+02, -7.731010000000000382e-01
8.918350000000000364e+02, -5.438760000000000261e-01
8.918509999999999991e+02, 1.420520000000000116e-01
8.918680000000000518e+02, -3.070200000000000151e-01
8.918849999999999909e+02, 8.146870000000000500e-01
8.919009999999999536e+02, 5.374989999999999490e-01
8.919180000000000064e+02, -1.443699999999999983e-01
8.919349999999999454e+02, 1.123360000000000053e-01
8.919510000000000218e+02, 1.866460000000000063e-01
8.919679999999999609e+02, -1.491399999999999948e-01
8.919850000000000136e+02, -5.155779999999999808e-01
8.920009999999999764e+02, -8.184120000000000283e-01
8.920180000000000291e+02, 6.769840000000000302e-01
8.920349999999999682e+02, 4.980620000000000047e-01
8.920510000000000446e+02, -7.563729999999999620e-01
8.920679999999999836e+02, 9.740520000000000289e-01
8.920850000000000364e+02, -2.053119999999999945e-01
8.921009999999999991e+02, -6.052520000000000122e-01
8.921180000000000518e+02, 7.173340000000000272e-02
8.921349999999999909e+02, 9.136750000000000149e-01
8.921509999999999536e+02, 3.448300000000000254e-01
8.921680000000000064e+02, -6.960830000000000073e-01
8.921849999999999454e+02, 3.828050000000000064e-01
8.922010000000000218e+02, -1.204010000000000025e+00
8.922179999999999609e+02, -1.616079999999999961e+00
8.922350000000000136e+02, -4.122239999999999793e-01
8.922509999999999764e+02, -3.330810000000000159e-01
8.922680000000000291e+02, -4.449460000000000082e-01
8.922849999999999682e+02, -1.573420000000000041e+00
8.923010000000000446e+02, 6.573069999999999746e-01
8.923179999999999836e+02, -6.327409999999999979e-01
8.923350000000000364e+02, -4.748310000000000031e-02
8.923509999999999991e+02, -1.573259999999999936e-01
8.923680000000000518e+02, -4.962949999999999862e-01
8.923849999999999909e+02, -1.724870000000000014e-01
8.924009999999999536e+02, -8.402169999999999916e-01
8.924180000000000064e+02, -3.159569999999999879e-01
8.924349999999999454e+02, 1.116340000000000110e+00
8.924510000000000218e+02, 8.400020000000000264e-01
8.924679999999999609e+02, -9.241369999999999862e-01
8.924850000000000136e+02, -1.107159999999999922e+00
8.925009999999999764e+02, -3.330230000000000135e-01
8.925180000000000291e+02, -5.256040000000000018e-02
8.925349999999999682e+02, 5.702500000000000346e-01
8.925510000000000446e+02, 1.218590000000000062e+00
8.925679999999999836e+02, 5.180430000000000312e-01
8.925850000000000364e+02, 4.499299999999999966e-01
8.926009999999999991e+02, 8.090139999999999831e-02
8.926180000000000518e+02, -7.733309999999999906e-01
8.926349999999999909e+02, -4.218970000000000220e-01
8.926509999999999536e+02, 1.931769999999999876e-01
8.926680000000000064e+02, -4.150710000000000233e-01
8.926849999999999454e+02, 1.639240000000000030e+00
8.927010000000000218e+02, -5.915179999999999882e-01
8.927179999999999609e+02, -1.375529999999999919e+00
8.927350000000000136e+02, 1.734079999999999996e-02
8.927509999999999764e+02, 5.009740000000000304e-01
8.927680000000000291e+02, 1.361390000000000100e+00
8.927849999999999682e+02, 1.456809999999999938e+00
8.928010000000000446e+02, -2.010790000000000077e-01
8.928179999999999836e+02, -6.252790000000000292e-01
8.928350000000000364e+02, -2.011400000000000077e+00
8.928509999999999991e+02, -9.780790000000000317e-01
8.928680000000000518e+02, -1.947300000000000073e-02
8.928849999999999909e+02, 1.275579999999999936e+00
8.929009999999999536e+02, -4.809100000000000041e-01
8.929180000000000064e+02, 2.902079999999999937e-02
8.929349999999999454e+02, -6.093009999999999815e-01
8.929510000000000218e+02, 1.136940000000000062e+00
8.929679999999999609e+02, 9.365229999999999944e-01
8.929850000000000136e+02, 9.067300000000000360e-02
8.930009999999999764e+02, 7.440630000000000299e-01
8.930180000000000291e+02, -4.774289999999999784e-02
8.930349999999999682e+02, -1.171240000000000059e+00
8.930510000000000446e+02, 6.245319999999999760e-01
8.930679999999999836e+02, -5.130369999999999653e-01
8.930850000000000364e+02, -1.077029999999999932e+00
8.931009999999999991e+02, -3.566159999999999886e-01
8.931180000000000518e+02, 4.456620000000000026e-01
8.931349999999999909e+02, 8.916340000000000376e-01
8.931509999999999536e+02, 1.395129999999999981e+00
8.931680000000000064e+02, -7.182289999999999508e-02
8.931849999999999454e+02, -4.505870000000000153e-01
8.932010000000000218e+02, -4.657589999999999786e-01
8.932179999999999609e+02, -8.636270000000000335e-01
8.932350000000000136e+02, -1.531970000000000054e+00
8.932509999999999764e+02, -1.426909999999999901e+00
8.932680000000000291e+02, 1.376209999999999933e+00
8.932849999999999682e+02, 1.428109999999999991e+00
8.933010000000000446e+02, 2.446289999999999853e+00
8.933179999999999836e+02, -6.698950000000000182e-01
8.933350000000000364e+02, -1.703510000000000080e+00
8.933509999999999991e+02, -1.230779999999999985e+00
8.933680000000000518e+02, 9.075239999999999974e-01
8.933849999999999909e+02, 3.519169999999999798e-01
8.934009999999999536e+02, 9.569210000000000216e-01
8.934180000000000064e+02, -6.372269999999999324e-02
8.934349999999999454e+02, 6.214220000000000299e-01
8.934510000000000218e+02, -7.703219999999999512e-02
8.934679999999999609e+02, 9.789060000000000539e-01
8.934850000000000136e+02, -2.589179999999999815e-01
8.935009999999999764e+02, 2.233090000000000075e-01
8.935180000000000291e+02, -7.825550000000000561e-02
8.935349999999999682e+02, -1.308259999999999978e-01
8.935510000000000446e+02, -1.008019999999999916e+00
8.935679999999999836e+02, 4.811190000000000189e-01
8.935850000000000364e+02, -3.781740000000000101e-01
8.936009999999999991e+02, 3.324889999999999790e-01
8.936180000000000518e+02, -3.434960000000000235e-01
8.936349999999999909e+02, -1.418760000000000021e+00
8.936509999999999536e+02, -1.113730000000000109e+00
8.936680000000000064e+02, -7.415750000000000119e-02
8.936849999999999454e+02, -3.353780000000000094e-01
8.937010000000000218e+02, -9.160230000000000317e-01
8.937179999999999609e+02, 1.907899999999999929e+00
8.937350000000000136e+02, -4.086200000000000249e-02
8.937509999999999764e+02, 1.246709999999999985e+00
8.937680000000000291e+02, 1.029679999999999929e+00
8.937849999999999682e+02, 5.935989999999999878e-01
8.938010000000000446e+02, 1.063290000000000068e+00
8.938179999999999836e+02, -6.303619999999999779e-01
8.938350000000000364e+02, 7.553579999999999739e-01
8.938509999999999991e+02, -8.593279999999999808e-01
8.938680000000000518e+02, -2.051489999999999980e-01
8.938849999999999909e+02, -2.944290000000000074e+00
8.939009999999999536e+02, -1.014299999999999979e+00
8.939180000000000064e+02, -4.123049999999999771e-01
8.939349999999999454e+02, -4.361340000000000217e-01
8.939510000000000218e+02, 2.949120000000000075e-01
8.939679999999999609e+02, -1.458379999999999954e-01
8.939850000000000136e+02, 2.587530000000000108e-01
8.940009999999999764e+02, -5.023429999999999840e-01
8.940180000000000291e+02, -2.396040000000000114e-01
8.940349999999999682e+02, 4.004429999999999934e-01
8.940510000000000446e+02, -8.463389999999999525e-01
8.940679999999999836e+02, -9.339089999999999892e-01
8.940850000000000364e+02, 4.600730000000000097e-01
8.941009999999999991e+02, -4.514170000000000127e-01
8.941180000000000518e+02, 4.933779999999999832e-01
8.941349999999999909e+02, 1.937220000000000053e-01
8.941509999999999536e+02, 1.033039999999999958e+00
8.941680000000000064e+02, 8.205759999999999721e-01
8.941849999999999454e+02, 8.094390000000000196e-01
8.942010000000000218e+02, -1.708580000000000099e-01
8.942179999999999609e+02, -2.389199999999999935e-01
8.942350000000000136e+02, -7.979159999999999586e-01
8.942509999999999764e+02, -9.131150000000000100e-01
8.942680000000000291e+02, -1.641319999999999890e+00
8.942849999999999682e+02, -5.851460000000000550e-01
8.943010000000000446e+02, -1.045970000000000066e+00
8.943179999999999836e+02, -8.675360000000000016e-02
8.943350000000000364e+02, -5.156770000000000520e-01
8.943509999999999991e+02, 4.683039999999999980e-01
8.943680000000000518e+02, 5.660969999999999613e-01
8.943849999999999909e+02, 5.156659999999999577e-01
8.944009999999999536e+02, 8.703910000000000258e-01
8.944180000000000064e+02, 8.109669999999999934e-01
8.944349999999999454e+02, -8.579219999999999624e-01
8.944510000000000218e+02, -4.292270000000000252e-01
8.944679999999999609e+02, -3.779219999999999802e-01
8.944850000000000136e+02, -5.607220000000000537e-01
8.945009999999999764e+02, -7.837570000000000370e-01
8.945180000000000291e+02, 3.060820000000000207e-01
8.945349999999999682e+02, 3.429860000000000131e-01
8.945510000000000446e+02, 1.470930000000000071e+00
8.945679999999999836e+02, -2.300729999999999997e-01
8.945850000000000364e+02, 7.702360000000000317e-01
8.946009999999999991e+02, 1.214650000000000007e+00
8.946180000000000518e+02, 1.750650000000000039e+00
8.946349999999999909e+02, 3.349940000000000140e-01
8.946509999999999536e+02, -3.599390000000000089e-01
8.946680000000000064e+02, -2.417289999999999994e-01
8.946849999999999454e+02, -5.597800000000000553e-01
8.947010000000000218e+02, -1.492569999999999952e+00
8.947179999999999609e+02, 1.010629999999999917e+00
8.947350000000000136e+02, -3.631329999999999836e-01
8.947509999999999764e+02, -9.150869999999999838e-01
8.947680000000000291e+02, 3.393829999999999902e-01
8.947849999999999682e+02, -5.051560000000000494e-01
8.948010000000000446e+02, 8.379259999999999486e-01
8.948179999999999836e+02, 3.241709999999999869e-01
8.948350000000000364e+02, -1.747049999999999992e-02
8.948509999999999991e+02, -5.758229999999999738e-01
8.948680000000000518e+02, -3.281720000000000192e-01
8.948849999999999909e+02, 7.702120000000000077e-01
8.949009999999999536e+02, -7.312629999999999963e-01
8.949180000000000064e+02, 7.309889999999999999e-01
8.949349999999999454e+02, -8.716700000000000836e-03
8.949510000000000218e+02, -7.374479999999999924e-01
8.949679999999999609e+02, 5.343069999999999764e-02
8.949850000000000136e+02, 5.183240000000000069e-02
8.950009999999999764e+02, 3.475509999999999988e-01
8.950180000000000291e+02, 1.398460000000000036e+00
8.950349999999999682e+02, 6.141839999999999800e-02
8.950510000000000446e+02, 6.286419999999999508e-02
8.950679999999999836e+02, 5.875960000000000072e-01
8.950850000000000364e+02, 2.746669999999999945e-01
8.951009999999999991e+02, -3.028980000000000006e-01
8.951180000000000518e+02, 5.529309999999999503e-01
8.951349999999999909e+02, -1.091960000000000042e+00
8.951509999999999536e+02, -1.001509999999999900e+00
8.951680000000000064e+02, 1.091720000000000024e+00
8.951849999999999454e+02, -6.165429999999999522e-01
8.952010000000000218e+02, -7.844950000000000534e-02
8.952179999999999609e+02, 7.688949999999999951e-01
8.952350000000000136e+02, -1.825640000000000041e-01
8.952509999999999764e+02, 3.718969999999999776e-01
8.952680000000000291e+02, 1.316370000000000040e+00
8.952849999999999682e+02, 4.233339999999999881e-01
8.953010000000000446e+02, -4.271820000000000062e-01
8.953179999999999836e+02, -7.385490000000000110e-01
8.953350000000000364e+02, -5.745200000000000307e-01
8.953509999999999991e+02, -3.812869999999999870e-01
8.953680000000000518e+02, 3.831490000000000173e-01
8.953849999999999909e+02, 1.353830000000000089e+00
8.954009999999999536e+02, 7.958709999999999951e-01
8.954180000000000064e+02, 1.395820000000000116e-01
8.954349999999999454e+02, -3.972879999999999745e-01
8.954510000000000218e+02, 1.147569999999999979e+00
8.954679999999999609e+02, 6.580669999999999575e-02
8.954850000000000136e+02, 1.141369999999999996e+00
8.955009999999999764e+02, 5.558450000000000335e-01
8.955180000000000291e+02, 1.624490000000000101e-01
8.955349999999999682e+02, 1.185910000000000020e-01
8.955510000000000446e+02, 6.671190000000000175e-01
8.955679999999999836e+02, 3.000590000000000201e-01
8.955850000000000364e+02, 6.145389999999999464e-01
8.956009999999999991e+02, 8.462239999999999762e-01
8.956180000000000518e+02, 2.407070000000000043e-01
8.956349999999999909e+02, -1.118119999999999947e-01
8.956509999999999536e+02, 8.308729999999999727e-01
8.956680000000000064e+02, 8.664709999999999912e-01
8.956849999999999454e+02, 8.992040000000000033e-01
8.957010000000000218e+02, 6.465009999999999923e-01
8.957179999999999609e+02, 2.022470000000000101e-01
8.957350000000000136e+02, -9.234409999999999563e-01
8.957509999999999764e+02, 7.226080000000000281e-01
8.957680000000000291e+02, 5.549460000000000504e-01
8.957849999999999682e+02, 2.559640000000000248e-01
8.958010000000000446e+02, 6.761930000000000440e-01
8.958179999999999836e+02, 5.051400000000000334e-01
8.958350000000000364e+02, -5.210360000000000547e-01
8.958509999999999991e+02, 4.711859999999999660e-02
8.958680000000000518e+02, -4.234480000000000188e-02
8.958849999999999909e+02, -1.193040000000000100e+00
8.959009999999999536e+02, 5.217640000000000056e-01
8.959180000000000064e+02, -1.031800000000000050e+00
8.959349999999999454e+02, -8.316270000000000051e-01
8.959510000000000218e+02, -3.200589999999999824e-01
8.959679999999999609e+02, -1.548319999999999974e-01
8.959850000000000136e+02, -7.271490000000000453e-01
8.960009999999999764e+02, 6.816339999999999621e-01
8.960180000000000291e+02, -9.173980000000000468e-01
8.960349999999999682e+02, -1.252080000000000137e-01
8.960510000000000446e+02, 8.715559999999999974e-01
8.960679999999999836e+02, 7.730909999999999727e-01
8.960850000000000364e+02, 2.004569999999999963e-01
8.961009999999999991e+02, 6.382179999999999798e-02
8.961180000000000518e+02, -6.373429999999999929e-01
8.961349999999999909e+02, 7.944620000000000015e-01
8.961509999999999536e+02, -4.139469999999999955e-02
8.961680000000000064e+02, 6.043260000000000298e-01
8.961849999999999454e+02, -3.822499999999999787e-01
8.962010000000000218e+02, 2.967500000000000138e-01
8.962179999999999609e+02, 6.205779999999999630e-01
8.962350000000000136e+02, -1.985419999999999893e-02
8.962509999999999764e+02, -8.735980000000000134e-02
8.962680000000000291e+02, 1.618840000000000001e-01
8.962849999999999682e+02, 2.805840000000000001e-01
8.963010000000000446e+02, -4.947619999999999796e-01
8.963179999999999836e+02, -9.105050000000000088e-01
8.963350000000000364e+02, -7.933090000000000419e-01
8.963509999999999991e+02, 1.113399999999999945e-01
8.963680000000000518e+02, -2.650580000000000158e-01
8.963849999999999909e+02, 5.609009999999999829e-01
8.964009999999999536e+02, 9.567849999999999966e-01
8.964180000000000064e+02, -2.929829999999999934e-01
8.964349999999999454e+02, -7.994830000000000547e-01
8.964510000000000218e+02, 5.507929999999999771e-02
8.964679999999999609e+02, -6.801949999999999941e-01
8.964850000000000136e+02, 3.353459999999999774e-01
8.965009999999999764e+02, -5.367949999999999805e-02
8.965180000000000291e+02, -2.613170000000000215e-01
8.965349999999999682e+02, 5.010729999999999906e-01
8.965510000000000446e+02, -4.466640000000000055e-01
8.965679999999999836e+02, 1.391290000000000027e-01
8.965850000000000364e+02, 2.147580000000000044e+00
8.966009999999999991e+02, -5.542859999999999454e-01
8.966180000000000518e+02, -1.068410000000000082e+00
8.966349999999999909e+02, -6.001309999999999700e-01
8.966509999999999536e+02, -4.866240000000000149e-02
8.966680000000000064e+02, 1.595199999999999951e-01
8.966849999999999454e+02, -4.779169999999999807e-01
8.967010000000000218e+02, -4.938690000000000024e-01
8.967179999999999609e+02, -1.674859999999999960e-01
8.967350000000000136e+02, 8.560290000000000399e-01
8.967509999999999764e+02, 1.653250000000000108e+00
8.967680000000000291e+02, -5.397430000000000283e-02
8.967849999999999682e+02, -1.325860000000000039e+00
8.968010000000000446e+02, -1.522140000000000049e+00
8.968179999999999836e+02, -7.742480000000000473e-01
8.968350000000000364e+02, -8.097060000000000368e-01
8.968509999999999991e+02, -2.178880000000000053e-02
8.968680000000000518e+02, 4.549179999999999890e-01
8.968849999999999909e+02, -3.956210000000000004e-01
8.969009999999999536e+02, 3.679780000000000273e-01
8.969180000000000064e+02, 4.885189999999999810e-01
8.969349999999999454e+02, 4.603760000000000074e-01
8.969510000000000218e+02, -9.962630000000000097e-01
8.969679999999999609e+02, -2.880730000000000235e-01
8.969850000000000136e+02, 1.550810000000000022e+00
8.970009999999999764e+02, 9.863990000000000258e-01
8.970180000000000291e+02, -3.339139999999999886e-01
8.970349999999999682e+02, 6.415389999999999704e-01
8.970510000000000446e+02, -2.746770000000000045e-01
8.970679999999999836e+02, 1.609939999999999927e+00
8.970850000000000364e+02, -1.705949999999999966e-01
8.971009999999999991e+02, -1.001360000000000028e+00
8.971180000000000518e+02, -1.571320000000000050e+00
8.971349999999999909e+02, -1.401869999999999949e+00
8.971509999999999536e+02, -1.004170000000000063e-01
8.971680000000000064e+02, 4.716810000000000169e-01
8.971849999999999454e+02, 1.276609999999999967e-01
8.972010000000000218e+02, -3.594470000000000165e-01
8.972179999999999609e+02, -4.376780000000000115e-01
8.972350000000000136e+02, -7.677819999999999645e-01
8.972509999999999764e+02, -5.279979999999999674e-01
8.972680000000000291e+02, 1.131250000000000089e+00
8.972849999999999682e+02, 1.722599999999999965e-01
8.973010000000000446e+02, 1.517700000000000049e+00
8.973179999999999836e+02, 1.234569999999999945e+00
8.973350000000000364e+02, 3.360980000000000079e-01
8.973509999999999991e+02, -3.312160000000000104e-01
8.973680000000000518e+02, -5.261569999999999858e-01
8.973849999999999909e+02, 1.166790000000000049e-01
8.974009999999999536e+02, -1.540659999999999918e+00
8.974180000000000064e+02, -1.187769999999999992e+00
8.974349999999999454e+02, 9.849670000000000369e-01
8.974510000000000218e+02, 2.208289999999999975e-01
8.974679999999999609e+02, -7.620789999999999509e-01
8.974850000000000136e+02, 7.983110000000000206e-02
8.975009999999999764e+02, -4.176630000000000065e-01
8.975180000000000291e+02, -1.701060000000000016e+00
8.975349999999999682e+02, 2.536529999999999951e+00
8.975510000000000446e+02, 2.399119999999999864e-01
8.975679999999999836e+02, 1.252850000000000019e+00
8.975850000000000364e+02, 1.047269999999999923e+00
8.976009999999999991e+02, 2.131250000000000089e-01
8.976180000000000518e+02, 1.064440000000000053e+00
8.976349999999999909e+02, -8.028290000000000148e-01
8.976509999999999536e+02, -4.647029999999999772e-01
8.976680000000000064e+02, -1.635629999999999917e+00
8.976849999999999454e+02, -2.218140000000000112e-01
8.977010000000000218e+02, 8.356099999999999639e-01
8.977179999999999609e+02, 7.387730000000000130e-01
8.977350000000000136e+02, -1.576019999999999921e-01
8.977509999999999764e+02, -1.468190000000000106e+00
8.977680000000000291e+02, -2.679719999999999880e-01
8.977849999999999682e+02, -1.902699999999999947e-01
8.978010000000000446e+02, -1.832030000000000047e-01
8.978179999999999836e+02, -4.415379999999999860e-01
8.978350000000000364e+02, 5.521409999999999929e-01
8.978509999999999991e+02, 9.460899999999999865e-01
8.978680000000000518e+02, 1.084670000000000023e+00
8.978849999999999909e+02, -1.297560000000000102e-01
8.979009999999999536e+02, 2.587619999999999920e-01
8.979180000000000064e+02, 4.160079999999999889e-01
8.979349999999999454e+02, -1.095249999999999974e-01
8.979510000000000218e+02, 9.691420000000000590e-02
8.979679999999999609e+02, -1.449929999999999941e+00
8.979850000000000136e+02, -1.576730000000000076e-01
8.980009999999999764e+02, -4.898649999999999949e-01
8.980180000000000291e+02, -3.468600000000000017e-01
8.980349999999999682e+02, 4.623209999999999820e-02
8.980510000000000446e+02, 1.835040000000000004e+00
8.980679999999999836e+02, -5.592160000000000186e-02
8.980850000000000364e+02, 1.112840000000000051e+00
8.981009999999999991e+02, 1.131579999999999947e-01
8.981180000000000518e+02, -1.140240000000000004e-01
8.981349999999999909e+02, -1.225789999999999935e+00
8.981509999999999536e+02, 1.356259999999999966e-01
8.981680000000000064e+02, -3.372839999999999727e-01
8.981849999999999454e+02, 7.132819999999999716e-01
8.982010000000000218e+02, -1.420590000000000019e+00
8.982179999999999609e+02, -7.831010000000000471e-01
8.982350000000000136e+02, -1.276220000000000132e-01
8.982509999999999764e+02, -6.035540000000000349e-01
8.982680000000000291e+02, -5.939740000000000020e-01
8.982849999999999682e+02, -5.337520000000000042e-01
8.983010000000000446e+02, -1.636179999999999968e+00
8.983179999999999836e+02, 2.802499999999999991e-01
8.983350000000000364e+02, -1.005739999999999967e-01
8.983509999999999991e+02, 1.609839999999999882e-01
8.983680000000000518e+02, 3.491650000000000031e-01
8.983849999999999909e+02, 7.934350000000000014e-01
8.984009999999999536e+02, 1.139720000000000039e-01
8.984180000000000064e+02, -1.721050000000000010e-02
8.984349999999999454e+02, -1.876609999999999889e+00
8.984510000000000218e+02, -4.720139999999999891e-01
8.984679999999999609e+02, 4.398449999999999860e-01
8.984850000000000136e+02, 1.021640000000000104e+00
8.985009999999999764e+02, 1.967030000000000167e-02
8.985180000000000291e+02, -1.297279999999999961e-02
8.985349999999999682e+02, 3.937670000000000059e-02
8.985510000000000446e+02, -6.381620000000000348e-02
8.985679999999999836e+02, -3.400029999999999719e-02
8.985850000000000364e+02, 6.136470000000000535e-01
8.986009999999999991e+02, -1.502650000000000041e+00
8.986180000000000518e+02, -8.425979999999999581e-01
8.986349999999999909e+02, 1.026839999999999975e+00
8.986509999999999536e+02, 8.132120000000000459e-01
8.986680000000000064e+02, 8.740259999999999696e-01
8.986849999999999454e+02, -8.214550000000000463e-01
8.987010000000000218e+02, -2.046580000000000066e+00
8.987179999999999609e+02, -8.768179999999999863e-01
8.987350000000000136e+02, 4.554099999999999815e-01
8.987509999999999764e+02, -2.516490000000000116e-01
8.987680000000000291e+02, 3.450880000000000059e-01
8.987849999999999682e+02, -5.025770000000000515e-01
8.988010000000000446e+02, -9.646820000000000395e-01
8.988179999999999836e+02, -1.781979999999999897e+00
8.988350000000000364e+02, -1.333600000000000063e-01
8.988509999999999991e+02, 1.508490000000000109e-01
8.988680000000000518e+02, 1.386509999999999909e+00
8.988849999999999909e+02, 4.861619999999999830e-01
8.989009999999999536e+02, -9.915250000000000452e-03
8.989180000000000064e+02, -3.557589999999999919e-01
8.989349999999999454e+02, -1.769390000000000018e+00
8.989510000000000218e+02, -1.889380000000000059e+00
8.989679999999999609e+02, -1.268100000000000060e-01
8.989850000000000136e+02, 4.125840000000000063e-01
8.990009999999999764e+02, 1.168269999999999920e+00
8.990180000000000291e+02, -1.520239999999999925e-01
8.990349999999999682e+02, -7.294479999999999853e-01
8.990510000000000446e+02, -8.858439999999999648e-01
8.990679999999999836e+02, 2.225709999999999911e-01
8.990850000000000364e+02, 6.853709999999999525e-01
8.991009999999999991e+02, -9.445240000000000302e-01
8.991180000000000518e+02, 3.316910000000000136e-01
8.991349999999999909e+02, 5.780070000000000485e-01
8.991509999999999536e+02, 6.388589999999999547e-01
8.991680000000000064e+02, 8.366489999999999760e-01
8.991849999999999454e+02, 1.478460000000000107e+00
8.992010000000000218e+02, 1.729179999999999939e+00
8.992179999999999609e+02, 8.102489999999999970e-01
8.992350000000000136e+02, 2.688610000000000166e-01
8.992509999999999764e+02, -6.524400000000000199e-01
8.992680000000000291e+02, -1.651219999999999910e+00
8.992849999999999682e+02, -1.007050000000000001e+00
8.993010000000000446e+02, -6.601770000000000138e-01
8.993179999999999836e+02, -1.073769999999999891e+00
8.993350000000000364e+02, 6.045739999999999448e-01
8.993509999999999991e+02, 4.362249999999999739e-01
8.993680000000000518e+02, 6.101210000000000244e-01
8.993849999999999909e+02, -1.783339999999999925e-01
8.994009999999999536e+02, -6.224929999999999630e-01
8.994180000000000064e+02, 5.478309999999999569e-01
8.994349999999999454e+02, -4.476950000000000096e-01
8.994510000000000218e+02, -4.076230000000000131e-02
8.994679999999999609e+02, -4.866340000000000110e-01
8.994850000000000136e+02, 7.962740000000000373e-01
8.995009999999999764e+02, -2.770039999999999725e-01
8.995180000000000291e+02, -8.188070000000000070e-02
8.995349999999999682e+02, -3.412549999999999750e-01
8.995510000000000446e+02, -7.195880000000000054e-01
8.995679999999999836e+02, 1.707770000000000010e+00
8.995850000000000364e+02, 1.601229999999999931e+00
8.996009999999999991e+02, 4.761549999999999949e-01
8.996180000000000518e+02, -1.590449999999999919e-01
8.996349999999999909e+02, -1.875000000000000000e-01
8.996509999999999536e+02, -5.776320000000000343e-01
8.996680000000000064e+02, -8.131850000000000467e-01
8.996849999999999454e+02, -1.161559999999999926e+00
8.997010000000000218e+02, -7.584459999999999535e-01
8.997179999999999609e+02, -4.714789999999999814e-01
8.997350000000000136e+02, 1.698719999999999952e-01
8.997509999999999764e+02, -5.376630000000000020e-01
8.997680000000000291e+02, 2.486259999999999859e-02
8.997849999999999682e+02, -9.111920000000000019e-01
8.998010000000000446e+02, -3.808389999999999831e-01
8.998179999999999836e+02, 3.643700000000000272e-01
8.998350000000000364e+02, -1.730619999999999936e-01
8.998509999999999991e+02, 7.176219999999999821e-01
8.998680000000000518e+02, 5.881370000000000209e-01
8.998849999999999909e+02, 8.197439999999999902e-05
8.999009999999999536e+02, 1.960749999999999993e+00
8.999180000000000064e+02, -9.423689999999999845e-02
8.999349999999999454e+02, -9.929360000000000408e-01
8.999510000000000218e+02, -4.200800000000000090e-01
8.999679999999999609e+02, -4.460129999999999928e-01
8.999850000000000136e+02, -3.206129999999999813e-01
9.000009999999999764e+02, 1.073590000000000044e+00
9.000180000000000291e+02, 9.711589999999999945e-01
9.000349999999999682e+02, 1.017120000000000024e+00
9.000510000000000446e+02, -1.210579999999999989e-01
9.000679999999999836e+02, 3.931239999999999735e-01
9.000850000000000364e+02, -7.558740000000000459e-01
9.001009999999999991e+02, -6.538910000000000555e-02
9.001180000000000518e+02, -6.873820000000000485e-01
9.001349999999999909e+02, -6.978419999999999623e-01
9.001509999999999536e+02, -6.965240000000000320e-01
9.001680000000000064e+02, 4.795139999999999958e-01
9.001849999999999454e+02, -2.087819999999999954e-01
9.002010000000000218e+02, -3.250549999999999828e-01
9.002179999999999609e+02, -3.833679999999999866e-01
9.002350000000000136e+02, -6.019039999999999946e-01
9.002509999999999764e+02, -7.692100000000000326e-02
9.002680000000000291e+02, -3.454829999999999846e-01
9.002849999999999682e+02, 6.597399999999999931e-01
9.003010000000000446e+02, 8.826389999999999514e-01
9.003179999999999836e+02, -2.503250000000000197e-01
9.003350000000000364e+02, 7.810650000000000093e-01
9.003509999999999991e+02, 4.844570000000000265e-01
9.003680000000000518e+02, -5.238819999999999588e-01
9.003849999999999909e+02, -9.128089999999999815e-01
9.004009999999999536e+02, 2.548279999999999990e-01
9.004180000000000064e+02, -9.314479999999999982e-02
9.004349999999999454e+02, 1.948069999999999968e+00
9.004510000000000218e+02, -7.894229999999999858e-01
9.004679999999999609e+02, 5.633010000000000100e-02
9.004850000000000136e+02, 3.881210000000000215e-02
9.005009999999999764e+02, -1.275030000000000052e-01
9.005180000000000291e+02, 5.942709999999999937e-01
9.005349999999999682e+02, 5.266380000000000505e-01
9.005510000000000446e+02, -1.021750000000000019e-01
9.005679999999999836e+02, -1.413759999999999906e+00
9.005850000000000364e+02, 1.864079999999999904e-01
9.006009999999999991e+02, 2.520029999999999770e-01
9.006180000000000518e+02, -1.058089999999999975e+00
9.006349999999999909e+02, -8.847829999999999862e-01
9.006509999999999536e+02, -6.275410000000000155e-01
9.006680000000000064e+02, -6.187930000000000375e-01
9.006849999999999454e+02, 8.712659999999999849e-01
9.007010000000000218e+02, 2.519979999999999998e-01
9.007179999999999609e+02, -9.345090000000000341e-01
9.007350000000000136e+02, 3.277649999999999730e-01
9.007509999999999764e+02, 1.503690000000000027e-01
9.007680000000000291e+02, -7.846629999999999994e-01
9.007849999999999682e+02, -6.129289999999999738e-02
9.008010000000000446e+02, -1.452159999999999895e+00
9.008179999999999836e+02, 3.320759999999999684e-02
9.008350000000000364e+02, 9.502840000000000176e-01
9.008509999999999991e+02, 1.352840000000000042e+00
9.008680000000000518e+02, 1.356970000000000010e+00
9.008849999999999909e+02, -4.258020000000000138e-01
9.009009999999999536e+02, 6.766830000000000345e-01
9.009180000000000064e+02, -6.515109999999999513e-01
9.009349999999999454e+02, 3.351210000000000022e-01
9.009510000000000218e+02, 6.918330000000000313e-01
9.009679999999999609e+02, 1.035309999999999980e-01
9.009850000000000136e+02, -1.866859999999999908e-01
9.010009999999999764e+02, 7.501799999999999580e-01
9.010180000000000291e+02, -7.253279999999999728e-01
9.010349999999999682e+02, -9.531340000000000125e-05
9.010510000000000446e+02, 5.886839999999999851e-01
9.010679999999999836e+02, -9.005360000000000031e-01
9.010850000000000364e+02, 7.645539999999999559e-01
9.011009999999999991e+02, 3.708719999999999795e-01
9.011180000000000518e+02, -1.193440000000000056e+00
9.011349999999999909e+02, -4.565999999999999920e-02
9.011509999999999536e+02, 9.163590000000000346e-01
9.011680000000000064e+02, 1.362689999999999957e+00
9.011849999999999454e+02, -1.381989999999999885e-01
9.012010000000000218e+02, 9.607139999999999569e-01
9.012179999999999609e+02, 6.835109999999999797e-01
9.012350000000000136e+02, 1.286650000000000016e-01
9.012509999999999764e+02, -1.790159999999999973e+00
9.012680000000000291e+02, -4.122439999999999993e-01
9.012849999999999682e+02, 1.039690000000000059e-01
9.013010000000000446e+02, -3.562819999999999876e-02
9.013179999999999836e+02, -8.395209999999999617e-01
9.013350000000000364e+02, -5.455719999999999459e-01
9.013509999999999991e+02, 1.160889999999999977e+00
9.013680000000000518e+02, 5.202120000000000077e-01
9.013849999999999909e+02, -1.282719999999999971e-01
9.014009999999999536e+02, -2.196180000000000077e-01
9.014180000000000064e+02, -5.422839999999999883e-01
9.014349999999999454e+02, -5.681950000000000056e-01
9.014510000000000218e+02, -1.020080000000000098e+00
9.014679999999999609e+02, -6.273619999999999752e-01
9.014850000000000136e+02, -2.915019999999999833e-01
9.015009999999999764e+02, 2.134870000000000101e-01
9.015180000000000291e+02, 9.961410000000000542e-01
9.015349999999999682e+02, -2.035820000000000130e-01
9.015510000000000446e+02, -1.803900000000000059e+00
9.015679999999999836e+02, -1.876719999999999944e+00
9.015850000000000364e+02, 9.210730000000000306e-02
9.016009999999999991e+02, -7.499000000000000110e-01
9.016180000000000518e+02, 1.175489999999999924e+00
9.016349999999999909e+02, 4.235840000000000265e-03
9.016509999999999536e+02, -1.167280000000000095e+00
9.016680000000000064e+02, 1.179759999999999975e-01
9.016849999999999454e+02, 7.630919999999999925e-01
9.017010000000000218e+02, -9.035559999999999425e-02
9.017179999999999609e+02, -4.791019999999999723e-01
9.017350000000000136e+02, -1.474870000000000070e-01
9.017509999999999764e+02, -2.190239999999999965e-01
9.017680000000000291e+02, 1.181109999999999938e-01
9.017849999999999682e+02, 1.055430000000000090e+00
9.018010000000000446e+02, -1.432249999999999912e-01
9.018179999999999836e+02, 5.997120000000000228e-01
9.018350000000000364e+02, 1.231070000000000109e+00
9.018509999999999991e+02, 5.146309999999999496e-01
9.018680000000000518e+02, 9.055309999999999748e-01
9.018849999999999909e+02, -9.956660000000000510e-01
9.019009999999999536e+02, -1.975349999999999939e+00
9.019180000000000064e+02, 8.358069999999999666e-01
9.019349999999999454e+02, 7.895680000000000476e-01
9.019510000000000218e+02, 3.288139999999999952e-01
9.019679999999999609e+02, 3.298969999999999958e-01
9.019850000000000136e+02, -4.888189999999999896e-02
9.020009999999999764e+02, 1.256329999999999947e+00
9.020180000000000291e+02, 3.935560000000000169e-01
9.020349999999999682e+02, 1.781780000000000030e-01
9.020510000000000446e+02, -1.543670000000000098e+00
9.020679999999999836e+02, -6.028259999999999730e-01
9.020850000000000364e+02, 4.267449999999999855e-01
9.021009999999999991e+02, -9.417400000000000215e-01
9.021180000000000518e+02, -1.967669999999999975e-01
9.021349999999999909e+02, 8.215440000000000520e-01
9.021509999999999536e+02, 1.228599999999999914e+00
9.021680000000000064e+02, 8.909099999999999797e-01
9.021849999999999454e+02, 1.308230000000000004e+00
9.022010000000000218e+02, 1.465100000000000069e+00
9.022179999999999609e+02, -5.362789999999999502e-01
9.022350000000000136e+02, 7.375909999999999411e-02
9.022509999999999764e+02, -3.167570000000000108e-01
9.022680000000000291e+02, 2.472610000000000086e-01
9.022849999999999682e+02, -1.118130000000000068e+00
9.023010000000000446e+02, -7.465279999999999694e-01
9.023179999999999836e+02, -9.566050000000000386e-01
9.023350000000000364e+02, -2.645390000000000241e-01
9.023509999999999991e+02, 1.106200000000000072e+00
9.023680000000000518e+02, 1.022890000000000077e+00
9.023849999999999909e+02, -1.167859999999999898e+00
9.024009999999999536e+02, -9.499619999999999731e-01
9.024180000000000064e+02, -1.332610000000000072e+00
9.024349999999999454e+02, 8.013019999999999587e-01
9.024510000000000218e+02, -4.707210000000000005e-01
9.024679999999999609e+02, 2.037830000000000030e+00
9.024850000000000136e+02, -1.263759999999999994e+00
9.025009999999999764e+02, -4.949979999999999936e-01
9.025180000000000291e+02, -4.999850000000000128e-01
9.025349999999999682e+02, -1.364549999999999930e+00
9.025510000000000446e+02, 1.776340000000000030e+00
9.025679999999999836e+02, 2.203330000000000011e-01
9.025850000000000364e+02, -7.047259999999999636e-01
9.026009999999999991e+02, 1.513970000000000038e-01
9.026180000000000518e+02, -9.373209999999999598e-01
9.026349999999999909e+02, 4.631009999999999849e-01
9.026509999999999536e+02, -9.851170000000000204e-01
9.026680000000000064e+02, 2.949169999999999847e-01
9.026849999999999454e+02, 5.086279999999999690e-01
9.027010000000000218e+02, 1.154749999999999943e-01
9.027179999999999609e+02, 1.848009999999999931e+00
9.027350000000000136e+02, -2.670779999999999821e-01
9.027509999999999764e+02, -9.263369999999999660e-01
9.027680000000000291e+02, -1.483919999999999906e+00
9.027849999999999682e+02, 9.284989999999999633e-01
9.028010000000000446e+02, 1.768969999999999931e+00
9.028179999999999836e+02, 1.445419999999999927e+00
9.028350000000000364e+02, 1.128230000000000066e+00
9.028509999999999991e+02, -1.425059999999999993e+00
9.028680000000000518e+02, 1.112929999999999975e+00
9.028849999999999909e+02, 8.504639999999999977e-01
9.029009999999999536e+02, 4.638709999999999778e-01
9.029180000000000064e+02, 1.298040000000000083e+00
9.029349999999999454e+02, -5.097320000000000323e-02
9.029510000000000218e+02, -2.323520000000000030e-01
9.029679999999999609e+02, 6.268930000000000335e-01
9.029850000000000136e+02, 6.697920000000000262e-02
9.030009999999999764e+02, 1.172660000000000022e-02
9.030180000000000291e+02, 6.877849999999999797e-01
9.030349999999999682e+02, -3.839710000000000067e-01
9.030510000000000446e+02, 7.216640000000000554e-02
9.030679999999999836e+02, 5.317370000000000152e-01
9.030850000000000364e+02, -2.334859999999999991e-01
9.031009999999999991e+02, 3.423820000000000197e-01
9.031180000000000518e+02, 1.452800000000000091e+00
9.031349999999999909e+02, -2.004650000000000043e-01
9.031509999999999536e+02, -2.605659999999999865e+00
9.031680000000000064e+02, 2.345150000000000012e-01
9.031849999999999454e+02, -7.564009999999999900e-01
9.032010000000000218e+02, -3.549950000000000050e-01
9.032179999999999609e+02, 9.960400000000000365e-01
9.032350000000000136e+02, 9.409450000000000314e-01
9.032509999999999764e+02, 9.060390000000000388e-01
9.032680000000000291e+02, 6.135680000000000023e-01
9.032849999999999682e+02, 6.946989999999999554e-01
9.033010000000000446e+02, 2.507699999999999929e-01
9.033179999999999836e+02, -1.197819999999999961e-02
9.033350000000000364e+02, -5.065640000000000143e-01
9.033509999999999991e+02, -3.150769999999999960e-02
9.033680000000000518e+02, 7.765349999999999753e-01
9.033849999999999909e+02, 3.162199999999999733e-02
9.034009999999999536e+02, 5.900539999999999674e-01
9.034180000000000064e+02, 4.714450000000000029e-01
9.034349999999999454e+02, 2.510640000000000094e-02
9.034510000000000218e+02, -6.894439999999999458e-01
9.034679999999999609e+02, -8.151279999999999637e-01
9.034850000000000136e+02, -4.148609999999999798e-01
9.035009999999999764e+02, -6.883460000000000134e-01
9.035180000000000291e+02, -9.061700000000000310e-01
9.035349999999999682e+02, -7.985160000000000036e-01
9.035510000000000446e+02, 2.454330000000000123e-01
9.035679999999999836e+02, 1.142609999999999904e+00
9.035850000000000364e+02, -4.226860000000000062e-01
9.036009999999999991e+02, -1.861929999999999974e-01
9.036180000000000518e+02, -8.091210000000000069e-02
9.036349999999999909e+02, -1.214620000000000033e+00
9.036509999999999536e+02, -1.219440000000000079e+00
9.036680000000000064e+02, -5.696109999999999784e-01
9.036849999999999454e+02, 5.695349999999999718e-02
9.037010000000000218e+02, 7.125890000000000279e-01
9.037179999999999609e+02, 1.767859999999999987e+00
9.037350000000000136e+02, -3.228489999999999832e-02
9.037509999999999764e+02, -1.179009999999999891e+00
9.037680000000000291e+02, 1.365389999999999937e-01
9.037849999999999682e+02, 3.832729999999999748e-01
9.038010000000000446e+02, -7.525959999999999595e-02
9.038179999999999836e+02, 1.227149999999999963e+00
9.038350000000000364e+02, 3.343439999999999745e-01
9.038509999999999991e+02, 8.128339999999999455e-01
9.038680000000000518e+02, 5.294410000000000505e-01
9.038849999999999909e+02, 3.568129999999999913e-01
9.039009999999999536e+02, -7.664539999999999687e-01
9.039180000000000064e+02, -2.050700000000000023e-01
9.039349999999999454e+02, -4.092589999999999839e-01
9.039510000000000218e+02, 2.558349999999999791e-01
9.039679999999999609e+02, 1.040200000000000014e+00
9.039850000000000136e+02, 2.723089999999999886e-02
9.040009999999999764e+02, -3.968479999999999785e-01
9.040180000000000291e+02, -1.661140000000000061e+00
9.040349999999999682e+02, -9.411709999999999798e-01
9.040510000000000446e+02, -5.608619999999999717e-01
9.040679999999999836e+02, 7.723879999999999635e-01
9.040850000000000364e+02, -3.182829999999999826e-01
9.041009999999999991e+02, -5.342999999999999972e-01
9.041180000000000518e+02, -3.435900000000000065e-01
9.041349999999999909e+02, -1.968959999999999877e-01
9.041509999999999536e+02, -6.077029999999999932e-01
9.041680000000000064e+02, -3.505730000000000235e-01
9.041849999999999454e+02, 2.675400000000000000e-01
9.042010000000000218e+02, -3.066309999999999869e-02
9.042179999999999609e+02, 5.042379999999999640e-01
9.042350000000000136e+02, -1.525299999999999989e-01
9.042509999999999764e+02, -1.883910000000000029e-01
9.042680000000000291e+02, -1.814570000000000016e+00
9.042849999999999682e+02, -2.366860000000000075e-01
9.043010000000000446e+02, -1.073919999999999986e+00
9.043179999999999836e+02, -4.372030000000000083e-01
9.043350000000000364e+02, 1.650830000000000006e-02
9.043509999999999991e+02, 4.511000000000000010e-01
9.043680000000000518e+02, -4.621700000000000252e-01
9.043849999999999909e+02, -2.064719999999999889e+00
9.044009999999999536e+02, -6.555499999999999661e-01
9.044180000000000064e+02, -4.503440000000000221e-02
9.044349999999999454e+02, 2.896970000000000045e+00
9.044510000000000218e+02, 1.370889999999999942e+00
9.044679999999999609e+02, 1.702139999999999986e+00
9.044850000000000136e+02, -9.837000000000000188e-01
9.045009999999999764e+02, 4.246449999999999947e-01
9.045180000000000291e+02, -8.195940000000000447e-01
9.045349999999999682e+02, -1.542880000000000085e-01
9.045510000000000446e+02, -4.874809999999999977e-01
9.045679999999999836e+02, -1.180630000000000068e+00
9.045850000000000364e+02, 8.605230000000000379e-01
9.046009999999999991e+02, -5.602409999999999890e-01
9.046180000000000518e+02, -2.287180000000000046e-01
9.046349999999999909e+02, -1.292599999999999971e+00
9.046509999999999536e+02, 4.131989999999999830e-01
9.046680000000000064e+02, -1.543160000000000087e-01
9.046849999999999454e+02, -3.414820000000000078e-01
9.047010000000000218e+02, 1.947639999999999927e-01
9.047179999999999609e+02, 6.311130000000000351e-01
9.047350000000000136e+02, 5.611720000000000041e-01
9.047509999999999764e+02, 3.373210000000000097e-02
9.047680000000000291e+02, 3.128270000000000217e-01
9.047849999999999682e+02, 9.396809999999999885e-02
9.048010000000000446e+02, -7.925429999999999975e-01
9.048179999999999836e+02, 1.622069999999999901e-01
9.048350000000000364e+02, -1.191910000000000053e-01
9.048509999999999991e+02, 6.716579999999999773e-01
9.048680000000000518e+02, -2.440130000000000077e-01
9.048849999999999909e+02, 3.555869999999999864e-02
9.049009999999999536e+02, -9.658060000000000533e-01
9.049180000000000064e+02, 2.509429999999999994e-02
9.049349999999999454e+02, 8.515019999999999811e-01
9.049510000000000218e+02, 1.862589999999999968e+00
9.049679999999999609e+02, -1.624029999999999918e-01
9.049850000000000136e+02, 6.612970000000000237e-01
9.050009999999999764e+02, 2.446629999999999916e-01
9.050180000000000291e+02, 5.911910000000000220e-01
9.050349999999999682e+02, -1.602670000000000039e+00
9.050510000000000446e+02, -8.477959999999999940e-01
9.050679999999999836e+02, -1.096479999999999899e+00
9.050850000000000364e+02, 6.987160000000000037e-01
9.051009999999999991e+02, -3.186959999999999793e-01
9.051180000000000518e+02, 1.189140000000000086e+00
9.051349999999999909e+02, -5.578410000000000313e-01
9.051509999999999536e+02, 6.809979999999999922e-01
9.051680000000000064e+02, -9.993419999999999526e-01
9.051849999999999454e+02, -3.161410000000000053e-01
9.052010000000000218e+02, -6.590809999999999724e-02
9.052179999999999609e+02, -1.785639999999999894e+00
9.052350000000000136e+02, -2.645410000000000261e-01
9.052509999999999764e+02, -7.485400000000000387e-02
9.052680000000000291e+02, 2.833789999999999920e-01
9.052849999999999682e+02, -2.464020000000000099e-01
9.053010000000000446e+02, -3.299810000000000243e-01
9.053179999999999836e+02, -6.291099999999999470e-01
9.053350000000000364e+02, -1.155200000000000005e+00
9.053509999999999991e+02, -1.148669999999999969e-01
9.053680000000000518e+02, 6.086200000000000498e-01
9.053849999999999909e+02, -4.679829999999999823e-01
9.054009999999999536e+02, 8.514860000000000484e-02
9.054180000000000064e+02, -8.258440000000000225e-01
9.054349999999999454e+02, 9.977099999999999858e-01
9.054510000000000218e+02, 3.286910000000000109e-01
9.054679999999999609e+02, -9.806190000000000184e-01
9.054850000000000136e+02, 8.920080000000000231e-01
9.055009999999999764e+02, -2.228860000000000008e-01
9.055180000000000291e+02, 6.450770000000000115e-01
9.055349999999999682e+02, 1.819199999999999928e+00
9.055510000000000446e+02, 1.697689999999999921e+00
9.055679999999999836e+02, 5.140980000000000549e-01
9.055850000000000364e+02, 1.336340000000000083e+00
9.056009999999999991e+02, 4.666830000000000145e-01
9.056180000000000518e+02, -9.249749999999999917e-01
9.056349999999999909e+02, -2.152070000000000149e+00
9.056509999999999536e+02, -3.420039999999999886e-02
9.056680000000000064e+02, -1.091499999999999970e-01
9.056849999999999454e+02, -8.843429999999999347e-02
9.057010000000000218e+02, 3.289290000000000269e-01
9.057179999999999609e+02, 5.859180000000000499e-01
9.057350000000000136e+02, 4.567269999999999663e-02
9.057509999999999764e+02, 1.092819999999999903e+00
9.057680000000000291e+02, 3.396210000000000062e-01
9.057849999999999682e+02, -2.364110000000000100e-01
9.058010000000000446e+02, -3.064060000000000117e-01
9.058179999999999836e+02, 6.049560000000000493e-01
9.058350000000000364e+02, -7.629259999999999931e-01
9.058509999999999991e+02, -4.596910000000000163e-01
9.058680000000000518e+02, -2.526070000000000051e-02
9.058849999999999909e+02, -8.916399999999999881e-01
9.059009999999999536e+02, 1.481840000000000046e+00
9.059180000000000064e+02, -9.202820000000000444e-01
9.059349999999999454e+02, -2.696299999999999808e-01
9.059510000000000218e+02, 1.045749999999999978e-02
9.059679999999999609e+02, -3.108090000000000019e-01
9.059850000000000136e+02, 5.628800000000000470e-01
9.060009999999999764e+02, 5.843789999999999818e-01
9.060180000000000291e+02, 8.305179999999999507e-02
9.060349999999999682e+02, 1.406449999999999922e-01
9.060510000000000446e+02, 7.084310000000000329e-01
9.060679999999999836e+02, -3.934710000000000152e-01
9.060850000000000364e+02, -2.835059999999999924e-03
9.061009999999999991e+02, -8.279800000000000493e-01
9.061180000000000518e+02, 4.244229999999999947e-01
9.061349999999999909e+02, -1.601589999999999958e-01
9.061509999999999536e+02, -2.849490000000000078e-01
9.061680000000000064e+02, 1.393929999999999891e+00
9.061849999999999454e+02, -7.816349999999999687e-01
9.062010000000000218e+02, 6.014469999999999539e-01
9.062179999999999609e+02, 1.596959999999999935e+00
9.062350000000000136e+02, -1.437519999999999909e+00
9.062509999999999764e+02, -3.477000000000000091e-01
9.062680000000000291e+02, 1.047299999999999898e+00
9.062849999999999682e+02, -2.208350000000000035e-01
9.063010000000000446e+02, 1.770690000000000042e-01
9.063179999999999836e+02, 6.010790000000000299e-01
9.063350000000000364e+02, -2.400079999999999991e-01
9.063509999999999991e+02, -7.970329999999999915e-01
9.063680000000000518e+02, 6.124699999999999589e-01
9.063849999999999909e+02, 1.582030000000000047e+00
9.064009999999999536e+02, -2.885220000000000007e-01
9.064180000000000064e+02, 5.217840000000000256e-01
9.064349999999999454e+02, -2.552730000000000277e-01
9.064510000000000218e+02, -6.367519999999999847e-01
9.064679999999999609e+02, 2.536340000000000261e-01
9.064850000000000136e+02, -8.624359999999999804e-01
9.065009999999999764e+02, -6.028320000000000345e-01
9.065180000000000291e+02, -1.449719999999999898e+00
9.065349999999999682e+02, 1.597469999999999946e+00
9.065510000000000446e+02, -9.706110000000000015e-01
9.065679999999999836e+02, -1.495959999999999956e+00
9.065850000000000364e+02, -7.805710000000000148e-01
9.066009999999999991e+02, 5.585609999999999742e-01
9.066180000000000518e+02, -3.949350000000000083e-02
9.066349999999999909e+02, 1.117760000000000087e+00
9.066509999999999536e+02, 3.807220000000000049e-01
9.066680000000000064e+02, 1.600959999999999939e+00
9.066849999999999454e+02, 2.828179999999999930e-02
9.067010000000000218e+02, 1.624949999999999894e+00
9.067179999999999609e+02, 9.774900000000000255e-02
9.067350000000000136e+02, 4.200349999999999917e-01
9.067509999999999764e+02, -7.109109999999999596e-01
9.067680000000000291e+02, 5.631399999999999739e-01
9.067849999999999682e+02, 3.989329999999999821e-01
9.068010000000000446e+02, 1.639230000000000131e-01
9.068179999999999836e+02, -3.826749999999999874e-01
9.068350000000000364e+02, 5.972260000000000346e-01
9.068509999999999991e+02, 8.394800000000000040e-01
9.068680000000000518e+02, 7.156730000000000036e-01
9.068849999999999909e+02, -1.272639999999999993e+00
9.069009999999999536e+02, -8.066759999999999486e-01
9.069180000000000064e+02, -9.457740000000000591e-02
9.069349999999999454e+02, 1.404760000000000009e+00
9.069510000000000218e+02, 8.213909999999999823e-01
9.069679999999999609e+02, 2.902529999999999832e-01
9.069850000000000136e+02, -3.522779999999999800e-01
9.070009999999999764e+02, 4.949020000000000086e-01
9.070180000000000291e+02, -6.355610000000000426e-02
9.070349999999999682e+02, -1.073800000000000032e-01
9.070510000000000446e+02, -4.877549999999999941e-01
9.070679999999999836e+02, 8.495460000000000234e-01
9.070850000000000364e+02, 4.461979999999999835e-01
9.071009999999999991e+02, 1.970149999999999957e-01
9.071180000000000518e+02, -4.109599999999999920e-01
9.071349999999999909e+02, -1.092510000000000092e+00
9.071509999999999536e+02, -4.586290000000000089e-01
9.071680000000000064e+02, 4.754889999999999950e-01
9.071849999999999454e+02, 1.739970000000000017e+00
9.072010000000000218e+02, 2.573309999999999764e-01
9.072179999999999609e+02, 1.748709999999999987e-01
9.072350000000000136e+02, 3.370529999999999915e-01
9.072509999999999764e+02, 2.619079999999999742e-01
9.072680000000000291e+02, 4.062950000000000172e-01
9.072849999999999682e+02, -2.995149999999999757e-01
9.073010000000000446e+02, -1.653089999999999948e+00
9.073179999999999836e+02, 5.577079999999999815e-01
9.073350000000000364e+02, 1.036869999999999958e+00
9.073509999999999991e+02, -8.054580000000000073e-02
9.073680000000000518e+02, 1.234650000000000025e+00
9.073849999999999909e+02, 1.067579999999999973e+00
9.074009999999999536e+02, 1.493759999999999977e+00
9.074180000000000064e+02, 1.091429999999999900e+00
9.074349999999999454e+02, -9.091380000000000294e-02
9.074510000000000218e+02, -9.700680000000000414e-01
9.074679999999999609e+02, -5.527600000000000291e-01
9.074850000000000136e+02, -1.773349999999999982e+00
9.075009999999999764e+02, -1.058149999999999924e+00
9.075180000000000291e+02, -2.559379999999999988e-01
9.075349999999999682e+02, 2.625899999999999901e-01
9.075510000000000446e+02, 5.853679999999999994e-01
9.075679999999999836e+02, -1.172969999999999985e-01
9.075850000000000364e+02, 4.432579999999999854e-01
9.076009999999999991e+02, -7.551729999999999554e-02
9.076180000000000518e+02, 1.300629999999999953e+00
9.076349999999999909e+02, -2.161389999999999978e-01
9.076509999999999536e+02, 6.514339999999999575e-01
9.076680000000000064e+02, 1.237660000000000010e-01
9.076849999999999454e+02, -2.720409999999999773e-01
9.077010000000000218e+02, 6.343849999999999767e-01
9.077179999999999609e+02, -4.043880000000000252e-01
9.077350000000000136e+02, 1.796939999999999926e-01
9.077509999999999764e+02, -9.161679999999999824e-01
9.077680000000000291e+02, -6.475629999999999997e-01
9.077849999999999682e+02, 6.686199999999999921e-01
9.078010000000000446e+02, 1.021500000000000075e+00
9.078179999999999836e+02, 7.569690000000000030e-01
9.078350000000000364e+02, -7.449339999999999851e-01
9.078509999999999991e+02, -1.843699999999999894e+00
9.078680000000000518e+02, -6.793299999999999894e-01
9.078849999999999909e+02, 1.243730000000000002e+00
9.079009999999999536e+02, 8.362929999999999531e-01
9.079180000000000064e+02, 3.694120000000000181e-01
9.079349999999999454e+02, 1.222539999999999960e+00
9.079510000000000218e+02, -7.443309999999999649e-01
9.079679999999999609e+02, -3.405090000000000061e-01
9.079850000000000136e+02, -9.502350000000000518e-01
9.080009999999999764e+02, 1.773750000000000049e-01
9.080180000000000291e+02, 1.325579999999999981e+00
9.080349999999999682e+02, 1.106540000000000079e+00
9.080510000000000446e+02, -6.751829999999999776e-01
9.080679999999999836e+02, -2.687459999999999849e-01
9.080850000000000364e+02, 5.585820000000000229e-01
9.081009999999999991e+02, 3.527739999999999765e-01
9.081180000000000518e+02, -1.889220000000000066e-01
9.081349999999999909e+02, 6.431390000000000162e-01
9.081509999999999536e+02, 1.958570000000000033e-01
9.081680000000000064e+02, 4.143240000000000256e-01
9.081849999999999454e+02, -8.245270000000000099e-01
9.082010000000000218e+02, -5.013560000000000239e-01
9.082179999999999609e+02, 1.750079999999999969e-01
9.082350000000000136e+02, -1.463389999999999969e+00
9.082509999999999764e+02, 4.930970000000000075e-01
9.082680000000000291e+02, 1.110179999999999945e+00
9.082849999999999682e+02, -2.085420000000000051e-01
9.083010000000000446e+02, 4.169379999999999753e-01
9.083179999999999836e+02, 1.493370000000000086e+00
9.083350000000000364e+02, 9.989580000000000126e-01
9.083509999999999991e+02, -1.176889999999999992e+00
9.083680000000000518e+02, -1.675689999999999957e-01
9.083849999999999909e+02, -2.113690000000000013e-01
9.084009999999999536e+02, 4.655520000000000214e-01
9.084180000000000064e+02, 6.666210000000000191e-01
9.084349999999999454e+02, 6.793390000000000262e-01
9.084510000000000218e+02, -5.660400000000000154e-02
9.084679999999999609e+02, 9.280279999999999641e-01
9.084850000000000136e+02, -1.055949999999999944e+00
9.085009999999999764e+02, 9.686160000000000325e-01
9.085180000000000291e+02, 1.498480000000000034e+00
9.085349999999999682e+02, -2.028530000000000055e-01
9.085510000000000446e+02, -1.162260000000000071e+00
9.085679999999999836e+02, -7.786309999999999620e-01
9.085850000000000364e+02, -6.376209999999999933e-01
9.086009999999999991e+02, 4.683919999999999750e-02
9.086180000000000518e+02, -4.217870000000000230e-01
9.086349999999999909e+02, -6.183459999999999512e-01
9.086509999999999536e+02, 2.959729999999999861e-01
9.086680000000000064e+02, 8.626530000000000031e-01
9.086849999999999454e+02, 7.736720000000000264e-01
9.087010000000000218e+02, 7.612379999999999702e-01
9.087179999999999609e+02, -4.763140000000000152e-01
9.087350000000000136e+02, -1.715049999999999908e-01
9.087509999999999764e+02, -3.366469999999999740e-01
9.087680000000000291e+02, 1.111050000000000093e+00
9.087849999999999682e+02, 1.533239999999999936e+00
9.088010000000000446e+02, -8.669040000000000079e-01
9.088179999999999836e+02, -1.033069999999999933e+00
9.088350000000000364e+02, -1.372329999999999939e-01
9.088509999999999991e+02, 4.993969999999999798e-01
9.088680000000000518e+02, -3.681010000000000115e-01
9.088849999999999909e+02, 1.711899999999999977e+00
9.089009999999999536e+02, 3.893389999999999906e-01
9.089180000000000064e+02, -2.671000000000000041e-01
9.089349999999999454e+02, -2.758669999999999733e-01
9.089510000000000218e+02, -1.928410000000000124e-01
9.089679999999999609e+02, 1.308740000000000014e+00
9.089850000000000136e+02, 6.005049999999999555e-01
9.090009999999999764e+02, -4.774180000000000090e-01
9.090180000000000291e+02, -1.099299999999999944e+00
9.090349999999999682e+02, -1.024289999999999923e+00
9.090510000000000446e+02, -1.049830000000000041e+00
9.090679999999999836e+02, 1.930920000000000136e-01
9.090850000000000364e+02, -2.553750000000000187e-01
9.091009999999999991e+02, 1.426399999999999890e+00
9.091180000000000518e+02, 1.672750000000000070e-01
9.091349999999999909e+02, 4.469549999999999912e-01
9.091509999999999536e+02, 1.305439999999999934e+00
9.091680000000000064e+02, 1.317120000000000068e+00
9.091849999999999454e+02, 1.073949999999999960e+00
9.092010000000000218e+02, -9.608869999999999911e-02
9.092179999999999609e+02, -3.956120000000000192e-01
9.092350000000000136e+02, -1.164909999999999890e+00
9.092509999999999764e+02, -1.801700000000000079e+00
9.092680000000000291e+02, 1.586709999999999857e-02
9.092849999999999682e+02, -4.959069999999999867e-01
9.093010000000000446e+02, -3.906450000000000200e-02
9.093179999999999836e+02, -6.431890000000000107e-01
9.093350000000000364e+02, -1.480099999999999971e+00
9.093509999999999991e+02, -6.317450000000000010e-01
9.093680000000000518e+02, 1.192139999999999977e+00
9.093849999999999909e+02, 4.215470000000000050e-01
9.094009999999999536e+02, 5.671580000000000510e-01
9.094180000000000064e+02, 1.672099999999999920e+00
9.094349999999999454e+02, 6.847309999999999786e-01
9.094510000000000218e+02, -2.344350000000000045e-01
9.094679999999999609e+02, -8.442039999999999544e-01
9.094850000000000136e+02, -1.595739999999999936e+00
9.095009999999999764e+02, 4.325809999999999933e-01
9.095180000000000291e+02, 6.948750000000000204e-01
9.095349999999999682e+02, 3.939219999999999944e-01
9.095510000000000446e+02, -3.459809999999999830e-01
9.095679999999999836e+02, 1.132139999999999924e+00
9.095850000000000364e+02, 5.357830000000000092e-01
9.096009999999999991e+02, -1.386749999999999927e-01
9.096180000000000518e+02, 1.485509999999999886e-01
9.096349999999999909e+02, -1.163450000000000040e-01
9.096509999999999536e+02, 1.377710000000000046e-02
9.096680000000000064e+02, 9.887759999999999883e-01
9.096849999999999454e+02, 1.762089999999999934e+00
9.097010000000000218e+02, -3.463919999999999777e-01
9.097179999999999609e+02, -2.957819999999999894e-01
9.097350000000000136e+02, -5.743230000000000279e-01
9.097509999999999764e+02, -1.323609999999999953e+00
9.097680000000000291e+02, 1.034470000000000001e+00
9.097849999999999682e+02, -9.467320000000000180e-01
9.098010000000000446e+02, -1.657850000000000046e+00
9.098179999999999836e+02, -1.186960000000000015e+00
9.098350000000000364e+02, -2.067590000000000039e+00
9.098509999999999991e+02, -6.073509999999999742e-01
9.098680000000000518e+02, -7.416249999999999787e-01
9.098849999999999909e+02, -8.920449999999999768e-01
9.099009999999999536e+02, -7.728399999999999714e-01
9.099180000000000064e+02, -4.386539999999999884e-01
9.099349999999999454e+02, 1.430909999999999960e-01
9.099510000000000218e+02, 1.899240000000000039e+00
9.099679999999999609e+02, 1.404020000000000046e+00
9.099850000000000136e+02, -2.578169999999999854e-03
9.100009999999999764e+02, -1.130749999999999922e+00
9.100180000000000291e+02, -6.794830000000000314e-02
9.100349999999999682e+02, -2.681949999999999959e-02
9.100510000000000446e+02, -1.967730000000000173e-02
9.100679999999999836e+02, 4.347969999999999891e-01
9.100850000000000364e+02, -2.542209999999999748e-01
9.101009999999999991e+02, -1.624789999999999957e+00
9.101180000000000518e+02, 2.087980000000000114e-01
9.101349999999999909e+02, -4.311899999999999761e-02
9.101509999999999536e+02, 4.983540000000000192e-01
9.101680000000000064e+02, -9.528729999999999700e-01
9.101849999999999454e+02, 6.941450000000000398e-02
9.102010000000000218e+02, 1.207870000000000055e-01
9.102179999999999609e+02, 3.983129999999999726e-01
9.102350000000000136e+02, 9.304970000000000185e-01
9.102509999999999764e+02, -6.693029999999999813e-01
9.102680000000000291e+02, -1.380100000000000104e+00
9.102849999999999682e+02, -3.215830000000000077e-01
9.103010000000000446e+02, -5.429030000000000244e-01
9.103179999999999836e+02, 2.063619999999999899e-01
9.103350000000000364e+02, -4.470649999999999902e-01
9.103509999999999991e+02, 2.224140000000000006e-01
9.103680000000000518e+02, 5.609539999999999527e-01
9.103849999999999909e+02, -1.482890000000000041e-01
9.104009999999999536e+02, 5.891210000000000058e-01
9.104180000000000064e+02, 4.490210000000000035e-01
9.104349999999999454e+02, -1.564969999999999972e-01
9.104510000000000218e+02, 1.029570000000000096e+00
9.104679999999999609e+02, -1.808450000000000057e-01
9.104850000000000136e+02, -8.633309999999999595e-01
9.105009999999999764e+02, -1.485470000000000068e+00
9.105180000000000291e+02, 1.727959999999999940e+00
9.105349999999999682e+02, 1.688830000000000053e+00
9.105510000000000446e+02, 8.247210000000000374e-01
9.105679999999999836e+02, -1.106710000000000083e+00
9.105850000000000364e+02, -8.276250000000000551e-01
9.106009999999999991e+02, 8.306599999999999540e-01
9.106180000000000518e+02, -4.098049999999999748e-01
9.106349999999999909e+02, 3.162539999999999796e-01
9.106509999999999536e+02, -3.571269999999999722e-01
9.106680000000000064e+02, -4.741389999999999771e-01
9.106849999999999454e+02, 7.662280000000000202e-01
9.107010000000000218e+02, -6.654419999999999780e-02
9.107179999999999609e+02, -2.367879999999999985e-01
9.107350000000000136e+02, 7.028820000000000068e-01
9.107509999999999764e+02, -8.636660000000000448e-01
9.107680000000000291e+02, 7.025439999999999463e-01
9.107849999999999682e+02, -1.995319999999999983e+00
9.108010000000000446e+02, 1.090099999999999958e-01
9.108179999999999836e+02, 1.140959999999999974e+00
9.108350000000000364e+02, 5.817540000000000211e-02
9.108509999999999991e+02, 1.250999999999999890e+00
9.108680000000000518e+02, 7.167999999999999927e-01
9.108849999999999909e+02, 8.434800000000000075e-01
9.109009999999999536e+02, 3.396799999999999820e-01
9.109180000000000064e+02, 3.296410000000000173e-01
9.109349999999999454e+02, -7.292159999999999753e-01
9.109510000000000218e+02, -2.037739999999999885e+00
9.109679999999999609e+02, -2.524549999999999850e-01
9.109850000000000136e+02, -7.492050000000000098e-01
9.110009999999999764e+02, 3.700269999999999948e-01
9.110180000000000291e+02, -6.351409999999999556e-01
9.110349999999999682e+02, 2.022950000000000026e-01
9.110510000000000446e+02, 3.318070000000000186e-01
9.110679999999999836e+02, -1.842540000000000011e-01
9.110850000000000364e+02, -1.691410000000000080e+00
9.111009999999999991e+02, 5.063910000000000355e-01
9.111180000000000518e+02, 3.625180000000000069e-01
9.111349999999999909e+02, 8.961930000000000174e-01
9.111509999999999536e+02, 7.136700000000000266e-01
9.111680000000000064e+02, 4.264629999999999810e-01
9.111849999999999454e+02, 2.272139999999999993e-01
9.112010000000000218e+02, -8.353410000000000002e-01
9.112179999999999609e+02, -8.082340000000000080e-01
9.112350000000000136e+02, -1.499500000000000000e-01
9.112509999999999764e+02, -1.263349999999999973e+00
9.112680000000000291e+02, 1.562340000000000062e+00
9.112849999999999682e+02, -4.109459999999999780e-01
9.113010000000000446e+02, 8.249769999999999603e-01
9.113179999999999836e+02, -7.926020000000000287e-01
9.113350000000000364e+02, 3.842610000000000192e-01
9.113509999999999991e+02, 6.931990000000000096e-01
9.113680000000000518e+02, 6.648849999999999483e-01
9.113849999999999909e+02, -4.405359999999999832e-01
9.114009999999999536e+02, -1.132039999999999935e+00
9.114180000000000064e+02, 1.201300000000000034e+00
9.114349999999999454e+02, -7.614269999999999650e-01
9.114510000000000218e+02, -2.501749999999999807e-01
9.114679999999999609e+02, 2.907919999999999949e-01
9.114850000000000136e+02, 1.737419999999999964e+00
9.115009999999999764e+02, 6.502930000000000099e-01
9.115180000000000291e+02, 1.696819999999999995e+00
9.115349999999999682e+02, 6.002600000000000158e-01
9.115510000000000446e+02, 4.841980000000000173e-01
9.115679999999999836e+02, -7.482060000000000377e-01
9.115850000000000364e+02, 2.742260000000000253e-01
9.116009999999999991e+02, 3.121760000000000090e-01
9.116180000000000518e+02, -2.932350000000000234e-01
9.116349999999999909e+02, -1.153780000000000028e+00
9.116509999999999536e+02, -8.063850000000000184e-01
9.116680000000000064e+02, 3.543079999999999841e-02
9.116849999999999454e+02, -9.716890000000000249e-01
9.117010000000000218e+02, 7.600479999999999459e-01
9.117179999999999609e+02, 1.235460000000000003e+00
9.117350000000000136e+02, -8.617310000000000247e-01
9.117509999999999764e+02, -1.137329999999999952e+00
9.117680000000000291e+02, -5.056260000000000199e-01
9.117849999999999682e+02, 2.860489999999999977e-01
9.118010000000000446e+02, 3.823199999999999932e-01
9.118179999999999836e+02, -4.307639999999999803e-01
9.118350000000000364e+02, -3.693239999999999856e-01
9.118509999999999991e+02, 4.687790000000000012e-01
9.118680000000000518e+02, 4.319600000000000106e-01
9.118849999999999909e+02, -1.697040000000000007e-02
9.119009999999999536e+02, 9.158659999999999579e-01
9.119180000000000064e+02, 5.674519999999999564e-01
9.119349999999999454e+02, -1.022250000000000068e-02
9.119510000000000218e+02, 9.170019999999999838e-01
9.119679999999999609e+02, -8.375599999999999712e-01
9.119850000000000136e+02, -7.594990000000000352e-01
9.120009999999999764e+02, -4.386340000000000239e-01
9.120180000000000291e+02, -9.359530000000000349e-01
9.120349999999999682e+02, -7.287019999999999956e-03
9.120510000000000446e+02, -8.325100000000000555e-02
9.120679999999999836e+02, -2.900200000000000000e-01
9.120850000000000364e+02, -4.653129999999999766e-01
9.121009999999999991e+02, 5.259089999999999598e-01
9.121180000000000518e+02, 7.128949999999999454e-01
9.121349999999999909e+02, 9.413290000000000546e-02
9.121509999999999536e+02, 1.333259999999999890e+00
9.121680000000000064e+02, 1.151799999999999935e+00
9.121849999999999454e+02, 5.570110000000000339e-01
9.122010000000000218e+02, -1.921309999999999962e-01
9.122179999999999609e+02, -3.545479999999999743e-01
9.122350000000000136e+02, 1.076799999999999979e+00
9.122509999999999764e+02, -4.145329999999999848e-01
9.122680000000000291e+02, -1.447330000000000005e+00
9.122849999999999682e+02, 1.287870000000000126e-01
9.123010000000000446e+02, 7.802890000000000104e-01
9.123179999999999836e+02, -3.612780000000000158e-02
9.123350000000000364e+02, 7.377380000000000049e-01
9.123509999999999991e+02, -8.900909999999999656e-01
9.123680000000000518e+02, 7.801369999999999694e-01
9.123849999999999909e+02, -1.298410000000000120e-01
9.124009999999999536e+02, -4.441629999999999745e-01
9.124180000000000064e+02, 7.927629999999999955e-01
9.124349999999999454e+02, -5.327859999999999818e-01
9.124510000000000218e+02, 2.899869999999999948e-01
9.124679999999999609e+02, -1.582040000000000113e-01
9.124850000000000136e+02, 1.573239999999999972e+00
9.125009999999999764e+02, 2.011449999999999905e-01
9.125180000000000291e+02, -7.701890000000000125e-01
9.125349999999999682e+02, -1.683410000000000073e+00
9.125510000000000446e+02, -3.675530000000000186e-01
9.125679999999999836e+02, 2.459199999999999997e-01
9.125850000000000364e+02, -7.981730000000000214e-01
9.126009999999999991e+02, -1.115450000000000053e+00
9.126180000000000518e+02, -7.829549999999999566e-01
9.126349999999999909e+02, -3.696039999999999881e-01
9.126509999999999536e+02, 4.628340000000000232e-01
9.126680000000000064e+02, -1.072289999999999965e+00
9.126849999999999454e+02, 7.071499999999999453e-01
9.127010000000000218e+02, 3.257329999999999948e-02
9.127179999999999609e+02, -6.431240000000000290e-01
9.127350000000000136e+02, 9.764869999999999939e-01
9.127509999999999764e+02, 3.411449999999999760e-01
9.127680000000000291e+02, -1.315949999999999953e+00
9.127849999999999682e+02, -1.248170000000000002e+00
9.128010000000000446e+02, 2.940720000000000001e-01
9.128179999999999836e+02, 5.382080000000000197e-01
9.128350000000000364e+02, 6.708809999999999496e-01
9.128509999999999991e+02, 8.852900000000000214e-01
9.128680000000000518e+02, -6.642540000000000111e-01
9.128849999999999909e+02, 1.331020000000000092e+00
9.129009999999999536e+02, 6.753919999999999924e-01
9.129180000000000064e+02, 3.867700000000000027e-01
9.129349999999999454e+02, 1.196420000000000039e+00
9.129510000000000218e+02, -5.274189999999999712e-01
9.129679999999999609e+02, -1.990040000000000031e+00
9.129850000000000136e+02, 2.263080000000000092e-01
9.130009999999999764e+02, 2.285059999999999869e-01
9.130180000000000291e+02, 1.440010000000000012e+00
9.130349999999999682e+02, 1.460919999999999996e+00
9.130510000000000446e+02, 1.704790000000000028e+00
9.130679999999999836e+02, 2.528130000000000099e-01
9.130850000000000364e+02, -4.514110000000000067e-01
9.131009999999999991e+02, 3.462309999999999693e-02
9.131180000000000518e+02, 9.413569999999999993e-01
9.131349999999999909e+02, 6.013169999999999904e-01
9.131509999999999536e+02, -3.463049999999999740e-01
9.131680000000000064e+02, 3.954170000000000185e-01
9.131849999999999454e+02, -6.331179999999999586e-01
9.132010000000000218e+02, -5.908789999999999876e-02
9.132179999999999609e+02, -1.316889999999999894e+00
9.132350000000000136e+02, 5.659199999999999647e-03
9.132509999999999764e+02, 5.744369999999999754e-01
9.132680000000000291e+02, 8.459440000000000293e-01
9.132849999999999682e+02, 5.609389999999999654e-01
9.133010000000000446e+02, 2.084439999999999904e-01
9.133179999999999836e+02, 8.408449999999999536e-01
9.133350000000000364e+02, 1.018299999999999983e+00
9.133509999999999991e+02, -3.548000000000000043e-01
9.133680000000000518e+02, -1.159710000000000046e-01
9.133849999999999909e+02, -2.646120000000000139e-01
9.134009999999999536e+02, 5.289230000000000320e-01
9.134180000000000064e+02, -5.490669999999999717e-01
9.134349999999999454e+02, -2.654520000000000213e-01
9.134510000000000218e+02, -1.058459999999999956e-01
9.134679999999999609e+02, 2.638980000000000214e-01
9.134850000000000136e+02, 6.954660000000000286e-01
9.135009999999999764e+02, -4.350379999999999803e-01
9.135180000000000291e+02, 2.544839999999999880e-01
9.135349999999999682e+02, 6.782660000000000355e-01
9.135510000000000446e+02, -8.509799999999999587e-01
9.135679999999999836e+02, -5.937799999999999745e-01
9.135850000000000364e+02, -2.995269999999999877e-01
9.136009999999999991e+02, -2.477139999999999898e-01
9.136180000000000518e+02, -5.252090000000000231e-02
9.136349999999999909e+02, 1.359239999999999893e-01
9.136509999999999536e+02, -6.298300000000000010e-01
9.136680000000000064e+02, -8.376419999999999699e-02
9.136849999999999454e+02, -3.362260000000000248e-02
9.137010000000000218e+02, -6.757539999999999658e-01
9.137179999999999609e+02, -3.364099999999999868e-01
9.137350000000000136e+02, -4.238100000000000200e-01
9.137509999999999764e+02, 6.908730000000000079e-03
9.137680000000000291e+02, -7.883409999999999584e-01
9.137849999999999682e+02, 1.151920000000000027e-01
9.138010000000000446e+02, -6.504189999999999972e-02
9.138179999999999836e+02, -3.177869999999999862e-01
9.138350000000000364e+02, -6.461280000000000356e-01
9.138509999999999991e+02, -2.414939999999999864e-01
9.138680000000000518e+02, -4.502570000000000183e-01
9.138849999999999909e+02, -3.527750000000000052e-01
9.139009999999999536e+02, 1.952599999999999891e-01
9.139180000000000064e+02, 6.053720000000000212e-01
9.139349999999999454e+02, 4.531499999999999972e-01
9.139510000000000218e+02, 1.784450000000000092e+00
9.139679999999999609e+02, 1.846340000000000092e+00
9.139850000000000136e+02, -2.758419999999999761e-01
9.140009999999999764e+02, -1.876069999999999960e-01
9.140180000000000291e+02, -1.352510000000000101e+00
9.140349999999999682e+02, -1.147170000000000023e+00
9.140510000000000446e+02, -2.741810000000000080e-01
9.140679999999999836e+02, -1.833450000000000010e-02
9.140850000000000364e+02, -5.804840000000000000e-01
9.141009999999999991e+02, 7.129229999999999734e-01
9.141180000000000518e+02, -6.890650000000000386e-01
9.141349999999999909e+02, -9.343540000000000179e-01
9.141509999999999536e+02, -9.798430000000000195e-01
9.141680000000000064e+02, -5.283729999999999816e-01
9.141849999999999454e+02, 6.002119999999999678e-01
9.142010000000000218e+02, -4.635249999999999787e-02
9.142179999999999609e+02, -4.975310000000000010e-01
9.142350000000000136e+02, -3.885930000000000217e-01
9.142509999999999764e+02, 1.843290000000000095e+00
9.142680000000000291e+02, 4.043459999999999832e-01
9.142849999999999682e+02, -3.902320000000000233e-01
9.143010000000000446e+02, -2.115990000000000038e+00
9.143179999999999836e+02, -7.351680000000000437e-01
9.143350000000000364e+02, -1.983669999999999878e-02
9.143509999999999991e+02, 1.604540000000000077e+00
9.143680000000000518e+02, 1.625329999999999941e+00
9.143849999999999909e+02, -1.046120000000000036e-02
9.144009999999999536e+02, 7.537719999999999976e-01
9.144180000000000064e+02, -8.104600000000000692e-02
9.144349999999999454e+02, 3.403630000000000266e-01
9.144510000000000218e+02, -1.179439999999999933e-01
9.144679999999999609e+02, -6.136019999999999808e-01
9.144850000000000136e+02, -2.002670000000000172e+00
9.145009999999999764e+02, 1.952969999999999984e-01
9.145180000000000291e+02, 2.096669999999999923e-01
9.145349999999999682e+02, 1.629539999999999988e+00
9.145510000000000446e+02, -3.588520000000000043e-01
9.145679999999999836e+02, -2.835739999999999927e-01
9.145850000000000364e+02, -5.206509999999999749e-01
9.146009999999999991e+02, -6.027730000000000032e-01
9.146180000000000518e+02, 1.058699999999999974e+00
9.146349999999999909e+02, -8.016879999999999562e-01
9.146509999999999536e+02, 8.535559999999999814e-01
9.146680000000000064e+02, 8.747709999999999653e-01
9.146849999999999454e+02, -3.987069999999999781e-01
9.147010000000000218e+02, 7.284519999999999884e-01
9.147179999999999609e+02, -1.005579999999999918e+00
9.147350000000000136e+02, 2.892219999999999791e-01
9.147509999999999764e+02, 3.955080000000000262e-01
9.147680000000000291e+02, 1.272210000000000063e+00
9.147849999999999682e+02, -3.707380000000000120e-01
9.148010000000000446e+02, -6.303480000000000194e-01
9.148179999999999836e+02, -1.143210000000000059e+00
9.148350000000000364e+02, -1.201939999999999953e-01
9.148509999999999991e+02, 7.159849999999999548e-02
9.148680000000000518e+02, -4.174439999999999817e-01
9.148849999999999909e+02, 1.744209999999999927e-01
9.149009999999999536e+02, 9.909240000000000270e-01
9.149180000000000064e+02, 1.336729999999999974e+00
9.149349999999999454e+02, 5.639560000000000128e-01
9.149510000000000218e+02, 3.909590000000000010e-01
9.149679999999999609e+02, -1.354139999999999899e+00
9.149850000000000136e+02, -2.802180000000000226e-01
9.150009999999999764e+02, -9.795120000000000215e-02
9.150180000000000291e+02, 4.908879999999999910e-01
9.150349999999999682e+02, -7.677509999999999613e-01
9.150510000000000446e+02, -1.094510000000000094e+00
9.150679999999999836e+02, 5.842420000000000252e-02
9.150850000000000364e+02, -3.196100000000000052e-01
9.151009999999999991e+02, 9.169220000000000148e-01
9.151180000000000518e+02, 9.275050000000000239e-01
9.151349999999999909e+02, 3.400210000000000177e-01
9.151509999999999536e+02, 1.276289999999999925e+00
9.151680000000000064e+02, 3.696439999999999726e-01
9.151849999999999454e+02, -3.402359999999999829e-01
9.152010000000000218e+02, -4.353920000000000012e-01
9.152179999999999609e+02, -1.234730000000000029e-02
9.152350000000000136e+02, 6.006620000000000292e-01
9.152509999999999764e+02, -1.822810000000000041e+00
9.152680000000000291e+02, 1.891899999999999971e-01
9.152849999999999682e+02, -5.556999999999999718e-01
9.153010000000000446e+02, -1.103610000000000008e-01
9.153179999999999836e+02, 1.165689999999999893e+00
9.153350000000000364e+02, -6.196480000000000044e-02
9.153509999999999991e+02, -3.238710000000000200e-01
9.153680000000000518e+02, -2.514560000000000128e-01
9.153849999999999909e+02, -5.627860000000000085e-01
9.154009999999999536e+02, 3.445550000000000002e-01
9.154180000000000064e+02, -7.837250000000000050e-01
9.154349999999999454e+02, 7.001929999999999543e-01
9.154510000000000218e+02, -8.943520000000000358e-01
9.154679999999999609e+02, -1.013519999999999976e+00
9.154850000000000136e+02, -1.245219999999999994e+00
9.155009999999999764e+02, 8.879950000000000343e-02
9.155180000000000291e+02, 2.736750000000000016e-01
9.155349999999999682e+02, -6.956309999999999993e-01
9.155510000000000446e+02, -1.818780000000000119e-01
9.155679999999999836e+02, -2.916929999999999801e-01
9.155850000000000364e+02, -1.119669999999999943e+00
9.156009999999999991e+02, -6.396469999999999656e-01
9.156180000000000518e+02, 5.950569999999999471e-01
9.156349999999999909e+02, -5.785010000000000430e-01
9.156509999999999536e+02, -5.182029999999999692e-01
9.156680000000000064e+02, 6.472369999999999512e-01
9.156849999999999454e+02, -3.782019999999999826e-01
9.157010000000000218e+02, -9.864049999999999763e-01
9.157179999999999609e+02, -1.867129999999999956e+00
9.157350000000000136e+02, -2.016039999999999832e+00
9.157509999999999764e+02, -7.812890000000000112e-01
9.157680000000000291e+02, 2.360220000000000096e-01
9.157849999999999682e+02, 1.931650000000000089e+00
9.158010000000000446e+02, 6.132269999999999666e-01
9.158179999999999836e+02, -6.381930000000000103e-01
9.158350000000000364e+02, -9.639590000000000103e-01
9.158509999999999991e+02, -1.598300000000000054e+00
9.158680000000000518e+02, -1.208069999999999977e-01
9.158849999999999909e+02, 1.284010000000000096e+00
9.159009999999999536e+02, -1.037919999999999954e-01
9.159180000000000064e+02, 6.687110000000000554e-01
9.159349999999999454e+02, -1.271859999999999991e+00
9.159510000000000218e+02, -6.358350000000000390e-01
9.159679999999999609e+02, -2.368069999999999897e-01
9.159850000000000136e+02, 2.214630000000000098e+00
9.160009999999999764e+02, 6.025709999999999678e-01
9.160180000000000291e+02, 3.344409999999999883e-01
9.160349999999999682e+02, 1.356049999999999978e+00
9.160510000000000446e+02, -9.026990000000000292e-01
9.160679999999999836e+02, -1.468150000000000066e+00
9.160850000000000364e+02, -1.189580000000000082e+00
9.161009999999999991e+02, 1.174209999999999976e+00
9.161180000000000518e+02, -4.053249999999999909e-01
9.161349999999999909e+02, 2.739920000000000133e-01
9.161509999999999536e+02, -1.602369999999999906e-01
9.161680000000000064e+02, 6.262050000000000116e-01
9.161849999999999454e+02, 1.068980000000000041e+00
9.162010000000000218e+02, -5.503279999999999977e-02
9.162179999999999609e+02, 1.594759999999999955e+00
9.162350000000000136e+02, 3.937599999999999989e-01
9.162509999999999764e+02, 2.027039999999999953e-01
9.162680000000000291e+02, 1.226779999999999982e+00
9.162849999999999682e+02, -8.543110000000000426e-01
9.163010000000000446e+02, -4.727390000000000203e-01
9.163179999999999836e+02, -7.964510000000000201e-01
9.163350000000000364e+02, 7.676709999999999923e-01
9.163509999999999991e+02, 5.147129999999999761e-01
9.163680000000000518e+02, -4.137190000000000312e-02
9.163849999999999909e+02, -1.508979999999999988e+00
9.164009999999999536e+02, -7.180490000000000483e-01
9.164180000000000064e+02, 7.703590000000000160e-01
9.164349999999999454e+02, 1.073360000000000092e+00
9.164510000000000218e+02, 1.064850000000000074e+00
9.164679999999999609e+02, -9.284949999999999593e-01
9.164850000000000136e+02, -1.401629999999999932e+00
9.165009999999999764e+02, 5.062210000000000321e-01
9.165180000000000291e+02, 6.073409999999999920e-02
9.165349999999999682e+02, 3.765680000000000138e-01
9.165510000000000446e+02, -2.110019999999999951e-01
9.165679999999999836e+02, -9.092360000000000442e-01
9.165850000000000364e+02, -2.698780000000000179e+00
9.166009999999999991e+02, 9.387969999999999648e-02
9.166180000000000518e+02, 1.456810000000000049e-01
9.166349999999999909e+02, 1.044049999999999923e+00
9.166509999999999536e+02, -1.075429999999999997e-01
9.166680000000000064e+02, -2.356350000000000111e-01
9.166849999999999454e+02, -6.871829999999999883e-01
9.167010000000000218e+02, 2.851849999999999871e-02
9.167179999999999609e+02, -1.042690000000000006e-01
9.167350000000000136e+02, -4.509850000000000247e-01
9.167509999999999764e+02, -2.636149999999999882e-01
9.167680000000000291e+02, 3.485249999999999737e-01
9.167849999999999682e+02, 9.148100000000000120e-01
9.168010000000000446e+02, 4.491550000000000264e-01
9.168179999999999836e+02, -1.051879999999999926e+00
9.168350000000000364e+02, -1.074540000000000051e+00
9.168509999999999991e+02, -2.183720000000000105e+00
9.168680000000000518e+02, -7.813719999999999555e-01
9.168849999999999909e+02, 1.049770000000000092e+00
9.169009999999999536e+02, 1.630470000000000086e+00
9.169180000000000064e+02, 7.340870000000000450e-01
9.169349999999999454e+02, -5.837400000000000366e-01
9.169510000000000218e+02, 6.121600000000000374e-01
9.169679999999999609e+02, 5.078639999999999821e-01
9.169850000000000136e+02, 1.698979999999999935e+00
9.170009999999999764e+02, -8.222419999999999729e-02
9.170180000000000291e+02, -9.695669999999999566e-01
9.170349999999999682e+02, -4.159499999999999864e-01
9.170510000000000446e+02, -1.624950000000000006e-01
9.170679999999999836e+02, -1.051490000000000063e-01
9.170850000000000364e+02, 1.709580000000000100e+00
9.171009999999999991e+02, 1.159629999999999939e+00
9.171180000000000518e+02, -9.334909999999999597e-01
9.171349999999999909e+02, 4.055219999999999658e-02
9.171509999999999536e+02, 5.942990000000000078e-02
9.171680000000000064e+02, 1.158430000000000015e-01
9.171849999999999454e+02, 5.000660000000000105e-01
9.172010000000000218e+02, 1.100500000000000034e+00
9.172179999999999609e+02, 7.163899999999999713e-01
9.172350000000000136e+02, -9.163160000000000194e-01
9.172509999999999764e+02, 1.487619999999999942e+00
9.172680000000000291e+02, 6.333299999999999486e-01
9.172849999999999682e+02, 7.031460000000000488e-01
9.173010000000000446e+02, -6.545969999999999844e-01
9.173179999999999836e+02, 5.038350000000000328e-01
9.173350000000000364e+02, 5.512970000000000370e-01
9.173509999999999991e+02, 7.241429999999999811e-01
9.173680000000000518e+02, -1.331140000000000101e-01
9.173849999999999909e+02, -7.414789999999999992e-01
9.174009999999999536e+02, -4.122879999999999878e-01
9.174180000000000064e+02, -1.887659999999999894e+00
9.174349999999999454e+02, 5.072830000000000394e-01
9.174510000000000218e+02, -4.460680000000000200e-02
9.174679999999999609e+02, -4.027109999999999856e-01
9.174850000000000136e+02, 4.327869999999999773e-01
9.175009999999999764e+02, -6.543240000000000167e-01
9.175180000000000291e+02, -7.712620000000000031e-01
9.175349999999999682e+02, -9.857479999999999576e-01
9.175510000000000446e+02, 5.822760000000000158e-01
9.175679999999999836e+02, 6.713770000000000016e-01
9.175850000000000364e+02, -1.076270000000000060e+00
9.176009999999999991e+02, -6.269890000000000185e-01
9.176180000000000518e+02, 1.081229999999999913e+00
9.176349999999999909e+02, 1.009679999999999911e+00
9.176509999999999536e+02, -5.224659999999999721e-02
9.176680000000000064e+02, -6.680899999999999617e-01
9.176849999999999454e+02, 4.081250000000000155e-01
9.177010000000000218e+02, -1.178139999999999965e+00
9.177179999999999609e+02, 1.177769999999999984e+00
9.177350000000000136e+02, -1.624150000000000038e-01
9.177509999999999764e+02, 1.056540000000000035e+00
9.177680000000000291e+02, -4.028610000000000246e-01
9.177849999999999682e+02, 1.712670000000000026e-01
9.178010000000000446e+02, -6.740409999999999457e-02
9.178179999999999836e+02, 9.311920000000000197e-01
9.178350000000000364e+02, -7.321220000000000505e-01
9.178509999999999991e+02, -6.267310000000000381e-01
9.178680000000000518e+02, -6.007230000000000070e-01
9.178849999999999909e+02, -3.264170000000000127e-01
9.179009999999999536e+02, 5.262630000000000363e-01
9.179180000000000064e+02, 4.325490000000000168e-01
9.179349999999999454e+02, -1.663850000000000051e-02
9.179510000000000218e+02, 2.972190000000000110e-01
9.179679999999999609e+02, -6.476359999999999895e-01
9.179850000000000136e+02, 8.452889999999999571e-01
9.180009999999999764e+02, -3.774890000000000190e-01
9.180180000000000291e+02, 1.355609999999999982e+00
9.180349999999999682e+02, -1.237929999999999975e+00
9.180510000000000446e+02, -6.036620000000000319e-01
9.180679999999999836e+02, 5.056129999999999826e-03
9.180850000000000364e+02, -1.714140000000000108e-01
9.181009999999999991e+02, -4.287920000000000065e-01
9.181180000000000518e+02, 1.134789999999999965e+00
9.181349999999999909e+02, 9.642030000000000323e-01
9.181509999999999536e+02, 4.432869999999999866e-01
9.181680000000000064e+02, -1.155750000000000055e+00
9.181849999999999454e+02, -3.173949999999999827e-01
9.182010000000000218e+02, 6.878030000000000532e-01
9.182179999999999609e+02, 1.455759999999999943e+00
9.182350000000000136e+02, -5.791639999999999983e-02
9.182509999999999764e+02, -3.989050000000000096e-01
9.182680000000000291e+02, -1.242159999999999931e+00
9.182849999999999682e+02, -1.202120000000000077e+00
9.183010000000000446e+02, -6.828109999999999735e-02
9.183179999999999836e+02, 1.271549999999999958e+00
9.183350000000000364e+02, 6.615790000000000282e-01
9.183509999999999991e+02, 4.964890000000000136e-01
9.183680000000000518e+02, 2.888409999999999936e-02
9.183849999999999909e+02, -1.631740000000000135e-01
9.184009999999999536e+02, -1.740079999999999960e-01
9.184180000000000064e+02, -1.104219999999999979e+00
9.184349999999999454e+02, 1.211249999999999966e-01
9.184510000000000218e+02, -1.152879999999999905e+00
9.184679999999999609e+02, -8.176110000000000322e-02
9.184850000000000136e+02, 1.696519999999999972e-01
9.185009999999999764e+02, -1.815690000000000082e-01
9.185180000000000291e+02, -6.291130000000000333e-01
9.185349999999999682e+02, -2.057319999999999982e-01
9.185510000000000446e+02, -1.635329999999999950e+00
9.185679999999999836e+02, -2.144210000000000171e+00
9.185850000000000364e+02, -7.373600000000000154e-01
9.186009999999999991e+02, -6.900539999999999452e-01
9.186180000000000518e+02, 2.753829999999999889e-01
9.186349999999999909e+02, 1.330400000000000027e+00
9.186509999999999536e+02, 1.806540000000000090e-01
9.186680000000000064e+02, 1.497470000000000079e+00
9.186849999999999454e+02, 1.346890000000000032e-01
9.187010000000000218e+02, 3.260049999999999892e-01
9.187179999999999609e+02, 4.082669999999999910e-01
9.187350000000000136e+02, 6.570810000000000262e-01
9.187509999999999764e+02, 8.139220000000000343e-01
9.187680000000000291e+02, -3.864219999999999877e-01
9.187849999999999682e+02, -3.378079999999999972e-02
9.188010000000000446e+02, -5.233780000000000099e-01
9.188179999999999836e+02, 2.434320000000000095e-01
9.188350000000000364e+02, 4.173250000000000015e-01
9.188509999999999991e+02, 2.296739999999999893e-01
9.188680000000000518e+02, 1.410060000000000091e+00
9.188849999999999909e+02, -4.517659999999999731e-03
9.189009999999999536e+02, -8.182319999999999593e-01
9.189180000000000064e+02, -8.005210000000000381e-01
9.189349999999999454e+02, 6.453339999999999632e-01
9.189510000000000218e+02, -3.630030000000000201e-01
9.189679999999999609e+02, 7.703280000000000127e-01
9.189850000000000136e+02, -1.033889999999999976e+00
9.190009999999999764e+02, -1.780960000000000099e+00
9.190180000000000291e+02, -1.090379999999999960e-01
9.190349999999999682e+02, -6.126939999999999609e-01
9.190510000000000446e+02, -1.221970000000000001e+00
9.190679999999999836e+02, -9.233390000000000208e-01
9.190850000000000364e+02, -6.439160000000000439e-01
9.191009999999999991e+02, -2.001410000000000133e-01
9.191180000000000518e+02, -3.295049999999999923e-01
9.191349999999999909e+02, -6.182480000000000198e-01
9.191509999999999536e+02, 7.623790000000000289e-01
9.191680000000000064e+02, -4.007020000000000026e-01
9.191849999999999454e+02, -1.151389999999999914e+00
9.192010000000000218e+02, -1.279979999999999896e+00
9.192179999999999609e+02, -7.834999999999999742e-01
9.192350000000000136e+02, -1.154190000000000049e+00
9.192509999999999764e+02, 7.407070000000000043e-01
9.192680000000000291e+02, -8.568900000000000405e-01
9.192849999999999682e+02, 1.468649999999999956e-01
9.193010000000000446e+02, -9.244750000000000467e-01
9.193179999999999836e+02, -9.697249999999999481e-01
9.193350000000000364e+02, 1.411089999999999955e+00
9.193509999999999991e+02, -4.132350000000000190e-01
9.193680000000000518e+02, -1.039080000000000004e+00
9.193849999999999909e+02, -4.363070000000000004e-01
9.194009999999999536e+02, -1.591079999999999994e-01
9.194180000000000064e+02, 2.744280000000000053e-01
9.194349999999999454e+02, -1.939899999999999958e-01
9.194510000000000218e+02, 5.474310000000000009e-01
9.194679999999999609e+02, 8.971760000000000498e-03
9.194850000000000136e+02, 4.366720000000000046e-01
9.195009999999999764e+02, -5.396630000000000038e-01
9.195180000000000291e+02, -1.145399999999999974e+00
9.195349999999999682e+02, 1.716679999999999873e-01
9.195510000000000446e+02, 3.888690000000000202e-01
9.195679999999999836e+02, -2.676830000000000043e-01
9.195850000000000364e+02, 1.196490000000000054e-01
9.196009999999999991e+02, -3.725580000000000003e-01
9.196180000000000518e+02, 1.381240000000000023e+00
9.196349999999999909e+02, 8.602830000000000199e-01
9.196509999999999536e+02, -6.836309999999999887e-01
9.196680000000000064e+02, -4.042270000000000030e-01
9.196849999999999454e+02, -7.886210000000000164e-01
9.197010000000000218e+02, 1.628769999999999871e-02
9.197179999999999609e+02, 9.549689999999999568e-01
9.197350000000000136e+02, 4.337250000000000272e-01
9.197509999999999764e+02, -4.787739999999999774e-01
9.197680000000000291e+02, 1.565789999999999960e-01
9.197849999999999682e+02, -3.696200000000000041e-01
9.198010000000000446e+02, 1.140830000000000011e+00
9.198179999999999836e+02, -1.388349999999999973e+00
9.198350000000000364e+02, -3.185890000000000111e-01
9.198509999999999991e+02, 1.018310000000000048e+00
9.198680000000000518e+02, -2.600129999999999941e-01
9.198849999999999909e+02, 4.151790000000000203e-01
9.199009999999999536e+02, 3.427609999999999824e-01
9.199180000000000064e+02, -2.150819999999999954e-01
9.199349999999999454e+02, 2.289510000000000156e-02
9.199510000000000218e+02, 4.355280000000000262e-02
9.199679999999999609e+02, -1.160570000000000102e+00
9.199850000000000136e+02, -2.633329999999999838e-01
9.200009999999999764e+02, -4.026819999999999844e-01
9.200180000000000291e+02, 5.488199999999999745e-01
9.200349999999999682e+02, -2.294619999999999993e-01
9.200510000000000446e+02, 9.020300000000000540e-02
9.200679999999999836e+02, 5.519460000000000477e-01
9.200850000000000364e+02, 6.355389999999999651e-02
9.201009999999999991e+02, 4.145099999999999896e-01
9.201180000000000518e+02, -1.198059999999999903e+00
9.201349999999999909e+02, 1.260089999999999932e+00
9.201509999999999536e+02, 1.475990000000000080e-01
9.201680000000000064e+02, -8.481760000000000410e-01
9.201849999999999454e+02, 4.583099999999999952e-01
9.202010000000000218e+02, 5.905179999999999874e-01
9.202179999999999609e+02, -1.862250000000000016e-01
9.202350000000000136e+02, 1.644889999999999963e-01
9.202509999999999764e+02, -4.124880000000000213e-01
9.202680000000000291e+02, -3.564350000000000018e-01
9.202849999999999682e+02, -6.844900000000000428e-01
9.203010000000000446e+02, 8.882640000000000535e-01
9.203179999999999836e+02, -2.492409999999999903e-01
9.203350000000000364e+02, -4.309609999999999830e-01
9.203509999999999991e+02, -9.499159999999999826e-01
9.203680000000000518e+02, 1.845040000000000013e-01
9.203849999999999909e+02, 6.699159999999999560e-01
9.204009999999999536e+02, 1.470310000000000006e+00
9.204180000000000064e+02, 3.420799999999999952e-01
9.204349999999999454e+02, 1.581339999999999968e+00
9.204510000000000218e+02, -1.094400000000000039e+00
9.204679999999999609e+02, -2.776080000000000214e-01
9.204850000000000136e+02, -9.078859999999999708e-01
9.205009999999999764e+02, 1.277719999999999967e-01
9.205180000000000291e+02, 1.034019999999999939e-01
9.205349999999999682e+02, -6.043319999999999803e-01
9.205510000000000446e+02, -5.030040000000000067e-01
9.205679999999999836e+02, 3.974969999999999892e-01
9.205850000000000364e+02, -5.441939999999999972e-02
9.206009999999999991e+02, -1.225190000000000001e+00
9.206180000000000518e+02, -1.364290000000000003e+00
9.206349999999999909e+02, -4.521020000000000039e-01
9.206509999999999536e+02, 2.385309999999999930e-01
9.206680000000000064e+02, 1.988199999999999967e+00
9.206849999999999454e+02, 1.004839999999999955e+00
9.207010000000000218e+02, 9.778810000000000002e-01
9.207179999999999609e+02, 4.978369999999999740e-01
9.207350000000000136e+02, -4.740869999999999806e-01
9.207509999999999764e+02, -9.038789999999999325e-02
9.207680000000000291e+02, 3.715020000000000128e-02
9.207849999999999682e+02, 8.185289999999999511e-01
9.208010000000000446e+02, -2.294440000000000021e-02
9.208179999999999836e+02, 1.054989999999999956e-01
9.208350000000000364e+02, 6.355619999999999603e-01
9.208509999999999991e+02, -1.345879999999999965e+00
9.208680000000000518e+02, 7.125740000000000407e-01
9.208849999999999909e+02, 2.182889999999999830e-02
9.209009999999999536e+02, 8.401849999999999596e-02
9.209180000000000064e+02, 6.346690000000000387e-01
9.209349999999999454e+02, 1.369799999999999907e+00
9.209510000000000218e+02, 3.470039999999999791e-01
9.209679999999999609e+02, -1.029290000000000066e-01
9.209850000000000136e+02, -5.194170000000000037e-02
9.210009999999999764e+02, 4.058689999999999798e-01
9.210180000000000291e+02, 5.352479999999999460e-01
9.210349999999999682e+02, -1.089220000000000077e+00
9.210510000000000446e+02, -8.389159999999999950e-01
9.210679999999999836e+02, -5.027120000000000477e-01
9.210850000000000364e+02, 1.613760000000000083e+00
9.211009999999999991e+02, 2.015220000000000067e-01
9.211180000000000518e+02, -2.410799999999999887e-01
9.211349999999999909e+02, 4.396760000000000113e-01
9.211509999999999536e+02, 8.581199999999999939e-01
9.211680000000000064e+02, 1.918900000000000050e-01
9.211849999999999454e+02, 6.100050000000000194e-01
9.212010000000000218e+02, -1.051139999999999991e-01
9.212179999999999609e+02, -3.635749999999999815e-01
9.212350000000000136e+02, 5.370139999999999914e-01
9.212509999999999764e+02, 1.084470000000000045e+00
9.212680000000000291e+02, 6.921510000000000162e-02
9.212849999999999682e+02, -9.660159999999999858e-01
9.213010000000000446e+02, 2.979310000000000014e-01
9.213179999999999836e+02, 4.715130000000000154e-01
9.213350000000000364e+02, 3.807380000000000209e-01
9.213509999999999991e+02, 3.172820000000000085e-01
9.213680000000000518e+02, -5.345330000000000359e-01
9.213849999999999909e+02, -1.215950000000000086e+00
9.214009999999999536e+02, -3.908039999999999847e-01
9.214180000000000064e+02, -6.002669999999999950e-01
9.214349999999999454e+02, 1.218339999999999979e+00
9.214510000000000218e+02, 1.172430000000000083e+00
9.214679999999999609e+02, 3.630220000000000113e-01
9.214850000000000136e+02, 9.092729999999999979e-01
9.215009999999999764e+02, -5.687780000000000058e-01
9.215180000000000291e+02, -4.725539999999999741e-01
9.215349999999999682e+02, -1.271150000000000002e+00
9.215510000000000446e+02, -1.993419999999999914e-01
9.215679999999999836e+02, -4.989500000000000046e-01
9.215850000000000364e+02, 2.160519999999999941e-01
9.216009999999999991e+02, 3.394690000000000207e-01
9.216180000000000518e+02, 3.886890000000000067e-01
9.216349999999999909e+02, -4.056139999999999746e-01
9.216509999999999536e+02, -4.967159999999999909e-01
9.216680000000000064e+02, 1.381590000000000040e-01
9.216849999999999454e+02, 1.268110000000000070e+00
9.217010000000000218e+02, -5.316480000000000095e-01
9.217179999999999609e+02, -2.176389999999999991e-01
9.217350000000000136e+02, -5.744460000000000122e-01
9.217509999999999764e+02, -2.378730000000000011e-01
9.217680000000000291e+02, -8.346529999999999783e-01
9.217849999999999682e+02, -9.289520000000000000e-01
9.218010000000000446e+02, -8.906519999999999992e-01
9.218179999999999836e+02, -7.702209999999999612e-02
9.218350000000000364e+02, 2.007289999999999797e+00
9.218509999999999991e+02, -5.450030000000000152e-01
9.218680000000000518e+02, -1.442490000000000050e+00
9.218849999999999909e+02, 8.191929999999999490e-01
9.219009999999999536e+02, -3.004009999999999736e-01
9.219180000000000064e+02, -1.663370000000000126e-01
9.219349999999999454e+02, 1.960689999999999933e-01
9.219510000000000218e+02, -6.564489999999999492e-01
9.219679999999999609e+02, 1.711459999999999981e+00
9.219850000000000136e+02, 5.962420000000000497e-01
9.220009999999999764e+02, -4.880729999999999791e-02
9.220180000000000291e+02, 7.413009999999999877e-01
9.220349999999999682e+02, -8.622769999999999602e-01
9.220510000000000446e+02, -4.243489999999999762e-01
9.220679999999999836e+02, 1.265449999999999964e+00
9.220850000000000364e+02, 5.869889999999999830e-02
9.221009999999999991e+02, 1.451629999999999865e-01
9.221180000000000518e+02, -7.534170000000000034e-01
9.221349999999999909e+02, -1.521470000000000100e+00
9.221509999999999536e+02, -4.633099999999999996e-01
9.221680000000000064e+02, -1.872030000000000083e+00
9.221849999999999454e+02, -2.916079999999999783e-01
9.222010000000000218e+02, -1.819810000000000039e-01
9.222179999999999609e+02, 2.119639999999999969e+00
9.222350000000000136e+02, 1.642419999999999991e+00
9.222509999999999764e+02, 9.600379999999999470e-01
9.222680000000000291e+02, -9.004440000000000222e-01
9.222849999999999682e+02, -4.059559999999999835e-01
9.223010000000000446e+02, 1.140100000000000002e-01
9.223179999999999836e+02, 1.190989999999999993e+00
9.223350000000000364e+02, 5.593430000000000346e-01
9.223509999999999991e+02, 9.635509999999999908e-02
9.223680000000000518e+02, -1.900999999999999912e-01
9.223849999999999909e+02, 9.986249999999999849e-01
9.224009999999999536e+02, 3.475369999999999848e-02
9.224180000000000064e+02, -4.088780000000000192e-02
9.224349999999999454e+02, -8.055390000000000050e-01
9.224510000000000218e+02, 8.478179999999999605e-01
9.224679999999999609e+02, 9.930719999999999548e-01
9.224850000000000136e+02, 9.935349999999999737e-02
9.225009999999999764e+02, 2.034510000000000041e+00
9.225180000000000291e+02, 2.982440000000000091e-01
9.225349999999999682e+02, -6.160320000000000240e-01
9.225510000000000446e+02, -9.091930000000000289e-01
9.225679999999999836e+02, -1.439519999999999911e+00
9.225850000000000364e+02, -5.812260000000000204e-01
9.226009999999999991e+02, -1.059919999999999973e+00
9.226180000000000518e+02, 3.567980000000000040e-01
9.226349999999999909e+02, 8.289790000000000214e-01
9.226509999999999536e+02, -1.578749999999999876e-01
9.226680000000000064e+02, -1.028580000000000050e+00
9.226849999999999454e+02, -6.007900000000000462e-01
9.227010000000000218e+02, 3.515469999999999984e-01
9.227179999999999609e+02, -4.822250000000000147e-01
9.227350000000000136e+02, 1.017630000000000062e-01
9.227509999999999764e+02, -4.837520000000000153e-01
9.227680000000000291e+02, -1.558890000000000109e+00
9.227849999999999682e+02, 6.533260000000000456e-02
9.228010000000000446e+02, 6.716540000000000010e-02
9.228179999999999836e+02, 2.861250000000000182e-01
9.228350000000000364e+02, 1.227719999999999922e+00
9.228509999999999991e+02, 8.094019999999999548e-01
9.228680000000000518e+02, 8.108670000000000044e-01
9.228849999999999909e+02, -9.357450000000000490e-01
9.229009999999999536e+02, -1.556079999999999908e+00
9.229180000000000064e+02, -8.857739999999999503e-01
9.229349999999999454e+02, -1.409089999999999954e+00
9.229510000000000218e+02, 6.075440000000000007e-02
9.229679999999999609e+02, 3.447580000000000089e-02
9.229850000000000136e+02, 2.242180000000000006e-01
9.230009999999999764e+02, -1.608400000000000107e-01
9.230180000000000291e+02, 8.505549999999999500e-01
9.230349999999999682e+02, -8.329170000000000185e-01
9.230510000000000446e+02, 6.700139999999999985e-01
9.230679999999999836e+02, -1.672659999999999980e-01
9.230850000000000364e+02, -2.011539999999999995e-01
9.231009999999999991e+02, 1.302680000000000060e+00
9.231180000000000518e+02, -7.789829999999999810e-01
9.231349999999999909e+02, -2.607200000000000073e-01
9.231509999999999536e+02, 4.751949999999999924e-02
9.231680000000000064e+02, -1.707850000000000090e+00
9.231849999999999454e+02, -1.026059999999999972e+00
9.232010000000000218e+02, 4.510939999999999950e-01
9.232179999999999609e+02, -1.571099999999999941e+00
9.232350000000000136e+02, 1.569820000000000104e-01
9.232509999999999764e+02, 5.896249999999999547e-01
9.232680000000000291e+02, 1.326240000000000085e+00
9.232849999999999682e+02, -1.126309999999999922e+00
9.233010000000000446e+02, -4.291710000000000247e-01
9.233179999999999836e+02, 4.976069999999999799e-02
9.233350000000000364e+02, -1.487570000000000038e-02
9.233509999999999991e+02, -7.927410000000000290e-01
9.233680000000000518e+02, -5.401799999999999935e-01
9.233849999999999909e+02, -1.134269999999999889e+00
9.234009999999999536e+02, 2.751580000000000137e-01
9.234180000000000064e+02, 2.792160000000000197e-01
9.234349999999999454e+02, 4.798560000000000048e-01
9.234510000000000218e+02, 8.182250000000000634e-02
9.234679999999999609e+02, 4.484759999999999858e-01
9.234850000000000136e+02, 5.459680000000000089e-01
9.235009999999999764e+02, -9.374550000000000383e-01
9.235180000000000291e+02, -1.372519999999999962e+00
9.235349999999999682e+02, 3.161830000000000196e-02
9.235510000000000446e+02, -7.571309999999999985e-01
9.235679999999999836e+02, 1.265809999999999991e-01
9.235850000000000364e+02, 4.665400000000000102e-01
9.236009999999999991e+02, 1.992879999999999929e-01
9.236180000000000518e+02, -4.565460000000000074e-01
9.236349999999999909e+02, -5.585649999999999782e-01
9.236509999999999536e+02, 5.338400000000000090e-02
9.236680000000000064e+02, 3.587819999999999898e-02
9.236849999999999454e+02, -3.156360000000000277e-01
9.237010000000000218e+02, 1.504240000000000022e+00
9.237179999999999609e+02, 2.540220000000000256e-01
9.237350000000000136e+02, 2.652590000000000225e-01
9.237509999999999764e+02, 4.426100000000000034e-01
9.237680000000000291e+02, -6.892470000000000541e-01
9.237849999999999682e+02, -4.733289999999999997e-01
9.238010000000000446e+02, -1.628670000000000062e+00
9.238179999999999836e+02, 3.299869999999999748e-01
9.238350000000000364e+02, 9.113660000000000094e-01
9.238509999999999991e+02, 1.228459999999999969e-01
9.238680000000000518e+02, 8.499060000000000503e-01
9.238849999999999909e+02, 2.350980000000000084e-02
9.239009999999999536e+02, 3.939119999999999844e-01
9.239180000000000064e+02, 1.894619999999999971e+00
9.239349999999999454e+02, 3.480480000000000240e-01
9.239510000000000218e+02, -8.116980000000000306e-01
9.239679999999999609e+02, -2.031129999999999880e-01
9.239850000000000136e+02, 7.554739999999999789e-01
9.240009999999999764e+02, 1.173189999999999955e+00
9.240180000000000291e+02, 3.287669999999999759e-01
9.240349999999999682e+02, 8.043959999999999999e-01
9.240510000000000446e+02, -6.722799999999999887e-01
9.240679999999999836e+02, -1.233780000000000099e+00
9.240850000000000364e+02, -1.034229999999999983e+00
9.241009999999999991e+02, 2.011400000000000132e-01
9.241180000000000518e+02, 2.615750000000000020e-01
9.241349999999999909e+02, -8.455000000000000016e-02
9.241509999999999536e+02, -8.804009999999999614e-02
9.241680000000000064e+02, -9.816909999999999803e-01
9.241849999999999454e+02, -2.814650000000000207e-01
9.242010000000000218e+02, 1.674520000000000008e+00
9.242179999999999609e+02, 1.316459999999999964e+00
9.242350000000000136e+02, 1.165310000000000068e+00
9.242509999999999764e+02, 4.209919999999999773e-01
9.242680000000000291e+02, -7.844590000000000174e-01
9.242849999999999682e+02, -9.230939999999999701e-01
9.243010000000000446e+02, 5.909919999999999618e-01
9.243179999999999836e+02, 1.306990000000000096e+00
9.243350000000000364e+02, 1.231819999999999915e+00
9.243509999999999991e+02, -5.979179999999999495e-01
9.243680000000000518e+02, 9.429149999999999476e-01
9.243849999999999909e+02, -6.757859999999999978e-01
9.244009999999999536e+02, 9.233430000000000248e-01
9.244180000000000064e+02, 6.525429999999999842e-01
9.244349999999999454e+02, -6.352499999999999813e-02
9.244510000000000218e+02, 9.721629999999999994e-01
9.244679999999999609e+02, 9.121859999999999691e-02
9.244850000000000136e+02, -1.004199999999999982e+00
9.245009999999999764e+02, 4.283669999999999978e-01
9.245180000000000291e+02, -8.038619999999999655e-01
9.245349999999999682e+02, -4.253069999999999906e-01
9.245510000000000446e+02, -7.684509999999999952e-01
9.245679999999999836e+02, 8.970150000000000068e-01
9.245850000000000364e+02, 2.963770000000000016e-01
9.246009999999999991e+02, 5.194520000000000248e-01
9.246180000000000518e+02, 6.358909999999999840e-01
9.246349999999999909e+02, 8.669059999999999544e-01
9.246509999999999536e+02, -6.004450000000000065e-02
9.246680000000000064e+02, 2.196329999999999949e-01
9.246849999999999454e+02, 1.272310000000000052e+00
9.247010000000000218e+02, -2.795279999999999987e-02
9.247179999999999609e+02, 8.711339999999999639e-01
9.247350000000000136e+02, 6.340390000000000192e-01
9.247509999999999764e+02, 4.022099999999999981e-02
9.247680000000000291e+02, 7.793909999999999449e-01
9.247849999999999682e+02, 4.447570000000000134e-01
9.248010000000000446e+02, -1.217150000000000037e-01
9.248179999999999836e+02, -6.062030000000000474e-01
9.248350000000000364e+02, 2.957739999999999814e-01
9.248509999999999991e+02, 7.706880000000000397e-01
9.248680000000000518e+02, -8.469790000000000374e-01
9.248849999999999909e+02, -3.293570000000000109e-01
9.249009999999999536e+02, -5.573050000000000503e-01
9.249180000000000064e+02, 2.513889999999999736e-01
9.249349999999999454e+02, -3.936760000000000259e-01
9.249510000000000218e+02, -1.694599999999999995e-01
9.249679999999999609e+02, 1.340709999999999992e-02
9.249850000000000136e+02, -2.392340000000000022e-01
9.250009999999999764e+02, -3.733410000000000201e-02
9.250180000000000291e+02, -2.524689999999999990e-01
9.250349999999999682e+02, -1.118750000000000022e-01
9.250510000000000446e+02, 1.013629999999999948e-01
9.250679999999999836e+02, -3.150450000000000195e-01
9.250850000000000364e+02, 6.299350000000000227e-01
9.251009999999999991e+02, 1.583539999999999948e+00
9.251180000000000518e+02, 1.822170000000000067e+00
9.251349999999999909e+02, -1.102889999999999926e+00
9.251509999999999536e+02, 2.338220000000000021e-01
9.251680000000000064e+02, -1.032280000000000003e-01
9.251849999999999454e+02, -3.954219999999999957e-02
9.252010000000000218e+02, -5.052070000000000172e-02
9.252179999999999609e+02, 3.203250000000000264e-01
9.252350000000000136e+02, 1.855110000000000092e-01
9.252509999999999764e+02, -9.873070000000000457e-01
9.252680000000000291e+02, 1.119839999999999947e+00
9.252849999999999682e+02, -3.024090000000000111e-02
9.253010000000000446e+02, 1.204569999999999946e-01
9.253179999999999836e+02, 1.730069999999999941e-01
9.253350000000000364e+02, 1.022729999999999917e+00
9.253509999999999991e+02, 1.203719999999999901e+00
9.253680000000000518e+02, 4.998710000000000098e-01
9.253849999999999909e+02, -3.352419999999999844e-01
9.254009999999999536e+02, 9.082010000000000360e-01
9.254180000000000064e+02, -7.958990000000000231e-01
9.254349999999999454e+02, -6.259230000000000071e-01
9.254510000000000218e+02, -9.577290000000000525e-01
9.254679999999999609e+02, -3.268759999999999999e-01
9.254850000000000136e+02, -7.491510000000000113e-01
9.255009999999999764e+02, -3.712980000000000169e-01
9.255180000000000291e+02, 4.838680000000000203e-01
9.255349999999999682e+02, 1.236830000000000096e+00
9.255510000000000446e+02, 8.408930000000000016e-01
9.255679999999999836e+02, 3.790799999999999725e-01
9.255850000000000364e+02, -8.489029999999999632e-01
9.256009999999999991e+02, -1.153059999999999974e+00
9.256180000000000518e+02, -6.891609999999999403e-02
9.256349999999999909e+02, -6.127209999999999601e-01
9.256509999999999536e+02, -1.516579999999999873e-01
9.256680000000000064e+02, -8.719270000000000076e-01
9.256849999999999454e+02, 5.288570000000000215e-01
9.257010000000000218e+02, 2.830219999999999958e-01
9.257179999999999609e+02, 1.397420000000000051e-01
9.257350000000000136e+02, 1.252639999999999976e+00
9.257509999999999764e+02, 2.399920000000000109e-01
9.257680000000000291e+02, 8.228770000000000528e-02
9.257849999999999682e+02, 2.872069999999999901e-01
9.258010000000000446e+02, -5.037709999999999688e-01
9.258179999999999836e+02, 2.177000000000000046e-01
9.258350000000000364e+02, -1.044720000000000093e+00
9.258509999999999991e+02, 1.145680000000000032e-01
9.258680000000000518e+02, -3.063899999999999957e-01
9.258849999999999909e+02, -7.925879999999999592e-01
9.259009999999999536e+02, -1.061930000000000041e+00
9.259180000000000064e+02, -5.017669999999999630e-01
9.259349999999999454e+02, -2.663019999999999832e-01
9.259510000000000218e+02, -8.271169999999999911e-01
9.259679999999999609e+02, -1.309269999999999878e-01
9.259850000000000136e+02, 4.078919999999999768e-01
9.260009999999999764e+02, 3.903420000000000223e-01
9.260180000000000291e+02, 5.584289999999999532e-01
9.260349999999999682e+02, -8.213369999999999838e-01
9.260510000000000446e+02, -1.964569999999999927e+00
9.260679999999999836e+02, -1.581439999999999957e+00
9.260850000000000364e+02, 8.840369999999999617e-01
9.261009999999999991e+02, -8.508700000000000152e-01
9.261180000000000518e+02, 7.479970000000000230e-01
9.261349999999999909e+02, -1.033779999999999921e+00
9.261509999999999536e+02, -9.877359999999999474e-01
9.261680000000000064e+02, -8.820010000000000350e-01
9.261849999999999454e+02, 9.932249999999999412e-02
9.262010000000000218e+02, 1.086570000000000036e+00
9.262179999999999609e+02, 3.344329999999999803e-01
9.262350000000000136e+02, -2.444159999999999944e-01
9.262509999999999764e+02, -9.207250000000000156e-02
9.262680000000000291e+02, -4.410749999999999948e-01
9.262849999999999682e+02, 5.872629999999999795e-01
9.263010000000000446e+02, -1.698629999999999932e-02
9.263179999999999836e+02, 3.082460000000000200e-01
9.263350000000000364e+02, 1.395659999999999901e+00
9.263509999999999991e+02, 1.349140000000000006e+00
9.263680000000000518e+02, -7.946539999999999715e-01
9.263849999999999909e+02, -7.100480000000000125e-01
9.264009999999999536e+02, -1.097569999999999935e+00
9.264180000000000064e+02, 6.178500000000000103e-01
9.264349999999999454e+02, -3.473169999999999868e-01
9.264510000000000218e+02, 4.482150000000000023e-02
9.264679999999999609e+02, 1.286750000000000116e-01
9.264850000000000136e+02, -9.859419999999999851e-01
9.265009999999999764e+02, -7.697719999999999563e-02
9.265180000000000291e+02, 3.123029999999999973e-01
9.265349999999999682e+02, 5.283919999999999728e-01
9.265510000000000446e+02, -7.159229999999999761e-01
9.265679999999999836e+02, -8.780250000000000554e-01
9.265850000000000364e+02, -9.374259999999999815e-01
9.266009999999999991e+02, -6.036150000000000126e-01
9.266180000000000518e+02, 1.344700000000000006e+00
9.266349999999999909e+02, 1.328930000000000111e-01
9.266509999999999536e+02, 1.039619999999999989e+00
9.266680000000000064e+02, 4.974950000000000205e-01
9.266849999999999454e+02, 1.503950000000000009e-01
9.267010000000000218e+02, 1.345849999999999991e+00
9.267179999999999609e+02, 1.647990000000000066e+00
9.267350000000000136e+02, -8.280969999999999720e-01
9.267509999999999764e+02, -1.213700000000000001e+00
9.267680000000000291e+02, -1.090140000000000109e+00
9.267849999999999682e+02, -8.202639999999999931e-01
9.268010000000000446e+02, 3.732360000000000122e-01
9.268179999999999836e+02, -7.861230000000000162e-01
9.268350000000000364e+02, 5.262029999999999763e-01
9.268509999999999991e+02, -6.955500000000000571e-02
9.268680000000000518e+02, -9.886599999999999833e-01
9.268849999999999909e+02, -3.149790000000000090e-01
9.269009999999999536e+02, 8.972629999999999495e-02
9.269180000000000064e+02, 1.773659999999999959e-01
9.269349999999999454e+02, -2.468879999999999963e-01
9.269510000000000218e+02, 4.496069999999999789e-01
9.269679999999999609e+02, 3.035300000000000220e-01
9.269850000000000136e+02, -1.894709999999999894e+00
9.270009999999999764e+02, -8.028560000000000141e-01
9.270180000000000291e+02, 2.448450000000000071e-01
9.270349999999999682e+02, -7.717009999999999703e-01
9.270510000000000446e+02, -2.764820000000000055e-01
9.270679999999999836e+02, 4.244350000000000067e-01
9.270850000000000364e+02, 8.910179999999999767e-01
9.271009999999999991e+02, -3.897300000000000070e-02
9.271180000000000518e+02, -1.232699999999999907e+00
9.271349999999999909e+02, -7.356939999999999591e-01
9.271509999999999536e+02, -1.845869999999999900e+00
9.271680000000000064e+02, 6.223149999999999515e-01
9.271849999999999454e+02, 7.942529999999999868e-01
9.272010000000000218e+02, 1.389489999999999892e+00
9.272179999999999609e+02, 1.080710000000000059e+00
9.272350000000000136e+02, 6.008339999999999792e-01
9.272509999999999764e+02, 3.500179999999999958e-01
9.272680000000000291e+02, -1.594139999999999890e+00
9.272849999999999682e+02, -1.508289999999999909e+00
9.273010000000000446e+02, -8.542499999999999538e-01
9.273179999999999836e+02, -2.846159999999999801e-01
9.273350000000000364e+02, 1.537789999999999990e-01
9.273509999999999991e+02, 9.243890000000000162e-01
9.273680000000000518e+02, 4.930680000000000063e-01
9.273849999999999909e+02, -1.149199999999999944e-01
9.274009999999999536e+02, -4.981769999999999810e-01
9.274180000000000064e+02, -1.214760000000000006e-01
9.274349999999999454e+02, 1.934420000000000028e-01
9.274510000000000218e+02, 1.212499999999999911e+00
9.274679999999999609e+02, 1.720190000000000052e-01
9.274850000000000136e+02, 5.918210000000000137e-02
9.275009999999999764e+02, 1.780609999999999971e-01
9.275180000000000291e+02, 2.840449999999999919e-01
9.275349999999999682e+02, 1.175059999999999993e+00
9.275510000000000446e+02, 1.009509999999999907e+00
9.275679999999999836e+02, 4.838810000000000056e-01
9.275850000000000364e+02, -4.479290000000000216e-01
9.276009999999999991e+02, 4.774820000000000175e-01
9.276180000000000518e+02, -2.709079999999999822e-01
9.276349999999999909e+02, 3.962559999999999971e-01
9.276509999999999536e+02, 6.981500000000000483e-01
9.276680000000000064e+02, -1.162409999999999943e+00
9.276849999999999454e+02, -7.611059999999999492e-01
9.277010000000000218e+02, -1.490119999999999889e+00
9.277179999999999609e+02, -3.648109999999999964e-01
9.277350000000000136e+02, -8.411530000000000395e-01
9.277509999999999764e+02, -1.208680000000000032e-01
9.277680000000000291e+02, 1.082680000000000087e+00
9.277849999999999682e+02, -1.382349999999999968e+00
9.278010000000000446e+02, 8.859939999999999483e-01
9.278179999999999836e+02, 6.793460000000000054e-01
9.278350000000000364e+02, 6.824160000000000226e-01
9.278509999999999991e+02, -3.682570000000000010e-01
9.278680000000000518e+02, 2.564640000000000253e-01
9.278849999999999909e+02, 1.516099999999999948e-01
9.279009999999999536e+02, -1.461740000000000039e+00
9.279180000000000064e+02, 2.897090000000000169e-03
9.279349999999999454e+02, -6.165589999999999682e-01
9.279510000000000218e+02, 8.043810000000000127e-01
9.279679999999999609e+02, 2.160280000000000200e+00
9.279850000000000136e+02, 7.175149999999999584e-02
9.280009999999999764e+02, 6.073209999999999997e-01
9.280180000000000291e+02, -2.967940000000000023e-01
9.280349999999999682e+02, -1.744650000000000034e+00
9.280510000000000446e+02, 8.897420000000000329e-01
9.280679999999999836e+02, -1.551299999999999901e+00
9.280850000000000364e+02, -1.589420000000000069e-02
9.281009999999999991e+02, 6.459160000000000457e-01
9.281180000000000518e+02, -1.346060000000000034e+00
9.281349999999999909e+02, -3.098899999999999919e-02
9.281509999999999536e+02, -3.831629999999999758e-01
9.281680000000000064e+02, -3.024470000000000214e-01
9.281849999999999454e+02, -9.777160000000000017e-02
9.282010000000000218e+02, 3.098310000000000231e-01
9.282179999999999609e+02, -2.626160000000000161e-01
9.282350000000000136e+02, 1.416860000000000008e+00
9.282509999999999764e+02, 2.573219999999999952e-01
9.282680000000000291e+02, -1.322009999999999907e+00
9.282849999999999682e+02, 2.221710000000000074e-01
9.283010000000000446e+02, -5.532639999999999780e-01
9.283179999999999836e+02, 8.366080000000000183e-01
9.283350000000000364e+02, -4.185200000000000031e-01
9.283509999999999991e+02, 3.791849999999999943e-01
9.283680000000000518e+02, -4.120869999999999811e-01
9.283849999999999909e+02, -1.044640000000000013e-01
9.284009999999999536e+02, -3.062630000000000075e-01
9.284180000000000064e+02, 1.428939999999999932e-01
9.284349999999999454e+02, 1.709930000000000061e-01
9.284510000000000218e+02, 2.358520000000000061e-01
9.284679999999999609e+02, 1.470010000000000039e+00
9.284850000000000136e+02, 6.744539999999999980e-01
9.285009999999999764e+02, -3.671849999999999836e-01
9.285180000000000291e+02, 5.025680000000000147e-01
9.285349999999999682e+02, 3.724140000000000228e-01
9.285510000000000446e+02, 4.576879999999999837e-01
9.285679999999999836e+02, -5.282120000000000148e-01
9.285850000000000364e+02, 7.549139999999999739e-01
9.286009999999999991e+02, 5.464780000000000332e-02
9.286180000000000518e+02, 3.891299999999999759e-01
9.286349999999999909e+02, 1.373070000000000013e+00
9.286509999999999536e+02, 3.096889999999999921e-01
9.286680000000000064e+02, 3.918699999999999961e-01
9.286849999999999454e+02, -1.380349999999999910e-01
9.287010000000000218e+02, 5.684660000000000268e-01
9.287179999999999609e+02, 8.326029999999999820e-01
9.287350000000000136e+02, 2.980550000000000144e-01
9.287509999999999764e+02, 2.119119999999999893e-01
9.287680000000000291e+02, 1.360489999999999977e+00
9.287849999999999682e+02, 1.301569999999999894e+00
9.288010000000000446e+02, -6.230050000000000310e-01
9.288179999999999836e+02, -1.121420000000000056e-01
9.288350000000000364e+02, -1.568740000000000134e-01
9.288509999999999991e+02, 5.093569999999999487e-01
9.288680000000000518e+02, -4.784820000000000184e-01
9.288849999999999909e+02, 1.097909999999999997e-01
9.289009999999999536e+02, 1.211529999999999996e+00
9.289180000000000064e+02, 4.464219999999999647e-03
9.289349999999999454e+02, -8.563589999999999813e-01
9.289510000000000218e+02, 4.387639999999999874e-01
9.289679999999999609e+02, -1.342549999999999910e+00
9.289850000000000136e+02, -1.094019999999999992e+00
9.290009999999999764e+02, 6.859450000000000269e-01
9.290180000000000291e+02, 1.877250000000000085e+00
9.290349999999999682e+02, 4.497380000000000266e-01
9.290510000000000446e+02, -1.089890000000000025e-01
9.290679999999999836e+02, -1.621710000000000096e-01
9.290850000000000364e+02, 2.068489999999999912e-02
9.291009999999999991e+02, -3.128980000000000095e-01
9.291180000000000518e+02, 2.572809999999999819e-01
9.291349999999999909e+02, -3.816760000000000153e-01
9.291509999999999536e+02, -7.934330000000000549e-01
9.291680000000000064e+02, -4.347609999999999669e-02
9.291849999999999454e+02, -4.955709999999999837e-01
9.292010000000000218e+02, -4.194700000000000095e-01
9.292179999999999609e+02, 1.194180000000000019e+00
9.292350000000000136e+02, -3.329540000000000277e-02
9.292509999999999764e+02, -2.291410000000000113e-01
9.292680000000000291e+02, 5.268929999999999447e-01
9.292849999999999682e+02, -7.577920000000000211e-01
9.293010000000000446e+02, -1.353040000000000020e+00
9.293179999999999836e+02, -6.265800000000000258e-01
9.293350000000000364e+02, -2.756089999999999929e-01
9.293509999999999991e+02, -4.043350000000000000e-01
9.293680000000000518e+02, -2.783559999999999923e-01
9.293849999999999909e+02, -6.640399999999999636e-01
9.294009999999999536e+02, -4.479710000000000081e-01
9.294180000000000064e+02, 4.332940000000000125e-01
9.294349999999999454e+02, -6.110150000000000303e-02
9.294510000000000218e+02, 1.114249999999999963e+00
9.294679999999999609e+02, 9.175210000000000310e-01
9.294850000000000136e+02, -2.918209999999999971e-01
9.295009999999999764e+02, -4.861230000000000273e-01
9.295180000000000291e+02, 9.347809999999999730e-01
9.295349999999999682e+02, -7.615690000000000515e-01
9.295510000000000446e+02, 3.601730000000000209e-01
9.295679999999999836e+02, 7.274110000000000298e-01
9.295850000000000364e+02, 2.795920000000000072e-01
9.296009999999999991e+02, -7.751840000000000119e-02
9.296180000000000518e+02, 1.009219999999999978e-01
9.296349999999999909e+02, -4.767970000000000264e-01
9.296509999999999536e+02, 2.077959999999999790e-03
9.296680000000000064e+02, 2.602929999999999966e-01
9.296849999999999454e+02, 3.736610000000000209e-01
9.297010000000000218e+02, 1.273349999999999982e+00
9.297179999999999609e+02, 1.460089999999999999e-01
9.297350000000000136e+02, 2.088250000000000106e-01
9.297509999999999764e+02, 5.926270000000000149e-01
9.297680000000000291e+02, 1.056140000000000079e+00
9.297849999999999682e+02, 1.628290000000000015e+00
9.298010000000000446e+02, 4.446189999999999864e-01
9.298179999999999836e+02, -1.771189999999999987e-01
9.298350000000000364e+02, -4.364190000000000014e-01
9.298509999999999991e+02, -4.122990000000000266e-01
9.298680000000000518e+02, -1.328920000000000101e+00
9.298849999999999909e+02, -4.838919999999999888e-01
9.299009999999999536e+02, -4.161569999999999991e-01
9.299180000000000064e+02, 3.110749999999999904e-01
9.299349999999999454e+02, -4.772859999999999880e-01
9.299510000000000218e+02, -1.571589999999999931e-01
9.299679999999999609e+02, -9.429079999999999406e-02
9.299850000000000136e+02, 1.518110000000000015e-01
9.300009999999999764e+02, 5.960450000000000470e-01
9.300180000000000291e+02, 9.917249999999999677e-01
9.300349999999999682e+02, 6.196500000000000341e-01
9.300510000000000446e+02, -2.147640000000000104e-01
9.300679999999999836e+02, -5.541289999999999827e-01
9.300850000000000364e+02, -4.079380000000000228e-01
9.301009999999999991e+02, -1.315790000000000015e+00
9.301180000000000518e+02, 8.351699999999999402e-02
9.301349999999999909e+02, -3.104620000000000157e-01
9.301509999999999536e+02, 5.285860000000000003e-01
9.301680000000000064e+02, 9.821830000000000283e-01
9.301849999999999454e+02, 5.721129999999999827e-01
9.302010000000000218e+02, -9.866580000000000350e-01
9.302179999999999609e+02, 2.980960000000000276e-01
9.302350000000000136e+02, 2.325939999999999952e-01
9.302509999999999764e+02, 5.413630000000000386e-01
9.302680000000000291e+02, 9.070219999999999949e-01
9.302849999999999682e+02, 5.289150000000000240e-01
9.303010000000000446e+02, 5.811589999999999812e-01
9.303179999999999836e+02, -1.112160000000000037e+00
9.303350000000000364e+02, -3.993709999999999760e-01
9.303509999999999991e+02, 4.009849999999999803e-01
9.303680000000000518e+02, -1.150419999999999998e+00
9.303849999999999909e+02, -1.261640000000000095e+00
9.304009999999999536e+02, 8.636519999999999753e-01
9.304180000000000064e+02, 1.145909999999999984e-01
9.304349999999999454e+02, 1.836440000000000017e-01
9.304510000000000218e+02, -5.073969999999999869e-01
9.304679999999999609e+02, 4.012959999999999861e-01
9.304850000000000136e+02, -7.487679999999999891e-01
9.305009999999999764e+02, -1.237689999999999957e+00
9.305180000000000291e+02, -1.033199999999999896e+00
9.305349999999999682e+02, -6.311529999999999641e-01
9.305510000000000446e+02, 7.053859999999999575e-01
9.305679999999999836e+02, -8.722649999999999848e-02
9.305850000000000364e+02, -2.221849999999999936e-01
9.306009999999999991e+02, -6.420489999999999808e-01
9.306180000000000518e+02, 6.309540000000000148e-01
9.306349999999999909e+02, 7.902879999999999905e-01
9.306509999999999536e+02, -1.711769999999999958e-01
9.306680000000000064e+02, -4.585839999999999916e-01
9.306849999999999454e+02, -8.183699999999999308e-02
9.307010000000000218e+02, 4.785460000000000269e-01
9.307179999999999609e+02, 1.678909999999999902e+00
9.307350000000000136e+02, 1.001870000000000038e+00
9.307509999999999764e+02, -1.006240000000000023e+00
9.307680000000000291e+02, -5.947670000000000456e-01
9.307849999999999682e+02, -5.572989999999999888e-01
9.308010000000000446e+02, 1.176679999999999948e+00
9.308179999999999836e+02, 2.010990000000000000e-02
9.308350000000000364e+02, 2.644529999999999936e-01
9.308509999999999991e+02, 9.515820000000000389e-01
9.308680000000000518e+02, -2.337990000000000068e-01
9.308849999999999909e+02, 2.419449999999999934e-01
9.309009999999999536e+02, -6.103830000000000089e-01
9.309180000000000064e+02, -4.353659999999999752e-01
9.309349999999999454e+02, -5.167070000000000274e-01
9.309510000000000218e+02, -3.099600000000000133e-01
9.309679999999999609e+02, 5.293219999999999592e-01
9.309850000000000136e+02, -7.404460000000000486e-01
9.310009999999999764e+02, 7.929230000000000445e-01
9.310180000000000291e+02, 6.399179999999999868e-01
9.310349999999999682e+02, 2.619710000000000094e-01
9.310510000000000446e+02, -7.538169999999999593e-01
9.310679999999999836e+02, -9.632290000000000019e-01
9.310850000000000364e+02, -6.057350000000000234e-01
9.311009999999999991e+02, 7.285139999999999949e-01
9.311180000000000518e+02, 1.420479999999999965e+00
9.311349999999999909e+02, 7.891329999999999734e-01
9.311509999999999536e+02, 7.808760000000000145e-01
9.311680000000000064e+02, -2.114640000000000075e+00
9.311849999999999454e+02, -4.679559999999999831e-01
9.312010000000000218e+02, -9.686090000000000533e-01
9.312179999999999609e+02, -1.034010000000000096e+00
9.312350000000000136e+02, -4.980419999999999726e-04
9.312509999999999764e+02, 3.035229999999999873e-01
9.312680000000000291e+02, 4.077560000000000073e-01
9.312849999999999682e+02, 8.854779999999999596e-02
9.313010000000000446e+02, -4.854959999999999831e-01
9.313179999999999836e+02, -2.229049999999999976e+00
9.313350000000000364e+02, 1.531930000000000014e+00
9.313509999999999991e+02, 3.628449999999999731e-01
9.313680000000000518e+02, 9.368980000000000086e-01
9.313849999999999909e+02, -1.071779999999999955e+00
9.314009999999999536e+02, -3.504920000000000258e-01
9.314180000000000064e+02, 1.787980000000000125e-01
9.314349999999999454e+02, 1.234969999999999901e+00
9.314510000000000218e+02, -2.496780000000000110e-01
9.314679999999999609e+02, -1.292580000000000062e+00
9.314850000000000136e+02, -1.209090000000000026e-01
9.315009999999999764e+02, -5.792000000000000481e-01
9.315180000000000291e+02, 4.774970000000000048e-01
9.315349999999999682e+02, 3.844150000000000067e-01
9.315510000000000446e+02, -5.767889999999999961e-01
9.315679999999999836e+02, -3.652340000000000031e-01
9.315850000000000364e+02, 6.665739999999999998e-01
9.316009999999999991e+02, 4.420850000000000057e-01
9.316180000000000518e+02, -6.737699999999999800e-01
9.316349999999999909e+02, -1.099099999999999966e+00
9.316509999999999536e+02, -6.664349999999999996e-01
9.316680000000000064e+02, -8.080260000000000220e-01
9.316849999999999454e+02, -1.680690000000000017e+00
9.317010000000000218e+02, -8.449870000000000436e-01
9.317179999999999609e+02, -1.566230000000000122e-01
9.317350000000000136e+02, -3.197760000000000047e-01
9.317509999999999764e+02, 4.618439999999999768e-01
9.317680000000000291e+02, 3.738560000000000216e-01
9.317849999999999682e+02, 1.607760000000000022e-01
9.318010000000000446e+02, -5.533799999999999830e-01
9.318179999999999836e+02, 7.264040000000000471e-04
9.318350000000000364e+02, -1.049749999999999961e+00
9.318509999999999991e+02, -3.080910000000000037e-01
9.318680000000000518e+02, 9.551919999999999855e-02
9.318849999999999909e+02, -1.576500000000000123e-01
9.319009999999999536e+02, 5.642110000000000181e-01
9.319180000000000064e+02, -1.379599999999999937e+00
9.319349999999999454e+02, -1.895159999999999900e-01
9.319510000000000218e+02, -9.721919999999999451e-01
9.319679999999999609e+02, -2.601339999999999764e-01
9.319850000000000136e+02, -1.400079999999999991e+00
9.320009999999999764e+02, -6.250400000000000400e-02
9.320180000000000291e+02, -4.099430000000000018e-01
9.320349999999999682e+02, -5.964760000000000062e-01
9.320510000000000446e+02, 3.943550000000000111e-01
9.320679999999999836e+02, 1.457729999999999970e+00
9.320850000000000364e+02, -6.430609999999999937e-01
9.321009999999999991e+02, -3.789219999999999811e-01
9.321180000000000518e+02, 1.850880000000000025e-01
9.321349999999999909e+02, 7.565159999999999663e-01
9.321509999999999536e+02, 1.410709999999999908e+00
9.321680000000000064e+02, -3.882189999999999946e-02
9.321849999999999454e+02, -1.368069999999999897e+00
9.322010000000000218e+02, -1.915289999999999937e+00
9.322179999999999609e+02, 9.302200000000000468e-01
9.322350000000000136e+02, -7.157409999999999606e-01
9.322509999999999764e+02, 2.298070000000000057e+00
9.322680000000000291e+02, -9.549609999999999488e-01
9.322849999999999682e+02, -9.683540000000000203e-02
9.323010000000000446e+02, -7.326719999999999899e-01
9.323179999999999836e+02, 8.360830000000000206e-01
9.323350000000000364e+02, 9.256020000000000358e-01
9.323509999999999991e+02, 6.103460000000000552e-01
9.323680000000000518e+02, 5.107239999999999697e-02
9.323849999999999909e+02, -6.371149999999999869e-01
9.324009999999999536e+02, -2.248870000000000036e-02
9.324180000000000064e+02, 1.400550000000000128e-01
9.324349999999999454e+02, -2.059890000000000054e-01
9.324510000000000218e+02, -7.249379999999999713e-01
9.324679999999999609e+02, -1.333129999999999926e+00
9.324850000000000136e+02, -5.496839999999999504e-01
9.325009999999999764e+02, -6.049799999999999622e-01
9.325180000000000291e+02, 8.429459999999999731e-01
9.325349999999999682e+02, -2.709889999999999799e-01
9.325510000000000446e+02, -8.539439999999999531e-02
9.325679999999999836e+02, 1.721050000000000080e-01
9.325850000000000364e+02, -6.491740000000000288e-01
9.326009999999999991e+02, 2.007170000000000065e-01
9.326180000000000518e+02, -6.865830000000000544e-01
9.326349999999999909e+02, 1.347560000000000077e-02
9.326509999999999536e+02, 7.170260000000000522e-02
9.326680000000000064e+02, 2.774369999999999892e-01
9.326849999999999454e+02, 8.523049999999999793e-01
9.327010000000000218e+02, 1.855380000000000085e-01
9.327179999999999609e+02, 6.112610000000000543e-01
9.327350000000000136e+02, 1.368360000000000132e-01
9.327509999999999764e+02, 8.919869999999999743e-01
9.327680000000000291e+02, 6.021619999999999751e-01
9.327849999999999682e+02, -1.784570000000000045e-01
9.328010000000000446e+02, 2.688159999999999994e-01
9.328179999999999836e+02, 5.067180000000000017e-01
9.328350000000000364e+02, -1.614210000000000089e-01
9.328509999999999991e+02, 3.812780000000000058e-01
9.328680000000000518e+02, 6.241670000000000273e-01
9.328849999999999909e+02, 2.378780000000000061e-01
9.329009999999999536e+02, 3.271700000000000164e-01
9.329180000000000064e+02, 8.715290000000000536e-02
9.329349999999999454e+02, -4.239350000000000063e-01
9.329510000000000218e+02, -7.621449999999999614e-01
9.329679999999999609e+02, -1.167640000000000011e+00
9.329850000000000136e+02, -1.181280000000000108e+00
9.330009999999999764e+02, 6.966719999999999580e-01
9.330180000000000291e+02, 4.098350000000000048e-01
9.330349999999999682e+02, 7.988599999999999868e-02
9.330510000000000446e+02, -1.143409999999999982e-01
9.330679999999999836e+02, -4.598880000000000190e-01
9.330850000000000364e+02, -3.880339999999999900e-01
9.331009999999999991e+02, -1.452430000000000110e+00
9.331180000000000518e+02, -4.858710000000000112e-02
9.331349999999999909e+02, 3.754270000000000107e-01
9.331509999999999536e+02, 4.442720000000000002e-02
9.331680000000000064e+02, 1.010359999999999925e+00
9.331849999999999454e+02, 1.005549999999999944e+00
9.332010000000000218e+02, -5.026129999999999765e-01
9.332179999999999609e+02, 3.103770000000000140e-01
9.332350000000000136e+02, -2.697959999999999803e-01
9.332509999999999764e+02, -1.164989999999999970e+00
9.332680000000000291e+02, -6.361790000000000500e-01
9.332849999999999682e+02, -6.443470000000000031e-01
9.333010000000000446e+02, -2.178039999999999976e-01
9.333179999999999836e+02, -3.860199999999999743e-01
9.333350000000000364e+02, -8.449130000000000251e-01
9.333509999999999991e+02, -2.099119999999999875e-01
9.333680000000000518e+02, 3.830109999999999904e-01
9.333849999999999909e+02, 6.322100000000000497e-01
9.334009999999999536e+02, 1.149459999999999926e+00
9.334180000000000064e+02, 1.838349999999999984e-01
9.334349999999999454e+02, -6.915149999999999908e-01
9.334510000000000218e+02, -1.611690000000000067e+00
9.334679999999999609e+02, -1.036200000000000010e+00
9.334850000000000136e+02, 2.280620000000000130e-03
9.335009999999999764e+02, 3.049180000000000224e-01
9.335180000000000291e+02, -1.513649999999999940e+00
9.335349999999999682e+02, -1.034480000000000066e+00
9.335510000000000446e+02, -2.634739999999999860e-01
9.335679999999999836e+02, 1.817799999999999971e-01
9.335850000000000364e+02, 5.599899999999999878e-01
9.336009999999999991e+02, -8.608830000000000648e-02
9.336180000000000518e+02, 9.322219999999999951e-01
9.336349999999999909e+02, 3.296700000000000186e-01
9.336509999999999536e+02, 7.214800000000000102e-01
9.336680000000000064e+02, 9.217589999999999950e-01
9.336849999999999454e+02, 6.933409999999999851e-01
9.337010000000000218e+02, -1.133720000000000061e+00
9.337179999999999609e+02, -1.795630000000000004e-01
9.337350000000000136e+02, -5.026979999999999782e-01
9.337509999999999764e+02, 5.093140000000000445e-01
9.337680000000000291e+02, 7.733729999999999771e-01
9.337849999999999682e+02, 6.633419999999999872e-01
9.338010000000000446e+02, -1.106800000000000006e+00
9.338179999999999836e+02, -4.940749999999999864e-01
9.338350000000000364e+02, -1.300979999999999914e-01
9.338509999999999991e+02, 1.337970000000000104e+00
9.338680000000000518e+02, 5.333160000000000123e-01
9.338849999999999909e+02, -9.446609999999999729e-01
9.339009999999999536e+02, -4.961300000000000154e-01
9.339180000000000064e+02, 1.908879999999999910e+00
9.339349999999999454e+02, 1.471810000000000063e+00
9.339510000000000218e+02, -1.661739999999999884e-01
9.339679999999999609e+02, -1.649650000000000061e+00
9.339850000000000136e+02, -1.053139999999999965e+00
9.340009999999999764e+02, -5.948630000000000306e-01
9.340180000000000291e+02, -7.896210000000000173e-01
9.340349999999999682e+02, 7.891789999999999639e-01
9.340510000000000446e+02, -1.054669999999999996e+00
9.340679999999999836e+02, 6.871089999999999698e-01
9.340850000000000364e+02, 5.812979999999999814e-01
9.341009999999999991e+02, -8.335200000000000387e-01
9.341180000000000518e+02, 1.370479999999999920e+00
9.341349999999999909e+02, -1.238730000000000109e+00
9.341509999999999536e+02, 4.257059999999999733e-01
9.341680000000000064e+02, 6.587480000000000002e-01
9.341849999999999454e+02, 3.054919999999999858e-01
9.342010000000000218e+02, -5.452289999999999637e-01
9.342179999999999609e+02, -2.940949999999999953e-01
9.342350000000000136e+02, 1.322400000000000020e+00
9.342509999999999764e+02, 3.117699999999999916e-01
9.342680000000000291e+02, 2.581030000000000268e-01
9.342849999999999682e+02, -5.046929999999999472e-01
9.343010000000000446e+02, -1.147599999999999953e+00
9.343179999999999836e+02, 1.225589999999999957e+00
9.343350000000000364e+02, -4.891539999999999777e-01
9.343509999999999991e+02, -8.812899999999999900e-02
9.343680000000000518e+02, -2.346759999999999957e-01
9.343849999999999909e+02, -1.145280000000000076e+00
9.344009999999999536e+02, -9.179150000000000365e-01
9.344180000000000064e+02, -1.242240000000000011e+00
9.344349999999999454e+02, 5.961760000000000392e-01
9.344510000000000218e+02, -3.068239999999999856e-01
9.344679999999999609e+02, -4.144300000000000206e-01
9.344850000000000136e+02, -1.259509999999999907e+00
9.345009999999999764e+02, 1.039330000000000087e+00
9.345180000000000291e+02, 8.197910000000000474e-01
9.345349999999999682e+02, 6.397600000000000509e-02
9.345510000000000446e+02, 1.290169999999999928e-01
9.345679999999999836e+02, 2.867460000000000009e-01
9.345850000000000364e+02, 1.116789999999999949e+00
9.346009999999999991e+02, -6.627149999999999708e-02
9.346180000000000518e+02, 3.003689999999999971e-01
9.346349999999999909e+02, 3.533080000000000109e-01
9.346509999999999536e+02, 4.171559999999999852e-02
9.346680000000000064e+02, -4.351130000000000275e-01
9.346849999999999454e+02, -2.980079999999999951e-01
9.347010000000000218e+02, -4.631709999999999994e-01
9.347179999999999609e+02, 2.196750000000000091e-01
9.347350000000000136e+02, 1.295550000000000035e-01
9.347509999999999764e+02, -1.555060000000000109e+00
9.347680000000000291e+02, 6.937349999999999905e-01
9.347849999999999682e+02, -9.138939999999999564e-02
9.348010000000000446e+02, 1.631580000000000030e+00
9.348179999999999836e+02, 9.560959999999999459e-01
9.348350000000000364e+02, 1.167220000000000063e-01
9.348509999999999991e+02, 3.688540000000000152e-01
9.348680000000000518e+02, 2.927250000000000130e-01
9.348849999999999909e+02, -1.176840000000000108e+00
9.349009999999999536e+02, 1.004769999999999941e+00
9.349180000000000064e+02, -4.564650000000000096e-01
9.349349999999999454e+02, -2.889479999999999826e-01
9.349510000000000218e+02, -1.975909999999999889e-01
9.349679999999999609e+02, -4.157069999999999932e-01
9.349850000000000136e+02, 3.117229999999999723e-01
9.350009999999999764e+02, -6.141600000000000392e-01
9.350180000000000291e+02, 7.808910000000000018e-01
9.350349999999999682e+02, 4.752299999999999858e-01
9.350510000000000446e+02, 8.566930000000000378e-01
9.350679999999999836e+02, -3.006349999999999856e-01
9.350850000000000364e+02, -7.338879999999999848e-01
9.351009999999999991e+02, -8.318290000000000406e-01
9.351180000000000518e+02, -7.142800000000000260e-01
9.351349999999999909e+02, -6.219339999999999868e-01
9.351509999999999536e+02, -5.067260000000000097e-01
9.351680000000000064e+02, 2.773090000000000277e-01
9.351849999999999454e+02, -1.670260000000000078e+00
9.352010000000000218e+02, -2.628760000000000208e+00
9.352179999999999609e+02, -8.789200000000000346e-01
9.352350000000000136e+02, -1.553420000000000079e-01
9.352509999999999764e+02, 8.039380000000000415e-01
9.352680000000000291e+02, -5.067019999999999857e-01
9.352849999999999682e+02, 6.662869999999999626e-01
9.353010000000000446e+02, -1.226099999999999968e-01
9.353179999999999836e+02, 9.650140000000000384e-01
9.353350000000000364e+02, -9.986939999999999706e-01
9.353509999999999991e+02, -8.465669999999999584e-01
9.353680000000000518e+02, 1.194839999999999902e+00
9.353849999999999909e+02, 3.369110000000000160e-01
9.354009999999999536e+02, 4.806940000000000102e-01
9.354180000000000064e+02, 9.370159999999999600e-01
9.354349999999999454e+02, -1.227270000000000028e-01
9.354510000000000218e+02, 6.802340000000000053e-01
9.354679999999999609e+02, -2.527870000000000117e-02
9.354850000000000136e+02, 2.095499999999999863e-01
9.355009999999999764e+02, -7.339879999999999738e-01
9.355180000000000291e+02, -1.314000000000000057e+00
9.355349999999999682e+02, -1.007509999999999906e+00
9.355510000000000446e+02, 1.127670000000000061e-01
9.355679999999999836e+02, -3.921450000000000213e-01
9.355850000000000364e+02, 2.147290000000000032e-01
9.356009999999999991e+02, 1.395499999999999963e+00
9.356180000000000518e+02, 7.510609999999999786e-01
9.356349999999999909e+02, -3.183239999999999958e-01
9.356509999999999536e+02, 7.450850000000000528e-02
9.356680000000000064e+02, 6.586060000000000247e-01
9.356849999999999454e+02, -1.497680000000000122e-01
9.357010000000000218e+02, 7.283319999999999794e-01
9.357179999999999609e+02, -6.278820000000000512e-01
9.357350000000000136e+02, -9.481669999999999821e-01
9.357509999999999764e+02, -1.954120000000000079e+00
9.357680000000000291e+02, 1.879379999999999939e-02
9.357849999999999682e+02, 2.735420000000000074e-01
9.358010000000000446e+02, 4.950860000000000261e-01
9.358179999999999836e+02, -2.408569999999999878e-01
9.358350000000000364e+02, 1.225049999999999972e+00
9.358509999999999991e+02, 5.557309999999999750e-01
9.358680000000000518e+02, 6.623240000000000238e-01
9.358849999999999909e+02, -4.844200000000000172e-01
9.359009999999999536e+02, -9.256480000000000263e-01
9.359180000000000064e+02, 2.727120000000000100e-01
9.359349999999999454e+02, 9.349990000000000245e-01
9.359510000000000218e+02, 4.966430000000000011e-01
9.359679999999999609e+02, -2.226440000000000086e-01
9.359850000000000136e+02, 8.508350000000000080e-01
9.360009999999999764e+02, 9.066659999999999719e-01
9.360180000000000291e+02, 1.529490000000000016e-01
9.360349999999999682e+02, -7.902940000000000520e-01
9.360510000000000446e+02, 1.132129999999999942e-01
9.360679999999999836e+02, 1.102209999999999912e+00
9.360850000000000364e+02, -8.320050000000000709e-03
9.361009999999999991e+02, -1.874909999999999910e-01
9.361180000000000518e+02, -1.048519999999999897e+00
9.361349999999999909e+02, 2.919820000000000193e-01
9.361509999999999536e+02, 2.784659999999999913e-01
9.361680000000000064e+02, -9.633380000000000276e-01
9.361849999999999454e+02, -8.410199999999999620e-02
9.362010000000000218e+02, 1.016210000000000058e+00
9.362179999999999609e+02, -2.156550000000000133e-01
9.362350000000000136e+02, -1.232660000000000089e+00
9.362509999999999764e+02, -5.576389999999999958e-01
9.362680000000000291e+02, 6.003549999999999720e-01
9.362849999999999682e+02, 8.825110000000000454e-01
9.363010000000000446e+02, -9.472859999999999614e-01
9.363179999999999836e+02, -4.769820000000000171e-01
9.363350000000000364e+02, -2.440549999999999942e-01
9.363509999999999991e+02, 4.981260000000000132e-01
9.363680000000000518e+02, 1.241759999999999975e+00
9.363849999999999909e+02, 1.329110000000000014e+00
9.364009999999999536e+02, 4.513840000000000074e-01
9.364180000000000064e+02, -5.206260000000000332e-01
9.364349999999999454e+02, -9.782300000000000439e-01
9.364510000000000218e+02, -7.629000000000000226e-01
9.364679999999999609e+02, -2.247909999999999908e-01
9.364850000000000136e+02, 3.320190000000000086e-01
9.365009999999999764e+02, 1.219279999999999947e-01
9.365180000000000291e+02, -3.887539999999999885e-01
9.365349999999999682e+02, -1.249349999999999961e+00
9.365510000000000446e+02, -7.414750000000000507e-02
9.365679999999999836e+02, 1.077890000000000015e+00
9.365850000000000364e+02, 5.199409999999999865e-01
9.366009999999999991e+02, -1.163099999999999967e-01
9.366180000000000518e+02, -1.321639999999999926e+00
9.366349999999999909e+02, -9.676709999999999479e-01
9.366509999999999536e+02, -9.243479999999999475e-01
9.366680000000000064e+02, 1.111350000000000060e+00
9.366849999999999454e+02, 3.922700000000000076e-01
9.367010000000000218e+02, -2.206190000000000095e-01
9.367179999999999609e+02, 2.444060000000000121e-01
9.367350000000000136e+02, 4.810659999999999936e-01
9.367509999999999764e+02, 4.127089999999999925e-01
9.367680000000000291e+02, -1.301269999999999927e+00
9.367849999999999682e+02, -1.111560000000000104e+00
9.368010000000000446e+02, -4.359109999999999929e-01
9.368179999999999836e+02, -1.219859999999999944e+00
9.368350000000000364e+02, -7.626669999999999838e-01
9.368509999999999991e+02, 9.930240000000000178e-01
9.368680000000000518e+02, 5.361890000000000267e-01
9.368849999999999909e+02, 2.313500000000000001e-01
9.369009999999999536e+02, -1.902560000000000029e+00
9.369180000000000064e+02, 4.930419999999999803e-01
9.369349999999999454e+02, -3.718969999999999776e-01
9.369510000000000218e+02, -4.275390000000000024e-01
9.369679999999999609e+02, 3.592520000000000158e-01
9.369850000000000136e+02, -2.604380000000000028e-01
9.370009999999999764e+02, 4.671770000000000089e-01
9.370180000000000291e+02, 1.129720000000000057e+00
9.370349999999999682e+02, -6.031520000000000215e-01
9.370510000000000446e+02, -3.013930000000000220e-01
9.370679999999999836e+02, 3.683910000000000240e-01
9.370850000000000364e+02, -9.229450000000000154e-01
9.371009999999999991e+02, 1.727880000000000082e+00
9.371180000000000518e+02, 1.676769999999999927e-01
9.371349999999999909e+02, 1.843150000000000066e+00
9.371509999999999536e+02, -9.121519999999999628e-01
9.371680000000000064e+02, 6.439620000000000066e-03
9.371849999999999454e+02, -4.003200000000000092e-01
9.372010000000000218e+02, 3.196160000000000112e-01
9.372179999999999609e+02, 5.107410000000000005e-01
9.372350000000000136e+02, -1.631320000000000103e+00
9.372509999999999764e+02, -1.405699999999999950e+00
9.372680000000000291e+02, 1.379110000000000015e-04
9.372849999999999682e+02, 4.275950000000000029e-01
9.373010000000000446e+02, -1.033109999999999973e+00
9.373179999999999836e+02, 7.528380000000000072e-01
9.373350000000000364e+02, 8.098959999999999493e-01
9.373509999999999991e+02, 7.222229999999999484e-01
9.373680000000000518e+02, -4.843210000000000015e-01
9.373849999999999909e+02, 2.479810000000000070e-01
9.374009999999999536e+02, 1.301339999999999941e+00
9.374180000000000064e+02, 1.443899999999999961e+00
9.374349999999999454e+02, 2.485240000000000116e+00
9.374510000000000218e+02, 9.674570000000000114e-01
9.374679999999999609e+02, -2.734710000000000196e-01
9.374850000000000136e+02, -1.441140000000000088e+00
9.375009999999999764e+02, -1.416279999999999983e+00
9.375180000000000291e+02, -1.638679999999999998e-02
9.375349999999999682e+02, 3.464849999999999874e-01
9.375510000000000446e+02, -9.219239999999999380e-02
9.375679999999999836e+02, -1.652629999999999932e-01
9.375850000000000364e+02, 1.544039999999999996e-02
9.376009999999999991e+02, 8.601199999999999957e-01
9.376180000000000518e+02, 1.350090000000000012e+00
9.376349999999999909e+02, 1.234259999999999913e+00
9.376509999999999536e+02, -1.136379999999999946e+00
9.376680000000000064e+02, -3.639260000000000272e-01
9.376849999999999454e+02, -7.208440000000000403e-01
9.377010000000000218e+02, 4.920030000000000237e-01
9.377179999999999609e+02, 4.119519999999999849e-01
9.377350000000000136e+02, 1.029600000000000071e+00
9.377509999999999764e+02, 1.094770000000000021e+00
9.377680000000000291e+02, -6.124760000000000204e-01
9.377849999999999682e+02, -1.074900000000000022e-01
9.378010000000000446e+02, 4.925120000000000053e-01
9.378179999999999836e+02, 1.483200000000000074e+00
9.378350000000000364e+02, 2.025939999999999963e-01
9.378509999999999991e+02, -2.610389999999999933e-02
9.378680000000000518e+02, 7.652480000000000393e-01
9.378849999999999909e+02, -4.505979999999999985e-01
9.379009999999999536e+02, -1.119059999999999944e+00
9.379180000000000064e+02, -8.308820000000000094e-01
9.379349999999999454e+02, -6.147810000000000219e-01
9.379510000000000218e+02, 3.365130000000000066e-01
9.379679999999999609e+02, 9.561830000000000052e-01
9.379850000000000136e+02, 7.897920000000000496e-01
9.380009999999999764e+02, -8.498019999999999463e-01
9.380180000000000291e+02, -1.481570000000000054e+00
9.380349999999999682e+02, -7.185629999999999518e-01
9.380510000000000446e+02, -8.344510000000000538e-01
9.380679999999999836e+02, 8.943159999999999998e-02
9.380850000000000364e+02, 3.671570000000000111e-01
9.381009999999999991e+02, 1.226939999999999920e+00
9.381180000000000518e+02, 2.050780000000000047e+00
9.381349999999999909e+02, 2.156930000000000045e-03
9.381509999999999536e+02, -2.913450000000000067e-02
9.381680000000000064e+02, -1.864800000000000013e+00
9.381849999999999454e+02, 3.208639999999999826e-01
9.382010000000000218e+02, 5.484999999999999876e-01
9.382179999999999609e+02, -8.258379999999999610e-01
9.382350000000000136e+02, 7.558340000000000058e-01
9.382509999999999764e+02, 1.929589999999999916e+00
9.382680000000000291e+02, 5.452799999999999869e-01
9.382849999999999682e+02, -3.153140000000000109e-02
9.383010000000000446e+02, -6.536710000000000020e-01
9.383179999999999836e+02, -2.830639999999999823e-01
9.383350000000000364e+02, -1.546650000000000080e+00
9.383509999999999991e+02, -9.912320000000000020e-01
9.383680000000000518e+02, -1.663650000000000129e-01
9.383849999999999909e+02, 6.337460000000000315e-01
9.384009999999999536e+02, -4.141580000000000261e-01
9.384180000000000064e+02, -1.822989999999999888e-01
9.384349999999999454e+02, -9.194449999999999568e-01
9.384510000000000218e+02, -1.167550000000000088e+00
9.384679999999999609e+02, -5.559490000000000265e-01
9.384850000000000136e+02, -2.417549999999999977e-01
9.385009999999999764e+02, -2.949609999999999732e-01
9.385180000000000291e+02, 3.395989999999999842e-01
9.385349999999999682e+02, 5.045539999999999470e-01
9.385510000000000446e+02, -6.722949999999999759e-01
9.385679999999999836e+02, -3.544990000000000085e-01
9.385850000000000364e+02, -6.499070000000000125e-01
9.386009999999999991e+02, 4.270920000000000272e-01
9.386180000000000518e+02, -1.607180000000000067e-02
9.386349999999999909e+02, -6.698560000000000070e-01
9.386509999999999536e+02, 6.694940000000000335e-01
9.386680000000000064e+02, -1.069020000000000081e+00
9.386849999999999454e+02, 4.770190000000000263e-01
9.387010000000000218e+02, -6.531649999999999956e-01
9.387179999999999609e+02, -2.362329999999999985e-01
9.387350000000000136e+02, -2.828410000000000091e-01
9.387509999999999764e+02, -1.021880000000000011e-01
9.387680000000000291e+02, 3.404719999999999969e-01
9.387849999999999682e+02, -1.407610000000000028e+00
9.388010000000000446e+02, -6.046780000000000488e-01
9.388179999999999836e+02, 4.511740000000000195e-02
9.388350000000000364e+02, 1.924849999999999894e-01
9.388509999999999991e+02, 1.997959999999999958e+00
9.388680000000000518e+02, -3.426969999999999739e-01
9.388849999999999909e+02, 1.163540000000000019e+00
9.389009999999999536e+02, -1.647349999999999925e-01
9.389180000000000064e+02, 3.007489999999999886e-01
9.389349999999999454e+02, 3.648959999999999704e-02
9.389510000000000218e+02, -1.077869999999999939e-01
9.389679999999999609e+02, -6.771080000000000154e-02
9.389850000000000136e+02, 7.193330000000000002e-01
9.390009999999999764e+02, 4.034229999999999761e-01
9.390180000000000291e+02, 6.861969999999999459e-01
9.390349999999999682e+02, -3.840149999999999952e-01
9.390510000000000446e+02, 7.992209999999999592e-01
9.390679999999999836e+02, -1.663599999999999968e+00
9.390850000000000364e+02, -4.746940000000000048e-01
9.391009999999999991e+02, 8.339339999999999531e-01
9.391180000000000518e+02, -9.759349999999999969e-01
9.391349999999999909e+02, -2.492169999999999941e-01
9.391509999999999536e+02, 2.017339999999999911e+00
9.391680000000000064e+02, -9.239819999999999700e-01
9.391849999999999454e+02, 4.957710000000000172e-01
9.392010000000000218e+02, 2.489580000000000126e-01
9.392179999999999609e+02, -8.862579999999999902e-01
9.392350000000000136e+02, -3.013149999999999995e-01
9.392509999999999764e+02, -1.613450000000000051e+00
9.392680000000000291e+02, -1.068789999999999907e+00
9.392849999999999682e+02, 9.744170000000000609e-02
9.393010000000000446e+02, 6.836219999999999519e-01
9.393179999999999836e+02, 3.243670000000000164e-01
9.393350000000000364e+02, -2.064640000000000086e-01
9.393509999999999991e+02, -1.861879999999999979e+00
9.393680000000000518e+02, 8.905180000000000318e-01
9.393849999999999909e+02, -5.686409999999999521e-01
9.394009999999999536e+02, -8.936610000000000387e-01
9.394180000000000064e+02, 6.433900000000000174e-01
9.394349999999999454e+02, 1.021579999999999933e+00
9.394510000000000218e+02, -8.494140000000000024e-02
9.394679999999999609e+02, 3.552720000000000183e-02
9.394850000000000136e+02, 8.145289999999999475e-01
9.395009999999999764e+02, -2.562549999999999897e-02
9.395180000000000291e+02, 2.113980000000000026e-01
9.395349999999999682e+02, 1.450679999999999970e+00
9.395510000000000446e+02, -2.243330000000000085e-04
9.395679999999999836e+02, -1.881599999999999939e-01
9.395850000000000364e+02, 1.889949999999999963e-01
9.396009999999999991e+02, 5.165819999999999856e-01
9.396180000000000518e+02, 8.554450000000000109e-01
9.396349999999999909e+02, 1.841869999999999896e-01
9.396509999999999536e+02, -1.177610000000000046e+00
9.396680000000000064e+02, -1.763570000000000082e+00
9.396849999999999454e+02, 3.899799999999999933e-01
9.397010000000000218e+02, 8.610320000000000196e-01
9.397179999999999609e+02, 1.990030000000000132e-01
9.397350000000000136e+02, 6.393330000000000402e-01
9.397509999999999764e+02, -1.698040000000000105e-01
9.397680000000000291e+02, 2.602280000000000149e-01
9.397849999999999682e+02, 1.460110000000000019e-01
9.398010000000000446e+02, -2.002510000000000012e+00
9.398179999999999836e+02, -9.386259999999999604e-01
9.398350000000000364e+02, -1.579110000000000014e+00
9.398509999999999991e+02, 1.300669999999999993e+00
9.398680000000000518e+02, 1.553220000000000045e+00
9.398849999999999909e+02, 5.701490000000000169e-01
9.399009999999999536e+02, -1.377799999999999914e+00
9.399180000000000064e+02, -2.699190000000000200e-01
9.399349999999999454e+02, -1.283390000000000031e+00
9.399510000000000218e+02, -7.063369999999999926e-01
9.399679999999999609e+02, -4.243199999999999750e-01
9.399850000000000136e+02, -1.332770000000000010e+00
9.400009999999999764e+02, -4.499059999999999726e-01
9.400180000000000291e+02, 5.075870000000000104e-01
9.400349999999999682e+02, 3.095620000000000038e-01
9.400510000000000446e+02, 1.529339999999999866e-01
9.400679999999999836e+02, 1.682669999999999999e-01
9.400850000000000364e+02, 7.987480000000000135e-01
9.401009999999999991e+02, 1.261069999999999913e+00
9.401180000000000518e+02, -1.131709999999999994e+00
9.401349999999999909e+02, -7.545819999999999750e-01
9.401509999999999536e+02, -5.864399999999999613e-01
9.401680000000000064e+02, -3.123310000000000253e-01
9.401849999999999454e+02, -5.305800000000000100e-02
9.402010000000000218e+02, 2.015690000000000204e+00
9.402179999999999609e+02, 2.134300000000000086e-02
9.402350000000000136e+02, 1.737140000000000073e-01
9.402509999999999764e+02, -6.711580000000000323e-01
9.402680000000000291e+02, 4.342879999999999657e-02
9.402849999999999682e+02, 7.362599999999999700e-02
9.403010000000000446e+02, -1.285910000000000108e+00
9.403179999999999836e+02, 6.144800000000000262e-01
9.403350000000000364e+02, -1.815559999999999952e-01
9.403509999999999991e+02, 6.323860000000000592e-02
9.403680000000000518e+02, -9.489429999999999810e-01
9.403849999999999909e+02, 2.806600000000000206e-01
9.404009999999999536e+02, 1.289919999999999956e-01
9.404180000000000064e+02, 3.681280000000000108e-01
9.404349999999999454e+02, 7.892209999999999503e-02
9.404510000000000218e+02, -4.391919999999999852e-02
9.404679999999999609e+02, 4.317559999999999731e-01
9.404850000000000136e+02, 1.793719999999999981e+00
9.405009999999999764e+02, 1.371110000000000051e+00
9.405180000000000291e+02, 8.049619999999999553e-01
9.405349999999999682e+02, 2.158539999999999903e-01
9.405510000000000446e+02, -1.205810000000000048e+00
9.405679999999999836e+02, 2.848950000000000093e-01
9.405850000000000364e+02, 5.212670000000000359e-01
9.406009999999999991e+02, 1.229970000000000008e+00
9.406180000000000518e+02, 1.160760000000000014e+00
9.406349999999999909e+02, 2.449759999999999993e-01
9.406509999999999536e+02, -1.003090000000000037e+00
9.406680000000000064e+02, 3.988119999999999998e-01
9.406849999999999454e+02, 1.036950000000000038e+00
9.407010000000000218e+02, -2.763019999999999921e-01
9.407179999999999609e+02, -2.426929999999999921e-01
9.407350000000000136e+02, 8.200380000000000447e-01
9.407509999999999764e+02, 4.394419999999999993e-01
9.407680000000000291e+02, 1.007880000000000109e+00
9.407849999999999682e+02, -9.279450000000000198e-01
9.408010000000000446e+02, -1.047569999999999890e+00
9.408179999999999836e+02, -1.794680000000000053e+00
9.408350000000000364e+02, -4.352969999999999895e-01
9.408509999999999991e+02, 7.966659999999999853e-01
9.408680000000000518e+02, -1.847749999999999948e-01
9.408849999999999909e+02, 1.401639999999999997e+00
9.409009999999999536e+02, 8.576930000000000387e-01
9.409180000000000064e+02, 6.178500000000000103e-01
9.409349999999999454e+02, 1.625100000000000156e-02
9.409510000000000218e+02, -1.119909999999999961e+00
9.409679999999999609e+02, -8.623990000000000267e-01
9.409850000000000136e+02, -6.497270000000000545e-01
9.410009999999999764e+02, 4.219319999999999737e-01
9.410180000000000291e+02, 2.871750000000000136e-01
9.410349999999999682e+02, -9.500400000000000511e-02
9.410510000000000446e+02, -1.291650000000000020e-01
9.410679999999999836e+02, 7.308379999999999876e-01
9.410850000000000364e+02, 1.217589999999999950e+00
9.411009999999999991e+02, -1.039369999999999905e+00
9.411180000000000518e+02, -1.040790000000000104e+00
9.411349999999999909e+02, -1.557209999999999983e-01
9.411509999999999536e+02, 1.755490000000000106e-01
9.411680000000000064e+02, -8.275549999999999573e-02
9.411849999999999454e+02, 1.496929999999999927e-01
9.412010000000000218e+02, -9.211800000000000543e-02
9.412179999999999609e+02, 1.476760000000000017e-01
9.412350000000000136e+02, 8.368839999999999613e-01
9.412509999999999764e+02, 1.876109999999999944e+00
9.412680000000000291e+02, 7.700029999999999930e-01
9.412849999999999682e+02, -1.197899999999999965e+00
9.413010000000000446e+02, -8.520809999999999773e-01
9.413179999999999836e+02, -1.050169999999999992e-01
9.413350000000000364e+02, -1.510380000000000056e+00
9.413509999999999991e+02, -2.246599999999999986e-01
9.413680000000000518e+02, 1.042229999999999990e+00
9.413849999999999909e+02, -1.297939999999999927e-01
9.414009999999999536e+02, 2.749340000000000117e-02
9.414180000000000064e+02, -5.785609999999999919e-01
9.414349999999999454e+02, -1.656120000000000037e+00
9.414510000000000218e+02, 6.160269999999999913e-01
9.414679999999999609e+02, 1.452930000000000055e-01
9.414850000000000136e+02, -4.192930000000000268e-01
9.415009999999999764e+02, 8.099220000000000308e-01
9.415180000000000291e+02, 2.848789999999999933e-01
9.415349999999999682e+02, -4.894640000000000102e-01
9.415510000000000446e+02, 5.425309999999999855e-01
9.415679999999999836e+02, -3.542219999999999813e-01
9.415850000000000364e+02, -1.142220000000000013e+00
9.416009999999999991e+02, -6.700019999999999865e-01
9.416180000000000518e+02, -4.042459999999999942e-01
9.416349999999999909e+02, 5.726449999999999596e-01
9.416509999999999536e+02, 1.613739999999999952e+00
9.416680000000000064e+02, 7.701430000000000220e-01
9.416849999999999454e+02, 4.557849999999999957e-01
9.417010000000000218e+02, 2.245010000000000061e-02
9.417179999999999609e+02, -8.821130000000000360e-01
9.417350000000000136e+02, -1.050140000000000073e+00
9.417509999999999764e+02, -1.684520000000000017e+00
9.417680000000000291e+02, -2.677100000000000035e-01
9.417849999999999682e+02, -3.279440000000000133e-01
9.418010000000000446e+02, -5.675740000000000229e-01
9.418179999999999836e+02, -5.807120000000000060e-01
9.418350000000000364e+02, -6.123870000000000147e-01
9.418509999999999991e+02, 3.813320000000000043e-01
9.418680000000000518e+02, -3.288099999999999912e-01
9.418849999999999909e+02, -7.498150000000000648e-02
9.419009999999999536e+02, 1.914549999999999974e+00
9.419180000000000064e+02, 4.163979999999999904e-01
9.419349999999999454e+02, 2.570979999999999932e-01
9.419510000000000218e+02, 1.459989999999999899e-01
9.419679999999999609e+02, -2.037940000000000029e-01
9.419850000000000136e+02, 3.509399999999999742e-01
9.420009999999999764e+02, -4.137109999999999954e-01
9.420180000000000291e+02, -5.317629999999999857e-01
9.420349999999999682e+02, -5.098479999999999679e-02
9.420510000000000446e+02, -4.156270000000000242e-01
9.420679999999999836e+02, 2.007239999999999913e+00
9.420850000000000364e+02, 7.407949999999999813e-01
9.421009999999999991e+02, 6.398230000000000306e-01
9.421180000000000518e+02, 8.097320000000000073e-01
9.421349999999999909e+02, 7.045970000000000011e-02
9.421509999999999536e+02, 4.190460000000000018e-02
9.421680000000000064e+02, -1.678999999999999937e-01
9.421849999999999454e+02, 3.435110000000000108e-01
9.422010000000000218e+02, -1.484029999999999960e+00
9.422179999999999609e+02, 3.796829999999999927e-01
9.422350000000000136e+02, -7.220100000000000406e-01
9.422509999999999764e+02, -1.163939999999999975e+00
9.422680000000000291e+02, -9.313310000000000199e-01
9.422849999999999682e+02, 8.446030000000000204e-02
9.423010000000000446e+02, -3.278060000000000002e-02
9.423179999999999836e+02, 3.988349999999999951e-01
9.423350000000000364e+02, -9.739379999999999704e-01
9.423509999999999991e+02, -1.653960000000000097e+00
9.423680000000000518e+02, 4.339480000000000004e-01
9.423849999999999909e+02, 2.629889999999999728e-01
9.424009999999999536e+02, 3.374659999999999882e-01
9.424180000000000064e+02, 1.503049999999999997e+00
9.424349999999999454e+02, -6.903420000000000112e-01
9.424510000000000218e+02, 2.292599999999999916e-01
9.424679999999999609e+02, -4.723339999999999761e-01
9.424850000000000136e+02, -9.669659999999999367e-02
9.425009999999999764e+02, 1.849030000000000118e-01
9.425180000000000291e+02, -1.014329999999999954e-01
9.425349999999999682e+02, -1.099259999999999904e+00
9.425510000000000446e+02, -4.029499999999999749e-01
9.425679999999999836e+02, -1.616950000000000109e+00
9.425850000000000364e+02, 5.330700000000000438e-01
9.426009999999999991e+02, 3.586599999999999788e-01
9.426180000000000518e+02, 4.162100000000000244e-01
9.426349999999999909e+02, 1.126640000000000086e+00
9.426509999999999536e+02, 2.499619999999999898e-01
9.426680000000000064e+02, -1.489340000000000108e-01
9.426849999999999454e+02, 6.371440000000000436e-01
9.427010000000000218e+02, 6.843339999999999979e-01
9.427179999999999609e+02, -7.961209999999999676e-01
9.427350000000000136e+02, 6.844250000000000334e-02
9.427509999999999764e+02, -7.359210000000000473e-01
9.427680000000000291e+02, 1.012119999999999909e+00
9.427849999999999682e+02, -4.883040000000000158e-01
9.428010000000000446e+02, -1.275030000000000108e+00
9.428179999999999836e+02, 4.645509999999999917e-02
9.428350000000000364e+02, -6.892869999999999830e-01
9.428509999999999991e+02, -1.062370000000000037e+00
9.428680000000000518e+02, -1.187729999999999952e+00
9.428849999999999909e+02, -1.878039999999999932e+00
9.429009999999999536e+02, -2.474300000000000110e-01
9.429180000000000064e+02, -1.998489999999999989e-01
9.429349999999999454e+02, 1.439019999999999966e+00
9.429510000000000218e+02, 5.211940000000000461e-01
9.429679999999999609e+02, 8.166999999999999815e-01
9.429850000000000136e+02, 1.517759999999999998e+00
9.430009999999999764e+02, 7.795699999999999852e-02
9.430180000000000291e+02, -4.995729999999999893e-01
9.430349999999999682e+02, -2.378850000000000131e-01
9.430510000000000446e+02, 6.764259999999999717e-01
9.430679999999999836e+02, -1.035910000000000108e+00
9.430850000000000364e+02, 7.305700000000000527e-01
9.431009999999999991e+02, -5.970849999999999769e-02
9.431180000000000518e+02, 4.352090000000000125e-01
9.431349999999999909e+02, -8.021359999999999602e-01
9.431509999999999536e+02, 5.471580000000000332e-01
9.431680000000000064e+02, -6.976959999999999829e-01
9.431849999999999454e+02, -1.224750000000000005e+00
9.432010000000000218e+02, -1.645369999999999999e+00
9.432179999999999609e+02, -1.125210000000000043e+00
9.432350000000000136e+02, 3.861209999999999920e-01
9.432509999999999764e+02, -7.302540000000000420e-02
9.432680000000000291e+02, -9.067939999999999889e-01
9.432849999999999682e+02, 1.013679999999999914e+00
9.433010000000000446e+02, 7.150300000000000544e-01
9.433179999999999836e+02, 2.763240000000000141e-02
9.433350000000000364e+02, 1.291099999999999914e+00
9.433509999999999991e+02, 8.209510000000000418e-02
9.433680000000000518e+02, -3.991919999999999913e-01
9.433849999999999909e+02, 4.632740000000000191e-01
9.434009999999999536e+02, 2.714710000000000178e-01
9.434180000000000064e+02, 3.163670000000000093e-01
9.434349999999999454e+02, 5.025209999999999955e-01
9.434510000000000218e+02, 1.499870000000000037e+00
9.434679999999999609e+02, -3.283989999999999965e-01
9.434850000000000136e+02, 4.141429999999999834e-01
9.435009999999999764e+02, 9.212019999999999653e-01
9.435180000000000291e+02, 5.066570000000000240e-01
9.435349999999999682e+02, 3.471440000000000116e-03
9.435510000000000446e+02, -8.534809999999999619e-02
9.435679999999999836e+02, -3.043739999999999779e-01
9.435850000000000364e+02, 4.562610000000000277e-01
9.436009999999999991e+02, -7.576239999999999641e-01
9.436180000000000518e+02, -9.390600000000000336e-02
9.436349999999999909e+02, 1.280099999999999988e-02
9.436509999999999536e+02, -6.125579999999999914e-02
9.436680000000000064e+02, 1.615699999999999914e+00
9.436849999999999454e+02, -7.060199999999999809e-01
9.437010000000000218e+02, -1.213390000000000024e-01
9.437179999999999609e+02, -6.066639999999999810e-01
9.437350000000000136e+02, -4.472099999999999964e-01
9.437509999999999764e+02, -7.626239999999999686e-01
9.437680000000000291e+02, 1.291789999999999883e-01
9.437849999999999682e+02, -1.568419999999999925e+00
9.438010000000000446e+02, -8.416249999999999565e-01
9.438179999999999836e+02, 2.197060000000000124e-01
9.438350000000000364e+02, -3.277189999999999964e-02
9.438509999999999991e+02, 6.419800000000000506e-02
9.438680000000000518e+02, -1.190120000000000067e+00
9.438849999999999909e+02, -1.009630000000000027e+00
9.439009999999999536e+02, 4.139050000000000229e-01
9.439180000000000064e+02, 2.593980000000000175e-01
9.439349999999999454e+02, 1.110130000000000061e+00
9.439510000000000218e+02, -8.161420000000000341e-01
9.439679999999999609e+02, 3.763050000000000006e-01
9.439850000000000136e+02, -1.338419999999999943e+00
9.440009999999999764e+02, -3.921009999999999773e-02
9.440180000000000291e+02, -4.557990000000000097e-01
9.440349999999999682e+02, 1.337360000000000104e+00
9.440510000000000446e+02, 2.138520000000000199e+00
9.440679999999999836e+02, -6.165730000000000377e-01
9.440850000000000364e+02, -2.831259999999999888e-01
9.441009999999999991e+02, -1.451289999999999969e+00
9.441180000000000518e+02, -1.712299999999999933e+00
9.441349999999999909e+02, -2.864160000000000039e-01
9.441509999999999536e+02, -8.162909999999999611e-02
9.441680000000000064e+02, -5.118319999999999537e-01
9.441849999999999454e+02, -1.719749999999999890e+00
9.442010000000000218e+02, 5.649739999999999762e-01
9.442179999999999609e+02, 4.213819999999999788e-01
9.442350000000000136e+02, 1.246479999999999949e-01
9.442509999999999764e+02, 1.270280000000000076e+00
9.442680000000000291e+02, 6.407840000000000202e-01
9.442849999999999682e+02, 8.754600000000000160e-01
9.443010000000000446e+02, 1.592070000000000096e+00
9.443179999999999836e+02, -5.393980000000000441e-01
9.443350000000000364e+02, -7.067949999999999511e-01
9.443509999999999991e+02, 6.488560000000000161e-02
9.443680000000000518e+02, 1.068280000000000063e-01
9.443849999999999909e+02, 9.058839999999999948e-02
9.444009999999999536e+02, 1.145659999999999901e+00
9.444180000000000064e+02, 3.190810000000000035e-01
9.444349999999999454e+02, -1.671899999999999942e+00
9.444510000000000218e+02, -1.339360000000000106e+00
9.444679999999999609e+02, 6.876680000000000292e-02
9.444850000000000136e+02, 3.839400000000000035e-01
9.445009999999999764e+02, 4.355919999999999792e-01
9.445180000000000291e+02, 2.620879999999999876e-01
9.445349999999999682e+02, -3.886730000000000046e-02
9.445510000000000446e+02, 2.308730000000000157e-02
9.445679999999999836e+02, 1.181570000000000009e+00
9.445850000000000364e+02, 1.425359999999999960e-01
9.446009999999999991e+02, -2.419449999999999934e-01
9.446180000000000518e+02, 1.018329999999999957e+00
9.446349999999999909e+02, -6.349460000000000104e-01
9.446509999999999536e+02, -6.082490000000000396e-01
9.446680000000000064e+02, -1.298119999999999941e+00
9.446849999999999454e+02, -1.153689999999999993e-01
9.447010000000000218e+02, 1.567690000000000028e+00
9.447179999999999609e+02, -2.337229999999999863e-01
9.447350000000000136e+02, -2.039930000000000077e-01
9.447509999999999764e+02, -2.211229999999999862e-01
9.447680000000000291e+02, -1.377389999999999892e+00
9.447849999999999682e+02, -1.465559999999999974e+00
9.448010000000000446e+02, -3.051059999999999883e-01
9.448179999999999836e+02, -1.083760000000000057e+00
9.448350000000000364e+02, 2.128470000000000084e+00
9.448509999999999991e+02, 8.277839999999999643e-01
9.448680000000000518e+02, -1.052669999999999995e+00
9.448849999999999909e+02, 1.059609999999999941e+00
9.449009999999999536e+02, -1.665910000000000002e+00
9.449180000000000064e+02, -6.730019999999999891e-01
9.449349999999999454e+02, 1.843049999999999966e-01
9.449510000000000218e+02, 1.685219999999999940e+00
9.449679999999999609e+02, 8.114980000000000526e-01
9.449850000000000136e+02, 8.299119999999999830e-01
9.450009999999999764e+02, -4.360049999999999759e-01
9.450180000000000291e+02, -1.415249999999999897e+00
9.450349999999999682e+02, -1.435499999999999998e+00
9.450510000000000446e+02, 4.600150000000000072e-01
9.450679999999999836e+02, -1.742200000000000137e-01
9.450850000000000364e+02, 1.023490000000000011e+00
9.451009999999999991e+02, -3.979070000000000107e-01
9.451180000000000518e+02, 5.249519999999999742e-01
9.451349999999999909e+02, -3.263880000000000114e-01
9.451509999999999536e+02, -6.372520000000000406e-01
9.451680000000000064e+02, -1.567320000000000046e+00
9.451849999999999454e+02, -1.150069999999999926e+00
9.452010000000000218e+02, 2.626560000000000006e-01
9.452179999999999609e+02, 1.253759999999999986e+00
9.452350000000000136e+02, -2.935039999999999871e-02
9.452509999999999764e+02, -5.613510000000000444e-01
9.452680000000000291e+02, 4.215670000000000354e-03
9.452849999999999682e+02, 1.050729999999999942e+00
9.453010000000000446e+02, 2.549339999999999939e-01
9.453179999999999836e+02, 1.688199999999999923e+00
9.453350000000000364e+02, -1.528029999999999944e-01
9.453509999999999991e+02, 3.574829999999999952e-01
9.453680000000000518e+02, -1.018520000000000092e+00
9.453849999999999909e+02, -5.294279999999999820e-02
9.454009999999999536e+02, 7.031309999999999505e-01
9.454180000000000064e+02, 2.813189999999999857e-01
9.454349999999999454e+02, -1.513230000000000131e-01
9.454510000000000218e+02, 1.550670000000000104e-01
9.454679999999999609e+02, -1.209929999999999950e+00
9.454850000000000136e+02, -6.342029999999999890e-02
9.455009999999999764e+02, 4.405249999999999999e-01
9.455180000000000291e+02, -6.241719999999999491e-01
9.455349999999999682e+02, -5.277709999999999901e-01
9.455510000000000446e+02, -4.942710000000000159e-02
9.455679999999999836e+02, 1.003060000000000063e-01
9.455850000000000364e+02, 1.321090000000000098e+00
9.456009999999999991e+02, -5.729159999999999808e-01
9.456180000000000518e+02, -3.452879999999999838e-01
9.456349999999999909e+02, -7.306700000000000417e-01
9.456509999999999536e+02, -6.675889999999999880e-01
9.456680000000000064e+02, 2.795050000000000034e-01
9.456849999999999454e+02, 1.128279999999999950e+00
9.457010000000000218e+02, 1.596030000000000060e+00
9.457179999999999609e+02, 3.047909999999999786e-01
9.457350000000000136e+02, 7.722110000000000085e-02
9.457509999999999764e+02, -1.704569999999999974e-01
9.457680000000000291e+02, -9.983609999999999707e-02
9.457849999999999682e+02, -4.028729999999999811e-01
9.458010000000000446e+02, -8.765680000000000138e-01
9.458179999999999836e+02, -6.226779999999999538e-01
9.458350000000000364e+02, -9.227440000000000087e-01
9.458509999999999991e+02, -4.849620000000000042e-01
9.458680000000000518e+02, 1.420430000000000081e+00
9.458849999999999909e+02, 1.434919999999999973e+00
9.459009999999999536e+02, 1.195869999999999989e+00
9.459180000000000064e+02, -1.008569999999999967e+00
9.459349999999999454e+02, -4.111159999999999815e-01
9.459510000000000218e+02, -2.117319999999999869e+00
9.459679999999999609e+02, -1.731349999999999945e+00
9.459850000000000136e+02, 4.641299999999999870e-01
9.460009999999999764e+02, -4.399629999999999930e-01
9.460180000000000291e+02, 3.515099999999999891e-01
9.460349999999999682e+02, 5.940220000000000500e-01
9.460510000000000446e+02, -4.332940000000000125e-01
9.460679999999999836e+02, -1.155459999999999932e+00
9.460850000000000364e+02, -2.137370000000000103e-01
9.461009999999999991e+02, 1.238380000000000036e+00
9.461180000000000518e+02, -1.777749999999999886e-01
9.461349999999999909e+02, 5.196260000000000323e-01
9.461509999999999536e+02, -1.116849999999999898e+00
9.461680000000000064e+02, -1.719449999999999867e-01
9.461849999999999454e+02, 2.127709999999999879e-01
9.462010000000000218e+02, 1.736380000000000035e+00
9.462179999999999609e+02, 2.788189999999999835e-01
9.462350000000000136e+02, -3.935560000000000169e-01
9.462509999999999764e+02, -2.810189999999999966e+00
9.462680000000000291e+02, -1.039290000000000047e+00
9.462849999999999682e+02, 5.302779999999999994e-02
9.463010000000000446e+02, 9.355599999999999472e-01
9.463179999999999836e+02, 1.378440000000000110e+00
9.463350000000000364e+02, -8.079640000000000433e-02
9.463509999999999991e+02, 1.316359999999999975e+00
9.463680000000000518e+02, 1.588689999999999894e-02
9.463849999999999909e+02, 4.338580000000000214e-01
9.464009999999999536e+02, -1.816659999999999942e-01
9.464180000000000064e+02, 1.199400000000000022e+00
9.464349999999999454e+02, -1.442029999999999978e-01
9.464510000000000218e+02, -1.592089999999999894e-01
9.464679999999999609e+02, -1.467919999999999989e-02
9.464850000000000136e+02, -7.372830000000000217e-01
9.465009999999999764e+02, 9.218290000000000095e-01
9.465180000000000291e+02, -1.336249999999999938e-01
9.465349999999999682e+02, -1.290080000000000116e-01
9.465510000000000446e+02, 1.119420000000000082e+00
9.465679999999999836e+02, -4.001850000000000129e-01
9.465850000000000364e+02, -2.731959999999999944e-01
9.466009999999999991e+02, -4.170050000000000145e-01
9.466180000000000518e+02, 3.092030000000000056e-01
9.466349999999999909e+02, -9.790119999999999933e-01
9.466509999999999536e+02, -1.027630000000000043e+00
9.466680000000000064e+02, 9.456139999999999546e-01
9.466849999999999454e+02, 1.678299999999999903e+00
9.467010000000000218e+02, 6.256270000000000442e-01
9.467179999999999609e+02, -9.202770000000000117e-01
9.467350000000000136e+02, -1.251400000000000068e+00
9.467509999999999764e+02, -9.530079999999999663e-01
9.467680000000000291e+02, -1.112160000000000037e+00
9.467849999999999682e+02, 2.134429999999999938e-01
9.468010000000000446e+02, 1.557760000000000034e+00
9.468179999999999836e+02, 1.567890000000000117e-01
9.468350000000000364e+02, 1.518309999999999937e-01
9.468509999999999991e+02, 3.694859999999999811e-01
9.468680000000000518e+02, 1.963529999999999998e-01
9.468849999999999909e+02, 1.488230000000000108e-01
9.469009999999999536e+02, -1.291860000000000008e+00
9.469180000000000064e+02, -1.424800000000000066e+00
9.469349999999999454e+02, 1.322119999999999962e+00
9.469510000000000218e+02, -6.672709999999999475e-01
9.469679999999999609e+02, 1.052319999999999922e+00
9.469850000000000136e+02, 9.174240000000000173e-01
9.470009999999999764e+02, -1.466849999999999987e+00
9.470180000000000291e+02, 3.543760000000000243e-01
9.470349999999999682e+02, -4.812969999999999748e-01
9.470510000000000446e+02, -5.082430000000000003e-01
9.470679999999999836e+02, 6.243840000000000501e-01
9.470850000000000364e+02, 4.005639999999999895e-02
9.471009999999999991e+02, -2.490320000000000034e-01
9.471180000000000518e+02, 1.231619999999999937e+00
9.471349999999999909e+02, 1.373489999999999989e-01
9.471509999999999536e+02, -6.532000000000000306e-02
9.471680000000000064e+02, 6.031279999999999974e-02
9.471849999999999454e+02, -1.086459999999999981e+00
9.472010000000000218e+02, 8.756210000000000382e-04
9.472179999999999609e+02, -1.211100000000000065e+00
9.472350000000000136e+02, -1.081499999999999906e+00
9.472509999999999764e+02, 1.470250000000000057e+00
9.472680000000000291e+02, 1.535870000000000068e+00
9.472849999999999682e+02, 1.935400000000000009e+00
9.473010000000000446e+02, 1.118239999999999901e+00
9.473179999999999836e+02, -3.512000000000000122e-01
9.473350000000000364e+02, 3.178969999999999851e-01
9.473509999999999991e+02, 4.687949999999999756e-02
9.473680000000000518e+02, -8.940200000000000369e-01
9.473849999999999909e+02, 4.465149999999999952e-01
9.474009999999999536e+02, 5.110400000000000498e-01
9.474180000000000064e+02, -2.225330000000000086e-01
9.474349999999999454e+02, 8.678930000000000256e-01
9.474510000000000218e+02, -4.781039999999999734e-01
9.474679999999999609e+02, -6.072140000000000315e-01
9.474850000000000136e+02, 5.001060000000000505e-01
9.475009999999999764e+02, -4.651290000000000147e-01
9.475180000000000291e+02, -1.272810000000000052e-01
9.475349999999999682e+02, 5.783960000000000212e-01
9.475510000000000446e+02, 2.181079999999999963e-01
9.475679999999999836e+02, -1.607119999999999937e-01
9.475850000000000364e+02, 1.060559999999999947e+00
9.476009999999999991e+02, 8.395029999999999992e-01
9.476180000000000518e+02, 2.364670000000000105e-01
9.476349999999999909e+02, 3.941660000000000164e-01
9.476509999999999536e+02, -1.855030000000000012e-01
9.476680000000000064e+02, 4.083060000000000023e-01
9.476849999999999454e+02, 4.530440000000000023e-01
9.477010000000000218e+02, -3.899079999999999768e-01
9.477179999999999609e+02, 1.449170000000000069e+00
9.477350000000000136e+02, -4.740420000000000189e-01
9.477509999999999764e+02, 9.155410000000000492e-01
9.477680000000000291e+02, -8.862150000000000583e-02
9.477849999999999682e+02, -1.827860000000000040e-01
9.478010000000000446e+02, -8.653410000000000268e-02
9.478179999999999836e+02, -3.830700000000000216e-01
9.478350000000000364e+02, -4.155460000000000265e-01
9.478509999999999991e+02, 1.680150000000000032e+00
9.478680000000000518e+02, -1.043619999999999992e+00
9.478849999999999909e+02, 9.410789999999999988e-01
9.479009999999999536e+02, 4.909080000000000110e-01
9.479180000000000064e+02, 2.345359999999999889e+00
9.479349999999999454e+02, 1.402970000000000050e-01
9.479510000000000218e+02, -1.773050000000000015e+00
9.479679999999999609e+02, -1.532720000000000082e+00
9.479850000000000136e+02, 7.056109999999999882e-01
9.480009999999999764e+02, 5.743989999999999929e-01
9.480180000000000291e+02, 2.921239999999999948e-01
9.480349999999999682e+02, 2.335750000000000048e-01
9.480510000000000446e+02, 9.929120000000000168e-01
9.480679999999999836e+02, -1.925270000000000037e+00
9.480850000000000364e+02, 1.479580000000000062e-01
9.481009999999999991e+02, -1.848849999999999938e-01
9.481180000000000518e+02, -1.400369999999999893e+00
9.481349999999999909e+02, 1.326169999999999953e-02
9.481509999999999536e+02, -1.909210000000000074e-01
9.481680000000000064e+02, 2.443490000000000162e+00
9.481849999999999454e+02, 1.659410000000000052e+00
9.482010000000000218e+02, -1.660689999999999944e-01
9.482179999999999609e+02, 2.612240000000000117e-01
9.482350000000000136e+02, -8.422589999999999799e-01
9.482509999999999764e+02, -5.599530000000000340e-01
9.482680000000000291e+02, 5.965970000000000439e-01
9.482849999999999682e+02, -6.031739999999999879e-01
9.483010000000000446e+02, -5.114410000000000345e-01
9.483179999999999836e+02, -7.281800000000000495e-01
9.483350000000000364e+02, 2.791549999999999865e-01
9.483509999999999991e+02, -5.409460000000000379e-01
9.483680000000000518e+02, -9.307250000000000245e-01
9.483849999999999909e+02, -2.452080000000000093e-01
9.484009999999999536e+02, 4.689690000000000247e-01
9.484180000000000064e+02, 1.580030000000000046e+00
9.484349999999999454e+02, 1.965500000000000025e-01
9.484510000000000218e+02, -2.110329999999999817e+00
9.484679999999999609e+02, -1.229549999999999921e+00
9.484850000000000136e+02, -9.601939999999999920e-01
9.485009999999999764e+02, -2.823899999999999744e-01
9.485180000000000291e+02, -5.782100000000000017e-01
9.485349999999999682e+02, 8.224050000000000527e-01
9.485510000000000446e+02, 1.363070000000000004e+00
9.485679999999999836e+02, 1.396090000000000053e+00
9.485850000000000364e+02, -3.218920000000000115e-01
9.486009999999999991e+02, 4.947559999999999736e-01
9.486180000000000518e+02, -3.526079999999999770e-01
9.486349999999999909e+02, 3.388909999999999978e-01
9.486509999999999536e+02, 9.532939999999999747e-01
9.486680000000000064e+02, -8.555199999999999472e-01
9.486849999999999454e+02, -4.916630000000000167e-01
9.487010000000000218e+02, 2.361399999999999888e-01
9.487179999999999609e+02, -4.360260000000000247e-01
9.487350000000000136e+02, 2.364470000000000113e-02
9.487509999999999764e+02, -6.506629999999999359e-02
9.487680000000000291e+02, 3.494099999999999984e-02
9.487849999999999682e+02, -4.231440000000000201e-01
9.488010000000000446e+02, -3.194850000000000190e-01
9.488179999999999836e+02, -5.082860000000000156e-01
9.488350000000000364e+02, -7.118250000000000410e-01
9.488509999999999991e+02, 1.225300000000000056e+00
9.488680000000000518e+02, 3.562980000000000036e-01
9.488849999999999909e+02, 5.175819999999999865e-01
9.489009999999999536e+02, 2.044109999999999872e+00
9.489180000000000064e+02, -1.672019999999999895e-01
9.489349999999999454e+02, -1.160900000000000043e+00
9.489510000000000218e+02, 2.598239999999999994e-01
9.489679999999999609e+02, -1.042690000000000006e-01
9.489850000000000136e+02, -1.220909999999999940e+00
9.490009999999999764e+02, -1.281290000000000040e+00
9.490180000000000291e+02, 1.116029999999999939e-01
9.490349999999999682e+02, 1.856899999999999940e-01
9.490510000000000446e+02, 4.263739999999999752e-01
9.490679999999999836e+02, 7.305899999999999617e-01
9.490850000000000364e+02, 1.925900000000000112e-01
9.491009999999999991e+02, -1.090840000000000032e+00
9.491180000000000518e+02, 5.471260000000000012e-01
9.491349999999999909e+02, -7.781730000000000036e-01
9.491509999999999536e+02, -1.195380000000000109e+00
9.491680000000000064e+02, 1.077169999999999961e+00
9.491849999999999454e+02, 1.929950000000000068e-02
9.492010000000000218e+02, 1.442289999999999961e-01
9.492179999999999609e+02, -7.963010000000000366e-01
9.492350000000000136e+02, -2.162469999999999892e+00
9.492509999999999764e+02, 2.087100000000000066e-01
9.492680000000000291e+02, 3.242630000000000234e-01
9.492849999999999682e+02, 4.726540000000000186e-01
9.493010000000000446e+02, 1.574500000000000066e-01
9.493179999999999836e+02, -1.306640000000000024e-01
9.493350000000000364e+02, 2.535819999999999741e-01
9.493509999999999991e+02, 1.444860000000000033e+00
9.493680000000000518e+02, 5.179609999999999770e-02
9.493849999999999909e+02, 9.968190000000000106e-01
9.494009999999999536e+02, 1.005780000000000007e-01
9.494180000000000064e+02, -6.881709999999999772e-01
9.494349999999999454e+02, 3.480969999999999898e-01
9.494510000000000218e+02, -6.299730000000000052e-01
9.494679999999999609e+02, 6.152130000000000098e-02
9.494850000000000136e+02, -1.029490000000000016e+00
9.495009999999999764e+02, -5.359519999999999840e-01
9.495180000000000291e+02, -1.497449999999999948e+00
9.495349999999999682e+02, -1.649059999999999970e+00
9.495510000000000446e+02, 7.474910000000000165e-01
9.495679999999999836e+02, -3.571679999999999855e-01
9.495850000000000364e+02, 8.134759999999999769e-01
9.496009999999999991e+02, 1.203389999999999960e+00
9.496180000000000518e+02, -1.539959999999999940e-01
9.496349999999999909e+02, 2.149590000000000112e-01
9.496509999999999536e+02, 3.716930000000000234e-02
9.496680000000000064e+02, 2.111860000000000126e-02
9.496849999999999454e+02, -3.822610000000000174e-01
9.497010000000000218e+02, -1.118090000000000028e+00
9.497179999999999609e+02, 2.012160000000000060e-01
9.497350000000000136e+02, 2.356290000000000051e-01
9.497509999999999764e+02, 1.529400000000000093e+00
9.497680000000000291e+02, 7.588859999999999495e-01
9.497849999999999682e+02, -7.927490000000000370e-01
9.498010000000000446e+02, 8.730149999999999855e-01
9.498179999999999836e+02, 1.924589999999999912e-01
9.498350000000000364e+02, -9.776599999999999735e-01
9.498509999999999991e+02, -5.157260000000000177e-01
9.498680000000000518e+02, -2.265389999999999904e-01
9.498849999999999909e+02, 6.612970000000000237e-01
9.499009999999999536e+02, 1.384309999999999929e+00
9.499180000000000064e+02, 1.506250000000000089e+00
9.499349999999999454e+02, -4.914640000000000120e-01
9.499510000000000218e+02, -1.198620000000000019e+00
9.499679999999999609e+02, 4.055349999999999788e-01
9.499850000000000136e+02, 7.984570000000000556e-02
9.500009999999999764e+02, 2.443559999999999899e-01
9.500180000000000291e+02, -1.004520000000000080e+00
9.500349999999999682e+02, -1.479530000000000012e+00
9.500510000000000446e+02, -1.812950000000000117e-01
9.500679999999999836e+02, 9.932929999999999815e-01
9.500850000000000364e+02, 1.248229999999999951e+00
9.501009999999999991e+02, -3.544829999999999925e-01
9.501180000000000518e+02, -4.676520000000000121e-01
9.501349999999999909e+02, -1.712939999999999907e+00
9.501509999999999536e+02, 9.864299999999999458e-02
9.501680000000000064e+02, 7.201610000000000511e-01
9.501849999999999454e+02, 7.960859999999999603e-01
9.502010000000000218e+02, 7.465619999999999479e-01
9.502179999999999609e+02, 7.069419999999999593e-01
9.502350000000000136e+02, 5.122659999999999991e-01
9.502509999999999764e+02, -1.111469999999999958e+00
9.502680000000000291e+02, -8.166269999999999918e-01
9.502849999999999682e+02, 2.160039999999999960e+00
9.503010000000000446e+02, -1.184849999999999931e-01
9.503179999999999836e+02, -1.316529999999999923e-01
9.503350000000000364e+02, -9.707569999999999810e-01
9.503509999999999991e+02, -7.883869999999999489e-01
9.503680000000000518e+02, 5.027500000000000302e-01
9.503849999999999909e+02, 5.362800000000000206e-02
9.504009999999999536e+02, 6.613379999999999814e-01
9.504180000000000064e+02, 5.642350000000000421e-01
9.504349999999999454e+02, 5.871570000000000400e-01
9.504510000000000218e+02, 1.902639999999999887e-01
9.504679999999999609e+02, 4.986750000000000210e-02
9.504850000000000136e+02, -6.119360000000000355e-01
9.505009999999999764e+02, -2.042530000000000179e+00
9.505180000000000291e+02, -4.329589999999999828e-02
9.505349999999999682e+02, 2.063889999999999891e-01
9.505510000000000446e+02, 1.828379999999999894e+00
9.505679999999999836e+02, -1.242749999999999966e-01
9.505850000000000364e+02, 6.204370000000000163e-01
9.506009999999999991e+02, -3.628029999999999866e-01
9.506180000000000518e+02, 7.927520000000000400e-02
9.506349999999999909e+02, 8.772729999999999417e-02
9.506509999999999536e+02, 3.363639999999999963e-01
9.506680000000000064e+02, -6.039719999999999533e-01
9.506849999999999454e+02, -7.862839999999999829e-01
9.507010000000000218e+02, 2.214299999999999879e-01
9.507179999999999609e+02, 1.203550000000000036e-01
9.507350000000000136e+02, 3.150459999999999927e-01
9.507509999999999764e+02, 7.151800000000000379e-01
9.507680000000000291e+02, 9.772570000000000423e-01
9.507849999999999682e+02, 1.019819999999999949e+00
9.508010000000000446e+02, 6.937879999999999603e-01
9.508179999999999836e+02, -7.970059999999999922e-01
9.508350000000000364e+02, -4.277670000000000083e-01
9.508509999999999991e+02, 8.500919999999999310e-02
9.508680000000000518e+02, -1.323900000000000077e+00
9.508849999999999909e+02, -1.009220000000000006e+00
9.509009999999999536e+02, -3.252090000000000258e-01
9.509180000000000064e+02, -1.174690000000000012e+00
9.509349999999999454e+02, -4.261779999999999735e-02
9.509510000000000218e+02, 4.236969999999999903e-01
9.509679999999999609e+02, -1.224229999999999936e-02
9.509850000000000136e+02, 1.125960000000000072e+00
9.510009999999999764e+02, 3.245730000000000004e-01
9.510180000000000291e+02, -3.414530000000000065e-01
9.510349999999999682e+02, -1.341329999999999911e+00
9.510510000000000446e+02, -1.238910000000000011e-01
9.510679999999999836e+02, 1.016539999999999999e+00
9.510850000000000364e+02, 1.771149999999999947e-01
9.511009999999999991e+02, 6.322780000000000067e-01
9.511180000000000518e+02, -3.231720000000000148e-01
9.511349999999999909e+02, 8.608050000000000423e-01
9.511509999999999536e+02, 5.735719999999999708e-01
9.511680000000000064e+02, -2.448450000000000071e-01
9.511849999999999454e+02, 1.184779999999999944e+00
9.512010000000000218e+02, -3.053759999999999808e-01
9.512179999999999609e+02, -7.486239999999999561e-01
9.512350000000000136e+02, -5.750140000000000251e-01
9.512509999999999764e+02, -4.940680000000000072e-01
9.512680000000000291e+02, -6.270940000000000403e-01
9.512849999999999682e+02, -7.851909999999999723e-01
9.513010000000000446e+02, 4.266070000000000140e-01
9.513179999999999836e+02, -3.136900000000000244e-01
9.513350000000000364e+02, -1.903849999999999987e-01
9.513509999999999991e+02, 1.036419999999999980e-01
9.513680000000000518e+02, 2.318499999999999783e+00
9.513849999999999909e+02, 1.354929999999999968e+00
9.514009999999999536e+02, 1.618440000000000101e+00
9.514180000000000064e+02, -4.569799999999999973e-01
9.514349999999999454e+02, -5.833209999999999784e-01
9.514510000000000218e+02, -2.968689999999999940e-01
9.514679999999999609e+02, -1.068999999999999950e+00
9.514850000000000136e+02, -2.193559999999999954e-01
9.515009999999999764e+02, -4.454230000000000134e-01
9.515180000000000291e+02, 9.741229999999999611e-01
9.515349999999999682e+02, -2.943660000000000165e-01
9.515510000000000446e+02, 8.773630000000000317e-02
9.515679999999999836e+02, -3.834970000000000045e-02
9.515850000000000364e+02, -8.525890000000000413e-01
9.516009999999999991e+02, -7.048179999999999445e-01
9.516180000000000518e+02, -1.551029999999999909e+00
9.516349999999999909e+02, -1.997770000000000046e+00
9.516509999999999536e+02, -5.488640000000000185e-01
9.516680000000000064e+02, 1.428099999999999925e+00
9.516849999999999454e+02, 5.711340000000000305e-01
9.517010000000000218e+02, 7.542750000000000288e-01
9.517179999999999609e+02, -2.649230000000000196e-01
9.517350000000000136e+02, -7.870859999999999523e-01
9.517509999999999764e+02, -8.547900000000000498e-01
9.517680000000000291e+02, -8.819559999999999622e-01
9.517849999999999682e+02, 1.157399999999999984e+00
9.518010000000000446e+02, 5.775839999999999863e-01
9.518179999999999836e+02, -7.439480000000000537e-01
9.518350000000000364e+02, -3.153920000000000057e-01
9.518509999999999991e+02, -1.062680000000000013e-01
9.518680000000000518e+02, -1.237609999999999960e-01
9.518849999999999909e+02, 3.583970000000000211e-01
9.519009999999999536e+02, -1.267290000000000028e+00
9.519180000000000064e+02, 9.459130000000000038e-01
9.519349999999999454e+02, -1.341330000000000022e-01
9.519510000000000218e+02, -1.144689999999999985e+00
9.519679999999999609e+02, -3.680590000000000250e-01
9.519850000000000136e+02, 7.202969999999999651e-01
9.520009999999999764e+02, 1.172560000000000047e+00
9.520180000000000291e+02, 4.614369999999999861e-01
9.520349999999999682e+02, 5.486820000000000030e-01
9.520510000000000446e+02, -5.323900000000000299e-01
9.520679999999999836e+02, -9.817919999999999980e-01
9.520850000000000364e+02, -2.590560000000000085e-01
9.521009999999999991e+02, -5.587280000000000024e-01
9.521180000000000518e+02, -3.734930000000000194e-01
9.521349999999999909e+02, -1.019859999999999989e+00
9.521509999999999536e+02, -1.174739999999999895e+00
9.521680000000000064e+02, 1.843750000000000111e-01
9.521849999999999454e+02, 4.783490000000000242e-01
9.522010000000000218e+02, -5.971720000000000361e-01
9.522179999999999609e+02, -2.812040000000000095e-01
9.522350000000000136e+02, 8.058729999999999505e-01
9.522509999999999764e+02, 1.089890000000000025e+00
9.522680000000000291e+02, 3.824069999999999969e-01
9.522849999999999682e+02, -1.548329999999999984e-01
9.523010000000000446e+02, 9.983469999999999844e-01
9.523179999999999836e+02, 1.618139999999999912e+00
9.523350000000000364e+02, -3.935150000000000037e-01
9.523509999999999991e+02, -9.751079999999999748e-01
9.523680000000000518e+02, -6.177859999999999463e-01
9.523849999999999909e+02, -9.330150000000000388e-01
9.524009999999999536e+02, 3.938769999999999771e-01
9.524180000000000064e+02, 1.189559999999999951e+00
9.524349999999999454e+02, 2.405150000000000066e-01
9.524510000000000218e+02, -4.858979999999999966e-01
9.524679999999999609e+02, -1.754729999999999901e+00
9.524850000000000136e+02, -7.084759999999999946e-01
9.525009999999999764e+02, 1.346009999999999984e-01
9.525180000000000291e+02, 6.210740000000000149e-01
9.525349999999999682e+02, -2.721240000000000204e-03
9.525510000000000446e+02, -1.159599999999999964e+00
9.525679999999999836e+02, -3.628750000000000031e-01
9.525850000000000364e+02, -1.079190000000000094e+00
9.526009999999999991e+02, -6.979100000000000581e-02
9.526180000000000518e+02, -5.941790000000000127e-01
9.526349999999999909e+02, 4.452860000000000151e-02
9.526509999999999536e+02, 4.906800000000000050e-01
9.526680000000000064e+02, -1.518410000000000037e-01
9.526849999999999454e+02, 5.769680000000000364e-01
9.527010000000000218e+02, 5.475200000000000067e-01
9.527179999999999609e+02, -4.738550000000000262e-01
9.527350000000000136e+02, -9.320220000000000171e-01
9.527509999999999764e+02, 1.807050000000000045e-01
9.527680000000000291e+02, -1.812159999999999882e-01
9.527849999999999682e+02, 1.652289999999999870e-01
9.528010000000000446e+02, 5.737500000000000239e-02
9.528179999999999836e+02, -3.400690000000000102e-01
9.528350000000000364e+02, 3.671610000000000151e-01
9.528509999999999991e+02, -4.386229999999999851e-01
9.528680000000000518e+02, -7.079980000000000162e-01
9.528849999999999909e+02, 1.046769999999999978e+00
9.529009999999999536e+02, 7.722499999999999920e-01
9.529180000000000064e+02, -4.181889999999999774e-01
9.529349999999999454e+02, 6.960920000000000440e-01
9.529510000000000218e+02, 3.696320000000000161e-01
9.529679999999999609e+02, 1.728760000000000019e-02
9.529850000000000136e+02, 7.905780000000000030e-01
9.530009999999999764e+02, 1.606200000000000128e-01
9.530180000000000291e+02, -1.050959999999999894e+00
9.530349999999999682e+02, 1.197459999999999969e+00
9.530510000000000446e+02, 1.829959999999999920e-01
9.530679999999999836e+02, 2.284079999999999999e-01
9.530850000000000364e+02, -2.773869999999999947e-01
9.531009999999999991e+02, -8.509889999999999954e-01
9.531180000000000518e+02, -1.005910000000000082e+00
9.531349999999999909e+02, 9.511269999999999447e-01
9.531509999999999536e+02, -9.299760000000000248e-01
9.531680000000000064e+02, 2.471500000000000086e-01
9.531849999999999454e+02, -7.067120000000000068e-01
9.532010000000000218e+02, 2.002140000000000031e-01
9.532179999999999609e+02, 9.610739999999999839e-01
9.532350000000000136e+02, 3.814830000000000165e-01
9.532509999999999764e+02, 8.654669999999999863e-01
9.532680000000000291e+02, -1.457940000000000014e+00
9.532849999999999682e+02, -1.825220000000000065e+00
9.533010000000000446e+02, -9.279619999999999536e-01
9.533179999999999836e+02, -7.102610000000000312e-01
9.533350000000000364e+02, 1.083790000000000031e+00
9.533509999999999991e+02, -6.029040000000000267e-03
9.533680000000000518e+02, 6.405889999999999640e-01
9.533849999999999909e+02, -6.837069999999999537e-01
9.534009999999999536e+02, -1.778729999999999922e+00
9.534180000000000064e+02, -1.817509999999999959e+00
9.534349999999999454e+02, -4.504150000000000098e-01
9.534510000000000218e+02, 9.152689999999999992e-01
9.534679999999999609e+02, 1.322319999999999940e+00
9.534850000000000136e+02, 1.343140000000000001e+00
9.535009999999999764e+02, -3.501650000000000040e-01
9.535180000000000291e+02, 7.578160000000000451e-01
9.535349999999999682e+02, 4.969169999999999976e-01
9.535510000000000446e+02, -8.239440000000000652e-02
9.535679999999999836e+02, 1.892490000000000006e-01
9.535850000000000364e+02, 3.351269999999999943e-02
9.536009999999999991e+02, -1.438450000000000006e+00
9.536180000000000518e+02, -6.166740000000000554e-01
9.536349999999999909e+02, -7.520159999999999345e-02
9.536509999999999536e+02, 3.311310000000000087e-01
9.536680000000000064e+02, -3.797449999999999992e-01
9.536849999999999454e+02, 2.719719999999999915e-01
9.537010000000000218e+02, 8.405540000000000234e-01
9.537179999999999609e+02, -3.113980000000000081e-01
9.537350000000000136e+02, 1.173170000000000046e+00
9.537509999999999764e+02, 8.864349999999999730e-01
9.537680000000000291e+02, -9.833389999999999631e-01
9.537849999999999682e+02, -1.985409999999999897e+00
9.538010000000000446e+02, -1.926979999999999915e+00
9.538179999999999836e+02, -3.897260000000000169e-01
9.538350000000000364e+02, -2.490660000000000096e-01
9.538509999999999991e+02, 1.543269999999999920e+00
9.538680000000000518e+02, 1.774429999999999952e+00
9.538849999999999909e+02, -4.351800000000000286e-03
9.539009999999999536e+02, 4.783189999999999942e-01
9.539180000000000064e+02, 1.176900000000000057e+00
9.539349999999999454e+02, 4.060770000000000213e-01
9.539510000000000218e+02, -5.670220000000000260e-01
9.539679999999999609e+02, -4.732839999999999825e-01
9.539850000000000136e+02, 3.478660000000000085e-01
9.540009999999999764e+02, 1.145180000000000087e+00
9.540180000000000291e+02, -2.572079999999999922e-01
9.540349999999999682e+02, -8.957889999999999464e-01
9.540510000000000446e+02, -7.816340000000000510e-01
9.540679999999999836e+02, 1.843310000000000004e+00
9.540850000000000364e+02, 6.940939999999999888e-01
9.541009999999999991e+02, 7.120269999999999655e-01
9.541180000000000518e+02, 4.439259999999999873e-01
9.541349999999999909e+02, 1.719999999999999973e+00
9.541509999999999536e+02, 3.105129999999999835e-01
9.541680000000000064e+02, -9.699149999999999716e-01
9.541849999999999454e+02, -1.499560000000000004e+00
9.542010000000000218e+02, 6.701540000000000274e-01
9.542179999999999609e+02, -8.006339999999999568e-01
9.542350000000000136e+02, 8.899449999999999861e-01
9.542509999999999764e+02, 1.875829999999999997e-01
9.542680000000000291e+02, 1.181849999999999984e-01
9.542849999999999682e+02, 4.670110000000000094e-01
9.543010000000000446e+02, -8.690700000000000092e-01
9.543179999999999836e+02, 6.882279999999999509e-01
9.543350000000000364e+02, 8.389280000000000348e-02
9.543509999999999991e+02, 6.945880000000000110e-02
9.543680000000000518e+02, -1.493720000000000048e-01
9.543849999999999909e+02, -1.247789999999999955e+00
9.544009999999999536e+02, -1.613240000000000007e+00
9.544180000000000064e+02, 2.934329999999999994e-01
9.544349999999999454e+02, -7.677470000000000128e-02
9.544510000000000218e+02, 8.430659999999999821e-01
9.544679999999999609e+02, 9.823640000000000150e-02
9.544850000000000136e+02, 1.424300000000000010e-01
9.545009999999999764e+02, -6.812350000000000350e-01
9.545180000000000291e+02, -5.055349999999999566e-01
9.545349999999999682e+02, -1.335049999999999952e-02
9.545510000000000446e+02, 4.796119999999999828e-01
9.545679999999999836e+02, 7.015780000000000349e-01
9.545850000000000364e+02, -6.225589999999999735e-01
9.546009999999999991e+02, -1.166909999999999892e+00
9.546180000000000518e+02, -1.240439999999999987e+00
9.546349999999999909e+02, 7.632250000000000423e-01
9.546509999999999536e+02, -2.359519999999999951e-01
9.546680000000000064e+02, -8.282209999999999850e-01
9.546849999999999454e+02, -7.386220000000000008e-01
9.547010000000000218e+02, 4.355410000000000115e-01
9.547179999999999609e+02, -5.026129999999999765e-01
9.547350000000000136e+02, -6.216840000000000144e-01
9.547509999999999764e+02, -1.627969999999999973e-01
9.547680000000000291e+02, 6.671640000000000383e-03
9.547849999999999682e+02, 2.081600000000000117e-01
9.548010000000000446e+02, 9.484399999999999498e-01
9.548179999999999836e+02, 1.406199999999999894e+00
9.548350000000000364e+02, 1.340640000000000054e+00
9.548509999999999991e+02, 1.261349999999999971e+00
9.548680000000000518e+02, -2.318870000000000098e-01
9.548849999999999909e+02, 1.293530000000000069e+00
9.549009999999999536e+02, 9.323690000000000033e-01
9.549180000000000064e+02, 9.612120000000000386e-02
9.549349999999999454e+02, 7.665579999999999616e-01
9.549510000000000218e+02, -1.628340000000000065e-01
9.549679999999999609e+02, -2.727930000000000077e-01
9.549850000000000136e+02, 8.533530000000000282e-01
9.550009999999999764e+02, 5.994580000000000047e-02
9.550180000000000291e+02, 4.643510000000000137e-01
9.550349999999999682e+02, -2.123700000000000032e-01
9.550510000000000446e+02, 1.061880000000000046e-01
9.550679999999999836e+02, -1.105539999999999967e+00
9.550850000000000364e+02, 1.404400000000000093e+00
9.551009999999999991e+02, 1.191649999999999932e-01
9.551180000000000518e+02, -7.729899999999999549e-01
9.551349999999999909e+02, -9.057049999999999823e-01
9.551509999999999536e+02, 6.873799999999999910e-01
9.551680000000000064e+02, -2.036840000000000039e-01
9.551849999999999454e+02, 8.889730000000000132e-01
9.552010000000000218e+02, -6.627220000000000333e-02
9.552179999999999609e+02, -1.385990000000000055e+00
9.552350000000000136e+02, -8.431920000000000526e-01
9.552509999999999764e+02, -5.309110000000000218e-01
9.552680000000000291e+02, -1.051099999999999923e+00
9.552849999999999682e+02, 1.579740000000000033e-01
9.553010000000000446e+02, -2.151289999999999869e-01
9.553179999999999836e+02, 1.918719999999999870e-01
9.553350000000000364e+02, -6.289670000000000538e-01
9.553509999999999991e+02, 8.851299999999999724e-01
9.553680000000000518e+02, 3.224159999999999804e-01
9.553849999999999909e+02, 8.897260000000000585e-03
9.554009999999999536e+02, 1.031239999999999934e+00
9.554180000000000064e+02, -1.739519999999999955e+00
9.554349999999999454e+02, 8.556299999999999323e-03
9.554510000000000218e+02, 1.219870000000000010e+00
9.554679999999999609e+02, -7.086240000000000316e-01
9.554850000000000136e+02, -5.031560000000000477e-01
9.555009999999999764e+02, -5.012010000000000076e-01
9.555180000000000291e+02, -3.841800000000000215e-01
9.555349999999999682e+02, 4.293870000000000187e-01
9.555510000000000446e+02, -8.224679999999999769e-01
9.555679999999999836e+02, -1.187939999999999968e-01
9.555850000000000364e+02, 7.300720000000000542e-01
9.556009999999999991e+02, -6.061509999999999954e-01
9.556180000000000518e+02, 1.067430000000000101e+00
9.556349999999999909e+02, 2.073459999999999886e-02
9.556509999999999536e+02, -2.313330000000000108e+00
9.556680000000000064e+02, 6.247899999999999565e-01
9.556849999999999454e+02, -4.258770000000000056e-01
9.557010000000000218e+02, 7.154760000000000009e-01
9.557179999999999609e+02, -9.577529999999999377e-02
9.557350000000000136e+02, -6.899619999999999642e-01
9.557509999999999764e+02, -2.619040000000000257e-01
9.557680000000000291e+02, 5.392649999999999944e-01
9.557849999999999682e+02, 2.386530000000000040e-01
9.558010000000000446e+02, 9.274219999999999686e-01
9.558179999999999836e+02, 5.156830000000000025e-01
9.558350000000000364e+02, 1.459219999999999962e+00
9.558509999999999991e+02, 4.929899999999999838e-01
9.558680000000000518e+02, 1.758210000000000051e+00
9.558849999999999909e+02, 8.505580000000000362e-01
9.559009999999999536e+02, -1.671959999999999891e+00
9.559180000000000064e+02, -2.216289999999999871e+00
9.559349999999999454e+02, -8.512720000000000287e-01
9.559510000000000218e+02, 6.585830000000000295e-01
9.559679999999999609e+02, 1.109599999999999920e+00
9.559850000000000136e+02, 1.135039999999999938e-01
9.560009999999999764e+02, -1.645659999999999901e+00
9.560180000000000291e+02, 1.507419999999999871e-01
9.560349999999999682e+02, -9.949879999999999836e-01
9.560510000000000446e+02, -6.994420000000000082e-01
9.560679999999999836e+02, -7.898080000000000378e-02
9.560850000000000364e+02, 5.594319999999999848e-02
9.561009999999999991e+02, -5.225439999999999946e-02
9.561180000000000518e+02, 2.925080000000000041e-02
9.561349999999999909e+02, 5.842309999999999448e-01
9.561509999999999536e+02, -2.691660000000000164e-01
9.561680000000000064e+02, -6.978600000000000081e-02
9.561849999999999454e+02, 6.104110000000000265e-03
9.562010000000000218e+02, 2.702669999999999795e-01
9.562179999999999609e+02, -6.838570000000000482e-01
9.562350000000000136e+02, -6.618490000000000206e-01
9.562509999999999764e+02, -2.778169999999999806e-01
9.562680000000000291e+02, -4.560619999999999952e-02
9.562849999999999682e+02, -1.557209999999999983e-01
9.563010000000000446e+02, 1.200250000000000039e+00
9.563179999999999836e+02, -9.103949999999999543e-02
9.563350000000000364e+02, 7.047900000000000276e-01
9.563509999999999991e+02, -4.784939999999999749e-01
9.563680000000000518e+02, 6.655790000000000317e-01
9.563849999999999909e+02, 6.144070000000000364e-01
9.564009999999999536e+02, -7.763949999999999463e-01
9.564180000000000064e+02, -8.534060000000000257e-02
9.564349999999999454e+02, -1.279319999999999936e-02
9.564510000000000218e+02, 5.653829999999999689e-01
9.564679999999999609e+02, 2.985099999999999976e-01
9.564850000000000136e+02, 1.690919999999999923e-02
9.565009999999999764e+02, 4.674730000000000274e-01
9.565180000000000291e+02, 2.094890000000000085e-01
9.565349999999999682e+02, 1.187279999999999891e+00
9.565510000000000446e+02, -1.422819999999999974e+00
9.565679999999999836e+02, -3.548049999999999815e-01
9.565850000000000364e+02, -3.964849999999999763e-01
9.566009999999999991e+02, -1.588440000000000130e-01
9.566180000000000518e+02, -6.987389999999999990e-01
9.566349999999999909e+02, -8.251680000000000126e-01
9.566509999999999536e+02, -6.037400000000000544e-01
9.566680000000000064e+02, -8.913100000000000189e-03
9.566849999999999454e+02, -1.170299999999999896e+00
9.567010000000000218e+02, -2.155670000000000197e+00
9.567179999999999609e+02, -9.269990000000000174e-01
9.567350000000000136e+02, 9.114780000000000104e-01
9.567509999999999764e+02, 5.260310000000000263e-01
9.567680000000000291e+02, 1.091169999999999973e+00
9.567849999999999682e+02, -1.052990000000000037e-01
9.568010000000000446e+02, -3.801669999999999772e-01
9.568179999999999836e+02, -7.676110000000000433e-01
9.568350000000000364e+02, -1.567630000000000079e+00
9.568509999999999991e+02, -1.754790000000000072e+00
9.568680000000000518e+02, -1.247020000000000017e+00
9.568849999999999909e+02, -2.299819999999999920e-01
9.569009999999999536e+02, -3.153090000000000059e-01
9.569180000000000064e+02, 6.846389999999999976e-01
9.569349999999999454e+02, 1.264909999999999979e+00
9.569510000000000218e+02, 6.305420000000000469e-01
9.569679999999999609e+02, -3.375969999999999804e-01
9.569850000000000136e+02, -8.063379999999999992e-01
9.570009999999999764e+02, -7.347029999999999950e-01
9.570180000000000291e+02, -7.468539999999999901e-02
9.570349999999999682e+02, -3.988160000000000038e-01
9.570510000000000446e+02, 5.146509999999999696e-01
9.570679999999999836e+02, -1.305660000000000043e+00
9.570850000000000364e+02, 1.172470000000000040e-01
9.571009999999999991e+02, 6.194070000000000409e-01
9.571180000000000518e+02, 1.563589999999999902e-03
9.571349999999999909e+02, -9.467630000000000212e-01
9.571509999999999536e+02, -6.089719999999999578e-01
9.571680000000000064e+02, 5.575560000000000238e-02
9.571849999999999454e+02, 7.345660000000000522e-01
9.572010000000000218e+02, 1.607050000000000090e+00
9.572179999999999609e+02, -1.071460000000000079e+00
9.572350000000000136e+02, -9.830470000000000041e-01
9.572509999999999764e+02, -2.532819999999999863e-02
9.572680000000000291e+02, 6.755940000000000278e-01
9.572849999999999682e+02, -9.468469999999999942e-01
9.573010000000000446e+02, -7.639669999999999517e-01
9.573179999999999836e+02, -1.006769999999999943e+00
9.573350000000000364e+02, -1.236760000000000081e+00
9.573509999999999991e+02, 9.426630000000000287e-01
9.573680000000000518e+02, -2.171949999999999992e-01
9.573849999999999909e+02, -1.208409999999999984e+00
9.574009999999999536e+02, -2.808979999999999810e-01
9.574180000000000064e+02, -4.139709999999999779e-01
9.574349999999999454e+02, -7.493480000000000141e-01
9.574510000000000218e+02, -3.393220000000000125e-01
9.574679999999999609e+02, -1.167640000000000067e-01
9.574850000000000136e+02, 8.303260000000000085e-01
9.575009999999999764e+02, 1.234769999999999923e+00
9.575180000000000291e+02, -2.753909999999999969e-01
9.575349999999999682e+02, -3.555400000000000227e-01
9.575510000000000446e+02, -1.461310000000000109e+00
9.575679999999999836e+02, -1.011579999999999924e+00
9.575850000000000364e+02, -1.610630000000000006e+00
9.576009999999999991e+02, -1.942949999999999955e-01
9.576180000000000518e+02, 8.108670000000000044e-01
9.576349999999999909e+02, -4.063149999999999817e-01
9.576509999999999536e+02, 1.690949999999999953e-01
9.576680000000000064e+02, 1.446320000000000071e-02
9.576849999999999454e+02, -3.914719999999999867e-01
9.577010000000000218e+02, -6.871070000000000233e-01
9.577179999999999609e+02, 1.055779999999999941e+00
9.577350000000000136e+02, 7.657469999999999555e-02
9.577509999999999764e+02, -1.110160000000000036e+00
9.577680000000000291e+02, 7.144740000000000535e-01
9.577849999999999682e+02, 6.159510000000000263e-01
9.578010000000000446e+02, -8.620360000000000245e-01
9.578179999999999836e+02, -1.748470000000000024e-01
9.578350000000000364e+02, -7.185040000000000315e-01
9.578509999999999991e+02, 3.639680000000000137e-01
9.578680000000000518e+02, 4.992289999999999783e-01
9.578849999999999909e+02, -1.497160000000000046e+00
9.579009999999999536e+02, -1.471649999999999903e+00
9.579180000000000064e+02, -8.743870000000000253e-01
9.579349999999999454e+02, 9.821720000000000450e-01
9.579510000000000218e+02, 2.607550000000000145e-01
9.579679999999999609e+02, 6.592750000000000554e-01
9.579850000000000136e+02, 4.789709999999999801e-01
9.580009999999999764e+02, 1.949029999999999929e-01
9.580180000000000291e+02, -9.051780000000000381e-01
9.580349999999999682e+02, -2.850550000000000028e-01
9.580510000000000446e+02, -4.009260000000000046e-01
9.580679999999999836e+02, -1.000809999999999977e+00
9.580850000000000364e+02, -7.978570000000000384e-01
9.581009999999999991e+02, -1.502499999999999947e-01
9.581180000000000518e+02, -3.117759999999999976e-01
9.581349999999999909e+02, -1.331859999999999988e-01
9.581509999999999536e+02, 5.563630000000000519e-01
9.581680000000000064e+02, 3.299830000000000263e-01
9.581849999999999454e+02, 6.357509999999999550e-01
9.582010000000000218e+02, 5.323200000000000154e-01
9.582179999999999609e+02, -7.150330000000000297e-01
9.582350000000000136e+02, 1.091570000000000040e-01
9.582509999999999764e+02, 1.061909999999999910e+00
9.582680000000000291e+02, -9.020640000000000602e-02
9.582849999999999682e+02, -4.021509999999999807e-01
9.583010000000000446e+02, 1.000450000000000061e+00
9.583179999999999836e+02, -2.762700000000000156e-01
9.583350000000000364e+02, 1.256420000000000092e+00
9.583509999999999991e+02, 6.130820000000000158e-01
9.583680000000000518e+02, -5.377490000000000325e-01
9.583849999999999909e+02, -2.820759999999999934e-01
9.584009999999999536e+02, -6.537399999999999878e-01
9.584180000000000064e+02, -6.658399999999999874e-01
9.584349999999999454e+02, -1.944059999999999955e-01
9.584510000000000218e+02, -3.394159999999999955e-01
9.584679999999999609e+02, -6.759500000000000508e-01
9.584850000000000136e+02, 8.853269999999999751e-01
9.585009999999999764e+02, 8.239680000000000337e-01
9.585180000000000291e+02, -2.185459999999999903e-01
9.585349999999999682e+02, 6.047019999999999618e-01
9.585510000000000446e+02, 1.168460000000000054e+00
9.585679999999999836e+02, -1.688039999999999985e+00
9.585850000000000364e+02, -1.121969999999999912e+00
9.586009999999999991e+02, -7.123350000000000515e-01
9.586180000000000518e+02, -7.876320000000000543e-02
9.586349999999999909e+02, 5.084790000000000143e-01
9.586509999999999536e+02, 1.985950000000000104e+00
9.586680000000000064e+02, 1.299099999999999921e+00
9.586849999999999454e+02, -8.229440000000000088e-01
9.587010000000000218e+02, -1.626390000000000058e-01
9.587179999999999609e+02, 1.914349999999999941e-01
9.587350000000000136e+02, 1.251030000000000086e+00
9.587509999999999764e+02, 1.734590000000000076e+00
9.587680000000000291e+02, 4.224700000000000122e-01
9.587849999999999682e+02, -5.755149999999999988e-01
9.588010000000000446e+02, 4.551549999999999763e-01
9.588179999999999836e+02, 8.105599999999999472e-01
9.588350000000000364e+02, 1.405180000000000096e+00
9.588509999999999991e+02, -1.671570000000000000e-01
9.588680000000000518e+02, -8.835330000000000128e-01
9.588849999999999909e+02, -1.033919999999999950e+00
9.589009999999999536e+02, -5.807919999999999749e-01
9.589180000000000064e+02, -1.500410000000000021e+00
9.589349999999999454e+02, 2.034460000000000088e-02
9.589510000000000218e+02, -3.220649999999999902e-01
9.589679999999999609e+02, -8.239440000000000652e-02
9.589850000000000136e+02, -1.030820000000000070e+00
9.590009999999999764e+02, 8.552650000000000530e-02
9.590180000000000291e+02, 9.830719999999999459e-01
9.590349999999999682e+02, 7.007579999999999920e-01
9.590510000000000446e+02, -4.515689999999999982e-01
9.590679999999999836e+02, 2.535979999999999901e-01
9.590850000000000364e+02, 2.883979999999999877e-01
9.591009999999999991e+02, -2.757040000000000046e-01
9.591180000000000518e+02, -5.132290000000000463e-01
9.591349999999999909e+02, -1.270080000000000098e-01
9.591509999999999536e+02, 6.156989999999999963e-01
9.591680000000000064e+02, -5.428759999999999836e-02
9.591849999999999454e+02, 5.253419999999999757e-01
9.592010000000000218e+02, 4.355789999999999940e-01
9.592179999999999609e+02, 3.089489999999999858e-03
9.592350000000000136e+02, -4.581570000000000087e-02
9.592509999999999764e+02, -9.544229999999999381e-02
9.592680000000000291e+02, -6.087909999999999711e-01
9.592849999999999682e+02, -6.456610000000000404e-01
9.593010000000000446e+02, 7.693489999999999496e-01
9.593179999999999836e+02, -1.929680000000000006e-01
9.593350000000000364e+02, 3.579180000000000139e-01
9.593509999999999991e+02, 8.248769999999999714e-01
9.593680000000000518e+02, -6.260480000000000489e-01
9.593849999999999909e+02, -7.587070000000000203e-01
9.594009999999999536e+02, -3.884679999999999800e-01
9.594180000000000064e+02, -2.290040000000000131e-01
9.594349999999999454e+02, 6.067630000000000523e-01
9.594510000000000218e+02, 5.372609999999999886e-01
9.594679999999999609e+02, 5.644540000000000113e-01
9.594850000000000136e+02, -5.363499999999999934e-01
9.595009999999999764e+02, 8.096729999999999761e-01
9.595180000000000291e+02, -1.832160000000000011e+00
9.595349999999999682e+02, -1.538470000000000115e-01
9.595510000000000446e+02, -5.966709999999999514e-01
9.595679999999999836e+02, -2.706180000000000252e-01
9.595850000000000364e+02, -1.581660000000000066e+00
9.596009999999999991e+02, -7.815550000000000275e-02
9.596180000000000518e+02, 1.093760000000000010e-01
9.596349999999999909e+02, -1.369709999999999983e+00
9.596509999999999536e+02, 1.310580000000000078e+00
9.596680000000000064e+02, 1.254680000000000017e+00
9.596849999999999454e+02, 1.437969999999999970e+00
9.597010000000000218e+02, 6.941749999999999865e-01
9.597179999999999609e+02, -3.029169999999999918e-01
9.597350000000000136e+02, -3.136860000000000204e-01
9.597509999999999764e+02, -5.385750000000000259e-01
9.597680000000000291e+02, -6.207489999999999952e-01
9.597849999999999682e+02, -4.185459999999999736e-01
9.598010000000000446e+02, -4.712759999999999727e-01
9.598179999999999836e+02, -2.486480000000000079e-01
9.598350000000000364e+02, 9.931480000000000308e-01
9.598509999999999991e+02, 1.224439999999999973e-01
9.598680000000000518e+02, 7.605070000000000441e-01
9.598849999999999909e+02, 3.131749999999999812e-01
9.599009999999999536e+02, -1.253560000000000008e+00
9.599180000000000064e+02, 7.588059999999999805e-01
9.599349999999999454e+02, -8.643359999999999932e-01
9.599510000000000218e+02, -1.172789999999999999e+00
9.599679999999999609e+02, -6.041900000000000048e-01
9.599850000000000136e+02, 5.165140000000000287e-01
9.600009999999999764e+02, 5.907280000000000308e-01
9.600180000000000291e+02, -5.291609999999999925e-01
9.600349999999999682e+02, -2.503589999999999982e-02
9.600510000000000446e+02, -3.592509999999999870e-01
9.600679999999999836e+02, -1.385280000000000067e+00
9.600850000000000364e+02, -3.507959999999999967e-01
9.601009999999999991e+02, -3.200120000000000187e-01
9.601180000000000518e+02, 4.841349999999999820e-01
9.601349999999999909e+02, -4.208430000000000226e-01
9.601509999999999536e+02, -1.867649999999999866e-01
9.601680000000000064e+02, -4.489770000000000150e-01
9.601849999999999454e+02, 5.475320000000000187e-01
9.602010000000000218e+02, 8.252429999999999488e-01
9.602179999999999609e+02, -5.118819999999999482e-01
9.602350000000000136e+02, -1.794969999999999899e-01
9.602509999999999764e+02, 2.404020000000000046e-01
9.602680000000000291e+02, -9.134489999999999554e-01
9.602849999999999682e+02, -9.936620000000000452e-01
9.603010000000000446e+02, -1.371089999999999920e+00
9.603179999999999836e+02, 8.518769999999999953e-01
9.603350000000000364e+02, -7.092969999999999553e-01
9.603509999999999991e+02, 1.711910000000000098e-01
9.603680000000000518e+02, -2.369920000000000027e+00
9.603849999999999909e+02, -6.579739999999999478e-01
9.604009999999999536e+02, -2.611200000000000188e-01
9.604180000000000064e+02, -2.378300000000000136e-01
9.604349999999999454e+02, 1.072519999999999918e+00
9.604510000000000218e+02, 3.208920000000000106e-01
9.604679999999999609e+02, 6.657859999999999889e-01
9.604850000000000136e+02, 1.567409999999999970e+00
9.605009999999999764e+02, -1.249249999999999972e+00
9.605180000000000291e+02, 4.745329999999999687e-02
9.605349999999999682e+02, -3.238300000000000067e-01
9.605510000000000446e+02, 2.026209999999999956e-01
9.605679999999999836e+02, -4.843700000000000228e-01
9.605850000000000364e+02, -5.851469999999999727e-01
9.606009999999999991e+02, -2.810750000000000193e-01
9.606180000000000518e+02, -1.667489999999999917e+00
9.606349999999999909e+02, -1.828130000000000033e-01
9.606509999999999536e+02, -1.057520000000000016e+00
9.606680000000000064e+02, 5.738790000000000280e-01
9.606849999999999454e+02, -6.314239999999999853e-01
9.607010000000000218e+02, -1.261579999999999924e+00
9.607179999999999609e+02, -2.089150000000000035e-02
9.607350000000000136e+02, -7.558939999999999548e-01
9.607509999999999764e+02, -1.363399999999999945e+00
9.607680000000000291e+02, -4.931539999999999813e-01
9.607849999999999682e+02, 1.314060000000000006e+00
9.608010000000000446e+02, 1.371760000000000090e+00
9.608179999999999836e+02, 3.039959999999999885e-01
9.608350000000000364e+02, 1.099350000000000049e+00
9.608509999999999991e+02, 1.313970000000000082e+00
9.608680000000000518e+02, 3.557969999999999744e-01
9.608849999999999909e+02, -1.816039999999999877e-01
9.609009999999999536e+02, -9.647829999999999462e-01
9.609180000000000064e+02, -2.187929999999999875e-01
9.609349999999999454e+02, 5.080069999999999864e-01
9.609510000000000218e+02, 1.271320000000000006e+00
9.609679999999999609e+02, -7.006559999999999455e-01
9.609850000000000136e+02, -1.412970000000000059e+00
9.610009999999999764e+02, -1.339020000000000099e+00
9.610180000000000291e+02, -1.059209999999999985e+00
9.610349999999999682e+02, 1.469600000000000017e+00
9.610510000000000446e+02, 5.283679999999999488e-01
9.610679999999999836e+02, -6.290160000000000196e-02
9.610850000000000364e+02, 3.494990000000000041e-01
9.611009999999999991e+02, -3.929170000000000162e-01
9.611180000000000518e+02, -1.139180000000000081e+00
9.611349999999999909e+02, 3.327089999999999909e-02
9.611509999999999536e+02, 2.412770000000000081e+00
9.611680000000000064e+02, 2.662609999999999921e+00
9.611849999999999454e+02, 8.447579999999999673e-03
9.612010000000000218e+02, -1.572770000000000001e+00
9.612179999999999609e+02, -2.193099999999999827e+00
9.612350000000000136e+02, 4.380939999999999834e-01
9.612509999999999764e+02, 3.718159999999999799e-01
9.612680000000000291e+02, 1.262389999999999901e+00
9.612849999999999682e+02, 1.416640000000000121e-01
9.613010000000000446e+02, -9.445109999999999895e-01
9.613179999999999836e+02, -2.337210000000000121e-01
9.613350000000000364e+02, 6.684670000000000334e-01
9.613509999999999991e+02, 1.356519999999999948e+00
9.613680000000000518e+02, 2.154240000000000044e-01
9.613849999999999909e+02, 5.741309999999999469e-01
9.614009999999999536e+02, 4.969459999999999850e-02
9.614180000000000064e+02, -1.370470000000000022e-01
9.614349999999999454e+02, -6.177540000000000253e-01
9.614510000000000218e+02, -1.029270000000000046e-01
9.614679999999999609e+02, 8.640520000000000422e-01
9.614850000000000136e+02, 4.643379999999999730e-02
9.615009999999999764e+02, 2.327760000000000051e+00
9.615180000000000291e+02, 1.759430000000000049e+00
9.615349999999999682e+02, -1.162819999999999965e+00
9.615510000000000446e+02, -9.396109999999999740e-01
9.615679999999999836e+02, -9.994309999999999583e-01
9.615850000000000364e+02, -4.102810000000000068e-01
9.616009999999999991e+02, 3.103520000000000167e-01
9.616180000000000518e+02, -1.246089999999999920e+00
9.616349999999999909e+02, 7.849140000000000006e-01
9.616509999999999536e+02, 1.455049999999999955e+00
9.616680000000000064e+02, -3.232670000000000265e-01
9.616849999999999454e+02, -8.280870000000000175e-01
9.617010000000000218e+02, -8.361490000000000311e-01
9.617179999999999609e+02, -4.254839999999999733e-01
9.617350000000000136e+02, 1.557320000000000038e+00
9.617509999999999764e+02, -2.465110000000000079e-01
9.617680000000000291e+02, -3.620659999999999989e-01
9.617849999999999682e+02, -5.065370000000000150e-01
9.618010000000000446e+02, -2.016469999999999985e+00
9.618179999999999836e+02, -1.227570000000000050e+00
9.618350000000000364e+02, -2.220320000000000071e-01
9.618509999999999991e+02, 9.952429999999999888e-01
9.618680000000000518e+02, 1.183259999999999978e+00
9.618849999999999909e+02, 8.463239999999999652e-02
9.619009999999999536e+02, 1.252709999999999990e+00
9.619180000000000064e+02, -2.408510000000000095e-01
9.619349999999999454e+02, 2.556339999999999724e-01
9.619510000000000218e+02, -1.510939999999999950e+00
9.619679999999999609e+02, -3.193099999999999827e-01
9.619850000000000136e+02, -1.278000000000000025e+00
9.620009999999999764e+02, -1.250080000000000080e+00
9.620180000000000291e+02, 9.351789999999999825e-01
9.620349999999999682e+02, 5.982140000000000235e-01
9.620510000000000446e+02, -6.503710000000000324e-01
9.620679999999999836e+02, 3.034919999999999840e-01
9.620850000000000364e+02, 4.329020000000000090e-01
9.621009999999999991e+02, 1.311250000000000027e+00
9.621180000000000518e+02, 5.373160000000000158e-01
9.621349999999999909e+02, -5.297220000000000262e-01
9.621509999999999536e+02, 4.875650000000000261e-01
9.621680000000000064e+02, 2.089640000000000164e+00
9.621849999999999454e+02, -4.621330000000000160e-01
9.622010000000000218e+02, -2.571109999999999784e-01
9.622179999999999609e+02, -3.285520000000000107e-01
9.622350000000000136e+02, -4.185320000000000151e-01
9.622509999999999764e+02, 4.565069999999999961e-01
9.622680000000000291e+02, 1.241410000000000013e-01
9.622849999999999682e+02, -6.439500000000000224e-01
9.623010000000000446e+02, -1.972270000000000134e-01
9.623179999999999836e+02, -5.281219999999999665e-02
9.623350000000000364e+02, 5.369399999999999867e-02
9.623509999999999991e+02, -9.430849999999999511e-01
9.623680000000000518e+02, -9.367919999999999581e-01
9.623849999999999909e+02, 5.473350000000000160e-01
9.624009999999999536e+02, -8.894020000000000259e-01
9.624180000000000064e+02, -6.151519999999999905e-02
9.624349999999999454e+02, -8.944370000000000376e-01
9.624510000000000218e+02, 4.172050000000000064e-02
9.624679999999999609e+02, -8.278019999999999823e-02
9.624850000000000136e+02, 7.148949999999999472e-01
9.625009999999999764e+02, 7.835159999999999902e-01
9.625180000000000291e+02, 7.817939999999999889e-01
9.625349999999999682e+02, 6.067649999999999988e-01
9.625510000000000446e+02, -2.370520000000000127e-01
9.625679999999999836e+02, -3.187389999999999946e-01
9.625850000000000364e+02, -5.891260000000000385e-01
9.626009999999999991e+02, 2.165600000000000164e-02
9.626180000000000518e+02, 7.949370000000000047e-01
9.626349999999999909e+02, -1.197470000000000034e+00
9.626509999999999536e+02, -6.528399999999999759e-01
9.626680000000000064e+02, -7.920040000000000413e-01
9.626849999999999454e+02, -3.166390000000000038e-01
9.627010000000000218e+02, -1.056119999999999948e+00
9.627179999999999609e+02, 3.966890000000000138e-01
9.627350000000000136e+02, 6.830180000000000140e-01
9.627509999999999764e+02, 1.018550000000000066e+00
9.627680000000000291e+02, 1.645399999999999974e+00
9.627849999999999682e+02, -2.222649999999999904e-01
9.628010000000000446e+02, 1.455889999999999962e-01
9.628179999999999836e+02, 3.278679999999999789e-02
9.628350000000000364e+02, 7.541430000000000078e-01
9.628509999999999991e+02, 1.306240000000000068e+00
9.628680000000000518e+02, -2.243249999999999966e-01
9.628849999999999909e+02, 4.490999999999999853e-02
9.629009999999999536e+02, 5.290809999999999957e-02
9.629180000000000064e+02, -1.581139999999999976e-02
9.629349999999999454e+02, -1.286470000000000002e+00
9.629510000000000218e+02, -6.096660000000000412e-01
9.629679999999999609e+02, -1.298620000000000052e-01
9.629850000000000136e+02, 4.368169999999999692e-02
9.630009999999999764e+02, 2.462620000000000087e-01
9.630180000000000291e+02, 2.752459999999999907e-01
9.630349999999999682e+02, -4.777409999999999990e-02
9.630510000000000446e+02, -6.438679999999999959e-01
9.630679999999999836e+02, -6.726729999999999654e-01
9.630850000000000364e+02, -9.907460000000000155e-01
9.631009999999999991e+02, -2.425049999999999983e-01
9.631180000000000518e+02, 5.131200000000000205e-01
9.631349999999999909e+02, -3.341229999999999895e-02
9.631509999999999536e+02, -1.275570000000000037e-01
9.631680000000000064e+02, 1.465740000000000098e-01
9.631849999999999454e+02, -3.850359999999999894e-01
9.632010000000000218e+02, -3.579749999999999877e-01
9.632179999999999609e+02, -6.278890000000000304e-01
9.632350000000000136e+02, 6.386690000000000422e-01
9.632509999999999764e+02, -1.691589999999999927e+00
9.632680000000000291e+02, -1.420690000000000008e-01
9.632849999999999682e+02, -2.804099999999999926e-01
9.633010000000000446e+02, 4.450310000000000099e-01
9.633179999999999836e+02, 9.892130000000000090e-01
9.633350000000000364e+02, 1.519789999999999974e+00
9.633509999999999991e+02, 8.441309999999999647e-01
9.633680000000000518e+02, -1.055620000000000003e+00
9.633849999999999909e+02, -7.546800000000000175e-01
9.634009999999999536e+02, -1.352039999999999909e-01
9.634180000000000064e+02, -4.816549999999999998e-01
9.634349999999999454e+02, 2.548610000000000042e-01
9.634510000000000218e+02, -1.360750000000000015e-01
9.634679999999999609e+02, 4.491600000000000037e-01
9.634850000000000136e+02, 9.068439999999999834e-02
9.635009999999999764e+02, 8.943399999999999961e-02
9.635180000000000291e+02, -1.374509999999999899e+00
9.635349999999999682e+02, -4.392090000000000161e-01
9.635510000000000446e+02, 2.021370000000000111e-01
9.635679999999999836e+02, -7.586709999999999843e-01
9.635850000000000364e+02, -2.206160000000000065e-02
9.636009999999999991e+02, 7.697559999999999958e-01
9.636180000000000518e+02, 7.945250000000000368e-01
9.636349999999999909e+02, -3.608779999999999766e-01
9.636509999999999536e+02, -3.379650000000000154e-01
9.636680000000000064e+02, 2.189190000000000025e-01
9.636849999999999454e+02, -7.776990000000000292e-01
9.637010000000000218e+02, 4.387070000000000136e-01
9.637179999999999609e+02, 5.037040000000000406e-01
9.637350000000000136e+02, 9.980339999999999767e-01
9.637509999999999764e+02, 8.042989999999999862e-01
9.637680000000000291e+02, -2.155699999999999950e+00
9.637849999999999682e+02, -4.295160000000000089e-01
9.638010000000000446e+02, -1.015749999999999931e+00
9.638179999999999836e+02, -6.461900000000000421e-01
9.638350000000000364e+02, 2.776440000000000019e-01
9.638509999999999991e+02, 5.995449999999999946e-01
9.638680000000000518e+02, 8.240359999999999907e-01
9.638849999999999909e+02, -1.661859999999999893e+00
9.639009999999999536e+02, -1.198830000000000062e+00
9.639180000000000064e+02, -6.560620000000000340e-01
9.639349999999999454e+02, 6.092499999999999583e-01
9.639510000000000218e+02, 1.413820000000000077e+00
9.639679999999999609e+02, -1.806079999999999908e-01
9.639850000000000136e+02, 1.594729999999999981e+00
9.640009999999999764e+02, 3.229159999999999808e-01
9.640180000000000291e+02, 5.840080000000000271e-02
9.640349999999999682e+02, 4.526950000000000141e-01
9.640510000000000446e+02, 4.671009999999999884e-01
9.640679999999999836e+02, 2.179029999999999856e-02
9.640850000000000364e+02, 6.659260000000000179e-01
9.641009999999999991e+02, -2.509500000000000064e-01
9.641180000000000518e+02, -6.151969999999999938e-01
9.641349999999999909e+02, -1.767130000000000090e+00
9.641509999999999536e+02, 1.702770000000000117e-01
9.641680000000000064e+02, -1.267919999999999936e+00
9.641849999999999454e+02, -1.732299999999999951e+00
9.642010000000000218e+02, -1.413419999999999899e+00
9.642179999999999609e+02, -1.544410000000000061e+00
9.642350000000000136e+02, -1.384209999999999885e-01
9.642509999999999764e+02, 2.433240000000000125e-01
9.642680000000000291e+02, 8.924480000000000190e-01
9.642849999999999682e+02, 1.290839999999999987e+00
9.643010000000000446e+02, 6.165220000000000145e-01
9.643179999999999836e+02, 8.994520000000000293e-01
9.643350000000000364e+02, -9.754009999999999625e-01
9.643509999999999991e+02, -1.171980000000000022e+00
9.643680000000000518e+02, -1.086060000000000025e+00
9.643849999999999909e+02, -8.627479999999999594e-01
9.644009999999999536e+02, 1.559190000000000076e+00
9.644180000000000064e+02, 1.599369999999999958e-01
9.644349999999999454e+02, 1.157059999999999977e+00
9.644510000000000218e+02, 1.142079999999999984e+00
9.644679999999999609e+02, 1.651980000000000115e-01
9.644850000000000136e+02, 1.727410000000000057e-01
9.645009999999999764e+02, -1.782000000000000028e+00
9.645180000000000291e+02, -1.507619999999999960e+00
9.645349999999999682e+02, -3.989070000000000116e-01
9.645510000000000446e+02, 9.953120000000000023e-02
9.645679999999999836e+02, -1.756419999999999926e-01
9.645850000000000364e+02, -6.400989999999999736e-01
9.646009999999999991e+02, -3.095769999999999859e-03
9.646180000000000518e+02, -3.784190000000000054e-01
9.646349999999999909e+02, 8.974469999999999947e-01
9.646509999999999536e+02, 9.356050000000000200e-01
9.646680000000000064e+02, 1.166919999999999957e+00
9.646849999999999454e+02, -1.307390000000000052e+00
9.647010000000000218e+02, -1.310980000000000034e+00
9.647179999999999609e+02, -4.037519999999999998e-01
9.647350000000000136e+02, -5.990339999999999554e-01
9.647509999999999764e+02, -8.739599999999999591e-01
9.647680000000000291e+02, 3.811820000000000208e-01
9.647849999999999682e+02, 6.629019999999999913e-01
9.648010000000000446e+02, 1.984299999999999953e+00
9.648179999999999836e+02, 6.534739999999999993e-02
9.648350000000000364e+02, 1.137940000000000063e-01
9.648509999999999991e+02, 2.215399999999999869e-01
9.648680000000000518e+02, -8.979489999999999972e-01
9.648849999999999909e+02, -5.858970000000000011e-01
9.649009999999999536e+02, 3.262689999999999757e-01
9.649180000000000064e+02, -6.853110000000000035e-01
9.649349999999999454e+02, -9.399499999999999522e-01
9.649510000000000218e+02, 4.753570000000000018e-02
9.649679999999999609e+02, -1.830249999999999932e-01
9.649850000000000136e+02, 1.527760000000000007e+00
9.650009999999999764e+02, -5.222029999999999728e-02
9.650180000000000291e+02, -1.416800000000000004e-01
9.650349999999999682e+02, 8.305399999999999450e-01
9.650510000000000446e+02, 1.289520000000000111e-01
9.650679999999999836e+02, -6.050419999999999687e-01
9.650850000000000364e+02, 4.869609999999999772e-01
9.651009999999999991e+02, -6.472909999999999497e-01
9.651180000000000518e+02, -2.321149999999999880e-01
9.651349999999999909e+02, -1.604279999999999873e-01
9.651509999999999536e+02, 1.287449999999999983e+00
9.651680000000000064e+02, 3.215560000000000085e-01
9.651849999999999454e+02, 3.680129999999999790e-01
9.652010000000000218e+02, 6.772240000000000204e-02
9.652179999999999609e+02, -1.728580000000000116e-01
9.652350000000000136e+02, 7.601250000000000506e-01
9.652509999999999764e+02, 2.394620000000000082e-01
9.652680000000000291e+02, 1.105010000000000048e+00
9.652849999999999682e+02, -6.268249999999999655e-01
9.653010000000000446e+02, 2.969459999999999877e-01
9.653179999999999836e+02, -8.569339999999999735e-01
9.653350000000000364e+02, -5.309800000000000075e-01
9.653509999999999991e+02, 3.455960000000000143e-01
9.653680000000000518e+02, 1.158819999999999961e+00
9.653849999999999909e+02, 9.828310000000000102e-01
9.654009999999999536e+02, 3.222209999999999797e-01
9.654180000000000064e+02, -1.054610000000000047e+00
9.654349999999999454e+02, -1.452260000000000106e+00
9.654510000000000218e+02, -5.230209999999999582e-01
9.654679999999999609e+02, -5.793160000000000531e-01
9.654850000000000136e+02, -3.127969999999999917e-01
9.655009999999999764e+02, -2.313079999999999997e-02
9.655180000000000291e+02, 3.571829999999999727e-01
9.655349999999999682e+02, 8.330459999999999532e-01
9.655510000000000446e+02, 1.265749999999999931e+00
9.655679999999999836e+02, -3.112969999999999904e-01
9.655850000000000364e+02, -7.147850000000000037e-01
9.656009999999999991e+02, -7.425890000000000546e-01
9.656180000000000518e+02, 5.768720000000000514e-01
9.656349999999999909e+02, 2.941610000000000058e-01
9.656509999999999536e+02, 1.028250000000000108e+00
9.656680000000000064e+02, -7.798089999999999744e-01
9.656849999999999454e+02, -8.514690000000000314e-01
9.657010000000000218e+02, -1.296829999999999927e+00
9.657179999999999609e+02, 3.813619999999999788e-01
9.657350000000000136e+02, 1.173370000000000024e+00
9.657509999999999764e+02, -1.186299999999999993e-01
9.657680000000000291e+02, -4.980809999999999960e-01
9.657849999999999682e+02, -1.471570000000000100e-01
9.658010000000000446e+02, 4.005509999999999904e-01
9.658179999999999836e+02, -2.784829999999999806e-01
9.658350000000000364e+02, 4.238169999999999993e-01
9.658509999999999991e+02, -7.009140000000000370e-01
9.658680000000000518e+02, 4.735860000000000070e-01
9.658849999999999909e+02, 1.318449999999999900e+00
9.659009999999999536e+02, -1.673670000000000019e-02
9.659180000000000064e+02, -3.041460000000000170e-03
9.659349999999999454e+02, 3.280330000000000138e-03
9.659510000000000218e+02, 1.236520000000000064e+00
9.659679999999999609e+02, 6.850140000000000395e-02
9.659850000000000136e+02, 1.454749999999999988e+00
9.660009999999999764e+02, -5.305080000000000212e-02
9.660180000000000291e+02, -1.751070000000000126e-01
9.660349999999999682e+02, -1.207049999999999956e+00
9.660510000000000446e+02, 1.374799999999999911e-01
9.660679999999999836e+02, 8.195080000000000142e-01
9.660850000000000364e+02, -2.927049999999999930e-01
9.661009999999999991e+02, -5.750229999999999508e-01
9.661180000000000518e+02, 1.054410000000000069e+00
9.661349999999999909e+02, 8.996429999999999705e-01
9.661509999999999536e+02, 2.455519999999999925e-01
9.661680000000000064e+02, -2.061089999999999867e-01
9.661849999999999454e+02, -1.123280000000000056e+00
9.662010000000000218e+02, -1.685260000000000091e-01
9.662179999999999609e+02, 1.230470000000000036e-01
9.662350000000000136e+02, 1.187699999999999978e+00
9.662509999999999764e+02, 6.058480000000000532e-01
9.662680000000000291e+02, -6.625999999999999668e-01
9.662849999999999682e+02, -8.675249999999999906e-01
9.663010000000000446e+02, -9.544690000000000119e-01
9.663179999999999836e+02, -2.046270000000000033e-01
9.663350000000000364e+02, 8.165230000000000751e-03
9.663509999999999991e+02, 1.628560000000000077e-02
9.663680000000000518e+02, -2.049330000000000040e-01
9.663849999999999909e+02, -1.593499999999999917e+00
9.664009999999999536e+02, 7.591399999999999537e-02
9.664180000000000064e+02, -6.910690000000000444e-01
9.664349999999999454e+02, -4.246139999999999914e-01
9.664510000000000218e+02, 6.275359999999999827e-01
9.664679999999999609e+02, 4.529020000000000268e-01
9.664850000000000136e+02, 1.071290000000000076e+00
9.665009999999999764e+02, -3.813799999999999968e-01
9.665180000000000291e+02, 1.756900000000000128e-01
9.665349999999999682e+02, -4.593200000000000061e-01
9.665510000000000446e+02, 1.970529999999999851e-03
9.665679999999999836e+02, -1.275320000000000009e+00
9.665850000000000364e+02, -5.914099999999999913e-02
9.666009999999999991e+02, 2.537189999999999931e-02
9.666180000000000518e+02, 9.354900000000000437e-01
9.666349999999999909e+02, 3.941490000000000271e-01
9.666509999999999536e+02, -1.473270000000000080e+00
9.666680000000000064e+02, -1.335900000000000087e+00
9.666849999999999454e+02, -1.056119999999999948e+00
9.667010000000000218e+02, 6.248740000000000405e-01
9.667179999999999609e+02, 8.152859999999999552e-01
9.667350000000000136e+02, 5.794510000000000494e-01
9.667509999999999764e+02, -9.431140000000000356e-02
9.667680000000000291e+02, -2.429830000000000045e-01
9.667849999999999682e+02, 1.209379999999999900e+00
9.668010000000000446e+02, 1.755570000000000075e+00
9.668179999999999836e+02, 5.600000000000000533e-01
9.668350000000000364e+02, 2.085379999999999789e+00
9.668509999999999991e+02, -3.057119999999999838e-01
9.668680000000000518e+02, -1.413550000000000084e+00
9.668849999999999909e+02, 7.464350000000000152e-02
9.669009999999999536e+02, 1.058829999999999938e+00
9.669180000000000064e+02, 4.856929999999999858e-01
9.669349999999999454e+02, -1.284650000000000070e+00
9.669510000000000218e+02, 5.953880000000000283e-01
9.669679999999999609e+02, 4.064710000000000267e-01
9.669850000000000136e+02, -4.434230000000000116e-01
9.670009999999999764e+02, -1.017069999999999919e+00
9.670180000000000291e+02, -1.950649999999999884e-01
9.670349999999999682e+02, -2.761100000000000221e-01
9.670510000000000446e+02, -1.601490000000000136e-01
9.670679999999999836e+02, 5.691509999999999625e-01
9.670850000000000364e+02, 6.083370000000000166e-01
9.671009999999999991e+02, -3.229170000000000096e-01
9.671180000000000518e+02, -1.542920000000000125e-01
9.671349999999999909e+02, -1.100740000000000052e-01
9.671509999999999536e+02, 1.045120000000000049e+00
9.671680000000000064e+02, 4.912770000000000192e-01
9.671849999999999454e+02, 3.085220000000000184e-01
9.672010000000000218e+02, -9.194360000000000310e-01
9.672179999999999609e+02, 1.821399999999999908e+00
9.672350000000000136e+02, 9.280770000000000408e-01
9.672509999999999764e+02, -1.479300000000000059e-01
9.672680000000000291e+02, -1.860380000000000089e-01
9.672849999999999682e+02, -9.688590000000000257e-01
9.673010000000000446e+02, -6.867809999999999748e-01
9.673179999999999836e+02, 1.976630000000000054e-01
9.673350000000000364e+02, -2.309320000000000123e-02
9.673509999999999991e+02, -4.589380000000000126e-01
9.673680000000000518e+02, -9.024969999999999937e-01
9.673849999999999909e+02, -5.625609999999999777e-01
9.674009999999999536e+02, 2.355039999999999911e-01
9.674180000000000064e+02, -3.038210000000000077e-01
9.674349999999999454e+02, -6.689329999999999998e-01
9.674510000000000218e+02, -1.288640000000000063e-01
9.674679999999999609e+02, 1.741610000000000102e+00
9.674850000000000136e+02, 1.629299999999999971e+00
9.675009999999999764e+02, -9.257930000000000326e-02
9.675180000000000291e+02, 9.672169999999999934e-01
9.675349999999999682e+02, -1.511149999999999993e-02
9.675510000000000446e+02, 9.651929999999999676e-01
9.675679999999999836e+02, 9.383199999999999874e-02
9.675850000000000364e+02, 3.276899999999999813e-01
9.676009999999999991e+02, -6.503029999999999644e-01
9.676180000000000518e+02, 6.905829999999999469e-01
9.676349999999999909e+02, 4.230439999999999756e-01
9.676509999999999536e+02, 8.728719999999999812e-01
9.676680000000000064e+02, 1.311349999999999972e-03
9.676849999999999454e+02, 3.718489999999999851e-01
9.677010000000000218e+02, -3.931890000000000107e-01
9.677179999999999609e+02, -1.549500000000000099e+00
9.677350000000000136e+02, 1.008789999999999965e-01
9.677509999999999764e+02, -7.746939999999999937e-01
9.677680000000000291e+02, 4.230229999999999824e-01
9.677849999999999682e+02, 6.864710000000000430e-03
9.678010000000000446e+02, -4.973289999999999655e-02
9.678179999999999836e+02, 2.440110000000000057e-01
9.678350000000000364e+02, 2.201150000000000051e-01
9.678509999999999991e+02, 4.081759999999999833e-01
9.678680000000000518e+02, 6.036030000000000006e-01
9.678849999999999909e+02, 2.153359999999999996e-01
9.679009999999999536e+02, 1.134309999999999929e+00
9.679180000000000064e+02, -6.252250000000000307e-01
9.679349999999999454e+02, -8.015940000000000287e-01
9.679510000000000218e+02, -5.315480000000000205e-02
9.679679999999999609e+02, 1.009819999999999940e+00
9.679850000000000136e+02, 8.812330000000000441e-01
9.680009999999999764e+02, 2.287360000000000088e-02
9.680180000000000291e+02, -1.036850000000000049e+00
9.680349999999999682e+02, -1.484150000000000080e+00
9.680510000000000446e+02, -5.505889999999999951e-01
9.680679999999999836e+02, -3.122090000000000143e-01
9.680850000000000364e+02, -1.125950000000000006e-01
9.681009999999999991e+02, 1.310939999999999994e+00
9.681180000000000518e+02, 2.495070000000000066e-01
9.681349999999999909e+02, -6.527690000000000436e-01
9.681509999999999536e+02, 6.610209999999999697e-01
9.681680000000000064e+02, 4.411039999999999961e-01
9.681849999999999454e+02, 8.266550000000000287e-01
9.682010000000000218e+02, 1.135219999999999979e-01
9.682179999999999609e+02, -1.299430000000000085e+00
9.682350000000000136e+02, -2.098009999999999931e+00
9.682509999999999764e+02, -2.629739999999999855e-01
9.682680000000000291e+02, -7.573750000000000204e-01
9.682849999999999682e+02, -1.199470000000000036e+00
9.683010000000000446e+02, -1.207909999999999956e-01
9.683179999999999836e+02, 7.968539999999999651e-03
9.683350000000000364e+02, 5.502639999999999754e-01
9.683509999999999991e+02, 8.180119999999999614e-01
9.683680000000000518e+02, -1.097730000000000095e+00
9.683849999999999909e+02, -4.797230000000000105e-01
9.684009999999999536e+02, 9.008270000000000166e-02
9.684180000000000064e+02, 1.368929999999999980e+00
9.684349999999999454e+02, 1.287239999999999940e+00
9.684510000000000218e+02, 3.259779999999999900e-01
9.684679999999999609e+02, -1.183689999999999909e+00
9.684850000000000136e+02, -1.481819999999999915e+00
9.685009999999999764e+02, -2.474640000000000173e-03
9.685180000000000291e+02, 1.648090000000000055e+00
9.685349999999999682e+02, -5.576480000000000325e-01
9.685510000000000446e+02, -1.334689999999999932e+00
9.685679999999999836e+02, 5.356070000000000553e-01
9.685850000000000364e+02, 8.741240000000000121e-01
9.686009999999999991e+02, 1.026869999999999949e+00
9.686180000000000518e+02, 1.194679999999999964e+00
9.686349999999999909e+02, 4.194149999999999823e-01
9.686509999999999536e+02, 4.729550000000000143e-01
9.686680000000000064e+02, 2.133789999999999853e+00
9.686849999999999454e+02, 2.501490000000000102e-01
9.687010000000000218e+02, -4.565609999999999946e-01
9.687179999999999609e+02, -4.559549999999999992e-01
9.687350000000000136e+02, 4.773009999999999753e-01
9.687509999999999764e+02, 5.801640000000000130e-01
9.687680000000000291e+02, -3.229960000000000053e-01
9.687849999999999682e+02, 7.091760000000000286e-01
9.688010000000000446e+02, -2.118959999999999955e+00
9.688179999999999836e+02, 9.185680000000000511e-01
9.688350000000000364e+02, 3.042869999999999950e-02
9.688509999999999991e+02, -3.733790000000000164e-01
9.688680000000000518e+02, 3.601590000000000069e-01
9.688849999999999909e+02, 1.506310000000000038e+00
9.689009999999999536e+02, 9.560020000000000184e-01
9.689180000000000064e+02, 1.194970000000000088e+00
9.689349999999999454e+02, -8.782040000000000679e-02
9.689510000000000218e+02, -4.865650000000000253e-01
9.689679999999999609e+02, -5.516179999999999695e-02
9.689850000000000136e+02, -5.322069999999999856e-01
9.690009999999999764e+02, -8.222229999999999817e-02
9.690180000000000291e+02, 2.296700000000000130e-01
9.690349999999999682e+02, 7.723130000000000273e-01
9.690510000000000446e+02, -6.634670000000000289e-01
9.690679999999999836e+02, -1.607529999999999903e+00
9.690850000000000364e+02, -1.108100000000000085e+00
9.691009999999999991e+02, -9.493249999999999744e-01
9.691180000000000518e+02, 8.457249999999999490e-02
9.691349999999999909e+02, -7.369059999999999500e-01
9.691509999999999536e+02, -4.738089999999999802e-01
9.691680000000000064e+02, 7.058809999999999807e-01
9.691849999999999454e+02, 1.008119999999999905e+00
9.692010000000000218e+02, 7.143230000000000413e-01
9.692179999999999609e+02, 6.285539999999999461e-01
9.692350000000000136e+02, 2.512670000000000181e-01
9.692509999999999764e+02, 4.420090000000000130e-02
9.692680000000000291e+02, -3.905859999999999888e-01
9.692849999999999682e+02, -2.687280000000000224e-01
9.693010000000000446e+02, -3.254870000000000263e-01
9.693179999999999836e+02, -4.484250000000000180e-01
9.693350000000000364e+02, -4.862090000000000023e-01
9.693509999999999991e+02, 6.472640000000000338e-02
9.693680000000000518e+02, 2.308759999999999923e+00
9.693849999999999909e+02, 1.552510000000000057e+00
9.694009999999999536e+02, 1.072599999999999998e+00
9.694180000000000064e+02, 4.885900000000000243e-01
9.694349999999999454e+02, -1.827089999999999964e-02
9.694510000000000218e+02, 1.033060000000000089e+00
9.694679999999999609e+02, 2.413309999999999900e-01
9.694850000000000136e+02, 9.284840000000000801e-03
9.695009999999999764e+02, -1.384239999999999915e+00
9.695180000000000291e+02, -2.237049999999999983e+00
9.695349999999999682e+02, -1.793919999999999959e+00
9.695510000000000446e+02, 1.419089999999999963e+00
9.695679999999999836e+02, 9.765610000000000124e-01
9.695850000000000364e+02, 1.172109999999999985e+00
9.696009999999999991e+02, 2.893180000000000196e-01
9.696180000000000518e+02, -2.064950000000000119e-02
9.696349999999999909e+02, -3.957370000000000054e-01
9.696509999999999536e+02, -1.422289999999999943e-01
9.696680000000000064e+02, 1.087739999999999957e-01
9.696849999999999454e+02, 8.373690000000000300e-01
9.697010000000000218e+02, -1.689880000000000049e+00
9.697179999999999609e+02, -6.486300000000000399e-01
9.697350000000000136e+02, -1.001339999999999897e+00
9.697509999999999764e+02, -5.192400000000000349e-01
9.697680000000000291e+02, 6.030539999999999790e-01
9.697849999999999682e+02, 1.983419999999999905e-01
9.698010000000000446e+02, 8.721250000000000391e-01
9.698179999999999836e+02, 1.126430000000000042e+00
9.698350000000000364e+02, -6.656060000000000310e-01
9.698509999999999991e+02, -1.261319999999999997e+00
9.698680000000000518e+02, -1.174870000000000081e+00
9.698849999999999909e+02, 9.142530000000000101e-02
9.699009999999999536e+02, -1.353600000000000081e-01
9.699180000000000064e+02, 2.459929999999999950e+00
9.699349999999999454e+02, 7.293250000000000011e-01
9.699510000000000218e+02, -3.283889999999999865e-01
9.699679999999999609e+02, -2.532739999999999991e-01
9.699850000000000136e+02, -3.622489999999999877e-01
9.700009999999999764e+02, -5.275269999999999682e-01
9.700180000000000291e+02, 2.540700000000000180e-01
9.700349999999999682e+02, 1.800640000000000018e-01
9.700510000000000446e+02, 1.448520000000000030e+00
9.700679999999999836e+02, 5.617220000000000546e-01
9.700850000000000364e+02, -7.831599999999999673e-01
9.701009999999999991e+02, -2.468139999999999917e-02
9.701180000000000518e+02, 6.408570000000000100e-01
9.701349999999999909e+02, 1.149359999999999937e+00
9.701509999999999536e+02, 9.779050000000000242e-01
9.701680000000000064e+02, -4.835220000000000073e-01
9.701849999999999454e+02, 6.818220000000000391e-01
9.702010000000000218e+02, 1.366599999999999933e-02
9.702179999999999609e+02, 3.596219999999999972e-01
9.702350000000000136e+02, 8.786019999999999941e-01
9.702509999999999764e+02, -2.642129999999999757e-01
9.702680000000000291e+02, -6.957839999999999581e-01
9.702849999999999682e+02, 2.980019999999999891e-01
9.703010000000000446e+02, 9.187060000000000226e-01
9.703179999999999836e+02, -7.982139999999999791e-01
9.703350000000000364e+02, -1.570240000000000080e+00
9.703509999999999991e+02, 2.323429999999999940e-01
9.703680000000000518e+02, 6.429719999999999880e-01
9.703849999999999909e+02, 8.167729999999999713e-01
9.704009999999999536e+02, 3.515099999999999891e-01
9.704180000000000064e+02, 3.352800000000000225e-01
9.704349999999999454e+02, 6.493229999999999835e-01
9.704510000000000218e+02, 5.473630000000000440e-01
9.704679999999999609e+02, 4.388159999999999838e-01
9.704850000000000136e+02, 1.113920000000000021e+00
9.705009999999999764e+02, 3.161189999999999833e-01
9.705180000000000291e+02, 8.053649999999999975e-01
9.705349999999999682e+02, -4.925590000000000246e-01
9.705510000000000446e+02, 4.452459999999999751e-01
9.705679999999999836e+02, -3.585160000000000013e-01
9.705850000000000364e+02, 2.853230000000000002e-02
9.706009999999999991e+02, -1.003980000000000095e+00
9.706180000000000518e+02, -1.139680000000000026e+00
9.706349999999999909e+02, 5.041600000000000525e-01
9.706509999999999536e+02, -1.705059999999999909e-01
9.706680000000000064e+02, -1.392670000000000075e+00
9.706849999999999454e+02, 8.186010000000000231e-01
9.707010000000000218e+02, -9.322310000000000318e-01
9.707179999999999609e+02, -2.019380000000000064e-01
9.707350000000000136e+02, -6.815820000000000212e-01
9.707509999999999764e+02, 7.710139999999999771e-01
9.707680000000000291e+02, -6.156390000000000473e-01
9.707849999999999682e+02, 6.584239999999999537e-02
9.708010000000000446e+02, 8.297959999999999781e-01
9.708179999999999836e+02, 5.807539999999999925e-01
9.708350000000000364e+02, 7.589390000000000303e-01
9.708509999999999991e+02, 8.209469999999999823e-01
9.708680000000000518e+02, -8.759430000000000271e-01
9.708849999999999909e+02, -5.959579999999999878e-01
9.709009999999999536e+02, -1.072559999999999958e+00
9.709180000000000064e+02, 4.619909999999999989e-02
9.709349999999999454e+02, 6.532679999999999598e-01
9.709510000000000218e+02, -2.141670000000000032e-02
9.709679999999999609e+02, 1.788049999999999917e+00
9.709850000000000136e+02, 2.703110000000000235e-01
9.710009999999999764e+02, 5.551660000000000483e-01
9.710180000000000291e+02, -1.762359999999999927e+00
9.710349999999999682e+02, -1.176760000000000028e+00
9.710510000000000446e+02, -8.392380000000000395e-01
9.710679999999999836e+02, -7.392779999999999907e-01
9.710850000000000364e+02, 1.414700000000000069e+00
9.711009999999999991e+02, -6.798509999999999831e-01
9.711180000000000518e+02, -9.094739999999999769e-02
9.711349999999999909e+02, -2.217000000000000082e-01
9.711509999999999536e+02, 2.129479999999999984e-01
9.711680000000000064e+02, -1.926990000000000092e-01
9.711849999999999454e+02, 1.749310000000000032e-01
9.712010000000000218e+02, 1.289690000000000003e-01
9.712179999999999609e+02, 2.188869999999999982e-01
9.712350000000000136e+02, -2.565760000000000263e-01
9.712509999999999764e+02, -8.917859999999999676e-01
9.712680000000000291e+02, 2.635120000000000240e-01
9.712849999999999682e+02, -9.870430000000000037e-01
9.713010000000000446e+02, -9.134179999999999522e-01
9.713179999999999836e+02, -1.343199999999999950e+00
9.713350000000000364e+02, 8.854800000000000448e-01
9.713509999999999991e+02, 1.576480000000000103e+00
9.713680000000000518e+02, 8.725850000000000550e-01
9.713849999999999909e+02, 3.825930000000000164e-01
9.714009999999999536e+02, -8.391519999999999535e-02
9.714180000000000064e+02, -3.641019999999999812e-01
9.714349999999999454e+02, -1.356070000000000109e+00
9.714510000000000218e+02, -1.082279999999999909e+00
9.714679999999999609e+02, 3.351120000000000210e-01
9.714850000000000136e+02, 1.113469999999999960e+00
9.715009999999999764e+02, 1.063620000000000010e+00
9.715180000000000291e+02, 5.184609999999999497e-01
9.715349999999999682e+02, 9.012180000000000191e-02
9.715510000000000446e+02, -5.887689999999999868e-01
9.715679999999999836e+02, -1.390549999999999953e+00
9.715850000000000364e+02, 1.229370000000000046e-01
9.716009999999999991e+02, 2.949829999999999952e-01
9.716180000000000518e+02, 1.663850000000000051e+00
9.716349999999999909e+02, 7.516859999999999653e-01
9.716509999999999536e+02, 5.008770000000000167e-01
9.716680000000000064e+02, 4.244999999999999885e-01
9.716849999999999454e+02, 3.634760000000000213e-01
9.717010000000000218e+02, 6.103269999999999529e-01
9.717179999999999609e+02, -7.449890000000000123e-01
9.717350000000000136e+02, -8.517019999999999591e-01
9.717509999999999764e+02, -3.935270000000000157e-01
9.717680000000000291e+02, -7.747129999999999850e-01
9.717849999999999682e+02, -6.067529999999999868e-01
9.718010000000000446e+02, -4.564150000000000151e-01
9.718179999999999836e+02, 6.600620000000000376e-01
9.718350000000000364e+02, -2.281449999999999867e-01
9.718509999999999991e+02, 7.898990000000000178e-02
9.718680000000000518e+02, 6.317270000000000385e-01
9.718849999999999909e+02, 2.002839999999999898e-01
9.719009999999999536e+02, 7.552729999999999722e-01
9.719180000000000064e+02, -9.470429999999999682e-01
9.719349999999999454e+02, 9.723929999999999518e-01
9.719510000000000218e+02, -1.137210000000000026e-01
9.719679999999999609e+02, -5.010360000000000369e-01
9.719850000000000136e+02, 3.417430000000000190e-01
9.720009999999999764e+02, -5.805949999999999722e-01
9.720180000000000291e+02, -1.184719999999999995e+00
9.720349999999999682e+02, -9.143969999999999529e-03
9.720510000000000446e+02, 2.887500000000000067e-01
9.720679999999999836e+02, -7.138360000000000261e-01
9.720850000000000364e+02, 1.657640000000000002e+00
9.721009999999999991e+02, -1.740929999999999978e-01
9.721180000000000518e+02, 7.114449999999999941e-01
9.721349999999999909e+02, 8.844049999999999967e-01
9.721509999999999536e+02, -5.941180000000000350e-01
9.721680000000000064e+02, 6.749030000000000307e-02
9.721849999999999454e+02, 3.323690000000000255e-01
9.722010000000000218e+02, -8.544610000000000261e-01
9.722179999999999609e+02, -4.499699999999999811e-01
9.722350000000000136e+02, -2.932609999999999939e-01
9.722509999999999764e+02, -8.315580000000000194e-01
9.722680000000000291e+02, -7.963050000000000683e-02
9.722849999999999682e+02, 1.163699999999999957e+00
9.723010000000000446e+02, 1.063569999999999904e+00
9.723179999999999836e+02, 2.099959999999999882e-01
9.723350000000000364e+02, 1.121350000000000069e+00
9.723509999999999991e+02, 9.263299999999999867e-01
9.723680000000000518e+02, -3.854300000000000087e-02
9.723849999999999909e+02, -1.028820000000000068e+00
9.724009999999999536e+02, -2.538719999999999866e-01
9.724180000000000064e+02, -1.584530000000000105e-01
9.724349999999999454e+02, 3.213480000000000225e-01
9.724510000000000218e+02, 4.826039999999999774e-01
9.724679999999999609e+02, -1.701199999999999934e-01
9.724850000000000136e+02, -1.080989999999999895e+00
9.725009999999999764e+02, -2.706829999999999913e-03
9.725180000000000291e+02, 1.349390000000000034e-01
9.725349999999999682e+02, -3.803819999999999979e-01
9.725510000000000446e+02, 1.031670000000000087e+00
9.725679999999999836e+02, 5.769330000000000291e-01
9.725850000000000364e+02, 5.954289999999999861e-01
9.726009999999999991e+02, 4.328490000000000115e-02
9.726180000000000518e+02, 5.796689999999999898e-01
9.726349999999999909e+02, -1.098629999999999995e+00
9.726509999999999536e+02, -1.059099999999999930e+00
9.726680000000000064e+02, 1.203140000000000043e-01
9.726849999999999454e+02, 3.962999999999999834e-04
9.727010000000000218e+02, -1.929259999999999975e+00
9.727179999999999609e+02, 3.925669999999999993e-01
9.727350000000000136e+02, 6.941629999999999745e-01
9.727509999999999764e+02, 7.469459999999999988e-01
9.727680000000000291e+02, 1.667200000000000015e+00
9.727849999999999682e+02, -2.309400000000000119e+00
9.728010000000000446e+02, -1.097469999999999946e+00
9.728179999999999836e+02, -2.480309999999999793e+00
9.728350000000000364e+02, -6.133779999999999788e-01
9.728509999999999991e+02, 2.595259999999999789e-01
9.728680000000000518e+02, 5.353959999999999830e-01
9.728849999999999909e+02, 8.023409999999999709e-01
9.729009999999999536e+02, -2.951739999999999919e-01
9.729180000000000064e+02, 2.034199999999999897e-01
9.729349999999999454e+02, -7.116749999999999465e-01
9.729510000000000218e+02, -1.619490000000000096e+00
9.729679999999999609e+02, -1.203629999999999978e+00
9.729850000000000136e+02, 1.167890000000000095e+00
9.730009999999999764e+02, 1.945940000000000003e+00
9.730180000000000291e+02, -1.492680000000000118e-01
9.730349999999999682e+02, 5.417629999999999946e-01
9.730510000000000446e+02, -6.082579999999999654e-01
9.730679999999999836e+02, -2.996550000000000047e-01
9.730850000000000364e+02, 5.573860000000000481e-01
9.731009999999999991e+02, -2.231819999999999915e-01
9.731180000000000518e+02, 1.911660000000000026e-01
9.731349999999999909e+02, -5.253919999999999702e-01
9.731509999999999536e+02, -7.706619999999999582e-01
9.731680000000000064e+02, -8.483709999999999862e-01
9.731849999999999454e+02, -6.853559999999999652e-01
9.732010000000000218e+02, -3.724759999999999738e-01
9.732179999999999609e+02, -1.129140000000000033e+00
9.732350000000000136e+02, 5.870539999999999647e-01
9.732509999999999764e+02, 8.330629999999999979e-01
9.732680000000000291e+02, -8.642990000000000395e-01
9.732849999999999682e+02, -1.828970000000000040e-01
9.733010000000000446e+02, 9.350029999999999453e-02
9.733179999999999836e+02, -1.342260000000000120e-01
9.733350000000000364e+02, 1.582780000000000020e-01
9.733509999999999991e+02, -5.695780000000000287e-01
9.733680000000000518e+02, 5.898609999999999687e-01
9.733849999999999909e+02, 2.269339999999999899e-02
9.734009999999999536e+02, 7.266660000000000341e-01
9.734180000000000064e+02, 5.518790000000000084e-01
9.734349999999999454e+02, 1.210329999999999906e+00
9.734510000000000218e+02, 2.374610000000000054e-01
9.734679999999999609e+02, -1.120949999999999891e+00
9.734850000000000136e+02, -1.968029999999999946e+00
9.735009999999999764e+02, 1.522270000000000012e-01
9.735180000000000291e+02, 8.311539999999999484e-01
9.735349999999999682e+02, -2.680330000000000212e-01
9.735510000000000446e+02, -7.407780000000000475e-01
9.735679999999999836e+02, -9.324700000000000211e-01
9.735850000000000364e+02, -2.862549999999999817e-01
9.736009999999999991e+02, 3.911609999999999809e-01
9.736180000000000518e+02, 5.474459999999999882e-01
9.736349999999999909e+02, 1.450830000000000064e+00
9.736509999999999536e+02, 1.251889999999999947e+00
9.736680000000000064e+02, 2.670060000000000211e-01
9.736849999999999454e+02, -1.243719999999999937e+00
9.737010000000000218e+02, -6.875090000000000368e-01
9.737179999999999609e+02, 4.684659999999999935e-01
9.737350000000000136e+02, 6.709530000000000216e-01
9.737509999999999764e+02, 6.585170000000000190e-01
9.737680000000000291e+02, -1.044049999999999923e+00
9.737849999999999682e+02, -9.158910000000000107e-01
9.738010000000000446e+02, -1.632220000000000004e+00
9.738179999999999836e+02, -2.022079999999999878e+00
9.738350000000000364e+02, -2.192110000000000003e+00
9.738509999999999991e+02, -1.173869999999999948e-02
9.738680000000000518e+02, 1.244050000000000100e+00
9.738849999999999909e+02, 1.253549999999999942e+00
9.739009999999999536e+02, -7.327529999999999877e-01
9.739180000000000064e+02, 6.821369999999999933e-01
9.739349999999999454e+02, 2.013860000000000094e-01
9.739510000000000218e+02, -3.122179999999999955e-01
9.739679999999999609e+02, 3.927069999999999728e-01
9.739850000000000136e+02, -4.293749999999999824e-03
9.740009999999999764e+02, -2.947960000000000025e-01
9.740180000000000291e+02, 7.359369999999999801e-02
9.740349999999999682e+02, 9.312890000000000335e-01
9.740510000000000446e+02, -2.445620000000000016e-01
9.740679999999999836e+02, -4.491530000000000244e-01
9.740850000000000364e+02, -2.398360000000000075e-02
9.741009999999999991e+02, 9.053410000000000624e-02
9.741180000000000518e+02, -1.125599999999999934e-01
9.741349999999999909e+02, 1.098300000000000054e+00
9.741509999999999536e+02, 4.908620000000000205e-01
9.741680000000000064e+02, 4.767830000000000124e-01
9.741849999999999454e+02, 1.350230000000000041e+00
9.742010000000000218e+02, 1.721829999999999972e+00
9.742179999999999609e+02, -2.369410000000000127e-01
9.742350000000000136e+02, -4.881519999999999748e-01
9.742509999999999764e+02, -3.911590000000000379e-03
9.742680000000000291e+02, -1.870080000000000076e-01
9.742849999999999682e+02, -6.627819999999999823e-01
9.743010000000000446e+02, -5.236730000000000551e-01
9.743179999999999836e+02, -5.668180000000000440e-01
9.743350000000000364e+02, -1.231420000000000015e-01
9.743509999999999991e+02, 2.554690000000000016e-01
9.743680000000000518e+02, 5.699330000000000229e-01
9.743849999999999909e+02, -1.375470000000000026e-01
9.744009999999999536e+02, -1.345739999999999936e+00
9.744180000000000064e+02, 1.083579999999999988e+00
9.744349999999999454e+02, 3.751169999999999782e-01
9.744510000000000218e+02, -6.274710000000000010e-01
9.744679999999999609e+02, 1.792579999999999868e-02
9.744850000000000136e+02, -7.970239999999999547e-01
9.745009999999999764e+02, 7.881459999999999855e-02
9.745180000000000291e+02, 3.532959999999999989e-01
9.745349999999999682e+02, -7.330839999999999579e-01
9.745510000000000446e+02, -4.752330000000000165e-01
9.745679999999999836e+02, -3.656920000000000170e-01
9.745850000000000364e+02, -3.585800000000000098e-01
9.746009999999999991e+02, -1.188269999999999937e+00
9.746180000000000518e+02, 7.163239999999999608e-01
9.746349999999999909e+02, 1.275400000000000089e+00
9.746509999999999536e+02, 1.220699999999999896e+00
9.746680000000000064e+02, -9.998929999999999624e-03
9.746849999999999454e+02, -9.761520000000000197e-01
9.747010000000000218e+02, -3.862290000000000167e-02
9.747179999999999609e+02, 1.138449999999999962e+00
9.747350000000000136e+02, -3.409430000000000099e-02
9.747509999999999764e+02, 1.411350000000000104e+00
9.747680000000000291e+02, 1.098629999999999995e+00
9.747849999999999682e+02, 5.807940000000000325e-01
9.748010000000000446e+02, -7.964290000000000536e-01
9.748179999999999836e+02, -2.353670000000000151e+00
9.748350000000000364e+02, -7.020659999999999679e-01
9.748509999999999991e+02, 1.112959999999999949e+00
9.748680000000000518e+02, -1.847000000000000031e-01
9.748849999999999909e+02, 1.307810000000000084e-01
9.749009999999999536e+02, 3.821709999999999691e-02
9.749180000000000064e+02, -4.663160000000000083e-01
9.749349999999999454e+02, 5.184140000000000414e-01
9.749510000000000218e+02, -1.127139999999999947e-01
9.749679999999999609e+02, 2.840630000000000099e-01
9.749850000000000136e+02, 5.465229999999999810e-01
9.750009999999999764e+02, -2.319640000000000035e-01
9.750180000000000291e+02, 2.260989999999999944e-01
9.750349999999999682e+02, -3.349019999999999775e-01
9.750510000000000446e+02, 6.261529999999999596e-01
9.750679999999999836e+02, -3.458180000000000143e-01
9.750850000000000364e+02, -6.586520000000000152e-01
9.751009999999999991e+02, -3.047279999999999989e-01
9.751180000000000518e+02, 6.321459999999999857e-01
9.751349999999999909e+02, -3.814609999999999945e-01
9.751509999999999536e+02, 9.057129999999999903e-01
9.751680000000000064e+02, 1.470740000000000103e-01
9.751849999999999454e+02, -9.800929999999999365e-02
9.752010000000000218e+02, -7.217160000000000242e-01
9.752179999999999609e+02, 4.034369999999999901e-01
9.752350000000000136e+02, 7.790289999999999715e-01
9.752509999999999764e+02, 1.604200000000000070e-01
9.752680000000000291e+02, -4.945410000000000084e-01
9.752849999999999682e+02, -1.683810000000000029e+00
9.753010000000000446e+02, -6.174359999999999848e-01
9.753179999999999836e+02, -5.991880000000000539e-01
9.753350000000000364e+02, 2.007909999999999862e+00
9.753509999999999991e+02, 5.297169999999999934e-01
9.753680000000000518e+02, 4.951960000000000250e-01
9.753849999999999909e+02, -6.964930000000000287e-01
9.754009999999999536e+02, -1.039670000000000039e-01
9.754180000000000064e+02, -1.384970000000000034e+00
9.754349999999999454e+02, -1.462219999999999909e-01
9.754510000000000218e+02, -4.001290000000000124e-01
9.754679999999999609e+02, -9.169650000000000301e-01
9.754850000000000136e+02, -6.893890000000000295e-01
9.755009999999999764e+02, 1.331579999999999986e+00
9.755180000000000291e+02, 1.562300000000000022e+00
9.755349999999999682e+02, 1.094680000000000097e+00
9.755510000000000446e+02, -5.722000000000000419e-01
9.755679999999999836e+02, -6.569479999999999764e-01
9.755850000000000364e+02, -5.785799999999999832e-01
9.756009999999999991e+02, -1.445699999999999985e+00
9.756180000000000518e+02, -8.368679999999999453e-01
9.756349999999999909e+02, 1.033799999999999997e-01
9.756509999999999536e+02, 6.136580000000000368e-01
9.756680000000000064e+02, 2.089869999999999894e+00
9.756849999999999454e+02, 6.767419999999999547e-01
9.757010000000000218e+02, -1.192900000000000071e+00
9.757179999999999609e+02, -3.568089999999999873e-01
9.757350000000000136e+02, -1.955189999999999984e-01
9.757509999999999764e+02, 2.214160000000000017e-01
9.757680000000000291e+02, 4.320590000000000264e-01
9.757849999999999682e+02, 8.102880000000000082e-01
9.758010000000000446e+02, 9.741130000000000622e-02
9.758179999999999836e+02, 1.350810000000000066e-01
9.758350000000000364e+02, -3.782929999999999904e-01
9.758509999999999991e+02, 5.801669999999999883e-01
9.758680000000000518e+02, 5.958649999999999780e-01
9.758849999999999909e+02, 1.340750000000000108e+00
9.759009999999999536e+02, -6.446009999999999796e-01
9.759180000000000064e+02, -5.804949999999999832e-01
9.759349999999999454e+02, -5.929720000000000546e-01
9.759510000000000218e+02, -3.280270000000000130e-01
9.759679999999999609e+02, 3.204480000000000106e-01
9.759850000000000136e+02, 4.431750000000000272e-02
9.760009999999999764e+02, 6.775670000000000304e-02
9.760180000000000291e+02, 5.667690000000000228e-02
9.760349999999999682e+02, -3.864369999999999750e-01
9.760510000000000446e+02, -1.333269999999999955e+00
9.760679999999999836e+02, -3.112519999999999731e-01
9.760850000000000364e+02, -6.079499999999999904e-01
9.761009999999999991e+02, 3.320029999999999926e-01
9.761180000000000518e+02, 3.186680000000000068e-02
9.761349999999999909e+02, 5.901710000000000012e-01
9.761509999999999536e+02, 2.635509999999999797e-01
9.761680000000000064e+02, 6.862679999999999891e-01
9.761849999999999454e+02, -5.223119999999999985e-01
9.762010000000000218e+02, 1.705910000000000037e+00
9.762179999999999609e+02, 5.522700000000000387e-01
9.762350000000000136e+02, 1.239309999999999912e+00
9.762509999999999764e+02, -1.011980000000000102e+00
9.762680000000000291e+02, -9.114980000000000304e-01
9.762849999999999682e+02, -1.947640000000000038e+00
9.763010000000000446e+02, -4.693150000000000099e-03
9.763179999999999836e+02, 9.650269999999999682e-01
9.763350000000000364e+02, 7.461069999999999647e-01
9.763509999999999991e+02, 1.548880000000000035e+00
9.763680000000000518e+02, 2.612019999999999897e-01
9.763849999999999909e+02, 8.703009999999999913e-02
9.764009999999999536e+02, -1.248329999999999995e-01
9.764180000000000064e+02, -7.854250000000000398e-01
9.764349999999999454e+02, 6.100229999999999819e-01
9.764510000000000218e+02, 2.003639999999999866e-01
9.764679999999999609e+02, 5.616210000000000369e-01
9.764850000000000136e+02, 1.171750000000000069e+00
9.765009999999999764e+02, -5.334609999999999630e-01
9.765180000000000291e+02, -1.479360000000000008e+00
9.765349999999999682e+02, -1.121869999999999923e+00
9.765510000000000446e+02, 1.271800000000000042e+00
9.765679999999999836e+02, 1.416050000000000031e+00
9.765850000000000364e+02, 5.997310000000000141e-01
9.766009999999999991e+02, -1.261179999999999968e+00
9.766180000000000518e+02, -9.369650000000000201e-02
9.766349999999999909e+02, -9.162900000000000489e-01
9.766509999999999536e+02, 1.301409999999999956e+00
9.766680000000000064e+02, 6.883289999999999687e-01
9.766849999999999454e+02, 1.230720000000000036e+00
9.767010000000000218e+02, -3.070499999999999896e-01
9.767179999999999609e+02, -1.757870000000000044e+00
9.767350000000000136e+02, -1.820170000000000066e+00
9.767509999999999764e+02, -1.142490000000000006e+00
9.767680000000000291e+02, -1.340139999999999942e-01
9.767849999999999682e+02, 7.375209999999999821e-01
9.768010000000000446e+02, -9.321390000000000509e-01
9.768179999999999836e+02, -2.050609999999999933e-01
9.768350000000000364e+02, -9.711359999999999992e-01
9.768509999999999991e+02, -8.895669999999999966e-01
9.768680000000000518e+02, -1.219430000000000014e+00
9.768849999999999909e+02, 9.686909999999999688e-01
9.769009999999999536e+02, -3.818360000000000087e-01
9.769180000000000064e+02, 1.573579999999999979e+00
9.769349999999999454e+02, -7.815940000000000387e-02
9.769510000000000218e+02, 4.724149999999999877e-02
9.769679999999999609e+02, 1.480339999999999989e+00
9.769850000000000136e+02, 2.939410000000000078e-01
9.770009999999999764e+02, 3.262950000000000017e-01
9.770180000000000291e+02, -3.087239999999999984e-01
9.770349999999999682e+02, 6.064019999999999827e-02
9.770510000000000446e+02, -6.191299999999999581e-01
9.770679999999999836e+02, -6.123089999999999783e-02
9.770850000000000364e+02, -1.400140000000000022e-03
9.771009999999999991e+02, 1.128300000000000081e+00
9.771180000000000518e+02, 6.671489999999999920e-01
9.771349999999999909e+02, -1.467920000000000058e-01
9.771509999999999536e+02, 8.139880000000000448e-01
9.771680000000000064e+02, -8.306149999999999922e-01
9.771849999999999454e+02, -9.155130000000000212e-01
9.772010000000000218e+02, 4.427419999999999967e-02
9.772179999999999609e+02, -2.898640000000000105e-01
9.772350000000000136e+02, -6.447060000000000013e-01
9.772509999999999764e+02, -1.026510000000000034e+00
9.772680000000000291e+02, -3.141559999999999908e-01
9.772849999999999682e+02, -3.696200000000000041e-01
9.773010000000000446e+02, 4.373279999999999945e-01
9.773179999999999836e+02, 8.525760000000000283e-02
9.773350000000000364e+02, 1.843160000000000076e-01
9.773509999999999991e+02, -1.462169999999999963e-02
9.773680000000000518e+02, 8.532170000000000032e-01
9.773849999999999909e+02, 1.209430000000000005e+00
9.774009999999999536e+02, 8.282730000000000370e-01
9.774180000000000064e+02, 7.313989999999999381e-02
9.774349999999999454e+02, -4.579840000000000022e-01
9.774510000000000218e+02, -2.493879999999999986e-01
9.774679999999999609e+02, 1.064879999999999993e-01
9.774850000000000136e+02, -7.983609999999999318e-02
9.775009999999999764e+02, -3.312999999999999834e-01
9.775180000000000291e+02, 5.343780000000000197e-01
9.775349999999999682e+02, 3.800510000000000277e-01
9.775510000000000446e+02, 1.387170000000000014e+00
9.775679999999999836e+02, 9.452409999999999979e-01
9.775850000000000364e+02, -4.097759999999999736e-01
9.776009999999999991e+02, -2.175980000000000136e-01
9.776180000000000518e+02, 1.182830000000000048e+00
9.776349999999999909e+02, 3.452250000000000041e-01
9.776509999999999536e+02, 1.388550000000000062e-01
9.776680000000000064e+02, 1.148559999999999998e-01
9.776849999999999454e+02, 6.143159999999999732e-01
9.777010000000000218e+02, -1.174080000000000013e+00
9.777179999999999609e+02, -9.248580000000000689e-02
9.777350000000000136e+02, -2.370970000000000022e-01
9.777509999999999764e+02, 7.663699999999999853e-03
9.777680000000000291e+02, -1.295360000000000067e+00
9.777849999999999682e+02, 9.163880000000000636e-02
9.778010000000000446e+02, -8.132399999999999352e-02
9.778179999999999836e+02, 1.817700000000000093e+00
9.778350000000000364e+02, 5.972039999999999571e-01
9.778509999999999991e+02, 1.486450000000000049e+00
9.778680000000000518e+02, -1.014699999999999935e+00
9.778849999999999909e+02, 9.540149999999999464e-01
9.779009999999999536e+02, -5.253860000000000197e-01
9.779180000000000064e+02, -1.854780000000000095e+00
9.779349999999999454e+02, 1.772400000000000087e-01
9.779510000000000218e+02, 4.851150000000000184e-01
9.779679999999999609e+02, 3.749500000000000055e-01
9.779850000000000136e+02, 7.925349999999999895e-01
9.780009999999999764e+02, 8.402039999999999509e-02
9.780180000000000291e+02, -1.428590000000000027e+00
9.780349999999999682e+02, -8.335569999999999924e-01
9.780510000000000446e+02, -5.220740000000000380e-01
9.780679999999999836e+02, 8.890360000000000484e-01
9.780850000000000364e+02, -4.170979999999999827e-02
9.781009999999999991e+02, 2.459749999999999992e-01
9.781180000000000518e+02, -1.167190000000000033e-01
9.781349999999999909e+02, -1.338000000000000078e+00
9.781509999999999536e+02, -6.978349999999999831e-02
9.781680000000000064e+02, 2.533449999999999869e-01
9.781849999999999454e+02, -5.485830000000000428e-01
9.782010000000000218e+02, -2.155729999999999869e-01
9.782179999999999609e+02, -2.550899999999999834e-01
9.782350000000000136e+02, -6.237380000000000146e-01
9.782509999999999764e+02, 6.242450000000000498e-01
9.782680000000000291e+02, 4.478210000000000246e-01
9.782849999999999682e+02, -4.193979999999999930e-01
9.783010000000000446e+02, 4.369540000000000091e-01
9.783179999999999836e+02, 4.006520000000000081e-01
9.783350000000000364e+02, 4.576580000000000092e-01
9.783509999999999991e+02, 2.760150000000000103e-01
9.783680000000000518e+02, 2.107079999999999842e+00
9.783849999999999909e+02, 7.239600000000000479e-01
9.784009999999999536e+02, 5.450089999999999657e-01
9.784180000000000064e+02, 5.854409999999999892e-01
9.784349999999999454e+02, 3.224079999999999724e-01
9.784510000000000218e+02, -1.413450000000000095e+00
9.784679999999999609e+02, -2.208400000000000085e-01
9.784850000000000136e+02, -5.671589999999999687e-01
9.785009999999999764e+02, 1.830390000000000073e-01
9.785180000000000291e+02, 1.259079999999999921e-01
9.785349999999999682e+02, 1.200720000000000010e+00
9.785510000000000446e+02, 1.715329999999999910e-01
9.785679999999999836e+02, -6.263859999999999567e-03
9.785850000000000364e+02, 6.898060000000000302e-01
9.786009999999999991e+02, 4.797699999999999743e-01
9.786180000000000518e+02, 6.751740000000000519e-01
9.786349999999999909e+02, 1.272389999999999910e+00
9.786509999999999536e+02, 3.665200000000000125e-01
9.786680000000000064e+02, -4.489820000000000269e-03
9.786849999999999454e+02, -7.679040000000000310e-01
9.787010000000000218e+02, -2.688320000000000154e-01
9.787179999999999609e+02, -1.492440000000000086e-02
9.787350000000000136e+02, 9.602220000000000200e-02
9.787509999999999764e+02, -9.600459999999999550e-01
9.787680000000000291e+02, 5.338199999999999612e-01
9.787849999999999682e+02, 6.570110000000000117e-01
9.788010000000000446e+02, 1.085830000000000073e+00
9.788179999999999836e+02, 8.307170000000000387e-01
9.788350000000000364e+02, 8.719449999999999701e-01
9.788509999999999991e+02, -4.010429999999999828e-01
9.788680000000000518e+02, -4.071259999999999879e-01
9.788849999999999909e+02, -1.149510000000000032e+00
9.789009999999999536e+02, 1.085409999999999986e+00
9.789180000000000064e+02, 1.211920000000000108e+00
9.789349999999999454e+02, -2.512759999999999994e-01
9.789510000000000218e+02, -2.190449999999999786e+00
9.789679999999999609e+02, 3.742159999999999931e-01
9.789850000000000136e+02, 8.374179999999999957e-01
9.790009999999999764e+02, 3.822019999999999862e-01
9.790180000000000291e+02, 9.501489999999999936e-02
9.790349999999999682e+02, 9.462669999999999693e-01
9.790510000000000446e+02, 6.674120000000000053e-01
9.790679999999999836e+02, -9.633699999999999486e-01
9.790850000000000364e+02, -4.914879999999999943e-02
9.791009999999999991e+02, 7.022950000000000026e-01
9.791180000000000518e+02, 6.410660000000000247e-01
9.791349999999999909e+02, -7.428460000000000618e-02
9.791509999999999536e+02, 5.646480000000000388e-01
9.791680000000000064e+02, -4.773290000000000033e-01
9.791849999999999454e+02, 2.127240000000000034e-02
9.792010000000000218e+02, 8.373049999999999937e-02
9.792179999999999609e+02, -4.814530000000000198e-01
9.792350000000000136e+02, -1.340280000000000082e-01
9.792509999999999764e+02, -1.810219999999999885e-01
9.792680000000000291e+02, 2.304390000000000049e-01
9.792849999999999682e+02, 2.268459999999999921e-01
9.793010000000000446e+02, -4.254519999999999968e-01
9.793179999999999836e+02, 1.133409999999999973e-01
9.793350000000000364e+02, -9.380049999999999499e-02
9.793509999999999991e+02, -5.246539999999999537e-01
9.793680000000000518e+02, 8.484369999999999967e-01
9.793849999999999909e+02, -6.509139999999999926e-01
9.794009999999999536e+02, -1.542270000000000030e-01
9.794180000000000064e+02, -3.852439999999999753e-01
9.794349999999999454e+02, 5.957010000000000360e-01
9.794510000000000218e+02, 2.998980000000000048e-02
9.794679999999999609e+02, 1.371380000000000043e+00
9.794850000000000136e+02, -1.387019999999999920e+00
9.795009999999999764e+02, 2.421750000000000014e-01
9.795180000000000291e+02, -8.908810000000000340e-02
9.795349999999999682e+02, -1.437990000000000101e+00
9.795510000000000446e+02, -6.502160000000000162e-01
9.795679999999999836e+02, -1.129299999999999971e+00
9.795850000000000364e+02, -3.521360000000000046e-01
9.796009999999999991e+02, 8.278269999999999795e-01
9.796180000000000518e+02, 1.664599999999999969e-01
9.796349999999999909e+02, 2.659870000000000179e+00
9.796509999999999536e+02, 5.451319999999999499e-01
9.796680000000000064e+02, -1.560820000000000096e+00
9.796849999999999454e+02, 3.315769999999999829e-02
9.797010000000000218e+02, -9.811680000000000401e-01
9.797179999999999609e+02, 1.311809999999999921e-01
9.797350000000000136e+02, 4.098319999999999741e-01
9.797509999999999764e+02, 1.179869999999999974e+00
9.797680000000000291e+02, 4.454279999999999906e-01
9.797849999999999682e+02, -4.688729999999999842e-01
9.798010000000000446e+02, 3.827670000000000239e-01
9.798179999999999836e+02, 1.213449999999999918e+00
9.798350000000000364e+02, 1.292110000000000092e+00
9.798509999999999991e+02, 1.578140000000000098e+00
9.798680000000000518e+02, 9.342669999999999586e-01
9.798849999999999909e+02, -8.223340000000000094e-01
9.799009999999999536e+02, -1.022960000000000091e+00
9.799180000000000064e+02, -4.907909999999999773e-01
9.799349999999999454e+02, 7.926710000000000145e-01
9.799510000000000218e+02, 1.301020000000000065e+00
9.799679999999999609e+02, -1.007710000000000106e+00
9.799850000000000136e+02, -3.175339999999999829e-01
9.800009999999999764e+02, 4.561160000000000214e-01
9.800180000000000291e+02, 3.135919999999999680e-02
9.800349999999999682e+02, 1.253910000000000080e+00
9.800510000000000446e+02, 4.251090000000000146e-01
9.800679999999999836e+02, -3.659529999999999728e-01
9.800850000000000364e+02, 6.663460000000000216e-02
9.801009999999999991e+02, -4.059740000000000015e-01
9.801180000000000518e+02, -1.284249999999999892e+00
9.801349999999999909e+02, -1.369029999999999969e-01
9.801509999999999536e+02, -3.584459999999999730e-02
9.801680000000000064e+02, -4.188330000000000108e-01
9.801849999999999454e+02, -2.308320000000000094e-01
9.802010000000000218e+02, 9.534669999999999535e-01
9.802179999999999609e+02, 1.047050000000000036e+00
9.802350000000000136e+02, 7.419829999999999481e-01
9.802509999999999764e+02, -5.054990000000000316e-01
9.802680000000000291e+02, 5.497429999999999817e-01
9.802849999999999682e+02, 1.351949999999999985e+00
9.803010000000000446e+02, 1.116689999999999960e+00
9.803179999999999836e+02, 1.857569999999999943e+00
9.803350000000000364e+02, 1.234460000000000002e-01
9.803509999999999991e+02, -2.148720000000000074e-01
9.803680000000000518e+02, -5.679260000000000419e-01
9.803849999999999909e+02, -1.405780000000000085e-01
9.804009999999999536e+02, 7.068750000000000311e-01
9.804180000000000064e+02, 7.515819999999999446e-02
9.804349999999999454e+02, 7.035390000000000255e-01
9.804510000000000218e+02, 3.457390000000000185e-01
9.804679999999999609e+02, -1.080799999999999955e-01
9.804850000000000136e+02, 2.091480000000000006e-01
9.805009999999999764e+02, 1.360090000000000021e+00
9.805180000000000291e+02, 1.026600000000000013e-01
9.805349999999999682e+02, -1.297990000000000081e-02
9.805510000000000446e+02, 1.411429999999999962e+00
9.805679999999999836e+02, 1.837029999999999941e+00
9.805850000000000364e+02, -8.414350000000000440e-01
9.806009999999999991e+02, 9.391389999999999461e-01
9.806180000000000518e+02, -1.447810000000000041e+00
9.806349999999999909e+02, 9.658020000000000493e-01
9.806509999999999536e+02, 8.303490000000000038e-01
9.806680000000000064e+02, 7.191389999999999727e-01
9.806849999999999454e+02, -2.118960000000000010e-01
9.807010000000000218e+02, -1.530509999999999926e-01
9.807179999999999609e+02, -7.600550000000000361e-01
9.807350000000000136e+02, 1.571879999999999944e+00
9.807509999999999764e+02, -1.067949999999999955e+00
9.807680000000000291e+02, 1.376519999999999966e+00
9.807849999999999682e+02, 1.447710000000000052e+00
9.808010000000000446e+02, -1.097900000000000098e+00
9.808179999999999836e+02, -3.940620000000000234e-01
9.808350000000000364e+02, -6.690270000000000383e-01
9.808509999999999991e+02, 3.589109999999999800e-01
9.808680000000000518e+02, 5.530990000000000073e-01
9.808849999999999909e+02, -7.223910000000000053e-01
9.809009999999999536e+02, -3.643660000000000232e-01
9.809180000000000064e+02, 8.892519999999999591e-02
9.809349999999999454e+02, 1.441780000000000062e+00
9.809510000000000218e+02, 7.777199999999999669e-01
9.809679999999999609e+02, 1.011439999999999978e-01
9.809850000000000136e+02, -4.684940000000000215e-01
9.810009999999999764e+02, 2.172989999999999977e+00
9.810180000000000291e+02, -1.233239999999999892e+00
9.810349999999999682e+02, 1.403020000000000100e-01
9.810510000000000446e+02, -8.987810000000000521e-01
9.810679999999999836e+02, 1.059859999999999969e-01
9.810850000000000364e+02, -6.770779999999999577e-01
9.811009999999999991e+02, 2.108649999999999969e-01
9.811180000000000518e+02, -3.558959999999999901e-01
9.811349999999999909e+02, 2.679349999999999787e-01
9.811509999999999536e+02, 7.761689999999999978e-01
9.811680000000000064e+02, 1.693529999999999980e+00
9.811849999999999454e+02, -3.974989999999999912e-01
9.812010000000000218e+02, 4.198379999999999890e-01
9.812179999999999609e+02, -6.072030000000000483e-01
9.812350000000000136e+02, 1.349599999999999966e-01
9.812509999999999764e+02, 9.082029999999999825e-01
9.812680000000000291e+02, -3.174029999999999907e-01
9.812849999999999682e+02, -1.087499999999999911e+00
9.813010000000000446e+02, -8.761160000000000059e-01
9.813179999999999836e+02, -1.109879999999999978e+00
9.813350000000000364e+02, -6.134140000000000148e-01
9.813509999999999991e+02, 4.539300000000000002e-01
9.813680000000000518e+02, 5.719100000000000295e-01
9.813849999999999909e+02, 4.134979999999999767e-01
9.814009999999999536e+02, -5.430180000000000007e-01
9.814180000000000064e+02, -8.970230000000000148e-01
9.814349999999999454e+02, -4.408059999999999756e-01
9.814510000000000218e+02, -7.445019999999999971e-01
9.814679999999999609e+02, 8.371389999999999665e-01
9.814850000000000136e+02, 8.658609999999999918e-01
9.815009999999999764e+02, 5.147509999999999586e-01
9.815180000000000291e+02, -1.033820000000000017e-01
9.815349999999999682e+02, -3.461350000000000260e-01
9.815510000000000446e+02, -8.146930000000000005e-01
9.815679999999999836e+02, -7.694699999999999873e-01
9.815850000000000364e+02, 6.966360000000000607e-02
9.816009999999999991e+02, 1.054530000000000051e-01
9.816180000000000518e+02, -3.185299999999999798e-01
9.816349999999999909e+02, 8.111220000000000097e-01
9.816509999999999536e+02, -1.583019999999999983e-01
9.816680000000000064e+02, -1.309889999999999999e+00
9.816849999999999454e+02, 1.630069999999999908e+00
9.817010000000000218e+02, -5.934810000000000363e-01
9.817179999999999609e+02, -8.367449999999999610e-01
9.817350000000000136e+02, 2.661909999999999971e-02
9.817509999999999764e+02, -1.811870000000000147e-02
9.817680000000000291e+02, 5.728820000000000023e-01
9.817849999999999682e+02, -1.497660000000000102e-01
9.818010000000000446e+02, -8.874090000000000034e-01
9.818179999999999836e+02, -7.639880000000000004e-01
9.818350000000000364e+02, -1.302450000000000108e+00
9.818509999999999991e+02, -1.185760000000000008e-01
9.818680000000000518e+02, 3.297439999999999816e-01
9.818849999999999909e+02, -6.624689999999999745e-01
9.819009999999999536e+02, -1.482110000000000039e+00
9.819180000000000064e+02, 6.822979999999999601e-01
9.819349999999999454e+02, -7.029680000000000373e-01
9.819510000000000218e+02, -1.791470000000000007e-01
9.819679999999999609e+02, 7.287879999999999914e-01
9.819850000000000136e+02, -4.242739999999999706e-02
9.820009999999999764e+02, -5.762639999999999985e-01
9.820180000000000291e+02, 1.693450000000000163e-02
9.820349999999999682e+02, -6.298839999999999995e-02
9.820510000000000446e+02, -5.345039999999999791e-01
9.820679999999999836e+02, 1.002150000000000096e+00
9.820850000000000364e+02, 8.157299999999999551e-01
9.821009999999999991e+02, -8.427900000000000391e-01
9.821180000000000518e+02, -7.146700000000000275e-01
9.821349999999999909e+02, -4.263379999999999947e-01
9.821509999999999536e+02, -1.846100000000000074e+00
9.821680000000000064e+02, -3.748049999999999993e-01
9.821849999999999454e+02, 1.163140000000000063e+00
9.822010000000000218e+02, 3.190560000000000063e-01
9.822179999999999609e+02, 6.840899999999999759e-02
9.822350000000000136e+02, -8.906899999999999817e-01
9.822509999999999764e+02, -5.897820000000000285e-01
9.822680000000000291e+02, -1.295739999999999947e-01
9.822849999999999682e+02, 1.819790000000000019e+00
9.823010000000000446e+02, -4.650270000000000237e-01
9.823179999999999836e+02, -1.005309999999999926e+00
9.823350000000000364e+02, 4.012649999999999828e-01
9.823509999999999991e+02, 6.075540000000000385e-01
9.823680000000000518e+02, -2.318459999999999965e-01
9.823849999999999909e+02, -8.021270000000000344e-01
9.824009999999999536e+02, 3.750279999999999725e-01
9.824180000000000064e+02, -9.257229999999999626e-01
9.824349999999999454e+02, 1.435939999999999994e+00
9.824510000000000218e+02, -1.754130000000000134e-01
9.824679999999999609e+02, -1.053329999999999961e-01
9.824850000000000136e+02, -2.148399999999999962e-02
9.825009999999999764e+02, -5.032469999999999999e-01
9.825180000000000291e+02, -7.273960000000000425e-01
9.825349999999999682e+02, -7.097700000000000120e-01
9.825510000000000446e+02, 7.585180000000000256e-01
9.825679999999999836e+02, 8.375209999999999599e-01
9.825850000000000364e+02, 6.358569999999999500e-02
9.826009999999999991e+02, -5.203410000000000327e-03
9.826180000000000518e+02, 6.380810000000000093e-01
9.826349999999999909e+02, 4.099860000000000171e-01
9.826509999999999536e+02, -1.702770000000000117e-01
9.826680000000000064e+02, 5.004589999999999872e-01
9.826849999999999454e+02, -2.424350000000000116e-01
9.827010000000000218e+02, 1.296559999999999935e+00
9.827179999999999609e+02, 1.709310000000000107e+00
9.827350000000000136e+02, 7.436000000000000387e-01
9.827509999999999764e+02, -5.499180000000000179e-01
9.827680000000000291e+02, -8.866319999999999757e-01
9.827849999999999682e+02, -3.421660000000000257e-01
9.828010000000000446e+02, 3.437989999999999796e-02
9.828179999999999836e+02, -1.127420000000000089e+00
9.828350000000000364e+02, 9.847459999999999547e-02
9.828509999999999991e+02, 1.135180000000000078e+00
9.828680000000000518e+02, 7.321210000000000218e-01
9.828849999999999909e+02, -2.597840000000000149e-01
9.829009999999999536e+02, -1.221580000000000110e+00
9.829180000000000064e+02, 5.609809999999999797e-02
9.829349999999999454e+02, -7.644560000000000244e-01
9.829510000000000218e+02, -1.326610000000000011e-01
9.829679999999999609e+02, -1.035320000000000018e+00
9.829850000000000136e+02, 1.875110000000000110e-01
9.830009999999999764e+02, 2.753129999999999744e-01
9.830180000000000291e+02, 7.707969999999999544e-01
9.830349999999999682e+02, 4.548300000000000121e-01
9.830510000000000446e+02, 1.153580000000000050e+00
9.830679999999999836e+02, -6.034720000000000084e-01
9.830850000000000364e+02, 1.649450000000000083e+00
9.831009999999999991e+02, 4.568039999999999878e-01
9.831180000000000518e+02, 3.091479999999999784e-01
9.831349999999999909e+02, -7.136609999999999898e-01
9.831509999999999536e+02, -3.426319999999999921e-01
9.831680000000000064e+02, -5.166859999999999786e-01
9.831849999999999454e+02, 7.175289999999999446e-02
9.832010000000000218e+02, -2.952850000000000197e-01
9.832179999999999609e+02, 6.677760000000000362e-01
9.832350000000000136e+02, 3.220140000000000224e-01
9.832509999999999764e+02, -2.166079999999999950e-01
9.832680000000000291e+02, -3.460520000000000262e-01
9.832849999999999682e+02, -1.025360000000000049e+00
9.833010000000000446e+02, -9.406149999999999789e-01
9.833179999999999836e+02, -1.448800000000000088e+00
9.833350000000000364e+02, 1.847560000000000036e-01
9.833509999999999991e+02, 2.156500000000000083e-01
9.833680000000000518e+02, 1.687880000000000047e+00
9.833849999999999909e+02, -3.554709999999999814e-01
9.834009999999999536e+02, 2.826279999999999903e-01
9.834180000000000064e+02, 1.366020000000000012e-01
9.834349999999999454e+02, 7.371689999999999632e-01
9.834510000000000218e+02, 1.427349999999999897e+00
9.834679999999999609e+02, -2.163140000000000063e-01
9.834850000000000136e+02, -2.090430000000000066e-01
9.835009999999999764e+02, 3.797189999999999732e-01
9.835180000000000291e+02, -2.579909999999999842e-02
9.835349999999999682e+02, 1.400859999999999994e+00
9.835510000000000446e+02, 5.811629999999999852e-01
9.835679999999999836e+02, -1.777360000000000051e-01
9.835850000000000364e+02, -4.912819999999999965e-01
9.836009999999999991e+02, -3.789629999999999943e-01
9.836180000000000518e+02, -1.207480000000000109e+00
9.836349999999999909e+02, 3.633270000000000111e-01
9.836509999999999536e+02, -1.516740000000000033e-01
9.836680000000000064e+02, 2.008410000000000029e+00
9.836849999999999454e+02, -2.004039999999999988e-01
9.837010000000000218e+02, -3.301339999999999830e-01
9.837179999999999609e+02, -2.079629999999999868e+00
9.837350000000000136e+02, -6.041860000000000008e-01
9.837509999999999764e+02, 1.051350000000000007e+00
9.837680000000000291e+02, 7.914170000000000371e-01
9.837849999999999682e+02, -7.831839999999999913e-01
9.838010000000000446e+02, -4.279910000000000103e-01
9.838179999999999836e+02, -6.441599999999999548e-01
9.838350000000000364e+02, -6.409780000000000477e-01
9.838509999999999991e+02, 1.116819999999999924e+00
9.838680000000000518e+02, 7.630160000000000275e-01
9.838849999999999909e+02, 3.353459999999999774e-01
9.839009999999999536e+02, -9.486100000000000088e-02
9.839180000000000064e+02, 1.168479999999999963e+00
9.839349999999999454e+02, -6.874869999999999592e-01
9.839510000000000218e+02, -1.380419999999999980e-01
9.839679999999999609e+02, -4.843759999999999732e-01
9.839850000000000136e+02, -2.554150000000000031e-01
9.840009999999999764e+02, 3.762210000000000276e-01
9.840180000000000291e+02, 1.598039999999999905e+00
9.840349999999999682e+02, 1.785760000000000125e-01
9.840510000000000446e+02, 1.253100000000000047e-01
9.840679999999999836e+02, -5.617720000000000491e-01
9.840850000000000364e+02, -1.579479999999999995e+00
9.841009999999999991e+02, 3.055269999999999930e-01
9.841180000000000518e+02, 1.240229999999999944e+00
9.841349999999999909e+02, -2.942399999999999877e-02
9.841509999999999536e+02, -5.035849999999999493e-01
9.841680000000000064e+02, -5.694310000000000205e-01
9.841849999999999454e+02, 1.947349999999999914e-01
9.842010000000000218e+02, 1.668530000000000069e+00
9.842179999999999609e+02, 8.560210000000000319e-01
9.842350000000000136e+02, 5.906439999999999468e-01
9.842509999999999764e+02, 5.179200000000000470e-01
9.842680000000000291e+02, -4.497369999999999979e-01
9.842849999999999682e+02, -2.212280000000000080e-01
9.843010000000000446e+02, 1.675119999999999942e-01
9.843179999999999836e+02, 3.005590000000000206e-01
9.843350000000000364e+02, -1.812840000000000007e-01
9.843509999999999991e+02, -6.727080000000000559e-02
9.843680000000000518e+02, -3.215180000000000121e-02
9.843849999999999909e+02, 1.292510000000000048e+00
9.844009999999999536e+02, 1.013460000000000027e+00
9.844180000000000064e+02, 1.278340000000000032e+00
9.844349999999999454e+02, -6.677980000000000027e-01
9.844510000000000218e+02, 1.354370000000000018e-01
9.844679999999999609e+02, -1.197000000000000064e+00
9.844850000000000136e+02, -7.684640000000000359e-01
9.845009999999999764e+02, 6.800829999999999376e-02
9.845180000000000291e+02, 1.348799999999999999e+00
9.845349999999999682e+02, -6.685339999999999616e-01
9.845510000000000446e+02, 8.014620000000000077e-01
9.845679999999999836e+02, 5.325760000000000494e-01
9.845850000000000364e+02, -9.951870000000000438e-01
9.846009999999999991e+02, -1.280450000000000088e+00
9.846180000000000518e+02, -1.403999999999999970e-01
9.846349999999999909e+02, -7.447030000000000316e-02
9.846509999999999536e+02, -5.867780000000000218e-01
9.846680000000000064e+02, -3.568680000000000185e-01
9.846849999999999454e+02, 1.472310000000000008e+00
9.847010000000000218e+02, 6.583010000000000250e-01
9.847179999999999609e+02, 2.331760000000000083e-02
9.847350000000000136e+02, -7.232060000000000155e-01
9.847509999999999764e+02, 3.316219999999999724e-01
9.847680000000000291e+02, 4.644599999999999840e-01
9.847849999999999682e+02, -2.526300000000000212e-01
9.848010000000000446e+02, 8.281570000000000320e-01
9.848179999999999836e+02, 4.333560000000000190e-01
9.848350000000000364e+02, -1.819689999999999919e-01
9.848509999999999991e+02, 1.328969999999999985e+00
9.848680000000000518e+02, -1.045560000000000045e+00
9.848849999999999909e+02, 9.561490000000000267e-01
9.849009999999999536e+02, -6.762299999999999978e-01
9.849180000000000064e+02, -1.202409999999999979e+00
9.849349999999999454e+02, -3.254319999999999991e-01
9.849510000000000218e+02, -2.776159999999999739e-01
9.849679999999999609e+02, -1.416849999999999943e+00
9.849850000000000136e+02, 1.245840000000000058e+00
9.850009999999999764e+02, -6.863280000000000491e-01
9.850180000000000291e+02, -2.000929999999999931e-01
9.850349999999999682e+02, 9.648499999999999854e-01
9.850510000000000446e+02, -3.943359999999999921e-02
9.850679999999999836e+02, 1.007789999999999964e+00
9.850850000000000364e+02, 2.339880000000000015e-01
9.851009999999999991e+02, 7.220020000000000604e-02
9.851180000000000518e+02, 2.042180000000000106e-01
9.851349999999999909e+02, -2.380089999999999983e-01
9.851509999999999536e+02, 4.558570000000000122e-01
9.851680000000000064e+02, -3.520989999999999953e-01
9.851849999999999454e+02, 3.723580000000000223e-01
9.852010000000000218e+02, 1.401280000000000026e-01
9.852179999999999609e+02, 1.010289999999999910e+00
9.852350000000000136e+02, 5.507539999999999658e-01
9.852509999999999764e+02, -7.085149999999999781e-02
9.852680000000000291e+02, -9.932109999999999550e-01
9.852849999999999682e+02, 1.323110000000000119e-01
9.853010000000000446e+02, -1.040580000000000060e+00
9.853179999999999836e+02, 6.489719999999999933e-01
9.853350000000000364e+02, -7.554980000000000029e-01
9.853509999999999991e+02, 5.837369999999999504e-01
9.853680000000000518e+02, -2.037650000000000017e-01
9.853849999999999909e+02, -4.457389999999999963e-01
9.854009999999999536e+02, -9.969120000000000203e-01
9.854180000000000064e+02, 6.371069999999999789e-01
9.854349999999999454e+02, -1.344090000000000007e-01
9.854510000000000218e+02, 3.273269999999999791e-01
9.854679999999999609e+02, -3.443209999999999882e-01
9.854850000000000136e+02, 2.754809999999999759e-01
9.855009999999999764e+02, 1.965260000000000062e-01
9.855180000000000291e+02, -3.326509999999999745e-01
9.855349999999999682e+02, -3.282510000000000150e-01
9.855510000000000446e+02, -3.360380000000000311e-02
9.855679999999999836e+02, 3.176050000000000262e-01
9.855850000000000364e+02, 5.453529999999999767e-01
9.856009999999999991e+02, -4.861050000000000093e-01
9.856180000000000518e+02, 2.602770000000000084e-02
9.856349999999999909e+02, -2.153650000000000009e-01
9.856509999999999536e+02, -2.181460000000000066e-01
9.856680000000000064e+02, 7.292149999999999466e-01
9.856849999999999454e+02, 1.012760000000000105e+00
9.857010000000000218e+02, -8.923619999999999886e-01
9.857179999999999609e+02, -9.304850000000000065e-01
9.857350000000000136e+02, -1.001419999999999977e+00
9.857509999999999764e+02, 4.199550000000000227e-01
9.857680000000000291e+02, 6.872129999999999628e-01
9.857849999999999682e+02, 3.804049999999999931e-01
9.858010000000000446e+02, 9.697379999999999889e-01
9.858179999999999836e+02, 2.601379999999999804e-01
9.858350000000000364e+02, -1.219260000000000010e+00
9.858509999999999991e+02, -1.932669999999999944e-01
9.858680000000000518e+02, 6.612019999999999564e-01
9.858849999999999909e+02, 9.832739999999999814e-01
9.859009999999999536e+02, 5.909149999999999681e-01
9.859180000000000064e+02, 4.266460000000000252e-01
9.859349999999999454e+02, 1.170090000000000019e-01
9.859510000000000218e+02, -2.991469999999999962e-01
9.859679999999999609e+02, -6.837689999999999602e-01
9.859850000000000136e+02, -4.973560000000000203e-01
9.860009999999999764e+02, 1.144889999999999963e+00
9.860180000000000291e+02, 9.274289999999999479e-01
9.860349999999999682e+02, 1.065239999999999965e+00
9.860510000000000446e+02, 5.194170000000000176e-01
9.860679999999999836e+02, -1.272089999999999943e+00
9.860850000000000364e+02, -1.262829999999999897e+00
9.861009999999999991e+02, 9.131469999999999865e-02
9.861180000000000518e+02, 1.367960000000000065e+00
9.861349999999999909e+02, 1.031770000000000076e+00
9.861509999999999536e+02, 4.885120000000000018e-01
9.861680000000000064e+02, 5.930349999999999788e-01
9.861849999999999454e+02, 5.899820000000000064e-01
9.862010000000000218e+02, 3.452529999999999766e-01
9.862179999999999609e+02, 1.041150000000000020e+00
9.862350000000000136e+02, -6.053849999999999509e-01
9.862509999999999764e+02, -1.475910000000000055e+00
9.862680000000000291e+02, 2.913910000000000111e-02
9.862849999999999682e+02, -3.846820000000000239e-01
9.863010000000000446e+02, 6.646389999999999798e-01
9.863179999999999836e+02, 4.749329999999999941e-01
9.863350000000000364e+02, 5.315419999999999590e-01
9.863509999999999991e+02, 1.467130000000000101e-01
9.863680000000000518e+02, 2.230949999999999878e-01
9.863849999999999909e+02, -2.549890000000000212e-01
9.864009999999999536e+02, 1.136420000000000069e-01
9.864180000000000064e+02, -1.167370000000000019e+00
9.864349999999999454e+02, 1.235419999999999921e-02
9.864510000000000218e+02, 1.807860000000000023e-01
9.864679999999999609e+02, -5.970779999999999976e-01
9.864850000000000136e+02, -1.435519999999999907e+00
9.865009999999999764e+02, -1.030999999999999972e-01
9.865180000000000291e+02, -6.707489999999999980e-03
9.865349999999999682e+02, 2.776910000000000212e-01
9.865510000000000446e+02, 2.051860000000000073e-01
9.865679999999999836e+02, 5.287169999999999925e-01
9.865850000000000364e+02, -1.753560000000000119e-01
9.866009999999999991e+02, 2.674779999999999935e-01
9.866180000000000518e+02, -4.927199999999999913e-01
9.866349999999999909e+02, -9.709750000000000325e-01
9.866509999999999536e+02, -2.184550000000000103e-01
9.866680000000000064e+02, -4.490000000000000102e-01
9.866849999999999454e+02, 4.225409999999999999e-01
9.867010000000000218e+02, 4.929549999999999765e-01
9.867179999999999609e+02, 4.567209999999999881e-01
9.867350000000000136e+02, 8.278280000000000083e-01
9.867509999999999764e+02, 2.412910000000000055e-01
9.867680000000000291e+02, 8.215930000000000177e-01
9.867849999999999682e+02, -3.839870000000000227e-01
9.868010000000000446e+02, 3.225629999999999886e-01
9.868179999999999836e+02, -6.034640000000000143e-02
9.868350000000000364e+02, -2.181480000000000086e-01
9.868509999999999991e+02, 5.660709999999999908e-01
9.868680000000000518e+02, 5.295090000000000074e-01
9.868849999999999909e+02, 3.041119999999999934e-01
9.869009999999999536e+02, -1.525060000000000027e-01
9.869180000000000064e+02, 8.198870000000000324e-01
9.869349999999999454e+02, -3.849270000000000191e-01
9.869510000000000218e+02, 1.217640000000000056e+00
9.869679999999999609e+02, -2.078659999999999883e-02
9.869850000000000136e+02, -1.011759999999999993e+00
9.870009999999999764e+02, -7.373769999999999492e-01
9.870180000000000291e+02, 2.889749999999999819e-01
9.870349999999999682e+02, -2.670700000000000027e-04
9.870510000000000446e+02, -9.760940000000000172e-01
9.870679999999999836e+02, 5.645909999999999540e-01
9.870850000000000364e+02, -5.227239999999999664e-01
9.871009999999999991e+02, -1.021449999999999969e+00
9.871180000000000518e+02, 5.772880000000000233e-01
9.871349999999999909e+02, -3.862970000000000015e-01
9.871509999999999536e+02, 3.321339999999999848e-01
9.871680000000000064e+02, -2.941529999999999978e-01
9.871849999999999454e+02, 5.616889999999999938e-01
9.872010000000000218e+02, -2.798880000000000118e-02
9.872179999999999609e+02, 8.466310000000000224e-01
9.872350000000000136e+02, 8.173880000000000035e-01
9.872509999999999764e+02, -1.804479999999999973e-02
9.872680000000000291e+02, 4.807119999999999727e-01
9.872849999999999682e+02, 4.248319999999999874e-01
9.873010000000000446e+02, -2.044400000000000106e-01
9.873179999999999836e+02, -6.884700000000000264e-01
9.873350000000000364e+02, 4.444230000000000125e-01
9.873509999999999991e+02, -1.596140000000000059e-01
9.873680000000000518e+02, -2.416629999999999889e-01
9.873849999999999909e+02, 1.177990000000000093e+00
9.874009999999999536e+02, 1.065469999999999917e+00
9.874180000000000064e+02, 1.261070000000000073e-02
9.874349999999999454e+02, 9.432709999999999706e-01
9.874510000000000218e+02, -3.632670000000000066e-01
9.874679999999999609e+02, -2.087190000000000101e+00
9.874850000000000136e+02, -3.511960000000000082e-01
9.875009999999999764e+02, -3.533310000000000062e-01
9.875180000000000291e+02, 1.358630000000000004e+00
9.875349999999999682e+02, 1.033679999999999932e+00
9.875510000000000446e+02, 4.901260000000000061e-01
9.875679999999999836e+02, -1.761170000000000097e-02
9.875850000000000364e+02, -8.603530000000000344e-01
9.876009999999999991e+02, 4.693289999999999962e-01
9.876180000000000518e+02, -1.939470000000000083e-01
9.876349999999999909e+02, 5.910029999999999450e-01
9.876509999999999536e+02, -1.421240000000000059e+00
9.876680000000000064e+02, -1.344389999999999974e+00
9.876849999999999454e+02, -4.112890000000000157e-01
9.877010000000000218e+02, -3.047039999999999749e-01
9.877179999999999609e+02, -9.525299999999999878e-01
9.877350000000000136e+02, -9.792939999999999978e-01
9.877509999999999764e+02, -6.350390000000000201e-02
9.877680000000000291e+02, -5.138230000000000297e-01
9.877849999999999682e+02, 4.625130000000000075e-01
9.878010000000000446e+02, -1.750780000000000003e+00
9.878179999999999836e+02, 6.166660000000000474e-01
9.878350000000000364e+02, -1.121510000000000007e+00
9.878509999999999991e+02, 6.133039999999999603e-01
9.878680000000000518e+02, -3.029859999999999776e-01
9.878849999999999909e+02, 2.696339999999999848e-01
9.879009999999999536e+02, -4.609719999999999929e-01
9.879180000000000064e+02, 9.773169999999999913e-01
9.879349999999999454e+02, -1.209710000000000063e+00
9.879510000000000218e+02, -8.087069999999999537e-01
9.879679999999999609e+02, -1.027239999999999931e+00
9.879850000000000136e+02, -3.932439999999999825e-01
9.880009999999999764e+02, -4.616089999999999777e-02
9.880180000000000291e+02, 3.418260000000000187e-01
9.880349999999999682e+02, 3.026800000000000046e-01
9.880510000000000446e+02, -4.265439999999999787e-01
9.880679999999999836e+02, 4.636819999999999831e-02
9.880850000000000364e+02, -5.707529999999999548e-01
9.881009999999999991e+02, 9.673300000000000232e-01
9.881180000000000518e+02, -5.222440000000000415e-01
9.881349999999999909e+02, 1.450089999999999990e-01
9.881509999999999536e+02, 1.679669999999999996e+00
9.881680000000000064e+02, 4.398920000000000052e-01
9.881849999999999454e+02, 2.052340000000000053e+00
9.882010000000000218e+02, 6.773579999999999879e-02
9.882179999999999609e+02, -1.724280000000000035e+00
9.882350000000000136e+02, 5.224199999999999955e-01
9.882509999999999764e+02, -8.839110000000000716e-03
9.882680000000000291e+02, 4.107319999999999860e-01
9.882849999999999682e+02, 1.486140000000000017e+00
9.883010000000000446e+02, 2.446589999999999876e-02
9.883179999999999836e+02, 9.775730000000000530e-02
9.883350000000000364e+02, -1.439769999999999939e-01
9.883509999999999991e+02, -2.253769999999999940e-01
9.883680000000000518e+02, -6.590139999999999887e-01
9.883849999999999909e+02, 1.982820000000000138e-01
9.884009999999999536e+02, -2.917660000000000253e-01
9.884180000000000064e+02, -1.627040000000000083e-02
9.884349999999999454e+02, -1.412760000000000127e-01
9.884510000000000218e+02, 7.158339999999999703e-01
9.884679999999999609e+02, 1.018650000000000055e+00
9.884850000000000136e+02, -3.393439999999999790e-01
9.885009999999999764e+02, -5.398889999999999523e-01
9.885180000000000291e+02, 8.217759999999999510e-01
9.885349999999999682e+02, 7.201789999999999581e-02
9.885510000000000446e+02, 1.671200000000000019e+00
9.885679999999999836e+02, 1.005100000000000104e+00
9.885850000000000364e+02, 1.105359999999999898e+00
9.886009999999999991e+02, 6.738340000000000440e-01
9.886180000000000518e+02, 1.823980000000000046e-02
9.886349999999999909e+02, -2.582920000000000216e-01
9.886509999999999536e+02, -9.879930000000000101e-01
9.886680000000000064e+02, -1.456299999999999928e+00
9.886849999999999454e+02, 1.245020000000000016e-01
9.887010000000000218e+02, 3.969929999999999848e-01
9.887179999999999609e+02, -1.913770000000000054e-02
9.887350000000000136e+02, -2.862080000000000179e-01
9.887509999999999764e+02, 6.132729999999999571e-01
9.887680000000000291e+02, 8.233380000000000212e-03
9.887849999999999682e+02, 1.624669999999999934e-02
9.888010000000000446e+02, -4.445600000000000107e-01
9.888179999999999836e+02, -7.373100000000000209e-01
9.888350000000000364e+02, 8.465489999999999959e-01
9.888509999999999991e+02, 5.423289999999999500e-01
9.888680000000000518e+02, -1.504459999999999964e-01
9.888849999999999909e+02, -4.709929999999999950e-01
9.889009999999999536e+02, -7.632660000000000000e-01
9.889180000000000064e+02, -3.297080000000000011e-01
9.889349999999999454e+02, 1.703319999999999945e+00
9.889510000000000218e+02, 3.371979999999999977e-01
9.889679999999999609e+02, 1.534919999999999896e-01
9.889850000000000136e+02, -2.315770000000000051e-01
9.890009999999999764e+02, -3.560450000000000004e-01
9.890180000000000291e+02, -6.592850000000000099e-01
9.890349999999999682e+02, -7.899479999999999835e-01
9.890510000000000446e+02, -1.054370000000000029e+00
9.890679999999999836e+02, 3.566110000000000113e-01
9.890850000000000364e+02, 1.282049999999999912e+00
9.891009999999999991e+02, -9.081309999999999383e-02
9.891180000000000518e+02, 5.560760000000000147e-01
9.891349999999999909e+02, -1.695049999999999890e-01
9.891509999999999536e+02, -3.100549999999999834e-02
9.891680000000000064e+02, 9.142489999999999783e-01
9.891849999999999454e+02, 5.579129999999999923e-01
9.892010000000000218e+02, -2.027590000000000003e+00
9.892179999999999609e+02, -7.630439999999999445e-01
9.892350000000000136e+02, 2.446460000000000024e-01
9.892509999999999764e+02, 7.897100000000000231e-01
9.892680000000000291e+02, -1.041559999999999986e-01
9.892849999999999682e+02, 1.835640000000000049e-01
9.893010000000000446e+02, 3.544450000000000101e-01
9.893179999999999836e+02, 1.028170000000000028e+00
9.893350000000000364e+02, -1.840880000000000016e-01
9.893509999999999991e+02, 4.502079999999999971e-02
9.893680000000000518e+02, -5.720030000000000392e-01
9.893849999999999909e+02, -1.575329999999999897e+00
9.894009999999999536e+02, -7.530630000000000379e-01
9.894180000000000064e+02, -1.108109999999999928e+00
9.894349999999999454e+02, -1.022779999999999939e-01
9.894510000000000218e+02, 1.621010000000000062e+00
9.894679999999999609e+02, 1.546370000000000022e+00
9.894850000000000136e+02, 1.952260000000000106e+00
9.895009999999999764e+02, 3.252369999999999983e-01
9.895180000000000291e+02, 2.051270000000000038e-01
9.895349999999999682e+02, -2.083590000000000053e+00
9.895510000000000446e+02, -1.607769999999999921e+00
9.895679999999999836e+02, 2.640089999999999937e-01
9.895850000000000364e+02, 1.237000000000000099e+00
9.896009999999999991e+02, -5.370970000000000466e-01
9.896180000000000518e+02, 6.540960000000000107e-01
9.896349999999999909e+02, -1.173240000000000061e+00
9.896509999999999536e+02, -3.365699999999999803e-01
9.896680000000000064e+02, 8.644089999999999829e-01
9.896849999999999454e+02, 1.440490000000000048e+00
9.897010000000000218e+02, 8.757189999999999419e-02
9.897179999999999609e+02, -1.967759999999999954e+00
9.897350000000000136e+02, -1.529420000000000002e+00
9.897509999999999764e+02, 1.319289999999999907e-01
9.897680000000000291e+02, -3.112440000000000206e-01
9.897849999999999682e+02, -2.575209999999999999e-01
9.898010000000000446e+02, -1.761600000000000110e-01
9.898179999999999836e+02, -2.457560000000000022e-01
9.898350000000000364e+02, 2.224399999999999988e-02
9.898509999999999991e+02, 1.256440000000000001e+00
