9.898680000000000518e+02, -1.131610000000000005e+00
9.898849999999999909e+02, 1.139820000000000000e-01
9.899009999999999536e+02, -5.118390000000000439e-01
9.899180000000000064e+02, -4.677229999999999999e-01
9.899349999999999454e+02, -6.201809999999999823e-01
9.899510000000000218e+02, 5.423519999999999452e-01
9.899679999999999609e+02, 1.250310000000000032e+00
9.899850000000000136e+02, 7.532750000000000279e-01
9.900009999999999764e+02, -7.403070000000000483e-01
9.900180000000000291e+02, 3.278050000000000130e-01
9.900349999999999682e+02, 7.351680000000000437e-01
9.900510000000000446e+02, 2.072709999999999830e+00
9.900679999999999836e+02, 9.437410000000000243e-02
9.900850000000000364e+02, 2.209740000000000038e+00
9.901009999999999991e+02, -1.110819999999999919e+00
9.901180000000000518e+02, -1.034780000000000033e+00
9.901349999999999909e+02, -1.502580000000000027e+00
9.901509999999999536e+02, -1.455449999999999910e+00
9.901680000000000064e+02, 2.464159999999999962e-01
9.901849999999999454e+02, 7.143370000000000275e-02
9.902010000000000218e+02, -2.048290000000000111e-01
9.902179999999999609e+02, 5.971629999999999994e-02
9.902350000000000136e+02, 3.582819999999999894e-01
9.902509999999999764e+02, -4.393779999999999908e-01
9.902680000000000291e+02, 7.225979999999999626e-01
9.902849999999999682e+02, 8.590150000000000563e-02
9.903010000000000446e+02, -8.312220000000000164e-01
9.903179999999999836e+02, -6.578589999999999716e-01
9.903350000000000364e+02, -5.843409999999999993e-01
9.903509999999999991e+02, -5.131499999999999950e-01
9.903680000000000518e+02, -3.245080000000000187e-01
9.903849999999999909e+02, 5.205959999999999477e-01
9.904009999999999536e+02, -5.901819999999999844e-01
9.904180000000000064e+02, -4.748740000000000183e-01
9.904349999999999454e+02, -7.050769999999999538e-01
9.904510000000000218e+02, 2.412030000000000007e-01
9.904679999999999609e+02, 4.391499999999999848e-01
9.904850000000000136e+02, 1.285360000000000058e+00
9.905009999999999764e+02, 1.709570000000000034e+00
9.905180000000000291e+02, -1.104030000000000067e+00
9.905349999999999682e+02, 2.410899999999999987e-01
9.905510000000000446e+02, -8.885840000000000405e-01
9.905679999999999836e+02, -3.434030000000000138e-01
9.905850000000000364e+02, -9.282749999999999613e-01
9.906009999999999991e+02, 4.764740000000000086e-01
9.906180000000000518e+02, -3.100490000000000190e-01
9.906349999999999909e+02, -1.039449999999999985e+00
9.906509999999999536e+02, -1.350049999999999861e-01
9.906680000000000064e+02, 3.225660000000000333e-02
9.906849999999999454e+02, 4.167520000000000113e-01
9.907010000000000218e+02, 7.054679999999999840e-01
9.907179999999999609e+02, 7.116289999999999560e-01
9.907350000000000136e+02, 1.128889999999999949e+00
9.907509999999999764e+02, 4.514469999999999872e-01
9.907680000000000291e+02, 2.793180000000000107e-01
9.907849999999999682e+02, -5.045809999999999462e-01
9.908010000000000446e+02, -3.985240000000000310e-02
9.908179999999999836e+02, 1.155960000000000043e-01
9.908350000000000364e+02, 1.144209999999999949e+00
9.908509999999999991e+02, -5.132820000000000160e-01
9.908680000000000518e+02, 6.575809999999999642e-03
9.908849999999999909e+02, 7.975839999999999597e-01
9.909009999999999536e+02, -1.652780000000000082e-01
9.909180000000000064e+02, 9.032790000000000541e-01
9.909349999999999454e+02, 1.137790000000000079e+00
9.909510000000000218e+02, 1.180350000000000010e+00
9.909679999999999609e+02, 7.625739999999999741e-01
9.909850000000000136e+02, -2.879729999999999790e-01
9.910009999999999764e+02, 3.226129999999999831e-01
9.910180000000000291e+02, -5.864620000000000249e-02
9.910349999999999682e+02, 1.269260000000000110e-01
9.910510000000000446e+02, 1.078579999999999955e-01
9.910679999999999836e+02, 1.078310000000000102e+00
9.910850000000000364e+02, 1.837080000000000046e+00
9.911009999999999991e+02, -1.694990000000000108e-01
9.911180000000000518e+02, 8.483619999999999495e-01
9.911349999999999909e+02, 5.372909999999999631e-01
9.911509999999999536e+02, -3.288389999999999924e-01
9.911680000000000064e+02, -1.995089999999999919e-01
9.911849999999999454e+02, -1.657350000000000101e+00
9.912010000000000218e+02, -2.054159999999999986e+00
9.912179999999999609e+02, -1.513609999999999900e+00
9.912350000000000136e+02, -1.075550000000000006e+00
9.912509999999999764e+02, 7.617230000000000389e-01
9.912680000000000291e+02, 2.237580000000000124e-01
9.912849999999999682e+02, -9.218099999999999905e-02
9.913010000000000446e+02, -9.003690000000000304e-02
9.913179999999999836e+02, 9.436250000000000471e-01
9.913350000000000364e+02, -4.198610000000000189e-03
9.913509999999999991e+02, -8.619799999999999685e-02
9.913680000000000518e+02, -7.530099999999999572e-01
9.913849999999999909e+02, -3.664100000000000135e-01
9.914009999999999536e+02, -1.132549999999999946e-01
9.914180000000000064e+02, 1.597080000000000055e+00
9.914349999999999454e+02, 1.530880000000000019e+00
9.914510000000000218e+02, 1.277439999999999964e-01
9.914679999999999609e+02, -8.147609999999999575e-01
9.914850000000000136e+02, -1.267830000000000013e+00
9.915009999999999764e+02, 8.134460000000000024e-01
9.915180000000000291e+02, -1.935919999999999863e-01
9.915349999999999682e+02, 4.581470000000000264e-01
9.915510000000000446e+02, 5.218439999999999745e-01
9.915679999999999836e+02, 4.103879999999999750e-01
9.915850000000000364e+02, 1.288329999999999975e+00
9.916009999999999991e+02, 1.833609999999999962e+00
9.916180000000000518e+02, 3.931339999999999835e-01
9.916349999999999909e+02, -5.573280000000000456e-01
9.916509999999999536e+02, -1.028059999999999946e-01
9.916680000000000064e+02, -1.119480000000000031e+00
9.916849999999999454e+02, -3.186959999999999793e-01
9.917010000000000218e+02, -8.855709999999999971e-02
9.917179999999999609e+02, 4.964149999999999952e-01
9.917350000000000136e+02, 8.473030000000000284e-01
9.917509999999999764e+02, -7.040170000000000039e-01
9.917680000000000291e+02, -4.855539999999999856e-01
9.917849999999999682e+02, 3.615800000000000125e-01
9.918010000000000446e+02, 4.431220000000000159e-01
9.918179999999999836e+02, 6.941939999999999777e-01
9.918350000000000364e+02, -5.193370000000000486e-01
9.918509999999999991e+02, 7.337499999999999578e-02
9.918680000000000518e+02, -5.514470000000000205e-01
9.918849999999999909e+02, -2.910869999999999846e-01
9.919009999999999536e+02, -1.007379999999999942e+00
9.919180000000000064e+02, 2.723519999999999830e-01
9.919349999999999454e+02, 1.513369999999999993e-01
9.919510000000000218e+02, -3.341489999999999738e-01
9.919679999999999609e+02, -2.382990000000000108e-01
9.919850000000000136e+02, 8.428759999999999586e-01
9.920009999999999764e+02, 1.191559999999999953e+00
9.920180000000000291e+02, -3.192840000000000122e-01
9.920349999999999682e+02, -6.705489999999999506e-01
9.920510000000000446e+02, 4.536120000000000152e-01
9.920679999999999836e+02, -6.773619999999999641e-02
9.920850000000000364e+02, 3.226299999999999724e-01
9.921009999999999991e+02, -6.530810000000000226e-01
9.921180000000000518e+02, -1.127490000000000020e-01
9.921349999999999909e+02, -2.499570000000000125e-01
9.921509999999999536e+02, -8.116959999999999731e-01
9.921680000000000064e+02, -1.020170000000000021e+00
9.921849999999999454e+02, 3.584030000000000271e-01
9.922010000000000218e+02, 1.226339999999999986e+00
9.922179999999999609e+02, 1.752690000000000081e+00
9.922350000000000136e+02, 1.519320000000000115e-01
9.922509999999999764e+02, -1.194679999999999964e+00
9.922680000000000291e+02, -1.112049999999999983e+00
9.922849999999999682e+02, 8.484129999999999450e-02
9.923010000000000446e+02, -1.310759999999999925e+00
9.923179999999999836e+02, -2.053149999999999975e-01
9.923350000000000364e+02, 1.083589999999999970e-01
9.923509999999999991e+02, -6.221269999999999856e-01
9.923680000000000518e+02, -1.313409999999999966e+00
9.923849999999999909e+02, -8.532440000000000024e-01
9.924009999999999536e+02, -5.913000000000000200e-02
9.924180000000000064e+02, 5.081139999999999546e-01
9.924349999999999454e+02, 1.754829999999999890e+00
9.924510000000000218e+02, 1.269470000000000098e+00
9.924679999999999609e+02, 4.121360000000000023e-01
9.924850000000000136e+02, -7.538559999999999706e-01
9.925009999999999764e+02, 3.674239999999999728e-01
9.925180000000000291e+02, -1.728089999999999904e+00
9.925349999999999682e+02, -1.489729999999999943e-01
9.925510000000000446e+02, 2.046240000000000003e-01
9.925679999999999836e+02, 1.667109999999999981e-01
9.925850000000000364e+02, 3.300109999999999849e-02
9.926009999999999991e+02, 2.701779999999999737e-01
9.926180000000000518e+02, -1.401739999999999930e-01
9.926349999999999909e+02, 9.589299999999999491e-01
9.926509999999999536e+02, 8.603929999999999634e-01
9.926680000000000064e+02, 2.323800000000000032e-01
9.926849999999999454e+02, 6.255579999999999474e-01
9.927010000000000218e+02, -2.686659999999999826e+00
9.927179999999999609e+02, -1.620099999999999874e-01
9.927350000000000136e+02, -1.732080000000000009e-01
9.927509999999999764e+02, 1.231140000000000012e-01
9.927680000000000291e+02, 2.736489999999999756e-01
9.927849999999999682e+02, -3.424780000000000046e-01
9.928010000000000446e+02, -4.191259999999999986e-01
9.928179999999999836e+02, 8.894760000000000444e-01
9.928350000000000364e+02, 1.500429999999999930e+00
9.928509999999999991e+02, -9.969139999999999668e-01
9.928680000000000518e+02, -3.155299999999999772e-01
9.928849999999999909e+02, 4.036190000000000055e-01
9.929009999999999536e+02, -3.709430000000000227e-01
9.929180000000000064e+02, 1.600769999999999971e-02
9.929349999999999454e+02, 1.187259999999999982e+00
9.929510000000000218e+02, -1.038599999999999968e+00
9.929679999999999609e+02, -8.188539999999999708e-01
9.929850000000000136e+02, -9.009899999999999576e-01
9.930009999999999764e+02, -6.592470000000000274e-01
9.930180000000000291e+02, 1.646710000000000118e-01
9.930349999999999682e+02, -2.946440000000000170e-02
9.930510000000000446e+02, 4.691130000000000300e-02
9.930679999999999836e+02, 7.295089999999999908e-02
9.930850000000000364e+02, -1.086189999999999933e-01
9.931009999999999991e+02, 9.381089999999999707e-01
9.931180000000000518e+02, 6.814829999999999499e-01
9.931349999999999909e+02, 5.664130000000000553e-01
9.931509999999999536e+02, 1.187219999999999942e+00
9.931680000000000064e+02, 8.755650000000000377e-01
9.931849999999999454e+02, 1.616239999999999899e-01
9.932010000000000218e+02, 1.651350000000000040e-01
9.932179999999999609e+02, -1.715969999999999995e+00
9.932350000000000136e+02, -5.916810000000000125e-01
9.932509999999999764e+02, 9.561870000000000092e-01
9.932680000000000291e+02, 7.214580000000000437e-01
9.932849999999999682e+02, 5.325600000000000334e-01
9.933010000000000446e+02, -4.921699999999999964e-01
9.933179999999999836e+02, -4.281329999999999858e-02
9.933350000000000364e+02, -9.335510000000000197e-01
9.933509999999999991e+02, -7.604859999999999398e-02
9.933680000000000518e+02, 2.037849999999999939e-01
9.933849999999999909e+02, -8.137790000000000301e-01
9.934009999999999536e+02, -9.744979999999999754e-01
9.934180000000000064e+02, -1.677500000000000102e-01
9.934349999999999454e+02, 2.002500000000000113e-01
9.934510000000000218e+02, -2.615620000000000167e-01
9.934679999999999609e+02, 5.185220000000000384e-01
9.934850000000000136e+02, -6.528399999999999481e-02
9.935009999999999764e+02, 5.359650000000000247e-01
9.935180000000000291e+02, 1.135490000000000110e+00
9.935349999999999682e+02, 1.547480000000000036e-02
9.935510000000000446e+02, 4.999520000000000075e-01
9.935679999999999836e+02, 8.638710000000000555e-01
9.935850000000000364e+02, -1.088599999999999984e-01
9.936009999999999991e+02, 4.737379999999999924e-01
9.936180000000000518e+02, 7.515300000000000313e-01
9.936349999999999909e+02, 6.562940000000000440e-01
9.936509999999999536e+02, -3.889670000000000072e-01
9.936680000000000064e+02, -1.557279999999999998e+00
9.936849999999999454e+02, -2.662619999999999987e-01
9.937010000000000218e+02, 4.933670000000000000e-01
9.937179999999999609e+02, 1.660460000000000061e-02
9.937350000000000136e+02, 7.953240000000000309e-01
9.937509999999999764e+02, 1.448810000000000098e-01
9.937680000000000291e+02, -7.423349999999999671e-01
9.937849999999999682e+02, 4.793250000000000011e-01
9.938010000000000446e+02, 1.388260000000000050e-01
9.938179999999999836e+02, 1.532830000000000026e-01
9.938350000000000364e+02, -6.059200000000000003e-02
9.938509999999999991e+02, 2.774739999999999984e-01
9.938680000000000518e+02, 3.780970000000000164e-02
9.938849999999999909e+02, 3.171910000000000007e-01
9.939009999999999536e+02, 2.843579999999999997e-01
9.939180000000000064e+02, 2.139089999999999880e-01
9.939349999999999454e+02, -1.128169999999999895e+00
9.939510000000000218e+02, -1.773220000000000018e+00
9.939679999999999609e+02, -1.291860000000000008e+00
9.939850000000000136e+02, -1.157299999999999995e+00
9.940009999999999764e+02, -1.127809999999999979e+00
9.940180000000000291e+02, 7.946769999999999667e-01
9.940349999999999682e+02, 1.491280000000000105e-01
9.940510000000000446e+02, -2.924459999999999837e-01
9.940679999999999836e+02, 3.096920000000000228e-01
9.940850000000000364e+02, 5.650380000000000402e-01
9.941009999999999991e+02, -1.327490000000000059e-01
9.941180000000000518e+02, 1.377750000000000086e-01
9.941349999999999909e+02, 3.336680000000000201e-01
9.941509999999999536e+02, 3.419300000000000117e-01
9.941680000000000064e+02, 2.705159999999999787e-01
9.941849999999999454e+02, 7.968530000000000335e-01
9.942010000000000218e+02, 3.470570000000000044e-01
9.942179999999999609e+02, 7.541579999999999950e-01
9.942350000000000136e+02, -2.406860000000000110e-01
9.942509999999999764e+02, -1.202660000000000062e+00
9.942680000000000291e+02, 1.466499999999999915e+00
9.942849999999999682e+02, 1.064040000000000097e+00
9.943010000000000446e+02, -3.603419999999999956e-01
9.943179999999999836e+02, 3.917229999999999879e-01
9.943350000000000364e+02, -1.619709999999999983e+00
9.943509999999999991e+02, -5.469330000000000025e-01
9.943680000000000518e+02, -1.001929999999999987e+00
9.943849999999999909e+02, 7.198069999999999746e-01
9.944009999999999536e+02, 7.759760000000000268e-02
9.944180000000000064e+02, 6.300040000000000084e-01
9.944349999999999454e+02, -6.676509999999999390e-02
9.944510000000000218e+02, 1.292030000000000012e+00
9.944679999999999609e+02, -3.457049999999999845e-01
9.944850000000000136e+02, -3.587299999999999933e-01
9.945009999999999764e+02, -3.148779999999999912e-01
9.945180000000000291e+02, -1.545619999999999994e+00
9.945349999999999682e+02, 8.769889999999999630e-02
9.945510000000000446e+02, -1.569700000000000095e+00
9.945679999999999836e+02, 8.476280000000000481e-01
9.945850000000000364e+02, 1.010750000000000037e+00
9.946009999999999991e+02, -4.015199999999999880e-01
9.946180000000000518e+02, -3.243019999999999792e-01
9.946349999999999909e+02, 6.437279999999999669e-01
9.946509999999999536e+02, 6.340710000000000512e-01
9.946680000000000064e+02, -4.264789999999999970e-01
9.946849999999999454e+02, 1.581050000000000066e+00
9.947010000000000218e+02, -1.296280000000000099e+00
9.947179999999999609e+02, -8.121650000000000258e-01
9.947350000000000136e+02, -1.508059999999999956e-01
9.947509999999999764e+02, 1.111290000000000056e-01
9.947680000000000291e+02, 3.550619999999999887e-01
9.947849999999999682e+02, 7.918669999999999876e-01
9.948010000000000446e+02, 7.055719999999999770e-01
9.948179999999999836e+02, 1.133990000000000054e+00
9.948350000000000364e+02, 5.373940000000000383e-01
9.948509999999999991e+02, 3.100169999999999870e-01
9.948680000000000518e+02, 2.310339999999999894e-01
9.948849999999999909e+02, -1.667990000000000028e-01
9.949009999999999536e+02, -8.837429999999999453e-01
9.949180000000000064e+02, -8.820200000000000262e-02
9.949349999999999454e+02, -7.736539999999999528e-01
9.949510000000000218e+02, 7.049710000000000143e-01
9.949679999999999609e+02, -8.639470000000000205e-01
9.949850000000000136e+02, -6.870629999999999793e-01
9.950009999999999764e+02, 1.058780000000000054e+00
9.950180000000000291e+02, 1.231919999999999904e+00
9.950349999999999682e+02, 4.995149999999999868e-01
9.950510000000000446e+02, -2.576340000000000074e+00
9.950679999999999836e+02, -7.146369999999999667e-01
9.950850000000000364e+02, 8.167720000000000535e-01
9.951009999999999991e+02, 2.130900000000000016e+00
9.951180000000000518e+02, 1.202439999999999953e+00
9.951349999999999909e+02, -2.744039999999999813e-01
9.951509999999999536e+02, -2.223050000000000026e-01
9.951680000000000064e+02, -3.332809999999999939e-01
9.951849999999999454e+02, -1.433829999999999938e+00
9.952010000000000218e+02, 7.721120000000000205e-01
9.952179999999999609e+02, -5.811739999999999684e-01
9.952350000000000136e+02, -1.735740000000000061e+00
9.952509999999999764e+02, -9.366950000000000276e-02
9.952680000000000291e+02, 1.178979999999999917e+00
9.952849999999999682e+02, 1.872349999999999959e+00
9.953010000000000446e+02, 1.682349999999999957e-01
9.953179999999999836e+02, -1.233519999999999950e+00
9.953350000000000364e+02, 7.908890000000000364e-02
9.953509999999999991e+02, 9.747449999999999726e-01
9.953680000000000518e+02, 1.633029999999999982e+00
9.953849999999999909e+02, -1.177470000000000017e+00
9.954009999999999536e+02, -5.996770000000000156e-01
9.954180000000000064e+02, -1.536470000000000002e+00
9.954349999999999454e+02, -7.083990000000000009e-01
9.954510000000000218e+02, -1.848270000000000080e+00
9.954679999999999609e+02, 6.524409999999999932e-02
9.954850000000000136e+02, 9.909679999999999600e-01
9.955009999999999764e+02, 1.219839999999999952e-01
9.955180000000000291e+02, 7.998950000000000227e-01
9.955349999999999682e+02, 7.328679999999999639e-01
9.955510000000000446e+02, -7.952949999999999742e-01
9.955679999999999836e+02, -9.001059999999999617e-01
9.955850000000000364e+02, -4.967139999999999889e-01
9.956009999999999991e+02, 5.262069999999999803e-01
9.956180000000000518e+02, -2.004170000000000118e-01
9.956349999999999909e+02, -1.809760000000000035e+00
9.956509999999999536e+02, -1.051199999999999912e+00
9.956680000000000064e+02, -8.788650000000000073e-01
9.956849999999999454e+02, 1.000080000000000066e-02
9.957010000000000218e+02, 1.155920000000000059e+00
9.957179999999999609e+02, 1.027949999999999919e+00
9.957350000000000136e+02, -1.262800000000000034e-01
9.957509999999999764e+02, -4.402789999999999759e-01
9.957680000000000291e+02, -1.148369999999999891e+00
9.957849999999999682e+02, 8.809879999999999933e-01
9.958010000000000446e+02, 1.304140000000000021e-01
9.958179999999999836e+02, 8.201389999999999514e-01
9.958350000000000364e+02, 7.518740000000000423e-01
9.958509999999999991e+02, -3.690970000000000015e-03
9.958680000000000518e+02, 9.434040000000000203e-01
9.958849999999999909e+02, 2.413160000000000027e-01
9.959009999999999536e+02, 2.232339999999999880e-01
9.959180000000000064e+02, -7.709059999999999802e-01
9.959349999999999454e+02, -1.743449999999999944e+00
9.959510000000000218e+02, 4.448599999999999777e-01
9.959679999999999609e+02, -5.310929999999999818e-02
9.959850000000000136e+02, 8.435030000000000028e-01
9.960009999999999764e+02, 1.465999999999999970e+00
9.960180000000000291e+02, 1.766539999999999999e+00
9.960349999999999682e+02, -4.985089999999999799e-01
9.960510000000000446e+02, -1.470050000000000079e+00
9.960679999999999836e+02, -1.820019999999999971e+00
9.960850000000000364e+02, -9.257830000000000226e-01
9.961009999999999991e+02, 7.750200000000000422e-01
9.961180000000000518e+02, 4.975249999999999950e-01
9.961349999999999909e+02, 1.554359999999999964e+00
9.961509999999999536e+02, 9.163860000000000339e-01
9.961680000000000064e+02, -1.903519999999999934e-01
9.961849999999999454e+02, 2.962489999999999846e-01
9.962010000000000218e+02, 2.971320000000000072e-01
9.962179999999999609e+02, -6.246279999999999888e-02
9.962350000000000136e+02, 7.505150000000000432e-01
9.962509999999999764e+02, -2.447090000000000098e-01
9.962680000000000291e+02, 2.297199999999999936e-02
9.962849999999999682e+02, -1.180110000000000048e-01
9.963010000000000446e+02, 1.217009999999999925e+00
9.963179999999999836e+02, -3.191410000000000080e-01
9.963350000000000364e+02, 3.753079999999999750e-01
9.963509999999999991e+02, 7.759819999999999496e-01
9.963680000000000518e+02, 3.658699999999999730e-01
9.963849999999999909e+02, -3.560200000000000031e-01
9.964009999999999536e+02, -5.430899999999999617e-01
9.964180000000000064e+02, -1.200149999999999967e-01
9.964349999999999454e+02, 1.422120000000000051e-01
9.964510000000000218e+02, -1.096530000000000005e+00
9.964679999999999609e+02, -1.616519999999999957e+00
9.964850000000000136e+02, -3.083779999999999855e-01
9.965009999999999764e+02, -9.883610000000000451e-01
9.965180000000000291e+02, -5.449640000000000040e-01
9.965349999999999682e+02, 8.351739999999999720e-01
9.965510000000000446e+02, 5.128209999999999713e-01
9.965679999999999836e+02, -1.505889999999999963e-03
9.965850000000000364e+02, -2.129849999999999972e-03
9.966009999999999991e+02, 6.834299999999999820e-01
9.966180000000000518e+02, -1.216050000000000075e+00
9.966349999999999909e+02, -7.212629999999999875e-01
9.966509999999999536e+02, -2.341560000000000169e-02
9.966680000000000064e+02, -5.650870000000000060e-01
9.966849999999999454e+02, 9.115459999999999674e-01
9.967010000000000218e+02, 1.835970000000000102e+00
9.967179999999999609e+02, 2.295319999999999805e+00
9.967350000000000136e+02, 4.146500000000000186e-01
9.967509999999999764e+02, -5.183010000000000117e-01
9.967680000000000291e+02, 3.001290000000000208e-03
9.967849999999999682e+02, 1.387599999999999945e-02
9.968010000000000446e+02, 3.280669999999999975e-01
9.968179999999999836e+02, 5.644369999999999665e-01
9.968350000000000364e+02, 6.927609999999999602e-01
9.968509999999999991e+02, 1.189720000000000111e+00
9.968680000000000518e+02, 1.272680000000000033e+00
9.968849999999999909e+02, 3.286499999999999977e-01
9.969009999999999536e+02, -2.733550000000000146e-01
9.969180000000000064e+02, -5.267450000000000188e-01
9.969349999999999454e+02, -6.921840000000000215e-01
9.969510000000000218e+02, -1.017020000000000077e-02
9.969679999999999609e+02, -1.630639999999999867e-01
9.969850000000000136e+02, 3.149129999999999985e-01
9.970009999999999764e+02, -7.207649999999999890e-01
9.970180000000000291e+02, 6.461670000000000469e-01
9.970349999999999682e+02, -6.201780000000000070e-01
9.970510000000000446e+02, -6.936829999999999385e-02
9.970679999999999836e+02, 6.049050000000000260e-01
9.970850000000000364e+02, 9.232150000000000079e-02
9.971009999999999991e+02, 1.262659999999999894e-01
9.971180000000000518e+02, 5.170599999999999641e-01
9.971349999999999909e+02, -2.195850000000000024e-01
9.971509999999999536e+02, -5.452329999999999677e-01
9.971680000000000064e+02, 3.298249999999999793e-01
9.971849999999999454e+02, -2.903490000000000237e-01
9.972010000000000218e+02, -1.664050000000000029e+00
9.972179999999999609e+02, -1.127860000000000085e+00
9.972350000000000136e+02, -1.508890000000000065e+00
9.972509999999999764e+02, 6.496499999999999497e-01
9.972680000000000291e+02, 4.297880000000000034e-01
9.972849999999999682e+02, 4.820760000000000045e-01
9.973010000000000446e+02, 1.775099999999999900e+00
9.973179999999999836e+02, 2.728679999999999821e-03
9.973350000000000364e+02, 1.462789999999999924e-01
9.973509999999999991e+02, -9.059070000000000178e-01
9.973680000000000518e+02, -6.379809999999999648e-02
9.973849999999999909e+02, 1.289279999999999871e-01
9.974009999999999536e+02, -6.951159999999999561e-01
9.974180000000000064e+02, -4.189149999999999818e-01
9.974349999999999454e+02, 8.669820000000000304e-01
9.974510000000000218e+02, -1.744459999999999900e-01
9.974679999999999609e+02, -9.716059999999999697e-01
9.974850000000000136e+02, -1.239409999999999901e+00
9.975009999999999764e+02, 2.987530000000000047e-02
9.975180000000000291e+02, -4.992770000000000263e-01
9.975349999999999682e+02, 7.037489999999999579e-01
9.975510000000000446e+02, 5.888790000000000413e-01
9.975679999999999836e+02, 1.171200000000000019e+00
9.975850000000000364e+02, -3.500129999999999908e-02
9.976009999999999991e+02, 5.810319999999999929e-01
9.976180000000000518e+02, 2.384300000000000030e-01
9.976349999999999909e+02, -1.207840000000000025e+00
9.976509999999999536e+02, -1.365520000000000067e+00
9.976680000000000064e+02, -1.375869999999999926e+00
9.976849999999999454e+02, 1.997240000000000126e-01
9.977010000000000218e+02, 1.124260000000000037e+00
9.977179999999999609e+02, 9.365630000000000344e-01
9.977350000000000136e+02, 7.134620000000000406e-01
9.977509999999999764e+02, 4.336610000000000187e-01
9.977680000000000291e+02, 5.376859999999999973e-02
9.977849999999999682e+02, -3.464860000000000162e-01
9.978010000000000446e+02, -1.132890000000000008e-01
9.978179999999999836e+02, 1.129499999999999948e+00
9.978350000000000364e+02, 1.542880000000000029e+00
9.978509999999999991e+02, 1.579609999999999959e+00
9.978680000000000518e+02, 3.927080000000000015e-01
9.978849999999999909e+02, 5.766459999999999919e-01
9.979009999999999536e+02, 4.902159999999999851e-01
9.979180000000000064e+02, 6.727950000000000319e-01
9.979349999999999454e+02, 6.317479999999999762e-01
9.979510000000000218e+02, -1.780289999999999928e-01
9.979679999999999609e+02, -7.682259999999999645e-01
9.979850000000000136e+02, 8.755610000000000337e-01
9.980009999999999764e+02, -3.210580000000000100e-01
9.980180000000000291e+02, -9.149740000000000650e-02
9.980349999999999682e+02, -1.119269999999999987e+00
9.980510000000000446e+02, 9.199279999999999680e-01
9.980679999999999836e+02, -8.023379999999999956e-01
9.980850000000000364e+02, -5.596569999999999601e-01
9.981009999999999991e+02, -1.584419999999999940e+00
9.981180000000000518e+02, 8.773149999999999560e-01
9.981349999999999909e+02, 5.759640000000000315e-01
9.981509999999999536e+02, 3.762349999999999861e-01
9.981680000000000064e+02, -4.169149999999999801e-01
9.981849999999999454e+02, -8.642100000000000337e-01
9.982010000000000218e+02, -3.341930000000000178e-01
9.982179999999999609e+02, -1.835260000000000016e-02
9.982350000000000136e+02, -8.750779999999999670e-02
9.982509999999999764e+02, 6.518690000000000317e-01
9.982680000000000291e+02, -6.187840000000000007e-01
9.982849999999999682e+02, -3.996919999999999917e-01
9.983010000000000446e+02, 5.666259999999999630e-01
9.983179999999999836e+02, -4.482670000000000265e-01
9.983350000000000364e+02, -9.481939999999999813e-02
9.983509999999999991e+02, 7.090710000000000068e-01
9.983680000000000518e+02, 9.938179999999999792e-01
9.983849999999999909e+02, 3.165109999999999868e-01
9.984009999999999536e+02, -3.318169999999999731e-01
9.984180000000000064e+02, -7.884959999999999747e-01
9.984349999999999454e+02, 4.610929999999999751e-01
9.984510000000000218e+02, 9.569220000000000503e-02
9.984679999999999609e+02, -5.174050000000000038e-01
9.984850000000000136e+02, -1.127750000000000030e+00
9.985009999999999764e+02, -5.598689999999999500e-01
9.985180000000000291e+02, -6.220360000000000333e-01
9.985349999999999682e+02, 1.869409999999999961e-01
9.985510000000000446e+02, 6.929199999999999804e-01
9.985679999999999836e+02, -7.553400000000000114e-01
9.985850000000000364e+02, -1.392009999999999970e+00
9.986009999999999991e+02, -2.745480000000000143e-01
9.986180000000000518e+02, -4.080559999999999743e-01
9.986349999999999909e+02, 1.167839999999999989e+00
9.986509999999999536e+02, -1.602540000000000076e-01
9.986680000000000064e+02, -8.658169999999999478e-01
9.986849999999999454e+02, 5.842760000000000176e-01
9.987010000000000218e+02, -4.298120000000000274e-01
9.987179999999999609e+02, 6.230729999999999880e-01
9.987350000000000136e+02, -6.829190000000000538e-01
9.987509999999999764e+02, 2.312289999999999901e-01
9.987680000000000291e+02, 1.380900000000000016e+00
9.987849999999999682e+02, -1.149510000000000032e+00
9.988010000000000446e+02, -5.898309999999999942e-01
9.988179999999999836e+02, 2.583820000000000006e-01
9.988350000000000364e+02, -9.220679999999999987e-01
9.988509999999999991e+02, -2.708149999999999724e-01
9.988680000000000518e+02, 3.478450000000000153e-01
9.988849999999999909e+02, 3.693380000000000014e-03
9.989009999999999536e+02, 6.525779999999999914e-01
9.989180000000000064e+02, 6.342339999999999645e-01
9.989349999999999454e+02, -7.165390000000000370e-01
9.989510000000000218e+02, -8.242530000000000134e-01
9.989679999999999609e+02, -1.850060000000000038e-01
9.989850000000000136e+02, 6.355560000000000376e-02
9.990009999999999764e+02, 2.559719999999999773e-01
9.990180000000000291e+02, 8.597449999999999815e-01
9.990349999999999682e+02, 7.620500000000000052e-01
9.990510000000000446e+02, 1.288569999999999993e+00
9.990679999999999836e+02, 8.522070000000000478e-01
9.990850000000000364e+02, 6.929450000000000331e-01
9.991009999999999991e+02, 3.443919999999999759e-01
9.991180000000000518e+02, -3.335020000000000207e-01
9.991349999999999909e+02, -3.885620000000000046e-02
9.991509999999999536e+02, -1.794910000000000005e+00
9.991680000000000064e+02, -1.205810000000000048e+00
9.991849999999999454e+02, -3.232749999999999790e-01
9.992010000000000218e+02, -4.317369999999999819e-01
9.992179999999999609e+02, 2.732229999999999936e-01
9.992350000000000136e+02, -6.851709999999999745e-01
9.992509999999999764e+02, 1.266940000000000011e-01
9.992680000000000291e+02, -1.075600000000000028e-01
9.992849999999999682e+02, -1.139440000000000008e+00
9.993010000000000446e+02, 4.151759999999999895e-01
9.993179999999999836e+02, 1.885680000000000134e-01
9.993350000000000364e+02, -4.228029999999999844e-01
9.993509999999999991e+02, 1.632669999999999955e-02
9.993680000000000518e+02, -1.000429999999999930e+00
9.993849999999999909e+02, -2.209389999999999965e-01
9.994009999999999536e+02, -5.224100000000000271e-02
9.994180000000000064e+02, 2.668139999999999956e-01
9.994349999999999454e+02, -1.324439999999999992e-02
9.994510000000000218e+02, 1.704080000000000039e+00
9.994679999999999609e+02, -2.389689999999999870e-01
9.994850000000000136e+02, -8.491849999999999676e-01
9.995009999999999764e+02, -1.394209999999999894e-01
9.995180000000000291e+02, -1.204199999999999937e+00
9.995349999999999682e+02, -1.081109999999999988e-01
9.995510000000000446e+02, -6.285460000000000491e-01
9.995679999999999836e+02, 4.573369999999999935e-01
9.995850000000000364e+02, -6.191400000000000237e-01
9.996009999999999991e+02, -5.772690000000000321e-01
9.996180000000000518e+02, -4.124360000000000248e-01
9.996349999999999909e+02, -1.034980000000000011e+00
9.996509999999999536e+02, -2.754090000000000149e-01
9.996680000000000064e+02, 7.321480000000000210e-01
9.996849999999999454e+02, 1.477940000000000031e+00
9.997010000000000218e+02, 8.777230000000000310e-01
9.997179999999999609e+02, -1.113299999999999984e-01
9.997350000000000136e+02, -8.639710000000000445e-01
9.997509999999999764e+02, -9.105550000000000033e-01
9.997680000000000291e+02, -8.616530000000000022e-01
9.997849999999999682e+02, 2.437489999999999934e-01
9.998010000000000446e+02, 5.123579999999999801e-01
9.998179999999999836e+02, 1.302859999999999907e+00
9.998350000000000364e+02, 7.990019999999999900e-01
9.998509999999999991e+02, 1.101950000000000013e-01
9.998680000000000518e+02, -1.037369999999999903e+00
9.998849999999999909e+02, 1.241850000000000037e-01
9.999009999999999536e+02, 1.077830000000000066e+00
9.999180000000000064e+02, -3.814950000000000285e-02
9.999349999999999454e+02, -4.591419999999999946e-01
9.999510000000000218e+02, 8.306950000000000445e-02
9.999679999999999609e+02, 1.728189999999999893e+00
9.999850000000000136e+02, 3.002199999999999869e-01
1.000000000000000000e+03, -1.489479999999999971e-02
1.000019999999999982e+03, -2.876249999999999987e-02
1.000029999999999973e+03, 4.322280000000000011e-01
1.000049999999999955e+03, 7.714079999999999548e-02
1.000070000000000050e+03, -8.627070000000000016e-01
1.000080000000000041e+03, -9.611570000000000391e-01
1.000100000000000023e+03, -6.023589999999999674e-03
1.000120000000000005e+03, 1.136379999999999946e+00
1.000129999999999995e+03, 3.561529999999999974e-01
1.000149999999999977e+03, -3.158299999999999996e-01
1.000169999999999959e+03, -6.343319999999999514e-02
1.000179999999999950e+03, 2.634159999999999835e-01
1.000200000000000045e+03, -1.419310000000000072e+00
1.000220000000000027e+03, -8.830449999999999688e-01
1.000230000000000018e+03, 5.196260000000000323e-01
1.000250000000000000e+03, 1.147820000000000062e+00
1.000269999999999982e+03, 8.182199999999999473e-01
1.000279999999999973e+03, 1.402680000000000038e-01
1.000299999999999955e+03, -6.272229999999999750e-01
1.000320000000000050e+03, -6.839560000000000084e-01
1.000330000000000041e+03, -1.484310000000000018e+00
1.000350000000000023e+03, -1.072380000000000111e+00
1.000370000000000005e+03, 6.676100000000000367e-01
1.000379999999999995e+03, 1.004269999999999996e+00
1.000399999999999977e+03, 1.355059999999999931e+00
1.000419999999999959e+03, -3.437230000000000008e-01
1.000429999999999950e+03, -1.765359999999999985e-01
1.000450000000000045e+03, -9.639069999999999583e-01
1.000470000000000027e+03, -5.293179999999999552e-01
1.000480000000000018e+03, -1.685939999999999939e-01
1.000500000000000000e+03, 1.315150000000000041e+00
1.000519999999999982e+03, 3.612569999999999670e-02
1.000529999999999973e+03, -3.646610000000000129e-01
1.000549999999999955e+03, -6.341179999999999595e-01
1.000570000000000050e+03, 7.097130000000000383e-01
1.000580000000000041e+03, -2.482179999999999942e-01
1.000600000000000023e+03, 8.175149999999999917e-01
1.000620000000000005e+03, -3.297499999999999876e-01
1.000629999999999995e+03, -5.390479999999999716e-01
1.000649999999999977e+03, -2.853729999999999878e-01
1.000669999999999959e+03, -2.379239999999999966e-01
1.000679999999999950e+03, -2.970630000000000215e-01
1.000700000000000045e+03, -3.620959999999999734e-01
1.000720000000000027e+03, -3.100510000000000210e-01
1.000730000000000018e+03, 6.295230000000000548e-01
1.000750000000000000e+03, 3.163790000000000213e-01
1.000769999999999982e+03, -4.398380000000000067e-01
1.000779999999999973e+03, -1.752130000000000007e-02
1.000799999999999955e+03, 1.416540000000000021e-01
1.000820000000000050e+03, 5.828309999999999880e-01
1.000830000000000041e+03, 2.065800000000000136e-01
1.000850000000000023e+03, -6.162020000000000275e-01
1.000870000000000005e+03, 7.936600000000000321e-01
1.000879999999999995e+03, 7.799690000000000234e-01
1.000899999999999977e+03, 1.192739999999999911e+00
1.000919999999999959e+03, 2.773010000000000197e+00
1.000929999999999950e+03, 7.927039999999999642e-01
1.000950000000000045e+03, 5.318680000000000074e-01
1.000970000000000027e+03, -1.847329999999999917e+00
1.000980000000000018e+03, -5.732030000000000181e-01
1.001000000000000000e+03, -1.621709999999999985e+00
1.001019999999999982e+03, 1.975599999999999926e-02
1.001029999999999973e+03, 1.939000000000000057e+00
1.001049999999999955e+03, 1.764669999999999961e+00
1.001070000000000050e+03, 1.791269999999999918e+00
1.001080000000000041e+03, -1.335090000000000110e+00
1.001100000000000023e+03, -3.238210000000000255e-01
1.001120000000000005e+03, -4.618300000000000183e-01
1.001129999999999995e+03, -1.079990000000000006e+00
1.001149999999999977e+03, -5.039850000000000163e-01
1.001169999999999959e+03, -1.136319999999999969e-01
1.001179999999999950e+03, -4.006270000000000109e-01
1.001200000000000045e+03, 2.104330000000000089e-01
1.001220000000000027e+03, -4.615980000000000083e-02
1.001230000000000018e+03, -3.852499999999999813e-01
1.001250000000000000e+03, -1.293009999999999993e+00
1.001269999999999982e+03, 4.986439999999999761e-01
1.001279999999999973e+03, -1.421219999999999949e-02
1.001299999999999955e+03, -9.045809999999999962e-02
1.001320000000000050e+03, 1.444479999999999931e-01
1.001330000000000041e+03, 9.165999999999999703e-01
1.001350000000000023e+03, 3.236809999999999965e-01
1.001370000000000005e+03, 4.932790000000000091e-02
1.001379999999999995e+03, 5.680430000000000201e-02
1.001399999999999977e+03, -3.592899999999999983e-01
1.001419999999999959e+03, -1.094070000000000098e+00
1.001429999999999950e+03, 4.221579999999999777e-01
1.001450000000000045e+03, -2.398460000000000036e-01
1.001470000000000027e+03, 5.442609999999999948e-01
1.001480000000000018e+03, -9.578529999999999545e-01
1.001500000000000000e+03, 1.022829999999999906e+00
1.001519999999999982e+03, 1.553090000000000082e+00
1.001529999999999973e+03, 5.834489999999999954e-01
1.001549999999999955e+03, 1.131410000000000055e-01
1.001570000000000050e+03, -9.744029999999999359e-02
1.001580000000000041e+03, -6.628849999999999465e-01
1.001600000000000023e+03, -2.342120000000000035e-01
1.001620000000000005e+03, 3.329369999999999830e-01
1.001629999999999995e+03, -1.815039999999999987e+00
1.001649999999999977e+03, -6.414339999999999486e-01
1.001669999999999959e+03, -8.393629999999999702e-01
1.001679999999999950e+03, 3.249730000000000119e-01
1.001700000000000045e+03, 6.154520000000000129e-02
1.001720000000000027e+03, 3.482669999999999932e-01
1.001730000000000018e+03, 8.417109999999999870e-02
1.001750000000000000e+03, 6.356199999999999628e-01
1.001769999999999982e+03, -4.918690000000000007e-01
1.001779999999999973e+03, 3.234870000000000245e-01
1.001799999999999955e+03, 1.602160000000000029e+00
1.001820000000000050e+03, 9.076680000000000303e-01
1.001830000000000041e+03, -1.074470000000000036e+00
1.001850000000000023e+03, -4.598070000000000213e-01
1.001870000000000005e+03, -1.452139999999999986e+00
1.001879999999999995e+03, -7.857119999999999660e-01
1.001899999999999977e+03, -4.271860000000000102e-01
1.001919999999999959e+03, 2.329559999999999964e-01
1.001929999999999950e+03, 2.719750000000000223e-01
1.001950000000000045e+03, 1.730260000000000131e-01
1.001970000000000027e+03, -4.341130000000000266e-01
1.001980000000000018e+03, 9.141700000000000381e-01
1.002000000000000000e+03, -4.255499999999999838e-01
1.002019999999999982e+03, 3.158250000000000224e-01
1.002029999999999973e+03, 8.780270000000000019e-01
1.002049999999999955e+03, -1.162070000000000047e-01
1.002070000000000050e+03, 9.761199999999999877e-01
1.002080000000000041e+03, -2.192940000000000167e-02
1.002100000000000023e+03, -4.014309999999999823e-01
1.002120000000000005e+03, -1.291760000000000019e+00
1.002129999999999995e+03, -2.092160000000000131e-01
1.002149999999999977e+03, -1.118190000000000017e+00
1.002169999999999959e+03, 5.159350000000000325e-01
1.002179999999999950e+03, -6.357899999999999663e-01
1.002200000000000045e+03, 1.135939999999999950e+00
1.002220000000000027e+03, 5.473379999999999912e-01
1.002230000000000018e+03, 6.894719999999999738e-01
1.002250000000000000e+03, 1.264010000000000078e+00
1.002269999999999982e+03, -3.314900000000000069e-01
1.002279999999999973e+03, 6.748640000000000194e-01
1.002299999999999955e+03, -4.681640000000000107e-02
1.002320000000000050e+03, -4.162849999999999884e-02
1.002330000000000041e+03, 2.520479999999999943e-01
1.002350000000000023e+03, 6.991199999999999637e-01
1.002370000000000005e+03, -2.108760000000000079e-01
1.002379999999999995e+03, -4.341679999999999984e-01
1.002399999999999977e+03, -9.688139999999999530e-01
1.002419999999999959e+03, 1.868610000000000104e+00
1.002429999999999950e+03, 3.643989999999999729e-01
1.002450000000000045e+03, -7.186719999999999775e-01
1.002470000000000027e+03, -8.796420000000000350e-01
1.002480000000000018e+03, -1.349830000000000085e+00
1.002500000000000000e+03, -9.598659999999999970e-01
1.002519999999999982e+03, 1.490569999999999951e+00
1.002529999999999973e+03, 7.713250000000000384e-01
1.002549999999999955e+03, 1.155070000000000041e+00
1.002570000000000050e+03, 6.622919999999999918e-01
1.002580000000000041e+03, 3.278949999999999920e-01
1.002600000000000023e+03, -5.546830000000000371e-01
1.002620000000000005e+03, -3.716450000000000031e-01
1.002629999999999995e+03, -8.691100000000000492e-01
1.002649999999999977e+03, -1.261259999999999881e-01
1.002669999999999959e+03, 1.705459999999999976e+00
1.002679999999999950e+03, -2.510700000000000154e-01
1.002700000000000045e+03, 3.634549999999999725e-01
1.002720000000000027e+03, -4.471889999999999893e-02
1.002730000000000018e+03, 6.641759999999999331e-02
1.002750000000000000e+03, 4.552229999999999888e-01
1.002769999999999982e+03, 9.657409999999999606e-01
1.002779999999999973e+03, -1.181040000000000006e-01
1.002799999999999955e+03, -4.586160000000000236e-01
1.002820000000000050e+03, -9.114219999999999544e-01
1.002830000000000041e+03, 5.343160000000000132e-01
1.002850000000000023e+03, 1.049549999999999983e+00
1.002870000000000005e+03, 6.793959999999999999e-01
1.002879999999999995e+03, 3.726979999999999738e-01
1.002899999999999977e+03, -1.351129999999999942e+00
1.002919999999999959e+03, -1.654849999999999932e-01
1.002929999999999950e+03, 5.047669999999999657e-01
1.002950000000000045e+03, 1.685629999999999962e+00
1.002970000000000027e+03, -1.502130000000000132e-01
1.002980000000000018e+03, 1.296400000000000052e-01
1.003000000000000000e+03, 8.214040000000000230e-01
1.003019999999999982e+03, -1.124409999999999993e-01
1.003029999999999973e+03, -1.758599999999999941e+00
1.003049999999999955e+03, 2.585970000000000213e-01
1.003070000000000050e+03, 5.615480000000000471e-01
1.003080000000000041e+03, -6.092130000000000045e-01
1.003100000000000023e+03, 1.277119999999999922e-01
1.003120000000000005e+03, -1.363140000000000018e+00
1.003129999999999995e+03, -1.895739999999999925e-01
1.003149999999999977e+03, -4.526339999999999808e-01
1.003169999999999959e+03, -6.927940000000000209e-01
1.003179999999999950e+03, -8.859909999999999730e-01
1.003200000000000045e+03, 6.113629999999999759e-02
1.003220000000000027e+03, -3.280899999999999789e-02
1.003230000000000018e+03, -6.410360000000000502e-01
1.003250000000000000e+03, -9.252129999999999521e-01
1.003269999999999982e+03, -1.692229999999999901e+00
1.003279999999999973e+03, 4.442610000000000170e-01
1.003299999999999955e+03, 1.109799999999999953e-01
1.003320000000000050e+03, 8.494289999999999896e-01
1.003330000000000041e+03, 6.210590000000000277e-01
1.003350000000000023e+03, -6.723339999999999872e-02
1.003370000000000005e+03, 5.172630000000000283e-01
1.003379999999999995e+03, 6.856060000000000487e-01
1.003399999999999977e+03, -4.446219999999999860e-03
1.003419999999999959e+03, 1.425500000000000100e-01
1.003429999999999950e+03, 1.046340000000000048e+00
1.003450000000000045e+03, -7.367099999999999760e-01
1.003470000000000027e+03, -4.087720000000000242e-01
1.003480000000000018e+03, -9.857339999999999991e-01
1.003500000000000000e+03, 1.347430000000000017e-01
1.003519999999999982e+03, 1.608950000000000102e-01
1.003529999999999973e+03, 1.526879999999999991e-03
1.003549999999999955e+03, 1.183890000000000109e+00
1.003570000000000050e+03, 1.695319999999999883e-01
1.003580000000000041e+03, -9.816489999999999938e-01
1.003600000000000023e+03, -1.150600000000000060e-02
1.003620000000000005e+03, 1.073879999999999973e-01
1.003629999999999995e+03, -3.770410000000000150e-01
1.003649999999999977e+03, -1.602049999999999974e+00
1.003669999999999959e+03, 6.063600000000000101e-01
1.003679999999999950e+03, -7.243220000000000214e-01
1.003700000000000045e+03, -6.662620000000000209e-01
1.003720000000000027e+03, 1.349509999999999987e+00
1.003730000000000018e+03, 7.197299999999999809e-01
1.003750000000000000e+03, -4.962449999999999917e-01
1.003769999999999982e+03, -1.882929999999999882e-01
1.003779999999999973e+03, -2.516519999999999868e-01
1.003799999999999955e+03, -6.877889999999999837e-01
1.003820000000000050e+03, 6.768469999999999764e-01
1.003830000000000041e+03, 7.313739999999999686e-01
1.003850000000000023e+03, -9.832859999999999934e-01
1.003870000000000005e+03, 2.481699999999999878e-02
1.003879999999999995e+03, -6.204169999999999963e-01
1.003899999999999977e+03, 1.131329999999999947e+00
1.003919999999999959e+03, 3.647210000000000174e-01
1.003929999999999950e+03, 6.133560000000000123e-01
1.003950000000000045e+03, -2.205229999999999968e-01
1.003970000000000027e+03, 9.251540000000000319e-01
1.003980000000000018e+03, -6.168190000000000062e-01
1.004000000000000000e+03, 2.454699999999999938e-01
1.004019999999999982e+03, 2.073200000000000043e-01
1.004029999999999973e+03, 2.067400000000000126e+00
1.004049999999999955e+03, 1.019679999999999920e+00
1.004070000000000050e+03, -5.091310000000000002e-01
1.004080000000000041e+03, -7.586559999999999970e-01
1.004100000000000023e+03, 1.302000000000000102e-01
1.004120000000000005e+03, -9.996410000000000018e-01
1.004129999999999995e+03, 4.219140000000000112e-01
1.004149999999999977e+03, -3.655070000000000263e-01
1.004169999999999959e+03, 1.322529999999999983e+00
1.004179999999999950e+03, -1.003769999999999940e-01
1.004200000000000045e+03, -4.875220000000000109e-01
1.004220000000000027e+03, -1.707410000000000094e+00
1.004230000000000018e+03, 1.104389999999999983e+00
1.004250000000000000e+03, 1.316820000000000102e+00
1.004269999999999982e+03, 3.140589999999999771e-01
1.004279999999999973e+03, 4.334930000000000172e-01
1.004299999999999955e+03, -8.357590000000000297e-01
1.004320000000000050e+03, 2.105349999999999930e-02
1.004330000000000041e+03, -2.872750000000000026e-01
1.004350000000000023e+03, 3.478970000000000118e-01
1.004370000000000005e+03, -6.603240000000000220e-01
1.004379999999999995e+03, 7.519190000000000040e-01
1.004399999999999977e+03, 1.518680000000000030e-01
1.004419999999999959e+03, 1.194360000000000088e+00
1.004429999999999950e+03, 6.237620000000000386e-01
1.004450000000000045e+03, 2.425460000000000116e-02
1.004470000000000027e+03, 5.448020000000000085e-01
1.004480000000000018e+03, 4.829520000000000340e-02
1.004500000000000000e+03, -3.877209999999999858e-03
1.004519999999999982e+03, 6.348960000000000159e-01
1.004529999999999973e+03, 8.642250000000000210e-01
1.004549999999999955e+03, 1.863830000000000098e+00
1.004570000000000050e+03, -3.862490000000000090e-01
1.004580000000000041e+03, -1.857030000000000070e-01
1.004600000000000023e+03, 1.849739999999999995e-01
1.004620000000000005e+03, -9.421669999999999767e-01
1.004629999999999995e+03, 5.137930000000000552e-01
1.004649999999999977e+03, -5.496310000000000084e-02
1.004669999999999959e+03, -1.341679999999999984e+00
1.004679999999999950e+03, -5.200649999999999995e-01
1.004700000000000045e+03, -3.397390000000000132e-01
1.004720000000000027e+03, -4.988690000000000069e-01
1.004730000000000018e+03, -3.244219999999999882e-01
1.004750000000000000e+03, 1.304650000000000087e+00
1.004769999999999982e+03, -5.244419999999999638e-01
1.004779999999999973e+03, 4.218299999999999828e-01
1.004799999999999955e+03, 5.963589999999999725e-01
1.004820000000000050e+03, -7.200509999999999966e-01
1.004830000000000041e+03, 1.392379999999999951e+00
1.004850000000000023e+03, 9.197349999999999692e-01
1.004870000000000005e+03, 6.987609999999999655e-01
1.004879999999999995e+03, 8.165900000000000380e-01
1.004899999999999977e+03, 2.914240000000000164e-01
1.004919999999999959e+03, 1.416409999999999947e+00
1.004929999999999950e+03, -1.948139999999999872e-01
1.004950000000000045e+03, 6.774289999999999479e-01
1.004970000000000027e+03, 5.328600000000000003e-02
1.004980000000000018e+03, -6.077129999999999477e-01
1.005000000000000000e+03, 1.408490000000000020e+00
1.005019999999999982e+03, 7.056289999999999507e-01
1.005029999999999973e+03, -5.464600000000000013e-02
1.005049999999999955e+03, 4.700179999999999914e-01
1.005070000000000050e+03, -2.020230000000000192e+00
1.005080000000000041e+03, -8.242450000000000054e-01
1.005100000000000023e+03, -3.350049999999999972e-01
1.005120000000000005e+03, -2.998640000000000194e-01
1.005129999999999995e+03, -8.250340000000000451e-02
1.005149999999999977e+03, -4.508110000000000173e-01
1.005169999999999959e+03, -1.096229999999999982e-01
1.005179999999999950e+03, 6.365220000000000322e-01
1.005200000000000045e+03, -6.018999999999999906e-01
1.005220000000000027e+03, 3.259660000000000335e-02
1.005230000000000018e+03, 1.617919999999999914e-01
1.005250000000000000e+03, -4.569880000000000053e-01
1.005269999999999982e+03, -6.810439999999999827e-01
1.005279999999999973e+03, 1.473859999999999948e+00
1.005299999999999955e+03, 7.398390000000000244e-01
1.005320000000000050e+03, -8.069800000000000306e-01
1.005330000000000041e+03, -2.142419999999999880e-01
1.005350000000000023e+03, -9.631410000000000249e-01
1.005370000000000005e+03, 4.437110000000000221e-01
1.005379999999999995e+03, 8.218699999999999894e-01
1.005399999999999977e+03, 6.802059999999999773e-01
1.005419999999999959e+03, 5.573829999999999618e-01
1.005429999999999950e+03, -1.524389999999999912e-01
1.005450000000000045e+03, 8.802419999999999689e-01
1.005470000000000027e+03, -6.131469999999999976e-01
1.005480000000000018e+03, -5.879330000000000389e-01
1.005500000000000000e+03, -9.743420000000000414e-01
1.005519999999999982e+03, 7.649679999999999813e-01
1.005529999999999973e+03, -1.951539999999999941e-01
1.005549999999999955e+03, -1.442239999999999966e+00
1.005570000000000050e+03, 1.492739999999999900e-01
1.005580000000000041e+03, 1.444090000000000096e+00
1.005600000000000023e+03, 1.560750000000000082e+00
1.005620000000000005e+03, 1.630309999999999926e+00
1.005629999999999995e+03, -1.071430000000000021e-01
1.005649999999999977e+03, -3.432549999999999768e-01
1.005669999999999959e+03, 3.053480000000000083e-01
1.005679999999999950e+03, 2.266370000000000051e-01
1.005700000000000045e+03, 1.093709999999999960e+00
1.005720000000000027e+03, 9.375080000000000080e-01
1.005730000000000018e+03, 2.335659999999999958e-01
1.005750000000000000e+03, 1.745530000000000137e-01
1.005769999999999982e+03, 9.204829999999999957e-02
1.005779999999999973e+03, -8.244810000000000194e-01
1.005799999999999955e+03, -3.322760000000000158e-01
1.005820000000000050e+03, -7.327129999999999477e-01
1.005830000000000041e+03, 8.618350000000000177e-01
1.005850000000000023e+03, -1.917010000000000103e+00
1.005870000000000005e+03, -1.275290000000000035e+00
1.005879999999999995e+03, -1.900429999999999897e-01
1.005899999999999977e+03, 8.925769999999999538e-02
1.005919999999999959e+03, 7.617549999999999599e-01
1.005929999999999950e+03, 1.960059999999999913e+00
1.005950000000000045e+03, 1.077530000000000099e+00
1.005970000000000027e+03, -5.565320000000000267e-01
1.005980000000000018e+03, 1.534419999999999951e-01
1.006000000000000000e+03, -3.927939999999999765e-01
1.006019999999999982e+03, 8.017889999999999739e-01
1.006029999999999973e+03, 7.329959999999999809e-01
1.006049999999999955e+03, 1.223270000000000080e+00
1.006070000000000050e+03, -6.104650000000000354e-01
1.006080000000000041e+03, -2.969959999999999822e-01
1.006100000000000023e+03, 2.788800000000000168e-01
1.006120000000000005e+03, 9.217959999999999487e-01
1.006129999999999995e+03, -1.111909999999999954e+00
1.006149999999999977e+03, -2.826879999999999948e-01
1.006169999999999959e+03, -5.989830000000000432e-01
1.006179999999999950e+03, -1.114100000000000090e+00
1.006200000000000045e+03, -5.947729999999999961e-01
1.006220000000000027e+03, 4.273330000000000184e-01
1.006230000000000018e+03, -7.345490000000000075e-01
1.006250000000000000e+03, 1.899880000000000013e+00
1.006269999999999982e+03, 6.042610000000000481e-01
1.006279999999999973e+03, 1.056190000000000045e-01
1.006299999999999955e+03, -1.129050000000000054e-01
1.006320000000000050e+03, -8.264540000000000219e-01
1.006330000000000041e+03, -7.606020000000000003e-01
1.006350000000000023e+03, -7.979009999999999714e-01
1.006370000000000005e+03, 1.087899999999999978e-01
1.006379999999999995e+03, 2.935059999999999891e-01
1.006399999999999977e+03, -4.721469999999999834e-01
1.006419999999999959e+03, 1.026489999999999903e+00
1.006429999999999950e+03, -6.094110000000000360e-01
1.006450000000000045e+03, -5.750570000000000404e-01
1.006470000000000027e+03, -1.239069999999999894e+00
1.006480000000000018e+03, -1.022790000000000088e+00
1.006500000000000000e+03, -6.855820000000000247e-01
1.006519999999999982e+03, -2.992460000000000120e-01
1.006529999999999973e+03, -1.009579999999999922e+00
1.006549999999999955e+03, -4.726319999999999966e-01
1.006570000000000050e+03, 3.505150000000000210e-01
1.006580000000000041e+03, 1.053970000000000046e-01
1.006600000000000023e+03, -9.551340000000000385e-01
1.006620000000000005e+03, 1.391289999999999916e+00
1.006629999999999995e+03, 6.839650000000000452e-01
1.006649999999999977e+03, -4.714639999999999942e-01
1.006669999999999959e+03, 5.619680000000000231e-01
1.006679999999999950e+03, -6.104330000000000034e-01
1.006700000000000045e+03, -1.755779999999999896e+00
1.006720000000000027e+03, -5.820619999999999683e-01
1.006730000000000018e+03, 3.926149999999999918e-01
1.006750000000000000e+03, -2.652940000000000159e-02
1.006769999999999982e+03, 1.286969999999999947e+00
1.006779999999999973e+03, -1.979410000000000058e-01
1.006799999999999955e+03, -1.603410000000000113e-01
1.006820000000000050e+03, -1.046429999999999971e+00
1.006830000000000041e+03, 3.786470000000000113e-01
1.006850000000000023e+03, 4.837969999999999597e-03
1.006870000000000005e+03, 4.951130000000000114e-02
1.006879999999999995e+03, 1.929889999999999939e-01
1.006899999999999977e+03, -1.498150000000000037e-01
1.006919999999999959e+03, -3.549619999999999997e-01
1.006929999999999950e+03, 3.279759999999999898e-01
1.006950000000000045e+03, -5.320709999999999607e-01
1.006970000000000027e+03, 1.713379999999999903e-01
1.006980000000000018e+03, 4.672520000000000007e-01
1.007000000000000000e+03, 6.527119999999999589e-01
1.007019999999999982e+03, 2.223279999999999978e-01
1.007029999999999973e+03, -1.074060000000000015e+00
1.007049999999999955e+03, 1.196099999999999941e+00
1.007070000000000050e+03, 8.102439999999999642e-01
1.007080000000000041e+03, -1.607399999999999940e+00
1.007100000000000023e+03, -1.689119999999999955e+00
1.007120000000000005e+03, -1.881170000000000064e-01
1.007129999999999995e+03, 7.122800000000000242e-01
1.007149999999999977e+03, 1.035379999999999967e+00
1.007169999999999959e+03, 2.204299999999999871e-01
1.007179999999999950e+03, -4.905720000000000081e-01
1.007200000000000045e+03, -1.334710000000000063e+00
1.007220000000000027e+03, 6.850140000000000118e-01
1.007230000000000018e+03, -5.392879999999999896e-01
1.007250000000000000e+03, -1.906499999999999861e-01
1.007269999999999982e+03, -1.280340000000000089e-01
1.007279999999999973e+03, 7.966659999999999853e-01
1.007299999999999955e+03, 4.723809999999999953e-01
1.007320000000000050e+03, 6.497830000000000272e-02
1.007330000000000041e+03, -6.758950000000000236e-01
1.007350000000000023e+03, -1.046470000000000011e+00
1.007370000000000005e+03, 4.050639999999999796e-02
1.007379999999999995e+03, 7.347639999999999727e-01
1.007399999999999977e+03, -2.225810000000000011e-01
1.007419999999999959e+03, 2.675239999999999840e-01
1.007429999999999950e+03, -6.351329999999999476e-01
1.007450000000000045e+03, -1.542920000000000069e+00
1.007470000000000027e+03, -2.843589999999999840e+00
1.007480000000000018e+03, -3.884889999999999732e-01
1.007500000000000000e+03, 1.614870000000000028e+00
1.007519999999999982e+03, 5.906799999999999828e-01
1.007529999999999973e+03, 7.973379999999999357e-02
1.007549999999999955e+03, 6.300949999999999607e-01
1.007570000000000050e+03, 1.563870000000000093e+00
1.007580000000000041e+03, -9.368079999999999741e-01
1.007600000000000023e+03, 5.945660000000000389e-01
1.007620000000000005e+03, 2.488910000000000011e-01
1.007629999999999995e+03, 7.819070000000000187e-01
1.007649999999999977e+03, 5.060939999999999883e-02
1.007669999999999959e+03, -3.367209999999999925e-01
1.007679999999999950e+03, -4.400939999999999852e-01
1.007700000000000045e+03, -2.948640000000000150e-01
1.007720000000000027e+03, 5.524620000000000086e-01
1.007730000000000018e+03, -3.225560000000000094e-01
1.007750000000000000e+03, 1.384770000000000056e+00
1.007769999999999982e+03, 1.307469999999999910e+00
1.007779999999999973e+03, 3.705350000000000033e-01
1.007799999999999955e+03, 7.803400000000000336e-01
1.007820000000000050e+03, -7.966680000000000428e-01
1.007830000000000041e+03, 4.986470000000000069e-01
1.007850000000000023e+03, 1.437599999999999989e+00
1.007870000000000005e+03, -5.641759999999999831e-02
1.007879999999999995e+03, -3.640840000000000187e-01
1.007899999999999977e+03, 1.023479999999999945e-01
1.007919999999999959e+03, -1.578130000000000033e+00
1.007929999999999950e+03, -1.660649999999999959e+00
1.007950000000000045e+03, -3.482709999999999972e-01
1.007970000000000027e+03, 1.839699999999999946e-01
1.007980000000000018e+03, 9.320110000000000339e-01
1.008000000000000000e+03, -3.573390000000000177e-01
1.008019999999999982e+03, 4.299390000000000156e-01
1.008029999999999973e+03, -5.831150000000000222e-02
1.008049999999999955e+03, 9.232529999999999903e-01
1.008070000000000050e+03, -6.939640000000000253e-01
1.008080000000000041e+03, -4.451289999999999969e-01
1.008100000000000023e+03, -1.793819999999999970e+00
1.008120000000000005e+03, -7.711270000000000624e-02
1.008129999999999995e+03, 1.074500000000000011e+00
1.008149999999999977e+03, 7.333229999999999471e-01
1.008169999999999959e+03, -1.184620000000000006e+00
1.008179999999999950e+03, 2.960300000000000153e-01
1.008200000000000045e+03, 1.600530000000000008e+00
1.008220000000000027e+03, 1.010979999999999990e+00
1.008230000000000018e+03, -1.543809999999999905e+00
1.008250000000000000e+03, 7.609339999999999993e-01
1.008269999999999982e+03, -1.819030000000000091e-01
1.008279999999999973e+03, 2.907710000000000017e-01
1.008299999999999955e+03, -3.209420000000000051e-01
1.008320000000000050e+03, 1.073069999999999996e-01
1.008330000000000041e+03, 3.399090000000000011e-03
1.008350000000000023e+03, -2.482920000000000127e-01
1.008370000000000005e+03, -4.761239999999999917e-01
1.008379999999999995e+03, 5.361479999999999579e-01
1.008399999999999977e+03, 2.839380000000000237e-01
1.008419999999999959e+03, 4.712339999999999862e-01
1.008429999999999950e+03, 6.037059999999999649e-01
1.008450000000000045e+03, 7.921129999999999560e-01
1.008470000000000027e+03, 3.936990000000000212e-01
1.008480000000000018e+03, 4.173330000000000095e-01
1.008500000000000000e+03, -3.123480000000000145e-01
1.008519999999999982e+03, -9.754410000000000025e-01
1.008529999999999973e+03, -8.059709999999999930e-01
1.008549999999999955e+03, 2.987949999999999773e-01
1.008570000000000050e+03, -4.490669999999999940e-01
1.008580000000000041e+03, 3.780680000000000152e-02
1.008600000000000023e+03, -2.581450000000000133e-01
1.008620000000000005e+03, 7.578789999999999694e-01
1.008629999999999995e+03, -1.723510000000000097e+00
1.008649999999999977e+03, 4.119989999999999764e-02
1.008669999999999959e+03, -8.712530000000000274e-02
1.008679999999999950e+03, 3.611119999999999886e-01
1.008700000000000045e+03, -1.713739999999999986e-01
1.008720000000000027e+03, -1.527779999999999916e+00
1.008730000000000018e+03, 6.841699999999999449e-01
1.008750000000000000e+03, 3.759239999999999804e-01
1.008769999999999982e+03, 5.781100000000000128e-01
1.008779999999999973e+03, -4.627600000000000047e-01
1.008799999999999955e+03, -1.264210000000000056e+00
1.008820000000000050e+03, -5.717029999999999612e-01
1.008830000000000041e+03, 1.216349999999999931e-01
1.008850000000000023e+03, 1.534780000000000033e-01
1.008870000000000005e+03, 4.086719999999999797e-01
1.008879999999999995e+03, -1.569299999999999917e+00
1.008899999999999977e+03, 6.910760000000000236e-01
1.008919999999999959e+03, -2.400210000000000121e-01
1.008929999999999950e+03, 3.476639999999999731e-01
1.008950000000000045e+03, -1.370730000000000004e-01
1.008970000000000027e+03, 1.963439999999999908e-01
1.008980000000000018e+03, 2.627149999999999763e-01
1.009000000000000000e+03, -1.682979999999999920e+00
1.009019999999999982e+03, -3.987680000000000113e-01
1.009029999999999973e+03, -2.888780000000000237e-01
1.009049999999999955e+03, 1.988989999999999925e-01
1.009070000000000050e+03, 7.745579999999999687e-01
1.009080000000000041e+03, -1.392460000000000087e-01
1.009100000000000023e+03, 1.599430000000000018e-01
1.009120000000000005e+03, 7.980439999999999756e-01
1.009129999999999995e+03, 1.718639999999999946e+00
1.009149999999999977e+03, -1.381229999999999958e+00
1.009169999999999959e+03, 4.881429999999999936e-01
1.009179999999999950e+03, -7.279700000000000060e-01
1.009200000000000045e+03, 7.385789999999999855e-01
1.009220000000000027e+03, 2.085550000000000015e+00
1.009230000000000018e+03, 1.148390000000000022e+00
1.009250000000000000e+03, -1.066079999999999917e+00
1.009269999999999982e+03, -1.055669999999999942e-01
1.009279999999999973e+03, -7.225550000000000028e-02
1.009299999999999955e+03, -2.506419999999999759e-01
1.009320000000000050e+03, -9.044759999999999467e-01
1.009330000000000041e+03, 2.977319999999999967e-01
1.009350000000000023e+03, -4.218169999999999975e-01
1.009370000000000005e+03, 1.992570000000000105e-02
1.009379999999999995e+03, 1.063870000000000093e+00
1.009399999999999977e+03, -6.852690000000000170e-01
1.009419999999999959e+03, -9.580199999999999827e-01
1.009429999999999950e+03, -1.535109999999999975e+00
1.009450000000000045e+03, 2.893089999999999828e-01
1.009470000000000027e+03, 1.137750000000000039e+00
1.009480000000000018e+03, 1.455089999999999995e+00
1.009500000000000000e+03, -2.058520000000000072e-01
1.009519999999999982e+03, -2.690469999999999806e-01
1.009529999999999973e+03, 1.113590000000000080e+00
1.009549999999999955e+03, -6.481670000000000487e-01
1.009570000000000050e+03, 5.182520000000000182e-02
1.009580000000000041e+03, 1.053500000000000103e+00
1.009600000000000023e+03, -1.165209999999999996e-01
1.009620000000000005e+03, -1.199780000000000069e+00
1.009629999999999995e+03, -5.306570000000000453e-01
1.009649999999999977e+03, -8.028600000000000181e-01
1.009669999999999959e+03, 8.594680000000000097e-01
1.009679999999999950e+03, 1.890840000000000076e+00
1.009700000000000045e+03, 1.183980000000000032e-01
1.009720000000000027e+03, -2.106050000000000200e+00
1.009730000000000018e+03, -5.528809999999999558e-01
1.009750000000000000e+03, -7.632269999999999888e-01
1.009769999999999982e+03, 6.487699999999999578e-01
1.009779999999999973e+03, 1.708909999999999929e+00
1.009799999999999955e+03, 3.074899999999999856e-01
1.009820000000000050e+03, 1.194490000000000052e+00
1.009830000000000041e+03, -2.529669999999999974e-01
1.009850000000000023e+03, 4.322670000000000123e-01
1.009870000000000005e+03, -9.649180000000000534e-01
1.009879999999999995e+03, -3.374240000000000017e-01
1.009899999999999977e+03, -2.467340000000000089e-01
1.009919999999999959e+03, 7.990110000000000268e-02
1.009929999999999950e+03, -4.542120000000000046e-01
1.009950000000000045e+03, -1.493180000000000063e-01
1.009970000000000027e+03, 9.158509999999999707e-01
1.009980000000000018e+03, -1.860120000000000107e-01
1.010000000000000000e+03, -1.083199999999999941e+00
1.010019999999999982e+03, -4.841379999999999989e-02
1.010029999999999973e+03, 8.923480000000000301e-01
1.010049999999999955e+03, -6.204020000000000090e-01
1.010070000000000050e+03, -5.545759999999999579e-01
1.010080000000000041e+03, -6.547779999999999712e-01
1.010100000000000023e+03, -1.502089999999999925e+00
1.010120000000000005e+03, -8.528149999999999897e-01
1.010129999999999995e+03, 1.423359999999999959e+00
1.010149999999999977e+03, 3.384719999999999951e-01
1.010169999999999959e+03, -2.561209999999999876e-01
1.010179999999999950e+03, 4.295630000000000281e-02
1.010200000000000045e+03, -8.297320000000000251e-01
1.010220000000000027e+03, -3.926490000000000258e-01
1.010230000000000018e+03, -6.522350000000000092e-01
1.010250000000000000e+03, 5.228289999999999882e-01
1.010269999999999982e+03, -4.764280000000000181e-01
1.010279999999999973e+03, -2.715330000000000243e-01
1.010299999999999955e+03, -6.442930000000000046e-01
1.010320000000000050e+03, 6.668230000000000546e-01
1.010330000000000041e+03, -1.611769999999999869e-01
1.010350000000000023e+03, -1.845469999999999944e+00
1.010370000000000005e+03, -1.571220000000000061e+00
1.010379999999999995e+03, -1.442579999999999973e+00
1.010399999999999977e+03, -6.039069999999999716e-01
1.010419999999999959e+03, 1.466310000000000002e+00
1.010429999999999950e+03, 1.923019999999999952e+00
1.010450000000000045e+03, 1.548559999999999937e+00
1.010470000000000027e+03, 7.624940000000000051e-01
1.010480000000000018e+03, -1.020029999999999992e+00
1.010500000000000000e+03, -1.011260000000000048e+00
1.010519999999999982e+03, -7.070410000000000306e-01
1.010529999999999973e+03, 1.238429999999999920e+00
1.010549999999999955e+03, 1.285940000000000000e-02
1.010570000000000050e+03, 1.850040000000000018e-02
1.010580000000000041e+03, 4.484790000000000165e-01
1.010600000000000023e+03, 1.003330000000000055e-01
1.010620000000000005e+03, 1.495579999999999965e-01
1.010629999999999995e+03, 8.986330000000000151e-01
1.010649999999999977e+03, -2.517940000000000178e-01
1.010669999999999959e+03, 1.023769999999999958e-01
1.010679999999999950e+03, -6.548059999999999992e-01
1.010700000000000045e+03, -4.739639999999999964e-01
1.010720000000000027e+03, 1.684530000000000083e+00
1.010730000000000018e+03, 8.865950000000000220e-01
1.010750000000000000e+03, -2.561729999999999841e-01
1.010769999999999982e+03, -1.659380000000000077e+00
1.010779999999999973e+03, -4.525499999999999662e-02
1.010799999999999955e+03, -4.604500000000000259e-01
1.010820000000000050e+03, -3.266100000000000114e-01
1.010830000000000041e+03, 7.473199999999999843e-01
1.010850000000000023e+03, -1.153559999999999919e+00
1.010870000000000005e+03, 4.645659999999999790e-01
1.010879999999999995e+03, 3.182499999999999912e-02
1.010899999999999977e+03, -1.971749999999999892e-01
1.010919999999999959e+03, 5.138800000000000034e-01
1.010929999999999950e+03, 1.667419999999999902e+00
1.010950000000000045e+03, -2.226920000000000011e-01
1.010970000000000027e+03, 4.381439999999999779e-01
1.010980000000000018e+03, -4.246019999999999794e-01
1.011000000000000000e+03, -9.876859999999999529e-01
1.011019999999999982e+03, 5.978360000000000340e-01
1.011029999999999973e+03, 3.349269999999999747e-01
1.011049999999999955e+03, 9.074689999999999701e-01
1.011070000000000050e+03, -3.530340000000000145e-01
1.011080000000000041e+03, -7.423769999999999536e-01
1.011100000000000023e+03, -6.678079999999999572e-01
1.011120000000000005e+03, 5.419910000000000005e-01
1.011129999999999995e+03, 8.928970000000000518e-01
1.011149999999999977e+03, 1.025589999999999974e-01
1.011169999999999959e+03, -7.904210000000000402e-01
1.011179999999999950e+03, 8.098149999999999515e-01
1.011200000000000045e+03, 4.720770000000000244e-01
1.011220000000000027e+03, 1.092149999999999954e+00
1.011230000000000018e+03, -2.687590000000000257e-01
1.011250000000000000e+03, 2.677669999999999773e-01
1.011269999999999982e+03, -8.634009999999999740e-01
1.011279999999999973e+03, -1.099150000000000071e+00
1.011299999999999955e+03, -1.254129999999999967e+00
1.011320000000000050e+03, 6.640200000000000269e-02
1.011330000000000041e+03, -6.259989999999999721e-01
1.011350000000000023e+03, 6.251700000000000035e-01
1.011370000000000005e+03, 8.635460000000000358e-01
1.011379999999999995e+03, 1.172760000000000052e-01
1.011399999999999977e+03, -4.657720000000000193e-01
1.011419999999999959e+03, -1.601980000000000071e-01
1.011429999999999950e+03, 3.209739999999999815e-01
1.011450000000000045e+03, -4.300820000000000198e-01
1.011470000000000027e+03, -6.126460000000000239e-02
1.011480000000000018e+03, -2.805630000000000068e-01
1.011500000000000000e+03, -1.829520000000000035e-01
1.011519999999999982e+03, 7.661660000000000137e-01
1.011529999999999973e+03, 7.687110000000000332e-01
1.011549999999999955e+03, 1.035049999999999998e-01
1.011570000000000050e+03, -1.340069999999999872e-01
1.011580000000000041e+03, 1.142169999999999908e+00
1.011600000000000023e+03, 2.485189999999999899e-01
1.011620000000000005e+03, 1.959090000000000137e-02
1.011629999999999995e+03, -4.805130000000000234e-01
1.011649999999999977e+03, 9.102860000000000396e-01
1.011669999999999959e+03, 7.128449999999999509e-01
1.011679999999999950e+03, -3.434909999999999908e-01
1.011700000000000045e+03, -6.692399999999999460e-01
1.011720000000000027e+03, -8.977279999999999704e-01
1.011730000000000018e+03, 3.453330000000000011e-01
1.011750000000000000e+03, -3.411179999999999768e-02
1.011769999999999982e+03, -1.352719999999999922e+00
1.011779999999999973e+03, -2.671089999999999853e-01
1.011799999999999955e+03, 9.903629999999999933e-01
1.011820000000000050e+03, 1.200639999999999930e+00
1.011830000000000041e+03, 5.925470000000000459e-01
1.011850000000000023e+03, -6.390989999999999727e-01
1.011870000000000005e+03, -9.766529999999999656e-02
1.011879999999999995e+03, 3.686820000000000097e-01
1.011899999999999977e+03, -9.826230000000000242e-01
1.011919999999999959e+03, -1.896360000000000046e+00
1.011929999999999950e+03, 3.029180000000000206e-01
1.011950000000000045e+03, 4.057299999999999796e-01
1.011970000000000027e+03, 2.059570000000000012e-01
1.011980000000000018e+03, 1.844290000000000096e-01
1.012000000000000000e+03, 1.187279999999999891e+00
1.012019999999999982e+03, -1.706989999999999896e-01
1.012029999999999973e+03, 8.636969999999999370e-02
1.012049999999999955e+03, -8.519959999999999756e-01
1.012070000000000050e+03, -9.524820000000000508e-01
1.012080000000000041e+03, -1.766270000000000062e-01
1.012100000000000023e+03, -2.643079999999999874e-01
1.012120000000000005e+03, 1.431259999999999977e+00
1.012129999999999995e+03, 4.880109999999999726e-01
1.012149999999999977e+03, -7.892430000000000279e-01
1.012169999999999959e+03, -8.664650000000000407e-01
1.012179999999999950e+03, -7.641360000000000374e-01
1.012200000000000045e+03, 3.325690000000000035e-01
1.012220000000000027e+03, 8.341819999999999791e-01
1.012230000000000018e+03, -8.356580000000000119e-01
1.012250000000000000e+03, -7.449740000000000251e-01
1.012269999999999982e+03, 6.491280000000000383e-01
1.012279999999999973e+03, 1.411469999999999947e-01
1.012299999999999955e+03, 1.517249999999999988e-01
1.012320000000000050e+03, -4.589719999999999911e-01
1.012330000000000041e+03, -1.190220000000000056e+00
1.012350000000000023e+03, 7.883620000000000072e-01
1.012370000000000005e+03, 1.838759999999999950e+00
1.012379999999999995e+03, 7.828190000000000426e-01
1.012399999999999977e+03, -5.289129999999999665e-01
1.012419999999999959e+03, -7.455889999999999462e-01
1.012429999999999950e+03, 1.763659999999999950e-01
1.012450000000000045e+03, -3.497000000000000108e-01
1.012470000000000027e+03, -3.612790000000000168e-01
1.012480000000000018e+03, -2.296600000000000030e-01
1.012500000000000000e+03, -1.436919999999999975e+00
1.012519999999999982e+03, -5.164590000000000014e-01
1.012529999999999973e+03, 1.311520000000000047e-02
1.012549999999999955e+03, 3.802360000000000184e-01
1.012570000000000050e+03, -8.349070000000000102e-02
1.012580000000000041e+03, 1.170360000000000067e+00
1.012600000000000023e+03, -9.266710000000000225e-01
1.012620000000000005e+03, -6.113480000000000025e-01
1.012629999999999995e+03, -1.429489999999999927e+00
1.012649999999999977e+03, 1.068210000000000104e+00
1.012669999999999959e+03, 3.066650000000000209e-01
1.012679999999999950e+03, 1.685100000000000042e+00
1.012700000000000045e+03, 4.086980000000000057e-01
1.012720000000000027e+03, -6.298089999999999522e-01
1.012730000000000018e+03, 3.619910000000000072e-01
1.012750000000000000e+03, -7.167540000000000022e-01
1.012769999999999982e+03, -1.082659999999999956e+00
1.012779999999999973e+03, -3.132909999999999862e-02
1.012799999999999955e+03, 3.347809999999999953e-01
1.012820000000000050e+03, 1.534259999999999957e+00
1.012830000000000041e+03, 1.407659999999999911e+00
1.012850000000000023e+03, 6.222429999999999906e-01
1.012870000000000005e+03, -9.970700000000000743e-03
1.012879999999999995e+03, -1.720830000000000082e+00
1.012899999999999977e+03, -1.921759999999999913e+00
1.012919999999999959e+03, -6.623069999999999791e-01
1.012929999999999950e+03, 8.491739999999999844e-01
1.012950000000000045e+03, 2.484659999999999924e-01
1.012970000000000027e+03, 8.124829999999999552e-01
1.012980000000000018e+03, -1.051269999999999927e+00
1.013000000000000000e+03, -9.127819999999999823e-01
1.013019999999999982e+03, -8.922269999999999923e-01
1.013029999999999973e+03, 1.939450000000000063e-01
1.013049999999999955e+03, 1.326230000000000020e+00
1.013070000000000050e+03, 8.455540000000000278e-02
1.013080000000000041e+03, 1.034170000000000034e+00
1.013100000000000023e+03, 1.635939999999999894e-01
1.013120000000000005e+03, 1.329159999999999897e+00
1.013129999999999995e+03, 5.397549999999999848e-01
1.013149999999999977e+03, -1.002600000000000019e-01
1.013169999999999959e+03, -5.136469999999999647e-01
1.013179999999999950e+03, -2.763019999999999921e-01
1.013200000000000045e+03, 1.956630000000000091e+00
1.013220000000000027e+03, 3.984340000000000104e-01
1.013230000000000018e+03, 6.528720000000000079e-01
1.013250000000000000e+03, 5.513869999999999605e-01
1.013269999999999982e+03, -9.379779999999999784e-01
1.013279999999999973e+03, -9.550680000000000280e-01
1.013299999999999955e+03, 5.507140000000000368e-01
1.013320000000000050e+03, 6.409190000000000165e-01
1.013330000000000041e+03, 4.285359999999999725e-01
1.013350000000000023e+03, -8.364059999999999828e-01
1.013370000000000005e+03, -5.478439999999999976e-01
1.013379999999999995e+03, -1.266389999999999905e+00
1.013399999999999977e+03, 1.170930000000000026e+00
1.013419999999999959e+03, 9.192740000000000633e-02
1.013429999999999950e+03, -4.515290000000000137e-01
1.013450000000000045e+03, 3.954440000000000177e-01
1.013470000000000027e+03, 3.197250000000000092e-02
1.013480000000000018e+03, 1.155790000000000095e+00
1.013500000000000000e+03, -5.199629999999999530e-01
1.013519999999999982e+03, -6.324779999999999847e-01
1.013529999999999973e+03, -1.251319999999999988e+00
1.013549999999999955e+03, 3.734520000000000201e-02
1.013570000000000050e+03, -6.174049999999999816e-01
1.013580000000000041e+03, -1.142539999999999945e-01
1.013600000000000023e+03, 5.582660000000000400e-01
1.013620000000000005e+03, 4.662629999999999830e-01
1.013629999999999995e+03, 6.769880000000000342e-01
1.013649999999999977e+03, -2.390799999999999870e-01
1.013669999999999959e+03, 1.194709999999999939e+00
1.013679999999999950e+03, 6.515699999999999825e-01
1.013700000000000045e+03, -2.389139999999999819e+00
1.013720000000000027e+03, -5.445870000000000433e-01
1.013730000000000018e+03, -9.473930000000000407e-01
1.013750000000000000e+03, 7.997809999999999642e-01
1.013769999999999982e+03, -2.922899999999999943e-01
1.013779999999999973e+03, 8.000899999999999679e-01
1.013799999999999955e+03, -7.270539999999999781e-01
1.013820000000000050e+03, -8.776040000000000230e-02
1.013830000000000041e+03, 7.529320000000000457e-01
1.013850000000000023e+03, 1.011090000000000044e-01
1.013870000000000005e+03, -4.638249999999999873e-01
1.013879999999999995e+03, 1.656880000000000019e-01
1.013899999999999977e+03, -1.809479999999999977e+00
1.013919999999999959e+03, 1.000739999999999963e-01
1.013929999999999950e+03, 4.327099999999999835e-01
1.013950000000000045e+03, 1.297830000000000039e+00
1.013970000000000027e+03, 9.166959999999999553e-01
1.013980000000000018e+03, -1.540390000000000092e-01
1.014000000000000000e+03, 7.724960000000000333e-03
1.014019999999999982e+03, -5.220650000000000013e-01
1.014029999999999973e+03, -1.060699999999999976e+00
1.014049999999999955e+03, 8.029139999999999888e-02
1.014070000000000050e+03, -3.721110000000000251e-01
1.014080000000000041e+03, 1.110020000000000007e+00
1.014100000000000023e+03, 8.862679999999999447e-01
1.014120000000000005e+03, 1.020800000000000041e-01
1.014129999999999995e+03, -2.944479999999999875e-01
1.014149999999999977e+03, -8.304110000000000102e-01
1.014169999999999959e+03, -2.418829999999999869e-01
1.014179999999999950e+03, -2.690640000000000254e-01
1.014200000000000045e+03, 4.471840000000000259e-01
1.014220000000000027e+03, 3.353740000000000054e-01
1.014230000000000018e+03, 1.144690000000000013e-01
1.014250000000000000e+03, 7.932979999999999476e-01
1.014269999999999982e+03, 3.960480000000000111e-01
1.014279999999999973e+03, 2.286900000000000044e-01
1.014299999999999955e+03, 1.879329999999999945e+00
1.014320000000000050e+03, -3.319599999999999773e-01
1.014330000000000041e+03, 9.262920000000000043e-01
1.014350000000000023e+03, 1.001530000000000031e+00
1.014370000000000005e+03, -1.358379999999999865e-01
1.014379999999999995e+03, 3.638469999999999760e-01
1.014399999999999977e+03, 3.359469999999999956e-01
1.014419999999999959e+03, 5.093889999999999807e-01
1.014429999999999950e+03, -8.902609999999999690e-01
1.014450000000000045e+03, 5.282749999999999946e-02
1.014470000000000027e+03, -5.022759999999999447e-01
1.014480000000000018e+03, 9.175170000000000270e-01
1.014500000000000000e+03, 4.997550000000000048e-01
1.014519999999999982e+03, 2.018689999999999929e-01
1.014529999999999973e+03, -7.893759999999999666e-01
1.014549999999999955e+03, 4.558249999999999802e-01
1.014570000000000050e+03, 3.339650000000000118e-01
1.014580000000000041e+03, -1.373499999999999999e-01
1.014600000000000023e+03, 2.299920000000000186e+00
1.014620000000000005e+03, 1.574859999999999927e+00
1.014629999999999995e+03, -1.775949999999999918e+00
1.014649999999999977e+03, -3.783039999999999736e-01
1.014669999999999959e+03, -1.147590000000000110e+00
1.014679999999999950e+03, -2.393919999999999937e-01
1.014700000000000045e+03, -7.554669999999999996e-01
1.014720000000000027e+03, -1.200159999999999977e-01
1.014730000000000018e+03, -5.231459999999999999e-01
1.014750000000000000e+03, -4.979680000000000217e-01
1.014769999999999982e+03, -5.690250000000000030e-01
1.014779999999999973e+03, 1.999900000000000011e+00
1.014799999999999955e+03, 6.499369999999999870e-01
1.014820000000000050e+03, 1.644150000000000000e+00
1.014830000000000041e+03, 2.677430000000000088e-01
1.014850000000000023e+03, -1.670619999999999994e+00
1.014870000000000005e+03, 7.305829999999999824e-01
1.014879999999999995e+03, 3.272140000000000049e-01
1.014899999999999977e+03, 2.679469999999999907e-01
1.014919999999999959e+03, -2.918640000000000123e-01
1.014929999999999950e+03, -1.764049999999999896e+00
1.014950000000000045e+03, 6.849939999999999918e-01
1.014970000000000027e+03, 9.966949999999999976e-01
1.014980000000000018e+03, 3.671900000000000164e-01
1.015000000000000000e+03, -1.298449999999999882e-01
1.015019999999999982e+03, -1.004860000000000059e-01
1.015029999999999973e+03, -6.454600000000000337e-01
1.015049999999999955e+03, -1.083809999999999940e+00
1.015070000000000050e+03, -3.619689999999999852e-01
1.015080000000000041e+03, 2.284019999999999939e-01
1.015100000000000023e+03, 6.798260000000000414e-01
1.015120000000000005e+03, -8.941019999999999524e-01
1.015129999999999995e+03, -2.265079999999999871e-02
1.015149999999999977e+03, -6.561740000000000350e-01
1.015169999999999959e+03, 1.043490000000000029e+00
1.015179999999999950e+03, -4.658630000000000271e-01
1.015200000000000045e+03, -1.144879999999999898e+00
1.015220000000000027e+03, -3.273099999999999898e-01
1.015230000000000018e+03, 5.641040000000000498e-01
1.015250000000000000e+03, 1.514729999999999910e+00
1.015269999999999982e+03, -8.968679999999999708e-03
1.015279999999999973e+03, -7.208499999999999908e-01
1.015299999999999955e+03, -1.167289999999999939e+00
1.015320000000000050e+03, -4.169570000000000221e-01
1.015330000000000041e+03, 3.155430000000000179e-01
1.015350000000000023e+03, 3.358559999999999879e-01
1.015370000000000005e+03, -1.706550000000000011e-01
1.015379999999999995e+03, -3.983970000000000011e-01
1.015399999999999977e+03, -1.010159999999999947e+00
1.015419999999999959e+03, 2.217999999999999972e-01
1.015429999999999950e+03, -4.273540000000000116e-01
1.015450000000000045e+03, -6.651989999999999847e-01
1.015470000000000027e+03, -2.470739999999999881e-01
1.015480000000000018e+03, 2.079989999999999895e-01
1.015500000000000000e+03, -1.524149999999999949e-01
1.015519999999999982e+03, -1.908390000000000086e-01
1.015529999999999973e+03, 5.348570000000000269e-01
1.015549999999999955e+03, -2.881029999999999980e-01
1.015570000000000050e+03, 6.144429999999999614e-01
1.015580000000000041e+03, 3.097260000000000013e-01
1.015600000000000023e+03, -2.387299999999999978e-01
1.015620000000000005e+03, 4.292670000000000097e-01
1.015629999999999995e+03, 2.181700000000000028e-01
1.015649999999999977e+03, -3.662940000000000085e-01
1.015669999999999959e+03, 2.945209999999999773e-01
1.015679999999999950e+03, -2.808309999999999973e-01
1.015700000000000045e+03, 4.673619999999999858e-03
1.015720000000000027e+03, -2.709810000000000274e-01
1.015730000000000018e+03, 1.032049999999999912e+00
1.015750000000000000e+03, 1.097019999999999940e-01
1.015769999999999982e+03, -3.392760000000000220e-01
1.015779999999999973e+03, 4.465470000000000272e-01
1.015799999999999955e+03, 9.804349999999999454e-01
1.015820000000000050e+03, -4.073439999999999839e-01
1.015830000000000041e+03, -8.820189999999999975e-01
1.015850000000000023e+03, -1.441910000000000067e-02
1.015870000000000005e+03, -7.862559999999999549e-01
1.015879999999999995e+03, -8.456749999999999545e-01
1.015899999999999977e+03, 1.360379999999999923e+00
1.015919999999999959e+03, 5.627510000000000012e-01
1.015929999999999950e+03, 1.014779999999999988e-01
1.015950000000000045e+03, -2.613230000000000275e-01
1.015970000000000027e+03, 4.255700000000000038e-01
1.015980000000000018e+03, -9.640929999999999778e-01
1.016000000000000000e+03, -8.536080000000000056e-02
1.016019999999999982e+03, -1.036829999999999918e+00
1.016029999999999973e+03, 1.855809999999999960e+00
1.016049999999999955e+03, -4.238480000000000025e-01
1.016070000000000050e+03, 9.873290000000000122e-01
1.016080000000000041e+03, 1.050040000000000084e+00
1.016100000000000023e+03, -5.692049999999999610e-01
1.016120000000000005e+03, 1.875159999999999882e-01
1.016129999999999995e+03, 4.423880000000000035e-01
1.016149999999999977e+03, -6.713280000000000358e-01
1.016169999999999959e+03, -1.032359999999999944e+00
1.016179999999999950e+03, -3.958610000000000184e-01
1.016200000000000045e+03, 1.266699999999999937e+00
1.016220000000000027e+03, -5.026610000000000245e-01
1.016230000000000018e+03, -6.951409999999999534e-02
1.016250000000000000e+03, -9.442829999999999835e-01
1.016269999999999982e+03, -5.450930000000000497e-01
1.016279999999999973e+03, -2.732490000000000197e-01
1.016299999999999955e+03, 9.726249999999999618e-01
1.016320000000000050e+03, 7.139839999999999520e-01
1.016330000000000041e+03, 1.781240000000000046e-01
1.016350000000000023e+03, 1.009670000000000067e+00
1.016370000000000005e+03, -5.676360000000000294e-01
1.016379999999999995e+03, -9.526039999999999508e-02
1.016399999999999977e+03, 9.861549999999999483e-02
1.016419999999999959e+03, -8.975610000000000532e-01
1.016429999999999950e+03, 2.451419999999999988e-02
1.016450000000000045e+03, -1.406060000000000088e+00
1.016470000000000027e+03, -1.199209999999999998e-01
1.016480000000000018e+03, 8.205019999999999536e-01
1.016500000000000000e+03, 1.000839999999999952e+00
1.016519999999999982e+03, 1.956760000000000055e+00
1.016529999999999973e+03, -2.441840000000000122e-01
1.016549999999999955e+03, 1.417629999999999946e+00
1.016570000000000050e+03, 7.714699999999999891e-01
1.016580000000000041e+03, 5.291470000000000201e-02
1.016600000000000023e+03, 3.775740000000000207e-01
1.016620000000000005e+03, -7.880920000000000147e-01
1.016629999999999995e+03, -2.590700000000000225e-01
1.016649999999999977e+03, 6.761460000000000248e-01
1.016669999999999959e+03, -3.735490000000000199e-01
1.016679999999999950e+03, -1.480199999999999960e+00
1.016700000000000045e+03, -1.247300000000000075e+00
1.016720000000000027e+03, -2.016669999999999963e+00
1.016730000000000018e+03, -7.908870000000000067e-01
1.016750000000000000e+03, -6.065760000000000041e-01
1.016769999999999982e+03, -1.923219999999999930e-01
1.016779999999999973e+03, 5.498729999999999452e-01
1.016799999999999955e+03, -2.078470000000000040e-01
1.016820000000000050e+03, -3.143830000000000235e-01
1.016830000000000041e+03, 1.067919999999999980e+00
1.016850000000000023e+03, -3.428570000000000229e-01
1.016870000000000005e+03, 8.919150000000000134e-01
1.016879999999999995e+03, 6.589390000000000525e-01
1.016899999999999977e+03, -9.832509999999999861e-02
1.016919999999999959e+03, -3.237929999999999975e-01
1.016929999999999950e+03, 1.369709999999999983e+00
1.016950000000000045e+03, 6.714849999999999985e-01
1.016970000000000027e+03, 6.466480000000000006e-01
1.016980000000000018e+03, -1.447109999999999896e+00
1.017000000000000000e+03, -1.042410000000000059e+00
1.017019999999999982e+03, -5.183609999999999607e-01
1.017029999999999973e+03, 1.340640000000000054e+00
1.017049999999999955e+03, -2.669849999999999723e-01
1.017070000000000050e+03, 7.310079999999999911e-01
1.017080000000000041e+03, 2.808689999999999798e-01
1.017100000000000023e+03, -1.178320000000000034e+00
1.017120000000000005e+03, -3.403330000000000244e-02
1.017129999999999995e+03, -4.576259999999999772e-01
1.017149999999999977e+03, -1.444989999999999886e-01
1.017169999999999959e+03, -1.602139999999999898e+00
1.017179999999999950e+03, -7.941040000000000321e-01
1.017200000000000045e+03, 1.467289999999999983e-01
1.017220000000000027e+03, 1.154609999999999914e+00
1.017230000000000018e+03, 1.465989999999999904e+00
1.017250000000000000e+03, 2.485829999999999984e-01
1.017269999999999982e+03, -1.615439999999999987e+00
1.017279999999999973e+03, -7.967189999999999550e-01
1.017299999999999955e+03, -1.322230000000000016e+00
1.017320000000000050e+03, 3.030700000000000061e-01
1.017330000000000041e+03, -6.733959999999999946e-01
1.017350000000000023e+03, -1.395979999999999999e-01
1.017370000000000005e+03, 1.444890000000000063e-01
1.017379999999999995e+03, -3.208380000000000121e-01
1.017399999999999977e+03, 5.087230000000000363e-01
1.017419999999999959e+03, 1.215689999999999937e+00
1.017429999999999950e+03, 3.072630000000000083e-01
1.017450000000000045e+03, 5.483260000000000217e-02
1.017470000000000027e+03, 1.258750000000000036e+00
1.017480000000000018e+03, 1.612500000000000044e+00
1.017500000000000000e+03, -1.728709999999999969e+00
1.017519999999999982e+03, 5.790739999999999776e-01
1.017529999999999973e+03, -5.289730000000000265e-01
1.017549999999999955e+03, -1.643640000000000101e-01
1.017570000000000050e+03, 1.660899999999999876e-01
1.017580000000000041e+03, -4.101029999999999953e-01
1.017600000000000023e+03, 1.760899999999999965e-01
1.017620000000000005e+03, 1.292179999999999995e-01
1.017629999999999995e+03, -9.859919999999999796e-01
1.017649999999999977e+03, 6.499690000000000190e-01
1.017669999999999959e+03, -5.269500000000000295e-01
1.017679999999999950e+03, 4.949850000000000083e-01
1.017700000000000045e+03, 1.998380000000000045e+00
1.017720000000000027e+03, 9.806399999999999562e-01
1.017730000000000018e+03, 2.221799999999999886e-01
1.017750000000000000e+03, -3.315870000000000206e-01
1.017769999999999982e+03, -5.614860000000000406e-01
1.017779999999999973e+03, -5.635790000000000521e-01
1.017799999999999955e+03, -7.572860000000000147e-01
1.017820000000000050e+03, -5.682120000000000504e-01
1.017830000000000041e+03, -1.167599999999999971e+00
1.017850000000000023e+03, -1.107359999999999900e+00
1.017870000000000005e+03, -5.657410000000000494e-01
1.017879999999999995e+03, -4.886929999999999885e-01
1.017899999999999977e+03, 1.635669999999999957e+00
1.017919999999999959e+03, 3.654720000000000191e-01
1.017929999999999950e+03, 3.304570000000000007e-01
1.017950000000000045e+03, -9.228140000000000231e-01
1.017970000000000027e+03, 7.037319999999999687e-02
1.017980000000000018e+03, 6.657239999999999824e-01
1.018000000000000000e+03, -1.132349999999999968e+00
1.018019999999999982e+03, 1.337339999999999973e+00
1.018029999999999973e+03, 7.135850000000000248e-01
1.018049999999999955e+03, -3.209819999999999895e-01
1.018070000000000050e+03, -4.383369999999999767e-01
1.018080000000000041e+03, 6.182630000000000070e-02
1.018100000000000023e+03, -9.330810000000000493e-01
1.018120000000000005e+03, 4.611529999999999796e-02
1.018129999999999995e+03, 3.660510000000000153e-01
1.018149999999999977e+03, 3.075350000000000028e-01
1.018169999999999959e+03, 5.313870000000000537e-01
1.018179999999999950e+03, -5.547739999999999894e-01
1.018200000000000045e+03, -2.696389999999999898e-03
1.018220000000000027e+03, -4.738119999999999832e-02
1.018230000000000018e+03, -4.757990000000000275e-01
1.018250000000000000e+03, 3.637070000000000025e-01
1.018269999999999982e+03, 2.351840000000000042e-01
1.018279999999999973e+03, -8.343620000000000203e-02
1.018299999999999955e+03, 2.626169999999999893e-01
1.018320000000000050e+03, 1.344969999999999999e+00
1.018330000000000041e+03, -3.564579999999999971e-01
1.018350000000000023e+03, -8.607820000000000471e-01
1.018370000000000005e+03, -5.300859999999999461e-01
1.018379999999999995e+03, 8.899440000000000128e-02
1.018399999999999977e+03, -3.325030000000000346e-02
1.018419999999999959e+03, 1.347159999999999913e+00
1.018429999999999950e+03, 7.901700000000000390e-01
1.018450000000000045e+03, 9.024039999999999839e-01
1.018470000000000027e+03, 5.258869999999999933e-01
1.018480000000000018e+03, -1.669629999999999947e+00
1.018500000000000000e+03, 2.078160000000000077e-02
1.018519999999999982e+03, -8.946269999999999500e-01
1.018529999999999973e+03, 6.361880000000000313e-02
1.018549999999999955e+03, -1.441669999999999896e-01
1.018570000000000050e+03, 3.662839999999999985e-01
1.018580000000000041e+03, -2.986760000000000196e-03
1.018600000000000023e+03, 1.023779999999999912e+00
1.018620000000000005e+03, 2.131560000000000121e-01
1.018629999999999995e+03, 1.094300000000000050e+00
1.018649999999999977e+03, 1.129299999999999971e+00
1.018669999999999959e+03, -1.076679999999999998e-01
1.018679999999999950e+03, -1.253519999999999912e-01
1.018700000000000045e+03, -4.253199999999999759e-01
1.018720000000000027e+03, -1.223380000000000023e-01
1.018730000000000018e+03, -4.834160000000000124e-01
1.018750000000000000e+03, -3.114190000000000014e-01
1.018769999999999982e+03, -6.183889999999999665e-01
1.018779999999999973e+03, -5.889699999999999935e-01
1.018799999999999955e+03, -3.431080000000000241e-01
1.018820000000000050e+03, 2.427469999999999906e-01
1.018830000000000041e+03, 3.437069999999999848e-01
1.018850000000000023e+03, 1.053719999999999990e+00
1.018870000000000005e+03, -1.076559999999999961e+00
1.018879999999999995e+03, -1.015300000000000091e+00
1.018899999999999977e+03, -3.143529999999999935e-01
1.018919999999999959e+03, -3.143839999999999829e-02
1.018929999999999950e+03, 4.085030000000000050e-01
1.018950000000000045e+03, -3.027659999999999796e-01
1.018970000000000027e+03, -1.332639999999999936e-01
1.018980000000000018e+03, -3.543229999999999991e-01
1.019000000000000000e+03, 3.711439999999999739e-01
1.019019999999999982e+03, -3.081720000000000015e-01
1.019029999999999973e+03, 1.439130000000000020e+00
1.019049999999999955e+03, 7.568810000000000260e-01
1.019070000000000050e+03, 3.750000000000000000e-01
1.019080000000000041e+03, 9.100519999999999721e-01
1.019100000000000023e+03, -6.940159999999999663e-01
1.019120000000000005e+03, -3.640399999999999747e-01
1.019129999999999995e+03, -3.338460000000000039e-02
1.019149999999999977e+03, 8.277049999999999338e-03
1.019169999999999959e+03, 1.592819999999999903e+00
1.019179999999999950e+03, 6.149769999999999959e-01
1.019200000000000045e+03, -1.470460000000000100e-01
1.019220000000000027e+03, -9.193240000000000300e-01
1.019230000000000018e+03, -1.315239999999999965e+00
1.019250000000000000e+03, -7.992599999999999705e-01
1.019269999999999982e+03, -1.134220000000000006e+00
1.019279999999999973e+03, 8.699679999999999636e-01
1.019299999999999955e+03, -5.679619999999999669e-01
1.019320000000000050e+03, 1.700409999999999977e-01
1.019330000000000041e+03, 1.189820000000000044e-01
1.019350000000000023e+03, -2.896630000000000038e-02
1.019370000000000005e+03, 3.846049999999999747e-01
1.019379999999999995e+03, -6.182879999999999487e-01
1.019399999999999977e+03, 5.384989999999999499e-01
1.019419999999999959e+03, 7.108980000000000299e-01
1.019429999999999950e+03, -1.294609999999999927e-01
1.019450000000000045e+03, -3.389750000000000263e-01
1.019470000000000027e+03, -1.010729999999999906e+00
1.019480000000000018e+03, -5.768879999999999564e-01
1.019500000000000000e+03, -1.668260000000000021e-01
1.019519999999999982e+03, -2.745610000000000064e-02
1.019529999999999973e+03, 2.032849999999999935e-01
1.019549999999999955e+03, 3.451509999999999856e-01
1.019570000000000050e+03, 6.613660000000000094e-01
1.019580000000000041e+03, 5.302200000000000246e-01
1.019600000000000023e+03, -6.196350000000000469e-01
1.019620000000000005e+03, -2.106689999999999952e+00
1.019629999999999995e+03, -6.735410000000000008e-02
1.019649999999999977e+03, -6.006080000000000307e-01
1.019669999999999959e+03, 7.073840000000000128e-01
1.019679999999999950e+03, 4.280780000000000141e-01
1.019700000000000045e+03, 4.840110000000000245e-01
1.019720000000000027e+03, -7.411589999999999845e-02
1.019730000000000018e+03, -5.394339999999999691e-01
1.019750000000000000e+03, -5.008749999999999591e-01
1.019769999999999982e+03, -6.327639999999999654e-02
1.019779999999999973e+03, -9.665600000000000580e-02
1.019799999999999955e+03, 4.119380000000000264e-01
1.019820000000000050e+03, 1.117229999999999945e+00
1.019830000000000041e+03, -2.366139999999999910e-01
1.019850000000000023e+03, 1.376139999999999919e+00
1.019870000000000005e+03, 1.770490000000000119e-01
1.019879999999999995e+03, -8.480259999999999465e-01
1.019899999999999977e+03, -1.437969999999999970e+00
1.019919999999999959e+03, 2.572610000000000174e-01
1.019929999999999950e+03, 1.627299999999999969e+00
1.019950000000000045e+03, -1.012259999999999938e+00
1.019970000000000027e+03, -1.341320000000000012e-01
1.019980000000000018e+03, 1.945149999999999935e-01
1.020000000000000000e+03, 8.332629999999999759e-01
1.020019999999999982e+03, 1.462010000000000032e+00
1.020029999999999973e+03, 1.608100000000000085e+00
1.020049999999999955e+03, 9.221489999999999965e-01
1.020070000000000050e+03, -2.889809999999999879e-01
1.020080000000000041e+03, -2.828709999999999836e-01
1.020100000000000023e+03, 6.219740000000000268e-01
1.020120000000000005e+03, 5.056180000000000119e-01
1.020129999999999995e+03, 2.134689999999999852e-02
1.020149999999999977e+03, -1.101080000000000059e+00
1.020169999999999959e+03, 5.897409999999999632e-03
1.020179999999999950e+03, -6.600530000000000008e-01
1.020200000000000045e+03, -1.134239999999999915e+00
1.020220000000000027e+03, -2.825319999999999915e-02
1.020230000000000018e+03, -5.983990000000000142e-01
1.020250000000000000e+03, -1.609279999999999877e-01
1.020269999999999982e+03, 4.278919999999999946e-01
1.020279999999999973e+03, 3.337240000000000206e-01
1.020299999999999955e+03, 4.587950000000000084e-01
1.020320000000000050e+03, -6.502930000000000099e-01
1.020330000000000041e+03, -6.775020000000000486e-01
1.020350000000000023e+03, 1.730679999999999996e-01
1.020370000000000005e+03, -2.057669999999999888e+00
1.020379999999999995e+03, -9.449170000000000069e-01
1.020399999999999977e+03, 1.107790000000000052e+00
1.020419999999999959e+03, -3.859470000000000262e-02
1.020429999999999950e+03, -9.038569999999999938e-02
1.020450000000000045e+03, 9.202209999999999557e-01
1.020470000000000027e+03, 6.801220000000000043e-01
1.020480000000000018e+03, 1.483480000000000076e-01
1.020500000000000000e+03, -1.638290000000000024e+00
1.020519999999999982e+03, 5.411829999999999696e-01
1.020529999999999973e+03, 6.058120000000000172e-01
1.020549999999999955e+03, -1.683679999999999899e-01
1.020570000000000050e+03, -1.491699999999999970e-01
1.020580000000000041e+03, -5.797330000000000538e-01
1.020600000000000023e+03, -2.030269999999999797e+00
1.020620000000000005e+03, 2.020889999999999909e-01
1.020629999999999995e+03, 5.807839999999999669e-01
1.020649999999999977e+03, 5.850100000000000300e-01
1.020669999999999959e+03, 1.581869999999999943e-01
1.020679999999999950e+03, -7.577789999999999804e-01
1.020700000000000045e+03, 2.684070000000000067e-01
1.020720000000000027e+03, -6.322419999999999707e-01
1.020730000000000018e+03, 7.957429999999999781e-01
1.020750000000000000e+03, 5.525250000000000439e-01
1.020769999999999982e+03, 1.148730000000000029e-01
1.020779999999999973e+03, 2.601149999999999851e-01
1.020799999999999955e+03, 8.842919999999999670e-01
1.020820000000000050e+03, 5.075119999999999632e-01
1.020830000000000041e+03, 9.401300000000000212e-01
1.020850000000000023e+03, 1.614690000000000014e-01
1.020870000000000005e+03, 8.452570000000000361e-01
1.020879999999999995e+03, -2.603330000000000144e+00
1.020899999999999977e+03, -7.937170000000000059e-01
1.020919999999999959e+03, -2.350260000000000016e+00
1.020929999999999950e+03, 9.288789999999999547e-02
1.020950000000000045e+03, 5.477049999999999974e-01
1.020970000000000027e+03, 3.622259999999999924e-01
1.020980000000000018e+03, 8.661019999999999830e-02
1.021000000000000000e+03, -5.919680000000000497e-01
1.021019999999999982e+03, 8.049319999999999808e-01
1.021029999999999973e+03, -7.488960000000000061e-01
1.021049999999999955e+03, -1.229979999999999962e-01
1.021070000000000050e+03, 1.688919999999999977e+00
1.021080000000000041e+03, 7.101399999999999935e-01
1.021100000000000023e+03, 1.276180000000000092e-01
1.021120000000000005e+03, -9.791659999999999808e-01
1.021129999999999995e+03, -1.251069999999999904e+00
1.021149999999999977e+03, -4.693069999999999742e-01
1.021169999999999959e+03, -4.721549999999999914e-01
1.021179999999999950e+03, 9.931729999999999725e-01
1.021200000000000045e+03, -1.521989999999999954e+00
1.021220000000000027e+03, -8.927789999999999893e-01
1.021230000000000018e+03, -1.296249999999999902e+00
1.021250000000000000e+03, -2.471440000000000026e-01
1.021269999999999982e+03, -3.254670000000000063e-01
1.021279999999999973e+03, -6.528219999999999856e-02
1.021299999999999955e+03, 4.014929999999999888e-02
1.021320000000000050e+03, -3.745510000000000228e-01
1.021330000000000041e+03, 1.152129999999999960e-01
1.021350000000000023e+03, 5.487370000000000303e-01
1.021370000000000005e+03, 1.647359999999999935e+00
1.021379999999999995e+03, 1.157980000000000009e+00
1.021399999999999977e+03, 5.149559999999999693e-01
1.021419999999999959e+03, -3.379459999999999929e-03
1.021429999999999950e+03, -3.659899999999999820e-01
1.021450000000000045e+03, -5.604789999999999495e-01
1.021470000000000027e+03, -9.670889999999999764e-01
1.021480000000000018e+03, -1.602670000000000039e+00
1.021500000000000000e+03, -7.239430000000000032e-01
1.021519999999999982e+03, -8.284179999999999877e-01
1.021529999999999973e+03, -2.379860000000000031e-01
1.021549999999999955e+03, 8.321389999999999620e-01
1.021570000000000050e+03, 5.390669999999999629e-01
1.021580000000000041e+03, 6.261039999999999939e-01
1.021600000000000023e+03, -1.281539999999999901e+00
1.021620000000000005e+03, 1.208669999999999911e+00
1.021629999999999995e+03, 1.160549999999999971e+00
1.021649999999999977e+03, 3.283440000000000247e-01
1.021669999999999959e+03, 1.615089999999999915e+00
1.021679999999999950e+03, -5.617810000000000165e-02
1.021700000000000045e+03, -8.245879999999999876e-01
1.021720000000000027e+03, -5.278770000000000406e-01
1.021730000000000018e+03, -1.037509999999999932e+00
1.021750000000000000e+03, 7.051949999999999885e-02
1.021769999999999982e+03, 2.375539999999999874e-01
1.021779999999999973e+03, 1.438150000000000039e+00
1.021799999999999955e+03, 7.505540000000000544e-01
1.021820000000000050e+03, -4.874749999999999917e-01
1.021830000000000041e+03, -1.764060000000000072e-01
1.021850000000000023e+03, -1.080019999999999980e+00
1.021870000000000005e+03, 1.531200000000000061e-01
1.021879999999999995e+03, 6.681939999999999547e-01
1.021899999999999977e+03, 1.340600000000000014e+00
1.021919999999999959e+03, 1.370609999999999884e-01
1.021929999999999950e+03, 9.902090000000000058e-01
1.021950000000000045e+03, -7.273269999999999458e-01
1.021970000000000027e+03, -1.746410000000000106e-03
1.021980000000000018e+03, -1.486769999999999925e+00
1.022000000000000000e+03, -1.345409999999999939e-01
1.022019999999999982e+03, 7.555209999999999981e-01
1.022029999999999973e+03, -3.805310000000000081e-01
1.022049999999999955e+03, 9.107160000000000255e-02
1.022070000000000050e+03, 6.623120000000000118e-01
1.022080000000000041e+03, 2.075689999999999827e-02
1.022100000000000023e+03, 7.732900000000000329e-01
1.022120000000000005e+03, 2.944919999999999760e-01
1.022129999999999995e+03, 1.173710000000000031e+00
1.022149999999999977e+03, 2.007319999999999993e+00
1.022169999999999959e+03, 1.822519999999999973e-01
1.022179999999999950e+03, -1.286170000000000091e-01
1.022200000000000045e+03, -1.305050000000000043e+00
1.022220000000000027e+03, -1.574990000000000001e-01
1.022230000000000018e+03, -9.765719999999999956e-01
1.022250000000000000e+03, -4.797120000000000273e-01
1.022269999999999982e+03, -5.556590000000000140e-01
1.022279999999999973e+03, 3.981850000000000112e-01
1.022299999999999955e+03, 4.793870000000000076e-01
1.022320000000000050e+03, 1.671059999999999990e+00
1.022330000000000041e+03, 6.071640000000000370e-01
1.022350000000000023e+03, 8.149899999999999922e-01
1.022370000000000005e+03, -2.196339999999999959e-01
1.022379999999999995e+03, -6.581799999999999873e-01
1.022399999999999977e+03, -7.847340000000000426e-01
1.022419999999999959e+03, 1.184260000000000090e+00
1.022429999999999950e+03, 1.416910000000000114e-01
1.022450000000000045e+03, -4.100659999999999861e-01
1.022470000000000027e+03, 7.181980000000000031e-01
1.022480000000000018e+03, -6.409139999999999802e-03
1.022500000000000000e+03, 1.982029999999999903e-01
1.022519999999999982e+03, -6.031659999999999799e-01
1.022529999999999973e+03, -7.130880000000000551e-02
1.022549999999999955e+03, 4.136690000000000089e-01
1.022570000000000050e+03, 1.480180000000000051e+00
1.022580000000000041e+03, -5.643590000000000551e-01
1.022600000000000023e+03, 1.300669999999999993e+00
1.022620000000000005e+03, -3.875830000000000108e-01
1.022629999999999995e+03, 1.474260000000000015e-01
1.022649999999999977e+03, 5.010850000000000026e-01
1.022669999999999959e+03, -8.748639999999999750e-01
1.022679999999999950e+03, 8.860440000000000538e-01
1.022700000000000045e+03, 1.413280000000000092e+00
1.022720000000000027e+03, -1.104659999999999948e-01
1.022730000000000018e+03, -6.430040000000000200e-01
1.022750000000000000e+03, -8.046219999999999484e-01
1.022769999999999982e+03, 5.936569999999999903e-01
1.022779999999999973e+03, 1.348519999999999941e+00
1.022799999999999955e+03, -8.283650000000000180e-01
1.022820000000000050e+03, -3.581900000000000084e-01
1.022830000000000041e+03, -6.443659999999999943e-01
1.022850000000000023e+03, -8.972310000000000008e-01
1.022870000000000005e+03, -1.083620000000000000e-01
1.022879999999999995e+03, 9.104790000000000383e-01
1.022899999999999977e+03, -2.523179999999999867e-02
1.022919999999999959e+03, 1.405960000000000099e+00
1.022929999999999950e+03, -6.127420000000000089e-02
1.022950000000000045e+03, 8.801849999999999952e-01
1.022970000000000027e+03, -4.356860000000000177e-01
1.022980000000000018e+03, 3.669870000000000076e-01
1.023000000000000000e+03, 6.198620000000000241e-01
1.023019999999999982e+03, 1.763170000000000015e-01
1.023029999999999973e+03, 1.084449999999999914e+00
1.023049999999999955e+03, 3.274880000000000013e-01
1.023070000000000050e+03, 4.253279999999999839e-01
1.023080000000000041e+03, -1.692770000000000108e-01
1.023100000000000023e+03, -4.209010000000000251e-01
1.023120000000000005e+03, -4.123490000000000211e-01
1.023129999999999995e+03, -6.997389999999999999e-01
1.023149999999999977e+03, -6.646509999999999918e-02
1.023169999999999959e+03, -2.560430000000000206e-01
1.023179999999999950e+03, -1.280429999999999902e-01
1.023200000000000045e+03, 6.673700000000000188e-01
1.023220000000000027e+03, -5.211280000000000356e-01
1.023230000000000018e+03, 7.425699999999999523e-01
1.023250000000000000e+03, -3.792619999999999880e-01
1.023269999999999982e+03, -1.854230000000000045e+00
1.023279999999999973e+03, -1.507570000000000021e-01
1.023299999999999955e+03, 7.512060000000000404e-01
1.023320000000000050e+03, -1.201569999999999999e-01
1.023330000000000041e+03, 9.404460000000000042e-01
1.023350000000000023e+03, -3.041670000000000207e-01
1.023370000000000005e+03, 6.346140000000000114e-01
1.023379999999999995e+03, -8.248210000000000611e-03
1.023399999999999977e+03, -4.903509999999999813e-02
1.023419999999999959e+03, -6.474309999999999787e-01
1.023429999999999950e+03, 4.186849999999999739e-01
1.023450000000000045e+03, 2.406059999999999865e-01
1.023470000000000027e+03, 1.543249999999999900e-01
1.023480000000000018e+03, -1.472639999999999949e+00
1.023500000000000000e+03, -5.609410000000000229e-01
1.023519999999999982e+03, 7.890759999999999996e-01
1.023529999999999973e+03, -7.788749999999999840e-01
1.023549999999999955e+03, 7.250370000000000426e-01
1.023570000000000050e+03, -9.310920000000000307e-01
1.023580000000000041e+03, -1.899289999999999867e-01
1.023600000000000023e+03, 4.194220000000000170e-01
1.023620000000000005e+03, -5.127359999999999696e-01
1.023629999999999995e+03, -7.221159999999999801e-01
1.023649999999999977e+03, -4.260499999999999843e-01
1.023669999999999959e+03, 1.163389999999999924e+00
1.023679999999999950e+03, 1.595650000000000013e+00
1.023700000000000045e+03, 4.326880000000000309e-02
1.023720000000000027e+03, -2.319239999999999913e-01
1.023730000000000018e+03, -3.334500000000000242e-01
1.023750000000000000e+03, -4.446840000000000237e-01
1.023769999999999982e+03, -4.999529999999999946e-02
1.023779999999999973e+03, 6.646619999999999751e-01
1.023799999999999955e+03, -4.643590000000000217e-01
1.023820000000000050e+03, -3.224690000000000056e-01
1.023830000000000041e+03, 3.303369999999999918e-02
1.023850000000000023e+03, 1.449090000000000100e-01
1.023870000000000005e+03, 7.640109999999999957e-01
1.023879999999999995e+03, 7.330250000000000377e-01
1.023899999999999977e+03, 4.237210000000000143e-01
1.023919999999999959e+03, -1.211470000000000047e-01
1.023929999999999950e+03, -1.117499999999999938e+00
1.023950000000000045e+03, -5.517819999999999947e-01
1.023970000000000027e+03, 1.501109999999999944e-01
1.023980000000000018e+03, -8.084090000000000442e-01
1.024000000000000000e+03, 6.435629999999999962e-01
1.024019999999999982e+03, 4.428710000000000147e-01
1.024029999999999973e+03, 1.483370000000000077e+00
1.024049999999999955e+03, 3.132750000000000257e-01
1.024069999999999936e+03, 4.705440000000000178e-01
1.024079999999999927e+03, 2.570819999999999772e-01
1.024099999999999909e+03, -1.684320000000000039e+00
1.024119999999999891e+03, -6.439030000000000031e-01
1.024130000000000109e+03, 1.073720000000000008e+00
1.024150000000000091e+03, 1.361639999999999961e+00
1.024170000000000073e+03, 6.029660000000000020e-01
1.024180000000000064e+03, 3.981390000000000207e-01
1.024200000000000045e+03, -1.109249999999999958e-01
1.024220000000000027e+03, -8.197889999999999899e-01
1.024230000000000018e+03, -1.016939999999999955e+00
1.024250000000000000e+03, -4.008419999999999761e-01
1.024269999999999982e+03, -3.466119999999999757e-01
1.024279999999999973e+03, -1.089690000000000047e+00
1.024299999999999955e+03, -6.651960000000000095e-01
1.024319999999999936e+03, 8.653960000000000541e-01
1.024329999999999927e+03, 4.778430000000000177e-01
1.024349999999999909e+03, 4.352400000000000158e-01
1.024369999999999891e+03, -2.932089999999999974e-01
1.024380000000000109e+03, 7.194319999999999882e-02
1.024400000000000091e+03, 1.945610000000000117e-01
1.024420000000000073e+03, 4.410769999999999968e-01
1.024430000000000064e+03, -2.607499999999999818e-01
1.024450000000000045e+03, -1.492630000000000068e-01
1.024470000000000027e+03, 1.339790000000000036e+00
1.024480000000000018e+03, 6.106049999999999534e-01
1.024500000000000000e+03, 4.681290000000000173e-01
1.024519999999999982e+03, 3.682949999999999835e-01
1.024529999999999973e+03, -8.647520000000000207e-02
1.024549999999999955e+03, -7.963639999999999608e-01
1.024569999999999936e+03, 3.073500000000000121e-01
1.024579999999999927e+03, 2.928330000000000100e-01
1.024599999999999909e+03, -5.570440000000000114e-02
1.024619999999999891e+03, -6.125939999999999719e-01
1.024630000000000109e+03, -1.527030000000000054e-01
1.024650000000000091e+03, -1.193670000000000009e+00
1.024670000000000073e+03, -4.632430000000000159e-01
1.024680000000000064e+03, -1.230029999999999957e+00
1.024700000000000045e+03, -5.162409999999999916e-02
1.024720000000000027e+03, -1.902069999999999927e+00
1.024730000000000018e+03, -1.086479999999999890e+00
1.024750000000000000e+03, 3.897019999999999929e-01
1.024769999999999982e+03, -4.297070000000000056e-01
1.024779999999999973e+03, 4.268149999999999722e-02
1.024799999999999955e+03, 2.123400000000000010e-01
1.024819999999999936e+03, 1.176060000000000105e+00
1.024829999999999927e+03, 1.283420000000000116e-01
1.024849999999999909e+03, -4.197310000000000207e-01
1.024869999999999891e+03, -1.319199999999999928e+00
1.024880000000000109e+03, -1.919289999999999941e+00
1.024900000000000091e+03, -1.774750000000000050e+00
1.024920000000000073e+03, -1.113539999999999947e-01
1.024930000000000064e+03, -1.944870000000000099e+00
1.024950000000000045e+03, -1.891130000000000033e-01
1.024970000000000027e+03, -1.776860000000000106e-01
1.024980000000000018e+03, 7.209569999999999590e-01
1.025000000000000000e+03, 1.041979999999999990e-01
1.025019999999999982e+03, -1.090780000000000083e+00
1.025029999999999973e+03, -3.779730000000000034e-01
1.025049999999999955e+03, 3.968050000000000188e-01
1.025069999999999936e+03, 1.980120000000000144e-02
1.025079999999999927e+03, 3.789060000000000206e-01
1.025099999999999909e+03, 9.340319999999999734e-01
1.025119999999999891e+03, 1.218750000000000000e+00
1.025130000000000109e+03, -9.560449999999999851e-04
1.025150000000000091e+03, -1.265390000000000126e-01
1.025170000000000073e+03, -1.912430000000000074e+00
1.025180000000000064e+03, -6.301400000000000334e-01
1.025200000000000045e+03, -5.446180000000000465e-01
1.025220000000000027e+03, -2.301350000000000062e-01
1.025230000000000018e+03, -2.831969999999999765e-01
1.025250000000000000e+03, 2.251739999999999853e+00
1.025269999999999982e+03, 4.453840000000000021e-01
1.025279999999999973e+03, -7.059159999999999879e-01
1.025299999999999955e+03, -8.787700000000000511e-01
1.025319999999999936e+03, -3.617520000000000180e-01
1.025329999999999927e+03, 3.240890000000000160e-01
1.025349999999999909e+03, 9.818609999999999838e-02
1.025369999999999891e+03, 6.792940000000000089e-02
1.025380000000000109e+03, 1.239659999999999984e+00
1.025400000000000091e+03, -1.116789999999999949e+00
1.025420000000000073e+03, -1.877080000000000137e-01
1.025430000000000064e+03, 4.332650000000000112e-01
1.025450000000000045e+03, 2.363810000000000078e-01
1.025470000000000027e+03, -8.242410000000000014e-01
1.025480000000000018e+03, -7.056240000000000290e-01
1.025500000000000000e+03, -3.890520000000000089e-02
1.025519999999999982e+03, 7.029980000000000118e-01
1.025529999999999973e+03, -1.763570000000000138e-01
1.025549999999999955e+03, -3.968119999999999981e-01
1.025569999999999936e+03, 4.566439999999999944e-01
1.025579999999999927e+03, -4.153279999999999750e-01
1.025599999999999909e+03, -5.038169999999999593e-01
1.025619999999999891e+03, 7.384849999999999470e-01
1.025630000000000109e+03, 7.619270000000000209e-01
1.025650000000000091e+03, -1.362819999999999920e+00
1.025670000000000073e+03, -3.749709999999999988e-01
1.025680000000000064e+03, 1.853440000000000087e-01
1.025700000000000045e+03, -5.293379999999999752e-01
1.025720000000000027e+03, -2.748510000000000120e-01
1.025730000000000018e+03, 1.979360000000000008e-01
1.025750000000000000e+03, 4.834080000000000321e-02
1.025769999999999982e+03, 2.317319999999999935e-01
1.025779999999999973e+03, 3.902700000000000058e-01
1.025799999999999955e+03, 4.931380000000000208e-01
1.025819999999999936e+03, -2.700509999999999855e-01
1.025829999999999927e+03, -5.424470000000000125e-01
1.025849999999999909e+03, 1.053050000000000042e+00
1.025869999999999891e+03, -8.041249999999999787e-02
1.025880000000000109e+03, 4.436849999999999961e-01
1.025900000000000091e+03, 1.043900000000000050e+00
1.025920000000000073e+03, 1.357979999999999965e+00
1.025930000000000064e+03, 1.208700000000000108e+00
1.025950000000000045e+03, 1.588940000000000075e-01
1.025970000000000027e+03, 1.055600000000000094e+00
1.025980000000000018e+03, -9.318250000000000144e-01
1.026000000000000000e+03, 5.579830000000000068e-01
1.026019999999999982e+03, 3.917619999999999991e-01
1.026029999999999973e+03, 8.843199999999999950e-01
1.026049999999999955e+03, 2.188499999999999890e-01
1.026069999999999936e+03, 5.822089999999999904e-02
1.026079999999999927e+03, 8.219670000000000032e-01
1.026099999999999909e+03, -3.988479999999999803e-01
1.026119999999999891e+03, -1.004059999999999953e+00
1.026130000000000109e+03, -1.156409999999999938e+00
1.026150000000000091e+03, -6.281369999999999454e-01
1.026170000000000073e+03, 1.142549999999999955e+00
1.026180000000000064e+03, 7.807110000000000438e-01
1.026200000000000045e+03, -3.982450000000000156e-01
1.026220000000000027e+03, 1.327220000000000066e-01
1.026230000000000018e+03, 3.670149999999999801e-02
1.026250000000000000e+03, 1.374579999999999913e+00
1.026269999999999982e+03, 1.081620000000000026e+00
1.026279999999999973e+03, -1.108600000000000002e-01
1.026299999999999955e+03, -3.635950000000000015e-01
1.026319999999999936e+03, -2.636180000000000190e-01
1.026329999999999927e+03, -7.245650000000000146e-01
1.026349999999999909e+03, -3.196829999999999949e-01
1.026369999999999891e+03, -3.959090000000000109e-01
1.026380000000000109e+03, 1.161359999999999948e+00
1.026400000000000091e+03, -5.655799999999999716e-01
1.026420000000000073e+03, 1.025090000000000029e-01
1.026430000000000064e+03, 9.257540000000000213e-02
1.026450000000000045e+03, -6.828509999999999858e-01
1.026470000000000027e+03, 8.179100000000000259e-01
1.026480000000000018e+03, -2.903789999999999982e-01
1.026500000000000000e+03, -4.990870000000000029e-01
1.026519999999999982e+03, -6.059229999999999894e-01
1.026529999999999973e+03, -5.598119999999999763e-01
1.026549999999999955e+03, 2.595310000000000117e-01
1.026569999999999936e+03, -5.740699999999999692e-01
1.026579999999999927e+03, 7.959410000000000096e-01
1.026599999999999909e+03, 3.393869999999999942e-01
1.026619999999999891e+03, 3.488829999999999987e-01
1.026630000000000109e+03, -1.592850000000000099e+00
1.026650000000000091e+03, -7.727899999999999769e-01
1.026670000000000073e+03, -7.224180000000000046e-01
1.026680000000000064e+03, 7.081669999999999909e-01
1.026700000000000045e+03, -4.691569999999999907e-01
1.026720000000000027e+03, -1.181939999999999991e+00
1.026730000000000018e+03, 1.332289999999999863e-01
1.026750000000000000e+03, -4.203350000000000142e-01
1.026769999999999982e+03, 2.258110000000000117e-01
1.026779999999999973e+03, 6.480890000000000262e-01
1.026799999999999955e+03, 3.376709999999999989e-01
1.026819999999999936e+03, 6.044070000000000276e-01
1.026829999999999927e+03, -1.369180000000000119e-01
1.026849999999999909e+03, -6.555490000000000483e-01
1.026869999999999891e+03, -1.106260000000000021e+00
1.026880000000000109e+03, -3.748540000000000205e-02
1.026900000000000091e+03, -3.448370000000000046e-01
1.026920000000000073e+03, -1.130929999999999991e+00
1.026930000000000064e+03, 2.147799999999999987e-01
1.026950000000000045e+03, 2.048599999999999866e-01
1.026970000000000027e+03, 1.418900000000000050e+00
1.026980000000000018e+03, 1.083220000000000072e+00
1.027000000000000000e+03, 6.699749999999999872e-01
1.027019999999999982e+03, 3.103009999999999935e-01
1.027029999999999973e+03, -1.185400000000000009e+00
1.027049999999999955e+03, -9.750060000000000393e-01
1.027069999999999936e+03, -7.493220000000000436e-01
1.027079999999999927e+03, -4.035819999999999963e-01
1.027099999999999909e+03, 8.221019999999999994e-01
1.027119999999999891e+03, 5.609320000000000278e-02
1.027130000000000109e+03, 8.537439999999999474e-01
1.027150000000000091e+03, 5.737010000000000165e-01
1.027170000000000073e+03, 4.178680000000000172e-01
1.027180000000000064e+03, -5.266399999999999970e-01
1.027200000000000045e+03, -1.416549999999999976e+00
1.027220000000000027e+03, -9.478130000000000166e-01
1.027230000000000018e+03, 4.438090000000000090e-02
1.027250000000000000e+03, 1.409559999999999924e+00
1.027269999999999982e+03, 2.423680000000000001e-01
1.027279999999999973e+03, 3.648980000000000001e-01
1.027299999999999955e+03, 4.304569999999999785e-01
1.027319999999999936e+03, 9.091680000000000594e-02
1.027329999999999927e+03, 1.216420000000000001e-01
1.027349999999999909e+03, -3.243789999999999868e-02
1.027369999999999891e+03, -1.329830000000000068e+00
1.027380000000000109e+03, 3.140089999999999826e-01
1.027400000000000091e+03, 1.214530000000000109e+00
1.027420000000000073e+03, 3.899230000000000196e-01
1.027430000000000064e+03, 9.989249999999999519e-01
1.027450000000000045e+03, -1.316319999999999990e-01
1.027470000000000027e+03, 7.077149999999999830e-01
1.027480000000000018e+03, -6.623850000000000016e-01
1.027500000000000000e+03, -1.046229999999999993e+00
1.027519999999999982e+03, 4.163299999999999779e-01
1.027529999999999973e+03, -8.905069999999999653e-02
1.027549999999999955e+03, -1.273230000000000084e+00
1.027569999999999936e+03, 5.015220000000000233e-01
1.027579999999999927e+03, -5.278629999999999711e-01
1.027599999999999909e+03, 3.350879999999999970e-01
1.027619999999999891e+03, -1.112659999999999982e+00
1.027630000000000109e+03, -8.042989999999999862e-01
1.027650000000000091e+03, -4.156819999999999959e-01
1.027670000000000073e+03, 2.730580000000000160e-02
1.027680000000000064e+03, -2.032869999999999955e-01
1.027700000000000045e+03, -7.637629999999999697e-01
1.027720000000000027e+03, 2.870130000000000181e-01
1.027730000000000018e+03, 6.008679999999999577e-01
1.027750000000000000e+03, 4.238239999999999785e-01
1.027769999999999982e+03, -4.913259999999999850e-01
1.027779999999999973e+03, -5.267259999999999998e-02
1.027799999999999955e+03, 7.429789999999999450e-01
1.027819999999999936e+03, 1.169740000000000002e+00
1.027829999999999927e+03, 2.010709999999999997e-01
1.027849999999999909e+03, 2.225030000000000063e-02
1.027869999999999891e+03, -8.032010000000000538e-02
1.027880000000000109e+03, -1.184360000000000079e+00
1.027900000000000091e+03, -4.193569999999999798e-01
1.027920000000000073e+03, 3.745350000000000068e-01
1.027930000000000064e+03, -4.891929999999999890e-01
1.027950000000000045e+03, 7.399799999999999711e-01
1.027970000000000027e+03, 4.265559999999999907e-01
1.027980000000000018e+03, -1.571900000000000033e-02
1.028000000000000000e+03, 1.166570000000000107e+00
1.028019999999999982e+03, 1.463090000000000002e+00
1.028029999999999973e+03, -3.294889999999999763e-01
1.028049999999999955e+03, -4.994759999999999756e-01
1.028069999999999936e+03, -9.070880000000000054e-01
1.028079999999999927e+03, 9.507290000000000185e-02
1.028099999999999909e+03, -2.592010000000000147e-01
1.028119999999999891e+03, 9.156440000000000135e-01
1.028130000000000109e+03, 4.391650000000000276e-01
1.028150000000000091e+03, -6.423740000000000006e-01
1.028170000000000073e+03, -3.312939999999999774e-01
1.028180000000000064e+03, -1.939279999999999893e-01
1.028200000000000045e+03, -8.120349999999999513e-01
1.028220000000000027e+03, 8.161340000000000261e-01
1.028230000000000018e+03, -9.993959999999999511e-01
1.028250000000000000e+03, 5.571460000000000301e-01
1.028269999999999982e+03, 2.432439999999999880e-01
1.028279999999999973e+03, 7.549320000000000475e-01
1.028299999999999955e+03, -4.506419999999999870e-01
1.028319999999999936e+03, -4.176730000000000165e-01
1.028329999999999927e+03, 1.307230000000000059e-01
1.028349999999999909e+03, 1.548760000000000137e-01
1.028369999999999891e+03, 8.761090000000000266e-01
1.028380000000000109e+03, 3.159560000000000146e-01
1.028400000000000091e+03, -3.720910000000000051e-01
1.028420000000000073e+03, -6.210210000000000452e-01
1.028430000000000064e+03, -3.823360000000000092e-01
1.028450000000000045e+03, 3.844130000000000047e-01
1.028470000000000027e+03, -8.995610000000000550e-01
1.028480000000000018e+03, -1.199140000000000095e+00
1.028500000000000000e+03, -8.404559999999999809e-01
1.028519999999999982e+03, 9.966690000000000271e-01
1.028529999999999973e+03, -1.288620000000000043e-01
1.028549999999999955e+03, -5.774669999999999526e-01
1.028569999999999936e+03, -4.027589999999999781e-01
1.028579999999999927e+03, 5.655759999999999676e-01
1.028599999999999909e+03, 2.787680000000000158e-01
1.028619999999999891e+03, 3.450400000000000134e-01
1.028630000000000109e+03, -1.024469999999999992e+00
1.028650000000000091e+03, -2.312909999999999966e-01
1.028670000000000073e+03, 9.886630000000000418e-02
1.028680000000000064e+03, 4.469340000000000118e-02
1.028700000000000045e+03, -4.636350000000000193e-01
1.028720000000000027e+03, 4.636850000000000138e-01
1.028730000000000018e+03, 8.944680000000000408e-01
1.028750000000000000e+03, 1.384759999999999991e+00
1.028769999999999982e+03, 3.815040000000000098e-01
1.028779999999999973e+03, -1.593620000000000037e+00
1.028799999999999955e+03, 2.460320000000000007e-01
1.028819999999999936e+03, 7.602330000000000476e-01
1.028829999999999927e+03, 3.130120000000000124e-01
1.028849999999999909e+03, -6.282569999999999544e-01
1.028869999999999891e+03, 6.535459999999999603e-01
1.028880000000000109e+03, 9.185219999999999496e-01
1.028900000000000091e+03, 1.761989999999999945e+00
1.028920000000000073e+03, 1.519940000000000069e+00
1.028930000000000064e+03, -4.957960000000000145e-01
1.028950000000000045e+03, 4.369509999999999783e-01
1.028970000000000027e+03, 1.776210000000000067e+00
1.028980000000000018e+03, 3.093699999999999783e-01
1.029000000000000000e+03, 4.727799999999999780e-01
1.029019999999999982e+03, -1.213029999999999942e-01
1.029029999999999973e+03, -1.721249999999999947e+00
1.029049999999999955e+03, -8.126609999999999667e-01
1.029069999999999936e+03, 1.229649999999999910e+00
1.029079999999999927e+03, -3.411939999999999973e-01
1.029099999999999909e+03, 1.108160000000000034e+00
1.029119999999999891e+03, 1.779849999999999932e+00
1.029130000000000109e+03, -4.967369999999999841e-01
1.029150000000000091e+03, -6.109980000000000411e-01
1.029170000000000073e+03, -7.470830000000000526e-01
1.029180000000000064e+03, -8.510079999999999867e-01
1.029200000000000045e+03, 1.497610000000000108e+00
1.029220000000000027e+03, -3.189440000000000053e-01
1.029230000000000018e+03, -1.879300000000000137e-01
1.029250000000000000e+03, -1.286489999999999911e+00
1.029269999999999982e+03, 4.997079999999999855e-01
1.029279999999999973e+03, -1.139610000000000012e+00
1.029299999999999955e+03, 1.716209999999999958e-01
1.029319999999999936e+03, -1.924420000000000019e-01
1.029329999999999927e+03, 4.887269999999999809e-02
1.029349999999999909e+03, -7.205030000000000046e-01
1.029369999999999891e+03, -3.830160000000000231e-01
1.029380000000000109e+03, 1.309359999999999968e-01
1.029400000000000091e+03, 1.171350000000000030e-01
1.029420000000000073e+03, -5.867259999999999698e-01
1.029430000000000064e+03, -7.097979999999999567e-02
1.029450000000000045e+03, -4.060739999999999905e-01
1.029470000000000027e+03, -4.589150000000000174e-01
1.029480000000000018e+03, -1.529760000000000009e+00
1.029500000000000000e+03, -1.041900000000000048e+00
1.029519999999999982e+03, 2.245089999999999864e-01
1.029529999999999973e+03, 6.163720000000000310e-01
1.029549999999999955e+03, 6.877830000000000332e-01
1.029569999999999936e+03, 3.116329999999999933e-01
1.029579999999999927e+03, -4.039290000000000241e-02
1.029599999999999909e+03, -9.802419999999999467e-01
1.029619999999999891e+03, -4.485350000000000170e-01
1.029630000000000109e+03, 9.003360000000000252e-01
1.029650000000000091e+03, -2.800639999999999796e-01
1.029670000000000073e+03, 7.680820000000000425e-01
1.029680000000000064e+03, 2.971530000000000005e-01
1.029700000000000045e+03, -6.877450000000000507e-01
1.029720000000000027e+03, -6.375699999999999701e-01
1.029730000000000018e+03, -2.524980000000000002e-01
1.029750000000000000e+03, 3.558459999999999835e-03
1.029769999999999982e+03, 1.687539999999999873e-01
1.029779999999999973e+03, 1.800090000000000023e-01
1.029799999999999955e+03, -2.456659999999999955e-01
1.029819999999999936e+03, -1.313409999999999966e+00
1.029829999999999927e+03, -3.292269999999999919e-01
1.029849999999999909e+03, 3.811959999999999793e-01
1.029869999999999891e+03, 9.262129999999999530e-01
1.029880000000000109e+03, 1.061879999999999935e+00
1.029900000000000091e+03, 1.071620000000000017e+00
1.029920000000000073e+03, -5.829419999999999602e-01
1.029930000000000064e+03, -3.595380000000000242e-01
1.029950000000000045e+03, 1.561560000000000059e+00
1.029970000000000027e+03, 7.782759999999999678e-01
1.029980000000000018e+03, -3.071470000000000034e-01
1.030000000000000000e+03, 7.489259999999999806e-01
1.030019999999999982e+03, 8.909920000000000062e-01
1.030029999999999973e+03, 1.187019999999999964e+00
1.030049999999999955e+03, 7.055580000000000185e-01
1.030069999999999936e+03, 1.621049999999999991e-01
1.030079999999999927e+03, -6.306549999999999656e-01
1.030099999999999909e+03, 3.617070000000000007e-01
1.030119999999999891e+03, 1.126770000000000049e+00
1.030130000000000109e+03, 1.940890000000000004e+00
1.030150000000000091e+03, -4.552559999999999940e-01
1.030170000000000073e+03, -2.202530000000000043e-01
1.030180000000000064e+03, -3.927780000000000160e-01
1.030200000000000045e+03, -1.238760000000000083e+00
1.030220000000000027e+03, -3.931399999999999895e-01
1.030230000000000018e+03, 5.490450000000000053e-01
1.030250000000000000e+03, 5.434689999999999799e-01
1.030269999999999982e+03, -1.090160000000000018e+00
1.030279999999999973e+03, -8.403889999999999798e-04
1.030299999999999955e+03, -4.517840000000000189e-01
1.030319999999999936e+03, 2.594159999999999799e-01
1.030329999999999927e+03, 1.484480000000000022e+00
1.030349999999999909e+03, 1.444400000000000024e-02
1.030369999999999891e+03, 2.530200000000000227e-01
1.030380000000000109e+03, 7.787549999999999750e-01
1.030400000000000091e+03, -4.331420000000000270e-01
1.030420000000000073e+03, -7.139050000000000118e-01
1.030430000000000064e+03, -3.899320000000000008e-01
1.030450000000000045e+03, -1.443069999999999908e-01
1.030470000000000027e+03, 2.862919999999999909e-01
1.030480000000000018e+03, -1.971519999999999939e-01
1.030500000000000000e+03, 6.079419999999999824e-01
1.030519999999999982e+03, -7.657019999999999937e-01
1.030529999999999973e+03, -8.913370000000000459e-01
1.030549999999999955e+03, 1.905449999999999922e-01
1.030569999999999936e+03, 5.839469999999999938e-01
1.030579999999999927e+03, -1.458440000000000014e-01
1.030599999999999909e+03, -6.130269999999999886e-01
1.030619999999999891e+03, -1.245589999999999975e+00
1.030630000000000109e+03, 1.627569999999999961e+00
1.030650000000000091e+03, -9.258279999999999843e-01
1.030670000000000073e+03, 9.088039999999999452e-01
1.030680000000000064e+03, 2.478299999999999947e-01
1.030700000000000045e+03, 7.634809999999999652e-01
1.030720000000000027e+03, -4.796170000000000155e-01
1.030730000000000018e+03, -1.148120000000000029e+00
1.030750000000000000e+03, 5.834099999999999842e-01
1.030769999999999982e+03, 1.087560000000000082e+00
1.030779999999999973e+03, 1.461209999999999898e+00
1.030799999999999955e+03, 4.085409999999999875e-01
1.030819999999999936e+03, -1.510040000000000049e+00
1.030829999999999927e+03, -1.110310000000000047e-01
1.030849999999999909e+03, 2.641160000000000174e-01
1.030869999999999891e+03, 1.168870000000000076e+00
1.030880000000000109e+03, -3.428669999999999773e-01
1.030900000000000091e+03, -3.395659999999999790e-01
1.030920000000000073e+03, -8.760660000000000114e-01
1.030930000000000064e+03, -8.194639999999999702e-01
1.030950000000000045e+03, -1.064920000000000089e+00
1.030970000000000027e+03, -1.171319999999999917e+00
1.030980000000000018e+03, 3.454740000000000033e-01
1.031000000000000000e+03, 4.300559999999999938e-01
1.031019999999999982e+03, 2.939869999999999983e-01
1.031029999999999973e+03, -5.002509999999999943e-03
1.031049999999999955e+03, 3.550670000000000215e-02
1.031069999999999936e+03, 4.807609999999999939e-01
1.031079999999999927e+03, -2.556939999999999769e-01
1.031099999999999909e+03, 2.978350000000000164e-01
1.031119999999999891e+03, -4.910649999999999737e-01
1.031130000000000109e+03, -7.045970000000000288e-01
1.031150000000000091e+03, 2.240879999999999955e-02
1.031170000000000073e+03, -4.455979999999999941e-01
1.031180000000000064e+03, -2.474089999999999900e-01
1.031200000000000045e+03, -4.901479999999999726e-01
1.031220000000000027e+03, -4.415700000000000180e-01
1.031230000000000018e+03, -5.305450000000000443e-01
1.031250000000000000e+03, -3.388829999999999898e-01
1.031269999999999982e+03, -1.837260000000000004e-01
1.031279999999999973e+03, 5.006650000000000267e-01
1.031299999999999955e+03, 7.201760000000000383e-01
1.031319999999999936e+03, 5.356710000000000083e-01
1.031329999999999927e+03, -6.256019999999999637e-02
1.031349999999999909e+03, -9.031949999999999701e-01
1.031369999999999891e+03, -4.740770000000000262e-01
1.031380000000000109e+03, 5.756949999999999568e-01
1.031400000000000091e+03, -2.846989999999999799e-01
1.031420000000000073e+03, -1.340010000000000090e-01
1.031430000000000064e+03, 2.524620000000000197e-01
1.031450000000000045e+03, -1.998189999999999966e-01
1.031470000000000027e+03, -1.012599999999999945e+00
1.031480000000000018e+03, -2.245679999999999898e-03
1.031500000000000000e+03, -5.249049999999999550e-01
1.031519999999999982e+03, -1.341900000000000037e-01
1.031529999999999973e+03, -7.053070000000000173e-01
1.031549999999999955e+03, -6.592430000000000234e-01
1.031569999999999936e+03, 3.083480000000000110e-01
1.031579999999999927e+03, 4.918150000000000022e-01
1.031599999999999909e+03, 9.368940000000000046e-01
1.031619999999999891e+03, 2.463069999999999843e-02
1.031630000000000109e+03, -2.118450000000000055e-01
1.031650000000000091e+03, -6.244819999999999816e-01
1.031670000000000073e+03, 6.125049999999999661e-01
1.031680000000000064e+03, -3.871609999999999774e-01
1.031700000000000045e+03, 4.346209999999999796e-01
1.031720000000000027e+03, 1.856820000000000137e-01
1.031730000000000018e+03, 1.006639999999999979e+00
1.031750000000000000e+03, -8.864300000000000512e-01
1.031769999999999982e+03, 2.673189999999999733e-01
1.031779999999999973e+03, -4.369529999999999803e-01
1.031799999999999955e+03, -1.213459999999999983e+00
1.031819999999999936e+03, -1.979009999999999936e-01
1.031829999999999927e+03, -6.327829999999999566e-02
1.031849999999999909e+03, 8.015149999999999775e-01
1.031869999999999891e+03, -1.062289999999999957e+00
1.031880000000000109e+03, -2.053889999999999882e-01
1.031900000000000091e+03, 1.244830000000000103e+00
1.031920000000000073e+03, 9.912999999999999590e-02
1.031930000000000064e+03, -3.888980000000000214e-02
1.031950000000000045e+03, -8.125590000000000312e-01
1.031970000000000027e+03, -7.419019999999999504e-01
1.031980000000000018e+03, 5.258310000000000484e-01
1.032000000000000000e+03, 1.135680000000000023e+00
1.032019999999999982e+03, -7.742620000000000058e-01
1.032029999999999973e+03, 3.142799999999999760e-02
1.032049999999999955e+03, -1.489670000000000050e+00
1.032069999999999936e+03, -1.988090000000000135e-01
1.032079999999999927e+03, 4.852250000000000174e-01
1.032099999999999909e+03, -3.940620000000000234e-01
1.032119999999999891e+03, 7.048410000000000508e-01
1.032130000000000109e+03, 8.614380000000000370e-01
1.032150000000000091e+03, 2.182060000000000111e-01
1.032170000000000073e+03, -7.406449999999999978e-01
1.032180000000000064e+03, 1.467169999999999863e-01
1.032200000000000045e+03, -4.936880000000000157e-01
1.032220000000000027e+03, 3.295870000000000188e-01
1.032230000000000018e+03, 7.923930000000000140e-01
1.032250000000000000e+03, 1.076810000000000045e+00
1.032269999999999982e+03, 4.561890000000000112e-01
1.032279999999999973e+03, 7.225019999999999776e-01
1.032299999999999955e+03, -2.785309999999999730e-01
1.032319999999999936e+03, 5.296560000000000157e-01
1.032329999999999927e+03, 2.320940000000000156e-02
1.032349999999999909e+03, 1.310640000000000027e+00
1.032369999999999891e+03, 8.382500000000000506e-01
1.032380000000000109e+03, -6.195880000000000137e-02
1.032400000000000091e+03, -6.743679999999999675e-01
1.032420000000000073e+03, -4.444509999999999850e-01
1.032430000000000064e+03, 1.190890000000000004e+00
1.032450000000000045e+03, 5.106819999999999693e-01
1.032470000000000027e+03, 7.223989999999999578e-02
1.032480000000000018e+03, 4.579739999999999922e-01
1.032500000000000000e+03, 1.041469999999999896e+00
1.032519999999999982e+03, 1.523810000000000109e+00
1.032529999999999973e+03, -8.818679999999999852e-01
1.032549999999999955e+03, -1.051409999999999956e+00
1.032569999999999936e+03, -7.506930000000000547e-01
1.032579999999999927e+03, 4.505910000000000193e-01
1.032599999999999909e+03, -5.534000000000000030e-01
1.032619999999999891e+03, -2.056649999999999867e-01
1.032630000000000109e+03, -5.201999999999999957e-01
1.032650000000000091e+03, 7.529709999999999459e-01
1.032670000000000073e+03, 9.745570000000000066e-01
1.032680000000000064e+03, 9.860999999999999766e-01
1.032700000000000045e+03, -7.185019999999999740e-01
1.032720000000000027e+03, -1.026999999999999996e-01
1.032730000000000018e+03, -4.564050000000000051e-01
1.032750000000000000e+03, -2.536880000000000246e-01
1.032769999999999982e+03, 2.765320000000000000e-01
1.032779999999999973e+03, 2.797149999999999914e-01
1.032799999999999955e+03, -2.192099999999999937e+00
1.032819999999999936e+03, -2.126910000000000078e+00
1.032829999999999927e+03, -8.797730000000000272e-01
1.032849999999999909e+03, -5.090430000000000232e-01
1.032869999999999891e+03, 1.753540000000000099e-01
1.032880000000000109e+03, 1.328689999999999927e+00
1.032900000000000091e+03, -5.968470000000000164e-01
1.032920000000000073e+03, -2.989390000000000103e-01
1.032930000000000064e+03, -6.013669999999999849e-01
1.032950000000000045e+03, 2.597149999999999737e-01
1.032970000000000027e+03, 6.739199999999999635e-01
1.032980000000000018e+03, 2.933640000000000136e-01
1.033000000000000000e+03, -1.322980000000000045e+00
1.033019999999999982e+03, -4.540069999999999939e-01
1.033029999999999973e+03, 8.736559999999999881e-01
1.033049999999999955e+03, 4.912409999999999832e-01
1.033069999999999936e+03, 1.501530000000000087e-01
1.033079999999999927e+03, -7.570240000000000302e-01
1.033099999999999909e+03, -3.517270000000000119e-01
1.033119999999999891e+03, -3.901999999999999913e-01
1.033130000000000109e+03, 6.217399999999999594e-01
1.033150000000000091e+03, -5.614759999999999890e-02
1.033170000000000073e+03, -5.781530000000000280e-01
1.033180000000000064e+03, 1.080100000000000060e+00
1.033200000000000045e+03, 1.336670000000000025e+00
1.033220000000000027e+03, -1.279359999999999942e-01
1.033230000000000018e+03, 2.439749999999999974e-01
1.033250000000000000e+03, -1.345329999999999915e+00
1.033269999999999982e+03, 9.959369999999999612e-01
1.033279999999999973e+03, 9.582140000000000102e-02
1.033299999999999955e+03, 5.191890000000000116e-01
1.033319999999999936e+03, 1.673699999999999966e+00
1.033329999999999927e+03, 5.999290000000000456e-01
1.033349999999999909e+03, -3.256119999999999848e-02
1.033369999999999891e+03, -8.517850000000000144e-01
1.033380000000000109e+03, -1.988920000000000132e-01
1.033400000000000091e+03, 8.887519999999999865e-01
1.033420000000000073e+03, -3.686090000000000200e-01
1.033430000000000064e+03, -1.182989999999999986e+00
1.033450000000000045e+03, -9.598360000000000225e-01
1.033470000000000027e+03, 1.689219999999999944e+00
1.033480000000000018e+03, -7.931169999999999609e-01
1.033500000000000000e+03, 4.571239999999999748e-01
1.033519999999999982e+03, -1.844109999999999916e-01
1.033529999999999973e+03, -9.845500000000000362e-01
1.033549999999999955e+03, -6.848809999999999620e-01
1.033569999999999936e+03, -6.745489999999999542e-01
1.033579999999999927e+03, -8.916760000000000241e-01
1.033599999999999909e+03, -1.165270000000000028e+00
1.033619999999999891e+03, -2.462320000000000064e-01
1.033630000000000109e+03, 9.190730000000000288e-01
1.033650000000000091e+03, -1.807950000000000113e-01
1.033670000000000073e+03, 1.213519999999999932e+00
1.033680000000000064e+03, -9.097140000000000226e-01
1.033700000000000045e+03, 9.458140000000000436e-01
1.033720000000000027e+03, -1.596539999999999904e-01
1.033730000000000018e+03, -6.121860000000000079e-01
1.033750000000000000e+03, -2.523449999999999860e-01
1.033769999999999982e+03, -7.139389999999999903e-01
1.033779999999999973e+03, 1.285789999999999988e+00
1.033799999999999955e+03, -1.115669999999999940e+00
1.033819999999999936e+03, 5.061740000000000128e-01
1.033829999999999927e+03, -1.514799999999999924e+00
1.033849999999999909e+03, -5.198329999999999895e-01
1.033869999999999891e+03, 3.721430000000000016e-01
1.033880000000000109e+03, 5.240989999999999815e-01
1.033900000000000091e+03, -4.829649999999999777e-01
1.033920000000000073e+03, -9.413780000000000481e-01
1.033930000000000064e+03, -7.447829999999999728e-01
1.033950000000000045e+03, -1.945890000000000120e-01
1.033970000000000027e+03, 2.703570000000000192e-03
1.033980000000000018e+03, -9.804609999999999714e-02
1.034000000000000000e+03, 4.690369999999999817e-01
1.034019999999999982e+03, 1.002450000000000008e-01
1.034029999999999973e+03, 1.050240000000000062e+00
1.034049999999999955e+03, 2.452680000000000138e-01
1.034069999999999936e+03, -7.724640000000000395e-01
1.034079999999999927e+03, -1.627879999999999952e-02
1.034099999999999909e+03, 1.700819999999999999e+00
1.034119999999999891e+03, 1.011910000000000087e+00
1.034130000000000109e+03, 7.081779999999999742e-01
1.034150000000000091e+03, 3.148320000000000007e-01
1.034170000000000073e+03, -1.035739999999999994e-01
1.034180000000000064e+03, -5.525499999999999856e-01
1.034200000000000045e+03, 1.083769999999999900e+00
1.034220000000000027e+03, 5.842619999999999481e-01
1.034230000000000018e+03, -1.752250000000000085e+00
1.034250000000000000e+03, -5.152400000000000313e-01
1.034269999999999982e+03, -7.330179999999999474e-01
1.034279999999999973e+03, -6.037829999999999586e-01
1.034299999999999955e+03, 1.260570000000000024e-01
1.034319999999999936e+03, -4.511580000000000035e-01
1.034329999999999927e+03, -3.128850000000000242e-01
1.034349999999999909e+03, -3.767590000000000106e-01
1.034369999999999891e+03, -2.199949999999999961e-01
1.034380000000000109e+03, -3.452589999999999826e-01
1.034400000000000091e+03, 1.142100000000000060e-02
1.034420000000000073e+03, 2.049799999999999886e-02
1.034430000000000064e+03, 4.117060000000000164e-02
1.034450000000000045e+03, -2.907520000000000104e-01
1.034470000000000027e+03, 1.584770000000000012e+00
1.034480000000000018e+03, -8.963560000000000416e-01
1.034500000000000000e+03, -4.438380000000000103e-01
1.034519999999999982e+03, -6.944209999999999550e-01
1.034529999999999973e+03, -1.107509999999999994e+00
1.034549999999999955e+03, -6.627610000000000445e-01
1.034569999999999936e+03, -1.415729999999999933e+00
1.034579999999999927e+03, -1.754329999999999945e+00
1.034599999999999909e+03, 8.831519999999999648e-02
1.034619999999999891e+03, 8.291699999999999626e-01
1.034630000000000109e+03, 1.321180000000000021e+00
1.034650000000000091e+03, 7.704239999999999977e-01
1.034670000000000073e+03, -1.765230000000000132e-01
1.034680000000000064e+03, 1.682780000000000109e-01
1.034700000000000045e+03, 5.700079999999999592e-01
1.034720000000000027e+03, -6.009600000000000497e-01
1.034730000000000018e+03, 1.158710000000000018e-01
1.034750000000000000e+03, -8.588630000000000431e-01
1.034769999999999982e+03, 3.525789999999999758e-01
1.034779999999999973e+03, 5.979109999999999703e-01
1.034799999999999955e+03, -2.377440000000000109e-01
1.034819999999999936e+03, 8.633979999999999988e-01
1.034829999999999927e+03, 7.399839999999999751e-01
1.034849999999999909e+03, 1.325970000000000093e+00
1.034869999999999891e+03, 7.326949999999999852e-01
1.034880000000000109e+03, -7.495100000000000096e-01
1.034900000000000091e+03, 1.659849999999999937e-01
1.034920000000000073e+03, 8.036050000000000137e-02
1.034930000000000064e+03, 2.186500000000000110e-01
1.034950000000000045e+03, 5.371860000000000523e-01
1.034970000000000027e+03, -4.501319999999999766e-01
1.034980000000000018e+03, -1.089509999999999978e+00
1.035000000000000000e+03, 1.168039999999999967e+00
1.035019999999999982e+03, -8.966770000000000296e-02
1.035029999999999973e+03, -3.832679999999999976e-01
1.035049999999999955e+03, -2.838800000000000212e-01
1.035069999999999936e+03, 6.717880000000000518e-01
1.035079999999999927e+03, 1.679569999999999952e-01
1.035099999999999909e+03, -1.962380000000000013e+00
1.035119999999999891e+03, 9.123210000000000486e-01
1.035130000000000109e+03, -2.769170000000000242e-01
1.035150000000000091e+03, 1.002090000000000064e-01
1.035170000000000073e+03, -6.568889999999999452e-01
1.035180000000000064e+03, -5.991689999999999516e-01
1.035200000000000045e+03, -1.489400000000000057e+00
1.035220000000000027e+03, -5.223680000000000545e-01
1.035230000000000018e+03, 1.588140000000000107e-01
1.035250000000000000e+03, 1.576189999999999980e+00
1.035269999999999982e+03, 1.107609999999999983e+00
1.035279999999999973e+03, -9.012419999999999876e-01
1.035299999999999955e+03, -5.849769999999999692e-01
1.035319999999999936e+03, -2.788229999999999875e-01
1.035329999999999927e+03, 3.253999999999999948e-02
1.035349999999999909e+03, 1.073240000000000027e-01
1.035369999999999891e+03, 8.044339999999999824e-01
1.035380000000000109e+03, 7.910749999999999726e-01
1.035400000000000091e+03, -3.552629999999999677e-02
1.035420000000000073e+03, -3.328249999999999820e-01
1.035430000000000064e+03, -5.847419999999999840e-01
1.035450000000000045e+03, 2.735989999999999811e-01
1.035470000000000027e+03, 1.428129999999999900e+00
1.035480000000000018e+03, 1.864069999999999894e+00
1.035500000000000000e+03, -9.561469999999999692e-01
1.035519999999999982e+03, -1.976529999999999898e+00
1.035529999999999973e+03, -6.079579999999999984e-01
1.035549999999999955e+03, -5.592700000000000449e-01
1.035569999999999936e+03, 1.135690000000000088e+00
1.035579999999999927e+03, 4.427989999999999982e-01
1.035599999999999909e+03, 4.547740000000000116e-01
1.035619999999999891e+03, 7.257200000000000317e-01
1.035630000000000109e+03, 2.065150000000000041e+00
1.035650000000000091e+03, 2.108599999999999919e-01
1.035670000000000073e+03, -4.392960000000000198e-01
1.035680000000000064e+03, -4.163419999999999899e-01
1.035700000000000045e+03, 2.122030000000000027e-01
1.035720000000000027e+03, -6.105319999999999636e-01
1.035730000000000018e+03, -6.537129999999999330e-02
1.035750000000000000e+03, -4.543830000000000091e-02
1.035769999999999982e+03, 1.011379999999999946e+00
1.035779999999999973e+03, 1.412919999999999954e+00
1.035799999999999955e+03, 2.805300000000000016e-01
1.035819999999999936e+03, -1.856389999999999985e-01
1.035829999999999927e+03, -1.521699999999999997e-01
1.035849999999999909e+03, 1.095099999999999962e+00
1.035869999999999891e+03, 9.565700000000000314e-01
1.035880000000000109e+03, 1.713159999999999961e-01
1.035900000000000091e+03, -6.907219999999999471e-01
1.035920000000000073e+03, 7.914050000000000251e-01
1.035930000000000064e+03, -2.906960000000000099e-01
1.035950000000000045e+03, -1.341089999999999893e+00
1.035970000000000027e+03, -6.555010000000000003e-01
1.035980000000000018e+03, 7.293009999999999771e-01
1.036000000000000000e+03, 1.688720000000000108e-03
1.036019999999999982e+03, 1.167170000000000041e+00
1.036029999999999973e+03, 2.026519999999999988e-01
1.036049999999999955e+03, -1.001829999999999998e+00
1.036069999999999936e+03, 8.482750000000000012e-02
1.036079999999999927e+03, -3.336569999999999814e-02
1.036099999999999909e+03, -3.484650000000000247e-02
1.036119999999999891e+03, -1.004400000000000015e-01
1.036130000000000109e+03, -3.198570000000000024e-01
1.036150000000000091e+03, -8.797880000000000145e-01
1.036170000000000073e+03, -1.531919999999999948e+00
1.036180000000000064e+03, 6.336180000000000145e-01
1.036200000000000045e+03, -4.862070000000000003e-01
1.036220000000000027e+03, -1.504149999999999932e-01
1.036230000000000018e+03, -5.592350000000000099e-02
1.036250000000000000e+03, -1.257050000000000001e+00
1.036269999999999982e+03, -7.687479999999999869e-01
1.036279999999999973e+03, -1.868060000000000054e+00
1.036299999999999955e+03, 1.929120000000000001e-01
1.036319999999999936e+03, 5.434470000000000134e-01
1.036329999999999927e+03, 1.940910000000000135e-01
1.036349999999999909e+03, -3.817579999999999862e-01
1.036369999999999891e+03, 3.461449999999999944e-02
1.036380000000000109e+03, 6.517009999999999748e-01
1.036400000000000091e+03, 4.790470000000000006e-01
1.036420000000000073e+03, 8.234730000000000105e-01
1.036430000000000064e+03, -1.078850000000000087e+00
1.036450000000000045e+03, -3.126519999999999855e-01
1.036470000000000027e+03, 2.669920000000000071e-01
1.036480000000000018e+03, 1.154860000000000053e-01
1.036500000000000000e+03, 2.423150000000000026e-01
1.036519999999999982e+03, -1.356440000000000076e-02
1.036529999999999973e+03, 3.444650000000000212e-01
1.036549999999999955e+03, -9.019460000000000255e-01
1.036569999999999936e+03, 6.661249999999999671e-01
1.036579999999999927e+03, 6.467000000000000526e-01
1.036599999999999909e+03, 1.075509999999999938e-01
1.036619999999999891e+03, -2.271890000000000021e-01
1.036630000000000109e+03, -3.835509999999999753e-01
1.036650000000000091e+03, -3.808799999999999963e-01
1.036670000000000073e+03, 4.971829999999999861e-01
1.036680000000000064e+03, 2.492800000000000016e-01
1.036700000000000045e+03, -1.009280000000000038e-01
1.036720000000000027e+03, -2.835030000000000050e-01
1.036730000000000018e+03, -6.971589999999999732e-01
1.036750000000000000e+03, -5.673030000000000017e-01
1.036769999999999982e+03, 1.441570000000000074e-01
1.036779999999999973e+03, 4.015190000000000148e-01
1.036799999999999955e+03, -7.970520000000000382e-02
1.036819999999999936e+03, 1.405280000000000085e+00
1.036829999999999927e+03, 1.085760000000000058e+00
1.036849999999999909e+03, -1.570320000000000049e-01
1.036869999999999891e+03, -1.358659999999999979e+00
1.036880000000000109e+03, -1.403459999999999930e+00
1.036900000000000091e+03, 1.196920000000000067e-01
1.036920000000000073e+03, 6.408740000000000547e-01
1.036930000000000064e+03, -5.604789999999999495e-01
1.036950000000000045e+03, 1.247640000000000082e+00
1.036970000000000027e+03, 7.870800000000000018e-01
1.036980000000000018e+03, -2.261039999999999994e-01
1.037000000000000000e+03, -4.586640000000000161e-01
1.037019999999999982e+03, -1.104369999999999935e-01
1.037029999999999973e+03, 3.068969999999999754e-01
1.037049999999999955e+03, 9.059909999999999908e-01
1.037069999999999936e+03, -3.030050000000000243e-01
1.037079999999999927e+03, 4.981309999999999905e-02
1.037099999999999909e+03, -9.179980000000000084e-02
1.037119999999999891e+03, 8.699310000000000098e-01
1.037130000000000109e+03, 1.172749999999999959e+00
1.037150000000000091e+03, 2.954490000000000172e-01
1.037170000000000073e+03, -6.560709999999999598e-01
1.037180000000000064e+03, -3.309090000000000087e-01
1.037200000000000045e+03, 5.530869999999999953e-01
1.037220000000000027e+03, 5.645270000000000010e-01
1.037230000000000018e+03, -7.370530000000000137e-03
1.037250000000000000e+03, -9.088509999999999645e-01
1.037269999999999982e+03, -6.660819999999999519e-01
1.037279999999999973e+03, 2.286769999999999914e-01
1.037299999999999955e+03, 1.004869999999999930e+00
1.037319999999999936e+03, 1.118120000000000003e+00
1.037329999999999927e+03, 5.289190000000000280e-01
1.037349999999999909e+03, -1.398819999999999952e+00
1.037369999999999891e+03, -7.223770000000000469e-01
1.037380000000000109e+03, 5.602500000000000258e-01
1.037400000000000091e+03, 3.751289999999999902e-01
1.037420000000000073e+03, -1.981040000000000023e-01
1.037430000000000064e+03, 7.322929999999999717e-01
1.037450000000000045e+03, 3.068580000000000196e-01
1.037470000000000027e+03, -5.245220000000000438e-01
1.037480000000000018e+03, 1.200179999999999997e-01
1.037500000000000000e+03, 1.840130000000000043e+00
1.037519999999999982e+03, 1.034680000000000044e+00
1.037529999999999973e+03, 9.134569999999999634e-01
1.037549999999999955e+03, -7.811379999999999990e-01
1.037569999999999936e+03, -1.662630000000000011e-02
1.037579999999999927e+03, -1.850959999999999939e+00
1.037599999999999909e+03, -2.817100000000000160e-01
1.037619999999999891e+03, 1.179340000000000055e+00
1.037630000000000109e+03, -3.876629999999999798e-01
1.037650000000000091e+03, 3.277340000000000253e-01
1.037670000000000073e+03, 4.916449999999999987e-01
1.037680000000000064e+03, 1.517060000000000075e+00
1.037700000000000045e+03, -3.548080000000000123e-01
1.037720000000000027e+03, 9.640360000000000040e-01
1.037730000000000018e+03, 6.886679999999999469e-01
1.037750000000000000e+03, -2.859749999999999792e-01
1.037769999999999982e+03, 9.161959999999999549e-02
1.037779999999999973e+03, 1.307349999999999901e-01
1.037799999999999955e+03, 4.379179999999999739e-01
1.037819999999999936e+03, -1.374770000000000048e+00
1.037829999999999927e+03, -1.018070000000000030e+00
1.037849999999999909e+03, -5.365290000000000337e-02
1.037869999999999891e+03, 1.834109999999999907e+00
1.037880000000000109e+03, 1.206329999999999902e+00
1.037900000000000091e+03, 8.028070000000000483e-01
1.037920000000000073e+03, -1.526800000000000102e-01
1.037930000000000064e+03, -7.624069999999999458e-01
1.037950000000000045e+03, 2.490999999999999881e-01
1.037970000000000027e+03, 5.438840000000000341e-01
1.037980000000000018e+03, 4.173220000000000263e-01
1.038000000000000000e+03, 8.042559999999999709e-01
1.038019999999999982e+03, 8.367310000000000025e-01
1.038029999999999973e+03, -4.877259999999999929e-01
1.038049999999999955e+03, -3.600470000000000059e-01
1.038069999999999936e+03, 5.807650000000000312e-02
1.038079999999999927e+03, -1.454399999999999915e+00
1.038099999999999909e+03, 2.087160000000000057e-02
1.038119999999999891e+03, -2.364310000000000109e-03
1.038130000000000109e+03, 3.466400000000000037e-01
1.038150000000000091e+03, 8.196120000000000072e-01
1.038170000000000073e+03, -1.220409999999999995e+00
1.038180000000000064e+03, -1.162740000000000107e+00
1.038200000000000045e+03, 3.163610000000000033e-01
1.038220000000000027e+03, -1.995180000000000009e-01
1.038230000000000018e+03, 3.670140000000000069e-01
1.038250000000000000e+03, 8.071350000000000469e-01
1.038269999999999982e+03, 4.835829999999999851e-01
1.038279999999999973e+03, 5.112429999999999752e-02
1.038299999999999955e+03, 8.230429999999999691e-01
1.038319999999999936e+03, -1.508099999999999996e-01
1.038329999999999927e+03, -5.871889999999999749e-02
1.038349999999999909e+03, 2.509919999999999929e-01
1.038369999999999891e+03, 9.360690000000000399e-01
1.038380000000000109e+03, 2.927980000000000027e-01
1.038400000000000091e+03, -1.256849999999999912e-01
1.038420000000000073e+03, -3.527159999999999740e-01
1.038430000000000064e+03, -1.325660000000000061e+00
1.038450000000000045e+03, -1.046589999999999909e+00
1.038470000000000027e+03, 4.647229999999999972e-01
1.038480000000000018e+03, 4.635290000000000243e-01
1.038500000000000000e+03, -1.447759999999999936e+00
1.038519999999999982e+03, -6.007350000000000190e-01
1.038529999999999973e+03, 4.072979999999999656e-02
1.038549999999999955e+03, 1.959829999999999961e+00
1.038569999999999936e+03, 2.049650000000000194e+00
1.038579999999999927e+03, 6.130560000000000453e-01
1.038599999999999909e+03, 7.005019999999999580e-01
1.038619999999999891e+03, -5.523240000000000371e-01
1.038630000000000109e+03, 1.652220000000000077e-01
1.038650000000000091e+03, -4.048970000000000069e-01
1.038670000000000073e+03, 9.217150000000000343e-02
1.038680000000000064e+03, -1.080049999999999955e+00
1.038700000000000045e+03, 3.296129999999999893e-01
1.038720000000000027e+03, 9.031069999999999931e-01
1.038730000000000018e+03, 1.828629999999999978e-01
1.038750000000000000e+03, -2.857779999999999765e-01
1.038769999999999982e+03, 1.079550000000000010e+00
1.038779999999999973e+03, 1.045770000000000033e-01
1.038799999999999955e+03, 4.307469999999999910e-01
1.038819999999999936e+03, -6.732660000000000311e-01
1.038829999999999927e+03, -1.224069999999999991e+00
1.038849999999999909e+03, -6.186509999999999510e-01
1.038869999999999891e+03, -1.466749999999999998e+00
1.038880000000000109e+03, -8.471419999999999506e-01
1.038900000000000091e+03, 2.147529999999999994e-01
1.038920000000000073e+03, -3.919070000000000054e-01
1.038930000000000064e+03, 1.119139999999999996e-01
1.038950000000000045e+03, -5.466339999999999533e-01
1.038970000000000027e+03, 2.204139999999999988e-01
1.038980000000000018e+03, 5.584679999999999644e-01
1.039000000000000000e+03, 1.490930000000000089e+00
1.039019999999999982e+03, -1.209319999999999951e+00
1.039029999999999973e+03, -1.321919999999999984e+00
1.039049999999999955e+03, -2.149060000000000137e-01
1.039069999999999936e+03, -2.124299999999999855e+00
1.039079999999999927e+03, -2.935719999999999996e-01
1.039099999999999909e+03, 8.246850000000000014e-01
1.039119999999999891e+03, 1.074619999999999909e+00
1.039130000000000109e+03, 8.035080000000000000e-02
1.039150000000000091e+03, 2.221549999999999914e-01
1.039170000000000073e+03, -1.045269999999999921e+00
1.039180000000000064e+03, -1.047479999999999967e+00
1.039200000000000045e+03, -4.326539999999999830e-01
1.039220000000000027e+03, -4.408480000000000176e-01
1.039230000000000018e+03, 1.472289999999999988e-01
1.039250000000000000e+03, 1.243749999999999911e+00
1.039269999999999982e+03, 1.363459999999999894e+00
1.039279999999999973e+03, 3.315100000000000269e-01
1.039299999999999955e+03, -1.791089999999999904e-01
1.039319999999999936e+03, 1.592559999999999976e+00
1.039329999999999927e+03, 1.731179999999999941e+00
1.039349999999999909e+03, 2.399280000000000079e+00
1.039369999999999891e+03, 3.640990000000000060e-01
1.039380000000000109e+03, -3.958980000000000277e-01
1.039400000000000091e+03, -1.807639999999999914e+00
1.039420000000000073e+03, -1.061809999999999921e+00
1.039430000000000064e+03, -1.525700000000000112e-01
1.039450000000000045e+03, 4.448739999999999917e-01
1.039470000000000027e+03, -2.949280000000000235e-01
1.039480000000000018e+03, -8.345820000000000460e-01
1.039500000000000000e+03, 2.484709999999999974e-01
1.039519999999999982e+03, -2.648760000000000003e-01
1.039529999999999973e+03, -4.756980000000000097e-01
1.039549999999999955e+03, -5.033849999999999714e-01
1.039569999999999936e+03, -1.649210000000000120e-01
1.039579999999999927e+03, -6.669399999999999773e-01
1.039599999999999909e+03, -1.676020000000000065e+00
1.039619999999999891e+03, -7.035540000000000127e-01
1.039630000000000109e+03, 1.040799999999999947e+00
1.039650000000000091e+03, -1.008239999999999970e-01
1.039670000000000073e+03, 3.796289999999999942e-01
1.039680000000000064e+03, 2.422420000000000129e-01
1.039700000000000045e+03, 3.742460000000000231e-01
1.039720000000000027e+03, 3.992459999999999898e-01
1.039730000000000018e+03, 6.810680000000000067e-01
1.039750000000000000e+03, -8.841809999999999947e-02
1.039769999999999982e+03, -1.060630000000000045e-01
1.039779999999999973e+03, 3.906810000000000005e-01
1.039799999999999955e+03, 9.688609999999999722e-01
1.039819999999999936e+03, 1.256259999999999932e+00
1.039829999999999927e+03, 5.525170000000000359e-01
1.039849999999999909e+03, -1.312480000000000036e-01
1.039869999999999891e+03, -1.561549999999999883e-01
1.039880000000000109e+03, 1.209219999999999962e+00
1.039900000000000091e+03, 6.230719999999999592e-01
1.039920000000000073e+03, 1.075420000000000043e+00
1.039930000000000064e+03, -3.454180000000000028e-01
1.039950000000000045e+03, -2.017770000000000119e-01
1.039970000000000027e+03, -5.570699999999999541e-01
1.039980000000000018e+03, -1.238799999999999901e+00
1.040000000000000000e+03, -1.670549999999999979e+00
1.040019999999999982e+03, -7.817760000000000264e-01
1.040029999999999973e+03, 2.766330000000000178e-01
1.040049999999999955e+03, -6.146189999999999987e-02
1.040069999999999936e+03, -2.319970000000000088e-01
1.040079999999999927e+03, -5.020710000000000450e-01
1.040099999999999909e+03, 3.461540000000000172e-01
1.040119999999999891e+03, 9.422469999999999457e-01
1.040130000000000109e+03, 2.513159999999999838e-01
1.040150000000000091e+03, 1.391110000000000069e+00
1.040170000000000073e+03, 2.283959999999999879e-01
1.040180000000000064e+03, 1.351120000000000099e-01
1.040200000000000045e+03, 2.542889999999999873e-01
1.040220000000000027e+03, -1.131450000000000067e+00
1.040230000000000018e+03, -6.746360000000000134e-01
1.040250000000000000e+03, -1.134219999999999950e-01
1.040269999999999982e+03, -3.048250000000000126e-01
1.040279999999999973e+03, -1.330170000000000075e+00
1.040299999999999955e+03, 6.025230000000000308e-01
1.040319999999999936e+03, 6.775539999999999896e-01
1.040329999999999927e+03, 1.868360000000000021e+00
1.040349999999999909e+03, 4.893290000000000139e-01
1.040369999999999891e+03, -1.158169999999999922e+00
1.040380000000000109e+03, -1.042319999999999913e+00
1.040400000000000091e+03, -1.095080000000000053e+00
1.040420000000000073e+03, -5.200550000000000450e-01
1.040430000000000064e+03, -4.813439999999999941e-01
1.040450000000000045e+03, 3.293240000000000056e-01
1.040470000000000027e+03, 1.027529999999999971e-01
1.040480000000000018e+03, 6.308510000000000506e-01
1.040500000000000000e+03, 6.283189999999999609e-01
1.040519999999999982e+03, 1.146919999999999940e+00
1.040529999999999973e+03, 2.459999999999999964e-01
1.040549999999999955e+03, -1.070149999999999935e+00
1.040569999999999936e+03, -1.104749999999999899e+00
1.040579999999999927e+03, 8.653370000000000506e-02
1.040599999999999909e+03, 8.647259999999999946e-01
1.040619999999999891e+03, 1.269640000000000102e+00
1.040630000000000109e+03, 1.504550000000000054e+00
1.040650000000000091e+03, -1.463049999999999906e-01
1.040670000000000073e+03, -1.305900000000000061e+00
1.040680000000000064e+03, -1.384870000000000045e+00
1.040700000000000045e+03, -1.745740000000000069e-01
1.040720000000000027e+03, -9.937589999999999479e-01
1.040730000000000018e+03, -1.262899999999999912e+00
1.040750000000000000e+03, -1.608140000000000125e-01
1.040769999999999982e+03, 1.355469999999999953e+00
1.040779999999999973e+03, 1.720589999999999897e-01
1.040799999999999955e+03, 5.765080000000000204e-01
1.040819999999999936e+03, 6.067430000000000045e-02
1.040829999999999927e+03, -1.687249999999999917e+00
1.040849999999999909e+03, -7.891709999999999559e-01
1.040869999999999891e+03, -1.272180000000000089e+00
1.040880000000000109e+03, 1.573910000000000031e-01
1.040900000000000091e+03, -6.127409999999999801e-01
1.040920000000000073e+03, -1.689049999999999940e+00
1.040930000000000064e+03, -8.313129999999999686e-01
1.040950000000000045e+03, 3.376399999999999957e-01
1.040970000000000027e+03, 5.086239999999999650e-01
1.040980000000000018e+03, 4.691520000000000135e-01
1.041000000000000000e+03, 2.442709999999999881e-01
1.041019999999999982e+03, -1.184989999999999988e+00
1.041029999999999973e+03, -9.178070000000000395e-01
1.041049999999999955e+03, -4.824769999999999892e-01
1.041069999999999936e+03, -6.069170000000000398e-01
1.041079999999999927e+03, 6.085800000000000098e-01
1.041099999999999909e+03, 5.210460000000000091e-01
1.041119999999999891e+03, 1.892129999999999923e-01
1.041130000000000109e+03, 1.199820000000000109e+00
1.041150000000000091e+03, -3.578749999999999987e-01
1.041170000000000073e+03, -1.510819999999999941e-01
1.041180000000000064e+03, -2.649679999999999813e-01
1.041200000000000045e+03, -8.115130000000000399e-01
1.041220000000000027e+03, -4.613639999999999963e-01
1.041230000000000018e+03, 1.415429999999999966e+00
1.041250000000000000e+03, 4.397150000000000225e-01
1.041269999999999982e+03, 8.667749999999999622e-01
1.041279999999999973e+03, 1.106289999999999996e+00
1.041299999999999955e+03, 7.435389999999999500e-01
1.041319999999999936e+03, -1.840890000000000026e-01
1.041329999999999927e+03, 1.062570000000000014e+00
1.041349999999999909e+03, 1.449070000000000080e+00
1.041369999999999891e+03, 5.596950000000000536e-01
1.041380000000000109e+03, -9.314470000000000249e-01
1.041400000000000091e+03, 2.525000000000000022e-01
1.041420000000000073e+03, -5.116899999999999747e-03
1.041430000000000064e+03, 9.875890000000000502e-01
1.041450000000000045e+03, 1.090079999999999938e+00
1.041470000000000027e+03, -9.185550000000000104e-01
1.041480000000000018e+03, -1.448290000000000077e+00
1.041500000000000000e+03, 2.818640000000000034e-01
1.041519999999999982e+03, -2.049640000000000073e-01
1.041529999999999973e+03, 2.534179999999999766e-01
1.041549999999999955e+03, 2.197260000000000046e-01
1.041569999999999936e+03, -8.463760000000000172e-01
1.041579999999999927e+03, 2.699669999999999848e-02
1.041599999999999909e+03, 1.205489999999999950e+00
1.041619999999999891e+03, 1.375750000000000028e+00
1.041630000000000109e+03, -4.944100000000000161e-01
1.041650000000000091e+03, -1.996469999999999842e-02
1.041670000000000073e+03, -1.077059999999999962e-01
1.041680000000000064e+03, -4.657689999999999886e-01
1.041700000000000045e+03, 2.920699999999999963e-01
1.041720000000000027e+03, -2.157409999999999883e-01
1.041730000000000018e+03, 6.365640000000000187e-02
1.041750000000000000e+03, -1.838659999999999961e+00
1.041769999999999982e+03, -1.773570000000000091e+00
1.041779999999999973e+03, -9.459830000000000183e-01
1.041799999999999955e+03, 5.608950000000000324e-01
1.041819999999999936e+03, 1.812820000000000098e+00
1.041829999999999927e+03, 1.079879999999999951e+00
1.041849999999999909e+03, -8.076849999999999863e-01
1.041869999999999891e+03, 1.126829999999999998e+00
1.041880000000000109e+03, -8.481349999999999723e-01
1.041900000000000091e+03, -3.492350000000000176e-01
1.041920000000000073e+03, 2.867770000000000041e-01
1.041930000000000064e+03, 3.244919999999999749e-02
1.041950000000000045e+03, -1.889580000000000037e+00
1.041970000000000027e+03, -1.290020000000000056e-01
1.041980000000000018e+03, 8.130270000000000552e-01
1.042000000000000000e+03, 1.236220000000000097e+00
1.042019999999999982e+03, 7.532130000000000214e-01
1.042029999999999973e+03, -3.362479999999999913e-01
1.042049999999999955e+03, -8.778409999999999824e-01
1.042069999999999936e+03, 2.039110000000000089e-01
1.042079999999999927e+03, 1.103450000000000042e+00
1.042099999999999909e+03, 6.379879999999999995e-01
1.042119999999999891e+03, 3.655989999999999934e-02
1.042130000000000109e+03, 1.134640000000000093e+00
1.042150000000000091e+03, 7.464610000000000412e-01
1.042170000000000073e+03, -2.192880000000000107e-01
1.042180000000000064e+03, -8.491570000000000368e-03
1.042200000000000045e+03, -6.258920000000000039e-01
1.042220000000000027e+03, -4.244149999999999867e-01
1.042230000000000018e+03, 5.086319999999999730e-01
1.042250000000000000e+03, -1.191030000000000033e+00
1.042269999999999982e+03, -6.056840000000000002e-01
1.042279999999999973e+03, 2.690359999999999974e-01
1.042299999999999955e+03, -5.124199999999999866e-01
1.042319999999999936e+03, -2.281249999999999944e-01
1.042329999999999927e+03, 1.125720000000000057e-04
1.042349999999999909e+03, 4.398469999999999880e-01
1.042369999999999891e+03, -5.195049999999999946e-01
1.042380000000000109e+03, -7.534030000000000449e-01
1.042400000000000091e+03, 5.584500000000000020e-01
1.042420000000000073e+03, -1.093100000000000061e-03
1.042430000000000064e+03, 9.766660000000000341e-01
1.042450000000000045e+03, 4.060739999999999905e-01
1.042470000000000027e+03, -9.583809999999999552e-02
1.042480000000000018e+03, -4.052669999999999884e-01
1.042500000000000000e+03, 1.654629999999999990e-01
1.042519999999999982e+03, -1.461240000000000039e-01
1.042529999999999973e+03, -6.706870000000000331e-01
1.042549999999999955e+03, 6.076009999999999467e-01
1.042569999999999936e+03, -7.107239999999999391e-02
1.042579999999999927e+03, -1.663669999999999982e+00
1.042599999999999909e+03, -4.049960000000000226e-01
1.042619999999999891e+03, 3.726059999999999928e-01
1.042630000000000109e+03, 4.079420000000000268e-01
1.042650000000000091e+03, 4.506600000000000050e-01
1.042670000000000073e+03, -7.630860000000000420e-01
1.042680000000000064e+03, 6.302659999999999929e-01
1.042700000000000045e+03, 1.630719999999999947e-01
1.042720000000000027e+03, -5.977949999999999653e-01
1.042730000000000018e+03, -5.658079999999999776e-01
1.042750000000000000e+03, -5.766790000000000527e-01
1.042769999999999982e+03, -9.212709999999999511e-01
1.042779999999999973e+03, -1.206760000000000055e+00
1.042799999999999955e+03, 2.393619999999999914e-01
1.042819999999999936e+03, 5.391200000000000436e-01
1.042829999999999927e+03, -1.573320000000000052e+00
1.042849999999999909e+03, -1.949880000000000058e+00
1.042869999999999891e+03, 6.716980000000000173e-02
1.042880000000000109e+03, -8.732849999999999779e-01
1.042900000000000091e+03, -4.870599999999999929e-02
1.042920000000000073e+03, 1.607820000000000027e+00
1.042930000000000064e+03, 1.368079999999999963e+00
1.042950000000000045e+03, 6.475060000000000364e-03
1.042970000000000027e+03, -1.499880000000000102e+00
1.042980000000000018e+03, -1.850840000000000041e+00
1.043000000000000000e+03, -2.995399999999999729e-01
1.043019999999999982e+03, -4.295220000000000149e-01
1.043029999999999973e+03, 8.652640000000000331e-01
1.043049999999999955e+03, 6.088989999999999680e-01
1.043069999999999936e+03, 5.007099999999999884e-01
1.043079999999999927e+03, -3.694720000000000226e-01
1.043099999999999909e+03, 1.424150000000000069e-02
1.043119999999999891e+03, -1.462329999999999908e+00
1.043130000000000109e+03, 2.113750000000000073e-01
1.043150000000000091e+03, -6.321600000000000552e-01
1.043170000000000073e+03, -5.877120000000000122e-01
1.043180000000000064e+03, -9.616039999999999310e-02
1.043200000000000045e+03, 2.978069999999999884e-01
1.043220000000000027e+03, -4.955109999999999792e-01
1.043230000000000018e+03, -5.835089999999999721e-02
1.043250000000000000e+03, 4.828810000000000047e-01
1.043269999999999982e+03, 1.216980000000000006e-01
1.043279999999999973e+03, 1.536990000000000078e+00
1.043299999999999955e+03, 7.801780000000000381e-01
1.043319999999999936e+03, 2.320770000000000000e+00
1.043329999999999927e+03, 1.945740000000000025e+00
1.043349999999999909e+03, 1.123750000000000027e+00
1.043369999999999891e+03, -5.034570000000000434e-01
1.043380000000000109e+03, -3.746940000000000270e-01
1.043400000000000091e+03, -5.083889999999999798e-01
1.043420000000000073e+03, -2.160740000000000105e+00
1.043430000000000064e+03, -1.238979999999999970e+00
1.043450000000000045e+03, -4.154030000000000222e-01
1.043470000000000027e+03, 3.505489999999999995e-01
1.043480000000000018e+03, 5.024239999999999817e-01
1.043500000000000000e+03, 2.210989999999999900e-01
1.043519999999999982e+03, 3.708600000000000230e-01
1.043529999999999973e+03, 2.899989999999999860e-02
1.043549999999999955e+03, -1.383939999999999892e-01
1.043569999999999936e+03, -2.156109999999999971e-01
1.043579999999999927e+03, 2.367249999999999910e-01
1.043599999999999909e+03, -1.427270000000000039e+00
1.043619999999999891e+03, 8.268379999999999619e-01
1.043630000000000109e+03, -2.478509999999999880e-01
1.043650000000000091e+03, -5.909140000000000503e-01
1.043670000000000073e+03, 2.442479999999999929e-01
1.043680000000000064e+03, 2.925800000000000067e-01
1.043700000000000045e+03, 1.080949999999999966e-01
1.043720000000000027e+03, 1.305479999999999974e+00
1.043730000000000018e+03, 5.966209999999999569e-01
1.043750000000000000e+03, -5.253560000000000452e-01
1.043769999999999982e+03, -4.606069999999999887e-01
1.043779999999999973e+03, -2.160620000000000041e-01
1.043799999999999955e+03, 3.760800000000000254e-01
1.043819999999999936e+03, 1.433890000000000109e+00
1.043829999999999927e+03, 1.026459999999999928e+00
1.043849999999999909e+03, -3.265429999999999722e-02
1.043869999999999891e+03, 3.656340000000000146e-01
1.043880000000000109e+03, -1.142210000000000031e-01
1.043900000000000091e+03, -1.834019999999999984e+00
1.043920000000000073e+03, -1.026089999999999947e+00
1.043930000000000064e+03, -9.557160000000000100e-01
1.043950000000000045e+03, -1.086149999999999949e+00
1.043970000000000027e+03, -7.123500000000000387e-01
1.043980000000000018e+03, 6.769490000000000229e-01
1.044000000000000000e+03, -5.777330000000000521e-01
1.044019999999999982e+03, 2.209379999999999955e-01
1.044029999999999973e+03, 7.705809999999999604e-01
1.044049999999999955e+03, 1.408570000000000100e-01
1.044069999999999936e+03, 7.518979999999999761e-03
1.044079999999999927e+03, 3.687830000000000275e-01
1.044099999999999909e+03, 1.360389999999999933e-01
1.044119999999999891e+03, -2.659039999999999737e-01
1.044130000000000109e+03, -1.280159999999999909e-01
1.044150000000000091e+03, -1.072880000000000056e+00
1.044170000000000073e+03, -3.648790000000000089e-01
1.044180000000000064e+03, -1.489249999999999963e+00
1.044200000000000045e+03, 2.624690000000000079e-01
1.044220000000000027e+03, 5.908930000000000016e-01
1.044230000000000018e+03, -4.860320000000000196e-01
1.044250000000000000e+03, 1.487360000000000071e-02
1.044269999999999982e+03, -9.249300000000000299e-01
1.044279999999999973e+03, 7.595199999999999729e-01
1.044299999999999955e+03, -2.544980000000000020e-01
1.044319999999999936e+03, 6.893230000000000190e-01
1.044329999999999927e+03, -1.158360000000000056e+00
1.044349999999999909e+03, -2.771390000000000242e-01
1.044369999999999891e+03, 1.827450000000000019e+00
1.044380000000000109e+03, 4.008639999999999981e-01
1.044400000000000091e+03, -3.479960000000000275e-01
1.044420000000000073e+03, -7.442530000000000534e-01
1.044430000000000064e+03, -8.979270000000000307e-01
1.044450000000000045e+03, -3.077050000000000063e-01
1.044470000000000027e+03, -3.774230000000000085e-01
1.044480000000000018e+03, -5.279080000000000439e-01
1.044500000000000000e+03, -6.873350000000000293e-01
1.044519999999999982e+03, 4.312159999999999882e-01
1.044529999999999973e+03, -5.447859999999999682e-03
1.044549999999999955e+03, 9.577309999999999990e-02
1.044569999999999936e+03, 6.773900000000000476e-01
1.044579999999999927e+03, 1.668840000000000101e+00
1.044599999999999909e+03, 1.211919999999999942e-01
1.044619999999999891e+03, 7.584640000000000271e-01
1.044630000000000109e+03, -2.758970000000000034e-01
1.044650000000000091e+03, -1.710589999999999888e-01
1.044670000000000073e+03, -8.440870000000000317e-01
1.044680000000000064e+03, 2.255369999999999875e-01
1.044700000000000045e+03, 6.718960000000000488e-01
1.044720000000000027e+03, 4.237480000000000135e-01
1.044730000000000018e+03, 1.223919999999999897e+00
1.044750000000000000e+03, -1.413179999999999992e-01
1.044769999999999982e+03, -1.085609999999999964e+00
1.044779999999999973e+03, -4.051370000000000249e-01
1.044799999999999955e+03, -4.381849999999999912e-01
1.044819999999999936e+03, 1.720900000000000096e+00
1.044829999999999927e+03, 1.633440000000000003e+00
1.044849999999999909e+03, 1.211519999999999930e+00
1.044869999999999891e+03, -1.472239999999999993e+00
1.044880000000000109e+03, 7.074279999999999458e-01
1.044900000000000091e+03, 1.796899999999999942e+00
1.044920000000000073e+03, 8.232549999999999590e-01
1.044930000000000064e+03, 5.353539999999999965e-01
1.044950000000000045e+03, 2.027849999999999930e-01
1.044970000000000027e+03, -1.729999999999999871e-01
1.044980000000000018e+03, -1.459159999999999902e-01
1.045000000000000000e+03, 2.666580000000000061e-01
1.045019999999999982e+03, 7.180010000000000003e-01
1.045029999999999973e+03, -9.280380000000000296e-01
1.045049999999999955e+03, 5.098129999999999606e-01
1.045069999999999936e+03, 3.231180000000000163e-01
1.045079999999999927e+03, 9.579699999999999882e-01
1.045099999999999909e+03, 1.176500000000000101e+00
1.045119999999999891e+03, -2.098720000000000099e-02
1.045130000000000109e+03, 1.437149999999999928e+00
1.045150000000000091e+03, -1.850349999999999939e+00
1.045170000000000073e+03, -1.944099999999999939e+00
1.045180000000000064e+03, 1.368519999999999980e-02
1.045200000000000045e+03, -1.518329999999999957e-01
1.045220000000000027e+03, 7.475390000000000160e-03
1.045230000000000018e+03, 5.224630000000000246e-02
1.045250000000000000e+03, -1.614619999999999944e+00
1.045269999999999982e+03, 1.028350000000000097e+00
1.045279999999999973e+03, -1.196159999999999890e+00
1.045299999999999955e+03, -8.457550000000000345e-01
1.045319999999999936e+03, 9.067199999999999704e-01
1.045329999999999927e+03, 3.447620000000000129e-01
1.045349999999999909e+03, 9.738860000000000294e-01
1.045369999999999891e+03, 3.937100000000000044e-01
1.045380000000000109e+03, 7.191509999999999847e-01
1.045400000000000091e+03, -4.613570000000000171e-01
1.045420000000000073e+03, -5.749600000000000266e-01
1.045430000000000064e+03, 1.956269999999999953e-01
1.045450000000000045e+03, 2.367269999999999930e-01
1.045470000000000027e+03, 3.015479999999999827e-01
1.045480000000000018e+03, -8.620729999999999782e-01
1.045500000000000000e+03, -1.961029999999999995e-01
1.045519999999999982e+03, -1.668220000000000036e+00
1.045529999999999973e+03, 2.596979999999999844e-01
1.045549999999999955e+03, -4.861240000000000006e-02
1.045569999999999936e+03, 2.185100000000000098e-01
1.045579999999999927e+03, 1.306489999999999929e+00
1.045599999999999909e+03, -1.288669999999999982e+00
1.045619999999999891e+03, 5.778740000000000265e-02
1.045630000000000109e+03, 1.224020000000000108e+00
1.045650000000000091e+03, 4.817020000000000191e-01
1.045670000000000073e+03, 4.141250000000000209e-01
1.045680000000000064e+03, -2.122890000000000055e-01
1.045700000000000045e+03, -7.123390000000000555e-01
1.045720000000000027e+03, -4.049240000000000061e-01
1.045730000000000018e+03, 8.919120000000000381e-01
1.045750000000000000e+03, 3.895750000000000046e-01
1.045769999999999982e+03, -7.591370000000000062e-02
1.045779999999999973e+03, 1.641710000000000114e-01
1.045799999999999955e+03, -2.556689999999999796e-01
1.045819999999999936e+03, 7.605079999999999618e-01
1.045829999999999927e+03, 5.261839999999999851e-01
1.045849999999999909e+03, -2.153639999999999999e-01
1.045869999999999891e+03, 1.567220000000000057e+00
1.045880000000000109e+03, -2.387600000000000000e-01
1.045900000000000091e+03, -7.412419999999999565e-01
1.045920000000000073e+03, 7.004510000000000458e-01
1.045930000000000064e+03, -8.529700000000000060e-01
1.045950000000000045e+03, -2.108610000000000095e+00
1.045970000000000027e+03, -1.259800000000000031e+00
1.045980000000000018e+03, -9.981970000000000010e-01
1.046000000000000000e+03, 1.122989999999999933e+00
1.046019999999999982e+03, -5.586569999999999592e-01
1.046029999999999973e+03, -2.926920000000000077e-01
1.046049999999999955e+03, -4.748209999999999931e-01
1.046069999999999936e+03, -3.331020000000000092e-01
1.046079999999999927e+03, -7.138109999999999733e-01
1.046099999999999909e+03, 6.711080000000000378e-01
1.046119999999999891e+03, 5.263380000000000142e-02
1.046130000000000109e+03, 2.145970000000000155e+00
1.046150000000000091e+03, 6.402179999999999538e-01
1.046170000000000073e+03, 1.169440000000000063e-01
1.046180000000000064e+03, -1.821439999999999948e+00
1.046200000000000045e+03, 8.020479999999999832e-01
1.046220000000000027e+03, 1.797040000000000026e-01
1.046230000000000018e+03, -1.122090000000000032e+00
1.046250000000000000e+03, -1.850559999999999983e+00
1.046269999999999982e+03, -1.624659999999999993e+00
1.046279999999999973e+03, -9.970809999999999396e-02
1.046299999999999955e+03, 5.785259999999999847e-01
1.046319999999999936e+03, 8.092299999999999494e-02
1.046329999999999927e+03, 2.976929999999999854e-01
1.046349999999999909e+03, 3.192459999999999742e-01
1.046369999999999891e+03, -1.588239999999999930e-01
1.046380000000000109e+03, -2.874169999999999781e-01
1.046400000000000091e+03, -8.177590000000000137e-01
1.046420000000000073e+03, 9.492230000000000389e-01
1.046430000000000064e+03, 1.159820000000000073e+00
1.046450000000000045e+03, 2.324970000000000092e-01
1.046470000000000027e+03, -2.337260000000000115e+00
1.046480000000000018e+03, 1.029870000000000063e+00
1.046500000000000000e+03, -1.225300000000000056e+00
1.046519999999999982e+03, 2.340409999999999990e-01
1.046529999999999973e+03, 5.536649999999999627e-01
1.046549999999999955e+03, -1.054030000000000022e+00
1.046569999999999936e+03, -1.275970000000000049e+00
1.046579999999999927e+03, -8.931679999999999620e-01
1.046599999999999909e+03, -3.294869999999999743e-01
1.046619999999999891e+03, -2.240040000000000087e-01
1.046630000000000109e+03, 1.006259999999999932e+00
1.046650000000000091e+03, 2.389169999999999905e-01
1.046670000000000073e+03, 1.042769999999999975e+00
1.046680000000000064e+03, -1.904210000000000069e-01
1.046700000000000045e+03, -7.124219999999999997e-01
1.046720000000000027e+03, 8.128220000000000445e-01
1.046730000000000018e+03, -4.653960000000000041e-02
1.046750000000000000e+03, 6.076700000000000434e-01
1.046769999999999982e+03, 2.011200000000000099e+00
1.046779999999999973e+03, -6.930800000000000294e-01
1.046799999999999955e+03, -6.210050000000000292e-01
1.046819999999999936e+03, -4.875039999999999929e-01
1.046829999999999927e+03, -5.592909999999999826e-01
1.046849999999999909e+03, -1.175950000000000051e+00
1.046869999999999891e+03, -3.821260000000000212e-01
1.046880000000000109e+03, 3.366399999999999948e-01
1.046900000000000091e+03, -5.166749999999999954e-01
1.046920000000000073e+03, -6.639610000000000234e-01
1.046930000000000064e+03, 6.462860000000000271e-01
1.046950000000000045e+03, 6.943270000000000275e-01
1.046970000000000027e+03, 8.916290000000000049e-01
1.046980000000000018e+03, 4.507479999999999820e-02
1.047000000000000000e+03, 7.296970000000000400e-01
1.047019999999999982e+03, 3.663739999999999775e-01
1.047029999999999973e+03, 1.667119999999999935e+00
1.047049999999999955e+03, 2.782729999999999926e-01
1.047069999999999936e+03, -1.352829999999999977e+00
1.047079999999999927e+03, -2.902049999999999907e-01
1.047099999999999909e+03, -7.470510000000000206e-01
1.047119999999999891e+03, -7.856610000000000538e-01
1.047130000000000109e+03, 6.654400000000000315e-01
1.047150000000000091e+03, -2.022009999999999919e-01
1.047170000000000073e+03, 4.419540000000000135e-01
1.047180000000000064e+03, 1.450280000000000014e+00
1.047200000000000045e+03, 6.519859999999999545e-01
1.047220000000000027e+03, -2.161039999999999905e-01
1.047230000000000018e+03, 4.242719999999999825e-01
1.047250000000000000e+03, -1.270429999999999948e+00
1.047269999999999982e+03, -1.118479999999999919e+00
1.047279999999999973e+03, -3.302910000000000013e-01
1.047299999999999955e+03, -6.697410000000000307e-01
1.047319999999999936e+03, -2.486009999999999887e-01
1.047329999999999927e+03, 1.061399999999999899e+00
1.047349999999999909e+03, 1.419060000000000044e-01
1.047369999999999891e+03, -7.003570000000000073e-01
1.047380000000000109e+03, -2.310070000000000068e+00
1.047400000000000091e+03, 1.388709999999999944e-01
1.047420000000000073e+03, -3.170479999999999965e-01
1.047430000000000064e+03, -9.583110000000000239e-01
1.047450000000000045e+03, -8.951419999999999932e-01
1.047470000000000027e+03, -3.620610000000000217e-01
1.047480000000000018e+03, -9.013929999999999998e-01
1.047500000000000000e+03, 6.072910000000000114e-02
1.047519999999999982e+03, -9.386219999999999564e-01
1.047529999999999973e+03, 1.043530000000000069e+00
1.047549999999999955e+03, -8.412640000000000118e-01
1.047569999999999936e+03, 8.064500000000000002e-01
1.047579999999999927e+03, -1.001350000000000018e-01
1.047599999999999909e+03, 7.654069999999999485e-01
1.047619999999999891e+03, -9.425350000000000394e-02
1.047630000000000109e+03, 7.131459999999999466e-01
1.047650000000000091e+03, -5.186539999999999900e-02
1.047670000000000073e+03, -4.076620000000000243e-01
1.047680000000000064e+03, -7.677249999999999908e-01
1.047700000000000045e+03, 5.706919999999999771e-01
1.047720000000000027e+03, -6.549130000000000229e-02
1.047730000000000018e+03, 1.033819999999999961e+00
1.047750000000000000e+03, 5.779879999999999463e-01
1.047769999999999982e+03, -1.062310000000000088e+00
1.047779999999999973e+03, -2.500589999999999757e-01
1.047799999999999955e+03, -1.489619999999999944e+00
1.047819999999999936e+03, -2.301310000000000022e-01
1.047829999999999927e+03, -2.804979999999999973e-02
1.047849999999999909e+03, 2.882379999999999942e-01
1.047869999999999891e+03, 2.701740000000000252e-01
1.047880000000000109e+03, 9.079990000000000006e-01
1.047900000000000091e+03, 4.837049999999999961e-01
1.047920000000000073e+03, -7.729810000000000292e-01
1.047930000000000064e+03, 9.691509999999999847e-01
1.047950000000000045e+03, 8.434559999999999835e-01
1.047970000000000027e+03, 3.116070000000000229e-01
1.047980000000000018e+03, 9.477670000000000261e-01
1.048000000000000000e+03, -2.538719999999999866e-01
1.048019999999999982e+03, -1.328759999999999941e+00
1.048029999999999973e+03, -8.713990000000000347e-01
1.048049999999999955e+03, -1.226690000000000058e+00
1.048069999999999936e+03, -7.866099999999999481e-02
1.048079999999999927e+03, -1.069059999999999899e+00
1.048099999999999909e+03, -5.565540000000000070e-02
1.048119999999999891e+03, 2.014660000000000117e+00
1.048130000000000109e+03, 3.140970000000000151e-01
1.048150000000000091e+03, -5.177279999999999660e-01
1.048170000000000073e+03, 7.270529999999999493e-01
1.048180000000000064e+03, -8.076510000000000078e-01
1.048200000000000045e+03, -1.538480000000000070e+00
1.048220000000000027e+03, -2.766750000000000043e-01
1.048230000000000018e+03, -5.843770000000000214e-02
1.048250000000000000e+03, 2.407440000000000135e-01
1.048269999999999982e+03, -5.786249999999999449e-01
1.048279999999999973e+03, 2.426959999999999784e+00
1.048299999999999955e+03, 3.650699999999999779e-02
1.048319999999999936e+03, 6.187820000000000542e-01
1.048329999999999927e+03, -2.473720000000000085e-01
1.048349999999999909e+03, -1.149699999999999944e+00
1.048369999999999891e+03, -7.714490000000000514e-01
1.048380000000000109e+03, 3.146599999999999953e-01
1.048400000000000091e+03, -2.842100000000000182e-01
1.048420000000000073e+03, 2.059750000000000192e+00
1.048430000000000064e+03, 1.176649999999999974e+00
1.048450000000000045e+03, -2.901110000000000078e-01
1.048470000000000027e+03, 6.945599999999999552e-01
1.048480000000000018e+03, -1.403419999999999890e+00
1.048500000000000000e+03, 7.398009999999999309e-02
1.048519999999999982e+03, 1.202499999999999958e-01
1.048529999999999973e+03, 3.609939999999999816e-01
1.048549999999999955e+03, 9.112460000000000004e-02
1.048569999999999936e+03, -4.723120000000000096e-01
1.048579999999999927e+03, -9.571300000000000363e-01
1.048599999999999909e+03, 2.082050000000000012e-01
1.048619999999999891e+03, -4.811159999999999881e-01
1.048630000000000109e+03, -4.032459999999999933e-01
1.048650000000000091e+03, -4.330289999999999973e-01
1.048670000000000073e+03, -1.100200000000000067e+00
1.048680000000000064e+03, -1.098570000000000046e+00
1.048700000000000045e+03, 3.013700000000000059e-02
1.048720000000000027e+03, 2.769079999999999875e-01
1.048730000000000018e+03, 4.311119999999999952e-01
1.048750000000000000e+03, -6.106880000000000086e-01
1.048769999999999982e+03, -4.259410000000000140e-01
1.048779999999999973e+03, -1.152900000000000036e+00
1.048799999999999955e+03, 7.446769999999999778e-02
1.048819999999999936e+03, 5.593970000000000331e-01
1.048829999999999927e+03, -8.194059999999999677e-01
1.048849999999999909e+03, -1.531369999999999953e-01
1.048869999999999891e+03, -2.408140000000000003e-01
1.048880000000000109e+03, -2.965099999999999958e-01
1.048900000000000091e+03, -1.485230000000000050e+00
1.048920000000000073e+03, -3.328090000000000215e-01
1.048930000000000064e+03, 2.155730000000000146e+00
1.048950000000000045e+03, 1.434639999999999915e+00
1.048970000000000027e+03, -4.090529999999999999e-01
1.048980000000000018e+03, -7.462109999999999577e-01
1.049000000000000000e+03, -7.440330000000000554e-01
1.049019999999999982e+03, -9.909670000000000423e-01
1.049029999999999973e+03, 3.965690000000000048e-01
1.049049999999999955e+03, 3.847550000000000137e-01
1.049069999999999936e+03, 7.753679999999999461e-01
1.049079999999999927e+03, -1.629259999999999931e+00
1.049099999999999909e+03, -1.242920000000000025e+00
1.049119999999999891e+03, 3.391109999999999958e-01
1.049130000000000109e+03, 1.534859999999999891e+00
1.049150000000000091e+03, 8.567190000000000083e-01
1.049170000000000073e+03, 9.117110000000000491e-01
1.049180000000000064e+03, 3.936769999999999992e-01
1.049200000000000045e+03, -4.822759999999999825e-01
1.049220000000000027e+03, -8.608310000000000128e-01
1.049230000000000018e+03, 8.561590000000000034e-01
1.049250000000000000e+03, -2.822069999999999856e-01
1.049269999999999982e+03, 3.399309999999999832e-01
1.049279999999999973e+03, -4.839539999999999953e-01
1.049299999999999955e+03, -7.712290000000000534e-01
1.049319999999999936e+03, -3.786030000000000229e-01
1.049329999999999927e+03, 8.556439999999999602e-01
1.049349999999999909e+03, 1.626749999999999918e+00
1.049369999999999891e+03, 6.625199999999999978e-01
1.049380000000000109e+03, 1.317389999999999950e-01
1.049400000000000091e+03, 2.995300000000000185e-01
1.049420000000000073e+03, 1.413939999999999975e+00
1.049430000000000064e+03, -2.024809999999999999e+00
1.049450000000000045e+03, 2.157569999999999974e-02
1.049470000000000027e+03, 8.678919999999999968e-01
1.049480000000000018e+03, 5.985740000000000505e-01
1.049500000000000000e+03, -8.487869999999999582e-01
1.049519999999999982e+03, -9.237239999999999340e-02
1.049529999999999973e+03, 6.742719999999999825e-01
1.049549999999999955e+03, 5.214689999999999603e-01
1.049569999999999936e+03, -3.611909999999999843e-01
1.049579999999999927e+03, 5.872179999999999761e-02
1.049599999999999909e+03, -1.969789999999999874e-01
1.049619999999999891e+03, -5.095659999999999634e-01
1.049630000000000109e+03, -5.666530000000000178e-02
1.049650000000000091e+03, -1.150000000000000050e-01
1.049670000000000073e+03, 5.726219999999999644e-01
1.049680000000000064e+03, 7.137329999999999508e-01
1.049700000000000045e+03, 7.058950000000000502e-01
1.049720000000000027e+03, -1.515460000000000029e+00
1.049730000000000018e+03, 2.736140000000000239e-01
1.049750000000000000e+03, -4.994319999999999871e-01
1.049769999999999982e+03, 3.883070000000000133e-01
1.049779999999999973e+03, 9.258370000000000211e-01
1.049799999999999955e+03, 1.707390000000000019e-01
1.049819999999999936e+03, -5.158479999999999732e-01
1.049829999999999927e+03, -7.618179999999999397e-02
1.049849999999999909e+03, -1.007450000000000012e-01
1.049869999999999891e+03, -2.440530000000000130e-02
1.049880000000000109e+03, -1.121129999999999960e+00
1.049900000000000091e+03, -6.752189999999999581e-02
1.049920000000000073e+03, -3.620070000000000232e-01
1.049930000000000064e+03, -1.102149999999999963e+00
1.049950000000000045e+03, 1.746890000000000054e+00
1.049970000000000027e+03, 2.437790000000000123e+00
1.049980000000000018e+03, 6.706849999999999756e-01
1.050000000000000000e+03, -1.438719999999999999e+00
1.050019999999999982e+03, -1.214599999999999902e+00
1.050029999999999973e+03, -1.130130000000000023e-01
1.050049999999999955e+03, 7.554729999999999501e-01
1.050069999999999936e+03, -4.213749999999999996e-01
1.050079999999999927e+03, -9.957319999999999505e-01
1.050099999999999909e+03, -1.160550000000000054e-01
1.050119999999999891e+03, 7.445910000000000029e-01
1.050130000000000109e+03, 6.760019999999999918e-01
1.050150000000000091e+03, -5.584770000000000012e-01
1.050170000000000073e+03, 1.536899999999999933e-01
1.050180000000000064e+03, 4.089809999999999834e-01
1.050200000000000045e+03, -7.080400000000000027e-01
1.050220000000000027e+03, 7.727650000000000352e-01
1.050230000000000018e+03, 1.279539999999999900e+00
1.050250000000000000e+03, 1.261239999999999917e+00
1.050269999999999982e+03, 1.399469999999999881e-01
1.050279999999999973e+03, -5.993349999999999511e-01
1.050299999999999955e+03, -1.440669999999999895e+00
1.050319999999999936e+03, -1.015509999999999913e+00
1.050329999999999927e+03, 8.524319999999999675e-01
1.050349999999999909e+03, -5.132149999999999768e-01
1.050369999999999891e+03, 6.498000000000000442e-01
1.050380000000000109e+03, -2.081210000000000004e-01
1.050400000000000091e+03, -5.389530000000000154e-01
1.050420000000000073e+03, -7.683550000000000102e-01
1.050430000000000064e+03, -4.652850000000000041e-01
1.050450000000000045e+03, 4.212000000000000188e-01
1.050470000000000027e+03, -1.999549999999999939e-01
1.050480000000000018e+03, 3.568290000000000073e-01
1.050500000000000000e+03, -2.456439999999999839e-03
1.050519999999999982e+03, 5.958579999999999988e-01
1.050529999999999973e+03, 6.141809999999999770e-01
1.050549999999999955e+03, 1.903360000000000052e-01
1.050569999999999936e+03, -1.153799999999999937e+00
1.050579999999999927e+03, -1.017109999999999959e+00
1.050599999999999909e+03, 7.523570000000000257e-02
1.050619999999999891e+03, -2.428430000000000033e-01
1.050630000000000109e+03, -5.566020000000000412e-01
1.050650000000000091e+03, -3.855680000000000218e-01
1.050670000000000073e+03, -1.269190000000000040e+00
1.050680000000000064e+03, 8.693769999999999554e-01
1.050700000000000045e+03, 2.088769999999999794e+00
1.050720000000000027e+03, 1.075420000000000043e+00
1.050730000000000018e+03, -3.602350000000000274e-01
1.050750000000000000e+03, -1.733270000000000088e-01
1.050769999999999982e+03, -1.157129999999999992e+00
1.050779999999999973e+03, -1.650669999999999915e-01
1.050799999999999955e+03, 5.671760000000000135e-01
1.050819999999999936e+03, 1.124160000000000048e+00
1.050829999999999927e+03, 9.718560000000000532e-01
1.050849999999999909e+03, -3.915890000000000204e-01
1.050869999999999891e+03, -1.665489999999999915e+00
1.050880000000000109e+03, -6.165920000000000289e-01
1.050900000000000091e+03, 5.539970000000000311e-02
1.050920000000000073e+03, 1.075139999999999985e+00
1.050930000000000064e+03, 6.933340000000000058e-01
1.050950000000000045e+03, 1.231540000000000079e+00
1.050970000000000027e+03, -3.185369999999999868e-02
1.050980000000000018e+03, 3.716139999999999721e-02
1.051000000000000000e+03, -1.362440000000000095e+00
1.051019999999999982e+03, -1.226690000000000058e+00
1.051029999999999973e+03, 7.505610000000000059e-02
1.051049999999999955e+03, 1.024059999999999970e+00
1.051069999999999936e+03, 4.336330000000000046e-02
1.051079999999999927e+03, 1.089360000000000106e+00
1.051099999999999909e+03, -1.295009999999999994e+00
1.051119999999999891e+03, -8.413920000000000288e-01
1.051130000000000109e+03, 3.189540000000000153e-01
1.051150000000000091e+03, -1.015789999999999971e+00
1.051170000000000073e+03, 1.601750000000000007e+00
1.051180000000000064e+03, -4.276130000000000209e-01
1.051200000000000045e+03, -1.739279999999999993e-01
1.051220000000000027e+03, 8.566179999999999628e-02
1.051230000000000018e+03, -8.283300000000000107e-01
1.051250000000000000e+03, 1.204400000000000054e-01
1.051269999999999982e+03, 6.754390000000000116e-01
1.051279999999999973e+03, 1.305129999999999901e+00
1.051299999999999955e+03, 2.527200000000000002e-01
1.051319999999999936e+03, -8.436289999999999623e-01
1.051329999999999927e+03, -4.529210000000000180e-01
1.051349999999999909e+03, 6.202220000000000510e-01
1.051369999999999891e+03, -5.459249999999999936e-01
1.051380000000000109e+03, 3.511480000000000157e-01
1.051400000000000091e+03, 1.287809999999999899e+00
1.051420000000000073e+03, -2.900820000000000065e-01
1.051430000000000064e+03, 6.878020000000000245e-01
1.051450000000000045e+03, 5.342839999999999812e-01
1.051470000000000027e+03, 2.602579999999999893e-01
1.051480000000000018e+03, 8.307910000000000295e-02
1.051500000000000000e+03, -7.032089999999999730e-01
1.051519999999999982e+03, -5.194889999999999786e-01
1.051529999999999973e+03, -5.767360000000000264e-01
1.051549999999999955e+03, 1.010760000000000103e+00
1.051569999999999936e+03, -8.022920000000000051e-01
1.051579999999999927e+03, 3.798739999999999895e-01
1.051599999999999909e+03, -2.022529999999999883e-01
1.051619999999999891e+03, -4.073519999999999919e-01
1.051630000000000109e+03, -3.173859999999999876e-02
1.051650000000000091e+03, -7.608840000000000048e-01
1.051670000000000073e+03, 5.086319999999999730e-01
1.051680000000000064e+03, -5.460210000000000063e-03
1.051700000000000045e+03, 9.006169999999999454e-02
1.051720000000000027e+03, -5.370409999999999906e-01
1.051730000000000018e+03, 7.946299999999999475e-01
1.051750000000000000e+03, 6.531080000000000219e-01
1.051769999999999982e+03, -1.174139999999999961e+00
1.051779999999999973e+03, 1.514850000000000030e+00
1.051799999999999955e+03, 3.316060000000000119e-01
1.051819999999999936e+03, -8.800719999999999654e-01
1.051829999999999927e+03, -9.439809999999999590e-01
1.051849999999999909e+03, -1.099369999999999958e+00
1.051869999999999891e+03, -4.490550000000000097e-02
1.051880000000000109e+03, -2.831469999999999820e-01
1.051900000000000091e+03, 1.214409999999999989e+00
1.051920000000000073e+03, 2.516550000000000176e-01
1.051930000000000064e+03, -2.738689999999999736e-01
1.051950000000000045e+03, -8.215519999999999490e-01
1.051970000000000027e+03, -3.378519999999999857e-01
1.051980000000000018e+03, -1.520299999999999950e-02
1.052000000000000000e+03, 1.375580000000000136e-01
1.052019999999999982e+03, 1.096889999999999921e+00
1.052029999999999973e+03, -3.747219999999999995e-01
1.052049999999999955e+03, 1.412379999999999969e+00
1.052069999999999936e+03, 1.875380000000000047e+00
1.052079999999999927e+03, 2.112199999999999842e-02
1.052099999999999909e+03, -6.115559999999999885e-01
1.052119999999999891e+03, 4.664249999999999785e-01
1.052130000000000109e+03, -7.981209999999999694e-01
1.052150000000000091e+03, -9.680189999999999628e-01
1.052170000000000073e+03, 5.413219999999999837e-02
1.052180000000000064e+03, 2.478019999999999945e-01
1.052200000000000045e+03, -7.804699999999999971e-01
1.052220000000000027e+03, -6.536429999999999740e-01
1.052230000000000018e+03, 4.191030000000000033e-01
1.052250000000000000e+03, -1.314899999999999958e+00
1.052269999999999982e+03, 3.685680000000000067e-01
1.052279999999999973e+03, -9.283799999999999830e-01
1.052299999999999955e+03, 1.434490000000000043e+00
1.052319999999999936e+03, 3.723360000000000003e-01
1.052329999999999927e+03, -1.315350000000000019e+00
1.052349999999999909e+03, -1.284030000000000005e+00
1.052369999999999891e+03, -2.269519999999999871e-01
1.052380000000000109e+03, -3.735709999999999864e-01
1.052400000000000091e+03, 1.985300000000000065e+00
1.052420000000000073e+03, 6.184140000000000192e-01
1.052430000000000064e+03, -4.314870000000000094e-01
1.052450000000000045e+03, 1.035770000000000024e-01
1.052470000000000027e+03, -4.441140000000000088e-01
1.052480000000000018e+03, 5.451529999999999987e-01
1.052500000000000000e+03, 7.309060000000000556e-02
1.052519999999999982e+03, -3.936149999999999927e-01
1.052529999999999973e+03, -1.044989999999999947e-01
1.052549999999999955e+03, 1.544119999999999937e+00
1.052569999999999936e+03, 1.046249999999999902e+00
1.052579999999999927e+03, 5.200369999999999715e-01
1.052599999999999909e+03, 3.324139999999999873e-01
1.052619999999999891e+03, 8.528019999999999490e-01
1.052630000000000109e+03, 6.535400000000000098e-01
1.052650000000000091e+03, -1.096899999999999986e+00
1.052670000000000073e+03, -1.463770000000000016e+00
1.052680000000000064e+03, -2.093929999999999958e-01
1.052700000000000045e+03, 2.987920000000000020e-01
1.052720000000000027e+03, 1.269630000000000036e+00
1.052730000000000018e+03, 1.373969999999999914e-01
1.052750000000000000e+03, -9.488419999999999632e-01
1.052769999999999982e+03, -2.525439999999999907e-01
1.052779999999999973e+03, -7.909739999999999549e-01
1.052799999999999955e+03, -2.455560000000000034e-02
1.052819999999999936e+03, 2.502630000000000132e-01
1.052829999999999927e+03, 1.772269999999999956e-01
1.052849999999999909e+03, 8.679249999999999465e-01
1.052869999999999891e+03, 4.220249999999999696e-02
1.052880000000000109e+03, -1.486189999999999900e+00
1.052900000000000091e+03, 8.308499999999999774e-01
1.052920000000000073e+03, -3.205310000000000104e-01
1.052930000000000064e+03, 2.376770000000000049e+00
1.052950000000000045e+03, 2.828910000000000036e-01
1.052970000000000027e+03, 3.430470000000000047e-02
1.052980000000000018e+03, 1.329469999999999930e+00
1.053000000000000000e+03, -5.915419999999999706e-02
1.053019999999999982e+03, -1.958610000000000073e-01
1.053029999999999973e+03, 8.841250000000000497e-01
1.053049999999999955e+03, 8.490079999999999849e-01
1.053069999999999936e+03, -8.700750000000000428e-01
1.053079999999999927e+03, -3.944429999999999881e-01
1.053099999999999909e+03, 3.944829999999999726e-01
1.053119999999999891e+03, 1.008399999999999963e+00
1.053130000000000109e+03, -3.940899999999999959e-01
1.053150000000000091e+03, 1.284559999999999869e-01
1.053170000000000073e+03, 4.785849999999999826e-01
1.053180000000000064e+03, -3.988439999999999763e-01
1.053200000000000045e+03, -1.116149999999999975e+00
1.053220000000000027e+03, -9.060289999999999733e-01
1.053230000000000018e+03, -1.199279999999999902e+00
1.053250000000000000e+03, 5.142750000000000377e-01
1.053269999999999982e+03, 2.799420000000000242e-01
1.053279999999999973e+03, 4.202249999999999736e-02
1.053299999999999955e+03, 1.975260000000000016e+00
1.053319999999999936e+03, 7.399210000000000509e-01
1.053329999999999927e+03, -5.816360000000000419e-01
1.053349999999999909e+03, -2.245299999999999851e+00
1.053369999999999891e+03, -1.018140000000000045e+00
1.053380000000000109e+03, -2.697840000000000238e-01
1.053400000000000091e+03, -1.210949999999999971e+00
1.053420000000000073e+03, 7.698509999999999520e-01
1.053430000000000064e+03, 4.567930000000000046e-01
1.053450000000000045e+03, 9.483949999999999880e-01
1.053470000000000027e+03, 9.692359999999999864e-02
1.053480000000000018e+03, 4.999049999999999883e-01
1.053500000000000000e+03, -3.066760000000000042e-01
1.053519999999999982e+03, 3.374780000000000002e-01
1.053529999999999973e+03, -4.695790000000000242e-01
1.053549999999999955e+03, 3.974199999999999955e-01
1.053569999999999936e+03, -9.392930000000000446e-01
1.053579999999999927e+03, -7.858940000000000370e-02
1.053599999999999909e+03, 7.915090000000000181e-01
1.053619999999999891e+03, -3.843429999999999902e-01
1.053630000000000109e+03, -2.705000000000000113e-02
1.053650000000000091e+03, -1.628920000000000090e-01
1.053670000000000073e+03, -1.125889999999999946e-01
1.053680000000000064e+03, -7.842029999999999834e-02
1.053700000000000045e+03, 1.389769999999999894e-01
1.053720000000000027e+03, 2.574009999999999909e-01
1.053730000000000018e+03, -4.320939999999999781e-01
1.053750000000000000e+03, -2.895289999999999808e-01
1.053769999999999982e+03, -1.017239999999999922e+00
1.053779999999999973e+03, -9.441619999999999457e-01
1.053799999999999955e+03, 2.678150000000000253e-01
1.053819999999999936e+03, 8.557329999999999659e-01
1.053829999999999927e+03, 3.503899999999999793e-01
1.053849999999999909e+03, 5.172269999999999923e-01
1.053869999999999891e+03, -3.872419999999999751e-01
1.053880000000000109e+03, 9.290779999999999594e-01
1.053900000000000091e+03, -8.274529999999999941e-01
1.053920000000000073e+03, 5.007489999999999997e-01
1.053930000000000064e+03, 5.398800000000000265e-01
1.053950000000000045e+03, 8.082519999999999705e-01
1.053970000000000027e+03, -9.660750000000000171e-01
1.053980000000000018e+03, -1.418909999999999894e+00
1.054000000000000000e+03, 5.748210000000000264e-01
1.054019999999999982e+03, 1.426040000000000085e-01
1.054029999999999973e+03, 1.102459999999999968e-01
1.054049999999999955e+03, -2.075160000000000060e-01
1.054069999999999936e+03, 7.286010000000000542e-01
1.054079999999999927e+03, 4.639300000000000090e-01
1.054099999999999909e+03, -6.962390000000000523e-01
1.054119999999999891e+03, -4.549730000000000163e-01
1.054130000000000109e+03, -5.026119999999999477e-01
1.054150000000000091e+03, -6.269479999999999498e-01
1.054170000000000073e+03, -2.088899999999999924e-01
1.054180000000000064e+03, -4.654309999999999836e-01
1.054200000000000045e+03, 7.903390000000000415e-02
1.054220000000000027e+03, 7.722379999999999522e-02
1.054230000000000018e+03, 5.575599999999999445e-01
1.054250000000000000e+03, 7.585129999999999928e-01
1.054269999999999982e+03, 9.434669999999999446e-01
1.054279999999999973e+03, -8.949420000000000153e-01
1.054299999999999955e+03, -1.130730000000000068e-01
1.054319999999999936e+03, 1.204090000000000021e-01
1.054329999999999927e+03, 9.823370000000000157e-01
1.054349999999999909e+03, 1.361080000000000068e+00
1.054369999999999891e+03, 8.979949999999999877e-01
1.054380000000000109e+03, -1.247679999999999900e+00
1.054400000000000091e+03, -1.023430000000000062e+00
1.054420000000000073e+03, -7.212030000000000385e-01
1.054430000000000064e+03, 2.192330000000000147e-03
1.054450000000000045e+03, -3.397640000000000104e-01
1.054470000000000027e+03, 2.964999999999999858e-01
1.054480000000000018e+03, 8.204380000000000006e-01
1.054500000000000000e+03, 6.088360000000000438e-01
1.054519999999999982e+03, -8.526759999999999895e-01
1.054529999999999973e+03, 5.210370000000000279e-02
1.054549999999999955e+03, -2.825889999999999791e-01
1.054569999999999936e+03, -2.512539999999999774e-01
1.054579999999999927e+03, 7.648920000000000163e-01
1.054599999999999909e+03, -1.300580000000000069e+00
1.054619999999999891e+03, -3.338650000000000229e-01
1.054630000000000109e+03, -4.575679999999999747e-01
1.054650000000000091e+03, 2.971649999999999986e-02
1.054670000000000073e+03, 4.288250000000000117e-01
1.054680000000000064e+03, 8.505029999999999535e-02
1.054700000000000045e+03, 6.935459999999999958e-01
1.054720000000000027e+03, 9.059089999999999643e-01
1.054730000000000018e+03, 6.472229999999999928e-01
1.054750000000000000e+03, 6.779459999999999653e-02
1.054769999999999982e+03, -7.559649999999999703e-02
1.054779999999999973e+03, 2.918410000000000171e-01
1.054799999999999955e+03, 8.427229999999999999e-01
1.054819999999999936e+03, 9.614249999999999741e-01
1.054829999999999927e+03, 7.824649999999999661e-01
1.054849999999999909e+03, -4.094110000000000249e-01
1.054869999999999891e+03, -3.484450000000000047e-01
1.054880000000000109e+03, 6.325980000000000492e-02
1.054900000000000091e+03, 8.179300000000000459e-01
1.054920000000000073e+03, -2.269700000000000051e-01
1.054930000000000064e+03, 2.237190000000000012e-01
1.054950000000000045e+03, -1.364119999999999999e+00
1.054970000000000027e+03, -6.894839999999999858e-01
1.054980000000000018e+03, -1.015560000000000018e+00
1.055000000000000000e+03, -3.126289999999999902e-01
1.055019999999999982e+03, -1.630810000000000037e-01
1.055029999999999973e+03, 1.492490000000000094e+00
1.055049999999999955e+03, 8.088920000000000554e-01
1.055069999999999936e+03, -1.054790000000000033e-01
1.055079999999999927e+03, 3.767739999999999978e-01
1.055099999999999909e+03, -5.210200000000000387e-01
1.055119999999999891e+03, -1.249809999999999949e-01
1.055130000000000109e+03, -1.973939999999999861e-01
1.055150000000000091e+03, 4.121129999999999932e-02
1.055170000000000073e+03, 7.805579999999999741e-01
1.055180000000000064e+03, 3.826439999999999841e-01
1.055200000000000045e+03, 5.121860000000000301e-01
1.055220000000000027e+03, 8.379910000000000414e-01
1.055230000000000018e+03, 1.635440000000000157e-02
1.055250000000000000e+03, -1.473570000000000046e+00
1.055269999999999982e+03, 3.636550000000000060e-01
1.055279999999999973e+03, -7.258160000000000167e-01
1.055299999999999955e+03, -3.704350000000000143e-01
1.055319999999999936e+03, 6.993409999999999904e-01
1.055329999999999927e+03, -1.483990000000000031e-01
1.055349999999999909e+03, 9.640889999999999738e-01
1.055369999999999891e+03, 4.000819999999999932e-01
1.055380000000000109e+03, 1.375629999999999908e-01
1.055400000000000091e+03, -6.197890000000000343e-01
1.055420000000000073e+03, -6.358939999999999593e-01
1.055430000000000064e+03, -8.709750000000000547e-01
1.055450000000000045e+03, 1.252939999999999887e-01
1.055470000000000027e+03, 1.765400000000000080e+00
1.055480000000000018e+03, 3.869549999999999934e-01
1.055500000000000000e+03, -3.818509999999999960e-01
1.055519999999999982e+03, 3.316749999999999976e-01
1.055529999999999973e+03, 6.988329999999999542e-02
1.055549999999999955e+03, -6.442579999999999973e-01
1.055569999999999936e+03, -7.034659999999999525e-02
1.055579999999999927e+03, -1.258839999999999959e-01
1.055599999999999909e+03, 4.098209999999999908e-01
1.055619999999999891e+03, -1.778510000000000091e-01
1.055630000000000109e+03, 9.095520000000000271e-01
1.055650000000000091e+03, 2.259180000000000077e-01
1.055670000000000073e+03, 1.618040000000000034e-01
1.055680000000000064e+03, -1.670400000000000107e+00
1.055700000000000045e+03, 2.455720000000000125e-01
1.055720000000000027e+03, -1.371229999999999949e+00
1.055730000000000018e+03, -8.749829999999999552e-01
1.055750000000000000e+03, -4.188700000000000201e-01
1.055769999999999982e+03, 9.245529999999999582e-01
1.055779999999999973e+03, 1.216539999999999955e+00
1.055799999999999955e+03, -1.927059999999999884e-01
1.055819999999999936e+03, 4.571850000000000080e-01
1.055829999999999927e+03, 6.835750000000000437e-01
1.055849999999999909e+03, 8.275900000000000478e-01
1.055869999999999891e+03, -2.991050000000000098e-01
1.055880000000000109e+03, -6.786259999999999515e-01
1.055900000000000091e+03, 2.463180000000000092e-01
1.055920000000000073e+03, 1.519139999999999935e-01
1.055930000000000064e+03, 7.873029999999999751e-01
1.055950000000000045e+03, -1.027409999999999934e+00
1.055970000000000027e+03, -4.461069999999999758e-01
1.055980000000000018e+03, -6.015449999999999964e-01
1.056000000000000000e+03, -9.850029999999999619e-01
1.056019999999999982e+03, 2.671319999999999806e-01
1.056029999999999973e+03, 7.478879999999999972e-01
1.056049999999999955e+03, -5.828940000000000232e-01
1.056069999999999936e+03, -8.209130000000000038e-01
1.056079999999999927e+03, 1.619299999999999906e-01
1.056099999999999909e+03, 3.965859999999999941e-01
1.056119999999999891e+03, -2.087829999999999964e-01
1.056130000000000109e+03, -3.625709999999999766e-01
1.056150000000000091e+03, -1.287570000000000103e+00
1.056170000000000073e+03, 3.811939999999999773e-01
1.056180000000000064e+03, 2.952319999999999944e-01
1.056200000000000045e+03, 4.856530000000000014e-01
1.056220000000000027e+03, 5.712059999999999915e-01
1.056230000000000018e+03, 3.330029999999999935e-01
1.056250000000000000e+03, 6.179700000000000193e-01
1.056269999999999982e+03, -4.431430000000000091e-01
1.056279999999999973e+03, 2.850650000000000128e-01
1.056299999999999955e+03, -7.386300000000000088e-01
1.056319999999999936e+03, 3.361640000000000184e-01
1.056329999999999927e+03, -2.734559999999999769e-01
1.056349999999999909e+03, -1.383709999999999996e+00
1.056369999999999891e+03, 4.808430000000000343e-02
1.056380000000000109e+03, -4.790690000000000226e-01
1.056400000000000091e+03, 3.807180000000000009e-01
1.056420000000000073e+03, 5.157749999999999835e-01
1.056430000000000064e+03, 4.224189999999999889e-01
1.056450000000000045e+03, 9.378159999999999830e-01
1.056470000000000027e+03, 1.473400000000000043e+00
1.056480000000000018e+03, 1.713679999999999926e-01
1.056500000000000000e+03, -3.085439999999999849e-01
1.056519999999999982e+03, -7.374140000000000139e-01
1.056529999999999973e+03, -6.264889999999999626e-01
1.056549999999999955e+03, 3.884119999999999795e-01
1.056569999999999936e+03, 2.020180000000000031e-01
1.056579999999999927e+03, 1.772839999999999971e+00
1.056599999999999909e+03, 4.563690000000000246e-01
1.056619999999999891e+03, -6.701529999999999987e-01
1.056630000000000109e+03, 6.817490000000000494e-01
1.056650000000000091e+03, -1.006059999999999954e+00
1.056670000000000073e+03, 1.344660000000000022e-01
1.056680000000000064e+03, 5.210510000000000419e-01
1.056700000000000045e+03, -7.844719999999999471e-01
1.056720000000000027e+03, -1.308040000000000092e+00
1.056730000000000018e+03, -8.758909999999999751e-01
1.056750000000000000e+03, -4.547999999999999821e-01
1.056769999999999982e+03, 6.879490000000000327e-01
1.056779999999999973e+03, 3.539240000000000164e-01
1.056799999999999955e+03, 3.494130000000000152e-02
1.056819999999999936e+03, 1.026450000000000085e+00
1.056829999999999927e+03, 1.253849999999999909e+00
1.056849999999999909e+03, 4.499020000000000241e-01
1.056869999999999891e+03, -4.172520000000000118e-01
1.056880000000000109e+03, -6.651269999999999405e-02
1.056900000000000091e+03, -1.163219999999999921e+00
1.056920000000000073e+03, -2.061609999999999943e+00
1.056930000000000064e+03, -1.096400000000000041e+00
1.056950000000000045e+03, 1.800309999999999966e-01
1.056970000000000027e+03, -3.671860000000000124e-01
1.056980000000000018e+03, 1.830920000000000103e+00
1.057000000000000000e+03, 4.124410000000000021e-01
1.057019999999999982e+03, -8.921040000000000081e-01
1.057029999999999973e+03, -1.196620000000000017e+00
1.057049999999999955e+03, -8.938439999999999719e-01
1.057069999999999936e+03, 3.337209999999999899e-01
1.057079999999999927e+03, -6.763860000000000428e-01
1.057099999999999909e+03, 3.362559999999999993e-01
1.057119999999999891e+03, 6.984519999999999618e-01
1.057130000000000109e+03, -6.426020000000000343e-02
1.057150000000000091e+03, 2.501110000000000277e-01
1.057170000000000073e+03, -7.962129999999999486e-01
1.057180000000000064e+03, -1.131939999999999946e+00
1.057200000000000045e+03, -4.250979999999999759e-01
1.057220000000000027e+03, 1.304300000000000015e+00
1.057230000000000018e+03, 6.233589999999999964e-01
1.057250000000000000e+03, 8.283730000000000260e-01
1.057269999999999982e+03, 9.706960000000000033e-01
1.057279999999999973e+03, -2.303800000000000014e-01
1.057299999999999955e+03, -1.280499999999999972e-01
1.057319999999999936e+03, 6.605210000000000248e-01
1.057329999999999927e+03, -6.690559999999999841e-01
1.057349999999999909e+03, -1.155200000000000005e+00
1.057369999999999891e+03, -2.711620000000000141e-01
1.057380000000000109e+03, -1.846160000000000023e+00
1.057400000000000091e+03, 3.379570000000000074e-01
1.057420000000000073e+03, 8.116080000000000516e-02
1.057430000000000064e+03, 6.560329999999999773e-01
1.057450000000000045e+03, 5.122569999999999624e-01
1.057470000000000027e+03, 2.866369999999999751e-01
1.057480000000000018e+03, -1.651350000000000096e+00
1.057500000000000000e+03, -1.659280000000000088e+00
1.057519999999999982e+03, -1.196229999999999905e+00
1.057529999999999973e+03, -1.092609999999999970e-01
1.057549999999999955e+03, -7.781979999999999453e-01
1.057569999999999936e+03, -4.184129999999999794e-01
1.057579999999999927e+03, -1.473579999999999890e+00
1.057599999999999909e+03, -1.223260000000000042e-01
1.057619999999999891e+03, 4.043010000000000215e-01
1.057630000000000109e+03, 1.383299999999999974e+00
1.057650000000000091e+03, 6.206840000000000135e-01
1.057670000000000073e+03, 3.175320000000000226e-02
1.057680000000000064e+03, -2.676049999999999818e-01
1.057700000000000045e+03, 6.209409999999999652e-01
1.057720000000000027e+03, 1.104330000000000034e+00
1.057730000000000018e+03, 8.175750000000000725e-03
1.057750000000000000e+03, -2.647490000000000121e-01
1.057769999999999982e+03, -5.280679999999999819e-01
1.057779999999999973e+03, -1.790769999999999862e-01
1.057799999999999955e+03, -7.805269999999999708e-01
1.057819999999999936e+03, -1.181030000000000024e+00
1.057829999999999927e+03, -9.159979999999999789e-01
1.057849999999999909e+03, 1.411180000000000101e+00
1.057869999999999891e+03, 2.400560000000000027e+00
1.057880000000000109e+03, 1.712059999999999915e+00
1.057900000000000091e+03, -5.096840000000000259e-01
1.057920000000000073e+03, -1.906530000000000058e+00
1.057930000000000064e+03, 1.038030000000000008e+00
1.057950000000000045e+03, 6.109970000000000123e-01
1.057970000000000027e+03, 9.563570000000000126e-01
1.057980000000000018e+03, 1.454970000000000097e+00
1.058000000000000000e+03, 3.543070000000000247e-02
1.058019999999999982e+03, -1.113599999999999923e+00
1.058029999999999973e+03, -1.030680000000000041e+00
1.058049999999999955e+03, -1.158050000000000024e+00
1.058069999999999936e+03, -1.443589999999999929e+00
1.058079999999999927e+03, 4.531810000000000005e-02
1.058099999999999909e+03, 4.896809999999999774e-01
1.058119999999999891e+03, 1.252089999999999925e+00
1.058130000000000109e+03, 8.124649999999999928e-01
1.058150000000000091e+03, 8.302359999999999740e-01
1.058170000000000073e+03, 1.882909999999999862e-01
1.058180000000000064e+03, -1.758510000000000018e+00
1.058200000000000045e+03, -5.403400000000000425e-01
1.058220000000000027e+03, 6.915259999999999740e-01
1.058230000000000018e+03, 6.054960000000000342e-01
1.058250000000000000e+03, -7.158349999999999436e-02
1.058269999999999982e+03, -8.773440000000000405e-02
1.058279999999999973e+03, -2.025770000000000071e-01
1.058299999999999955e+03, 1.220499999999999918e+00
1.058319999999999936e+03, 5.362339999999999884e-01
1.058329999999999927e+03, -7.917440000000000033e-01
1.058349999999999909e+03, -6.701970000000000149e-02
1.058369999999999891e+03, -2.588950000000000085e+00
1.058380000000000109e+03, -1.423149999999999971e-01
1.058400000000000091e+03, -4.961840000000000139e-01
1.058420000000000073e+03, 1.422339999999999938e+00
1.058430000000000064e+03, -7.200969999999999593e-02
1.058450000000000045e+03, -2.712319999999999731e-01
1.058470000000000027e+03, -1.504739999999999966e+00
1.058480000000000018e+03, 1.885929999999999898e-02
1.058500000000000000e+03, -1.907920000000000060e+00
1.058519999999999982e+03, -1.600729999999999986e+00
1.058529999999999973e+03, 5.951490000000000391e-01
1.058549999999999955e+03, 1.009710000000000107e+00
1.058569999999999936e+03, 1.649499999999999966e+00
1.058579999999999927e+03, 1.498620000000000063e+00
1.058599999999999909e+03, 2.523509999999999920e-01
1.058619999999999891e+03, -1.590179999999999927e+00
1.058630000000000109e+03, -6.883770000000000167e-01
1.058650000000000091e+03, -3.452580000000000093e-01
1.058670000000000073e+03, 1.486729999999999996e-01
1.058680000000000064e+03, -8.322840000000000238e-01
1.058700000000000045e+03, -6.268609999999999460e-02
1.058720000000000027e+03, 4.248689999999999967e-01
1.058730000000000018e+03, 1.121059999999999945e+00
1.058750000000000000e+03, 3.805839999999999779e-01
1.058769999999999982e+03, 2.727769999999999917e-01
1.058779999999999973e+03, -1.399950000000000028e+00
1.058799999999999955e+03, 2.663849999999999829e-01
1.058819999999999936e+03, 1.394470000000000098e+00
1.058829999999999927e+03, 3.448899999999999744e-01
1.058849999999999909e+03, -8.223260000000000014e-01
1.058869999999999891e+03, 1.469559999999999977e+00
1.058880000000000109e+03, -3.780290000000000039e-01
1.058900000000000091e+03, -2.247770000000000046e+00
1.058920000000000073e+03, -1.744129999999999958e+00
1.058930000000000064e+03, -2.574040000000000217e-01
1.058950000000000045e+03, 1.550030000000000019e+00
1.058970000000000027e+03, -3.361049999999999871e-01
1.058980000000000018e+03, -1.711540000000000006e-01
1.059000000000000000e+03, -8.022540000000000227e-01
1.059019999999999982e+03, 9.221420000000000172e-01
1.059029999999999973e+03, 5.881699999999999706e-01
1.059049999999999955e+03, 6.585330000000000350e-02
1.059069999999999936e+03, -9.269870000000000054e-01
1.059079999999999927e+03, -8.540050000000000141e-01
1.059099999999999909e+03, 1.440499999999999892e+00
1.059119999999999891e+03, 1.128339999999999899e+00
1.059130000000000109e+03, -6.113439999999999985e-01
1.059150000000000091e+03, 2.541260000000000185e-01
1.059170000000000073e+03, 8.573070000000000412e-01
1.059180000000000064e+03, -1.024080000000000101e+00
1.059200000000000045e+03, 1.795609999999999984e-01
1.059220000000000027e+03, 1.586670000000000025e+00
1.059230000000000018e+03, 1.323200000000000071e-03
1.059250000000000000e+03, 2.083349999999999924e-01
1.059269999999999982e+03, 6.225880000000000303e-02
1.059279999999999973e+03, -5.687219999999999498e-01
1.059299999999999955e+03, 2.707169999999999854e-01
1.059319999999999936e+03, 1.742479999999999862e-01
1.059329999999999927e+03, -1.476339999999999875e-01
1.059349999999999909e+03, 7.680779999999999899e-03
1.059369999999999891e+03, 1.155869999999999953e+00
1.059380000000000109e+03, -5.008559999999999679e-01
1.059400000000000091e+03, -1.788899999999999935e+00
1.059420000000000073e+03, -1.374989999999999934e+00
1.059430000000000064e+03, 5.788959999999999662e-01
1.059450000000000045e+03, -1.269379999999999953e-01
1.059470000000000027e+03, 7.729300000000000059e-01
1.059480000000000018e+03, -1.047539999999999916e+00
1.059500000000000000e+03, -1.410190000000000055e+00
1.059519999999999982e+03, 1.231590000000000046e-01
1.059529999999999973e+03, -6.041699999999999848e-01
1.059549999999999955e+03, 3.990529999999999911e-01
1.059569999999999936e+03, 3.521099999999999924e-02
1.059579999999999927e+03, -4.137230000000000074e-01
1.059599999999999909e+03, -1.043169999999999931e+00
1.059619999999999891e+03, -3.618199999999999750e-01
1.059630000000000109e+03, 2.170330000000000037e-01
1.059650000000000091e+03, 1.853319999999999967e-01
1.059670000000000073e+03, -2.829550000000000121e-01
1.059680000000000064e+03, -1.420979999999999910e+00
1.059700000000000045e+03, -1.102190000000000003e+00
1.059720000000000027e+03, -6.473659999999999970e-01
1.059730000000000018e+03, -2.169939999999999924e-01
1.059750000000000000e+03, 1.500110000000000054e+00
1.059769999999999982e+03, 1.129690000000000083e+00
1.059779999999999973e+03, 4.971929999999999961e-01
1.059799999999999955e+03, 7.565159999999999663e-01
1.059819999999999936e+03, 4.446970000000000089e-01
1.059829999999999927e+03, 5.355400000000000160e-01
1.059849999999999909e+03, -1.501230000000000064e-01
1.059869999999999891e+03, 2.276019999999999988e-01
1.059880000000000109e+03, 3.739560000000000106e-01
1.059900000000000091e+03, 1.632210000000000050e-01
1.059920000000000073e+03, -4.010659999999999781e-01
1.059930000000000064e+03, -5.567590000000000039e-01
1.059950000000000045e+03, -8.974879999999999525e-01
1.059970000000000027e+03, -4.437749999999999750e-01
1.059980000000000018e+03, -3.187530000000000086e-01
1.060000000000000000e+03, 1.130779999999999980e-01
1.060019999999999982e+03, 9.401359999999999231e-03
1.060029999999999973e+03, -8.681219999999999493e-01
1.060049999999999955e+03, 8.700949999999999518e-01
1.060069999999999936e+03, -1.239090000000000025e+00
1.060079999999999927e+03, 1.269770000000000065e-01
1.060099999999999909e+03, -4.543340000000000156e-01
1.060119999999999891e+03, 4.336319999999999758e-02
1.060130000000000109e+03, -6.442219999999999891e-02
1.060150000000000091e+03, 1.411920000000000064e+00
1.060170000000000073e+03, 5.656750000000000389e-01
1.060180000000000064e+03, -2.946079999999999810e-01
1.060200000000000045e+03, -1.002469999999999972e+00
1.060220000000000027e+03, -4.081310000000000215e-01
1.060230000000000018e+03, -1.195149999999999962e-01
1.060250000000000000e+03, -4.682810000000000028e-01
1.060269999999999982e+03, 1.523450000000000082e-01
1.060279999999999973e+03, 5.392759999999999776e-01
1.060299999999999955e+03, 5.427680000000000005e-02
1.060319999999999936e+03, -7.495199999999999640e-01
1.060329999999999927e+03, -2.582800000000000096e-01
1.060349999999999909e+03, -2.828930000000000167e+00
1.060369999999999891e+03, -1.566459999999999964e+00
1.060380000000000109e+03, -8.858989999999999920e-01
1.060400000000000091e+03, 3.595470000000000055e-01
1.060420000000000073e+03, -2.101030000000000120e-01
1.060430000000000064e+03, 4.615960000000000063e-01
1.060450000000000045e+03, -5.822100000000000053e-01
1.060470000000000027e+03, -7.437979999999999592e-01
1.060480000000000018e+03, 8.210699999999999943e-02
1.060500000000000000e+03, -1.108370000000000077e+00
1.060519999999999982e+03, 5.586649999999999672e-01
1.060529999999999973e+03, 2.759770000000000056e+00
1.060549999999999955e+03, 8.893799999999999484e-01
1.060569999999999936e+03, 5.800720000000000320e-01
1.060579999999999927e+03, -8.233639999999999848e-01
1.060599999999999909e+03, 1.110180000000000056e-01
1.060619999999999891e+03, 5.220489999999999853e-02
1.060630000000000109e+03, 5.469049999999999745e-01
1.060650000000000091e+03, -5.909389999999999921e-01
1.060670000000000073e+03, -7.418799999999999839e-01
1.060680000000000064e+03, -8.316130000000000466e-01
1.060700000000000045e+03, 1.138239999999999946e-01
1.060720000000000027e+03, 2.100740000000000107e-01
1.060730000000000018e+03, -1.988370000000000137e-01
1.060750000000000000e+03, -3.761950000000000016e-01
1.060769999999999982e+03, -6.351660000000000084e-01
1.060779999999999973e+03, -1.100749999999999895e+00
1.060799999999999955e+03, 2.652840000000000198e-01
1.060819999999999936e+03, -6.915830000000000588e-02
1.060829999999999927e+03, 3.577839999999999909e-01
1.060849999999999909e+03, -5.193999999999999728e-01
1.060869999999999891e+03, -1.869610000000000022e-02
1.060880000000000109e+03, 3.722579999999999778e-01
1.060900000000000091e+03, 1.070119999999999960e+00
1.060920000000000073e+03, 1.790750000000000119e-01
1.060930000000000064e+03, -1.942300000000000137e-01
1.060950000000000045e+03, 3.179400000000000004e-01
1.060970000000000027e+03, 9.237769999999999593e-01
1.060980000000000018e+03, 1.019770000000000065e+00
1.061000000000000000e+03, 2.026920000000000111e-01
1.061019999999999982e+03, -1.188970000000000082e+00
1.061029999999999973e+03, -1.464059999999999917e+00
1.061049999999999955e+03, -8.945429999999999771e-01
1.061069999999999936e+03, -9.578820000000000390e-02
1.061079999999999927e+03, 1.216469999999999940e+00
1.061099999999999909e+03, 4.705700000000000160e-02
1.061119999999999891e+03, -1.757390000000000063e-01
1.061130000000000109e+03, 1.152630000000000043e+00
1.061150000000000091e+03, -3.508379999999999832e-01
1.061170000000000073e+03, 1.664539999999999909e+00
1.061180000000000064e+03, -1.260680000000000023e+00
1.061200000000000045e+03, -1.386700000000000044e+00
1.061220000000000027e+03, 1.850370000000000140e-02
1.061230000000000018e+03, -1.668550000000000033e-01
1.061250000000000000e+03, -3.358010000000000161e-01
1.061269999999999982e+03, -4.023550000000000182e-01
1.061279999999999973e+03, 1.124470000000000081e+00
1.061299999999999955e+03, 1.466480000000000006e+00
1.061319999999999936e+03, 1.529339999999999866e-01
1.061329999999999927e+03, -3.727980000000000183e-01
1.061349999999999909e+03, 8.485389999999999600e-02
1.061369999999999891e+03, 3.404440000000000244e-01
1.061380000000000109e+03, 3.806209999999999871e-01
1.061400000000000091e+03, 6.024739999999999540e-01
1.061420000000000073e+03, -5.259260000000000046e-01
1.061430000000000064e+03, -3.005090000000000261e-01
1.061450000000000045e+03, -1.249379999999999935e-01
1.061470000000000027e+03, -9.613990000000000036e-01
1.061480000000000018e+03, -1.061879999999999935e+00
1.061500000000000000e+03, 2.552159999999999984e-01
1.061519999999999982e+03, 5.873690000000000300e-01
1.061529999999999973e+03, 5.801260000000000305e-01
1.061549999999999955e+03, 8.635950000000000015e-01
1.061569999999999936e+03, 3.031510000000000038e-01
1.061579999999999927e+03, 8.126290000000000457e-01
1.061599999999999909e+03, 1.300100000000000040e-02
1.061619999999999891e+03, -1.191659999999999942e-01
1.061630000000000109e+03, 1.973870000000000013e+00
1.061650000000000091e+03, 1.680909999999999904e-01
1.061670000000000073e+03, -1.215750000000000108e+00
1.061680000000000064e+03, -1.132870000000000044e+00
1.061700000000000045e+03, 1.842610000000000081e-01
1.061720000000000027e+03, 1.397790000000000088e+00
1.061730000000000018e+03, 1.365799999999999903e+00
1.061750000000000000e+03, 1.005430000000000046e+00
1.061769999999999982e+03, -8.252119999999999456e-01
1.061779999999999973e+03, -6.414330000000000309e-01
1.061799999999999955e+03, -1.420090000000000074e+00
1.061819999999999936e+03, -5.050379999999999869e-01
1.061829999999999927e+03, 7.204629999999999646e-01
1.061849999999999909e+03, 2.516939999999999733e-01
1.061869999999999891e+03, 9.069530000000000092e-01
1.061880000000000109e+03, -9.898580000000000156e-01
1.061900000000000091e+03, -8.227520000000000389e-01
1.061920000000000073e+03, 4.283910000000000218e-01
1.061930000000000064e+03, 6.214960000000000484e-01
1.061950000000000045e+03, 7.257040000000000157e-01
1.061970000000000027e+03, 5.973400000000000237e-02
1.061980000000000018e+03, -6.397899999999999698e-01
1.062000000000000000e+03, -5.220510000000000254e-03
1.062019999999999982e+03, -4.000690000000000214e-04
1.062029999999999973e+03, 4.584400000000000142e-01
1.062049999999999955e+03, 9.333449999999999802e-01
1.062069999999999936e+03, -3.215759999999999730e-01
1.062079999999999927e+03, 4.384239999999999665e-02
1.062099999999999909e+03, -1.162269999999999970e-01
1.062119999999999891e+03, 1.117150000000000087e+00
1.062130000000000109e+03, -6.520529999999999937e-01
1.062150000000000091e+03, -1.874640000000000084e+00
1.062170000000000073e+03, -1.215500000000000025e+00
1.062180000000000064e+03, -6.815940000000000332e-01
1.062200000000000045e+03, 4.110150000000000192e-01
1.062220000000000027e+03, -3.639359999999999817e-01
1.062230000000000018e+03, 2.184190000000000020e-01
1.062250000000000000e+03, -2.148390000000000022e-01
1.062269999999999982e+03, 8.750099999999999545e-02
1.062279999999999973e+03, 8.549830000000000485e-01
1.062299999999999955e+03, 1.179249999999999909e+00
1.062319999999999936e+03, 7.604220000000000423e-02
1.062329999999999927e+03, -1.389480000000000048e+00
1.062349999999999909e+03, 6.901780000000000415e-02
1.062369999999999891e+03, 2.602670000000000261e-01
1.062380000000000109e+03, -4.071389999999999731e-01
1.062400000000000091e+03, 1.928199999999999914e+00
1.062420000000000073e+03, 2.078740000000000032e-01
1.062430000000000064e+03, -4.718729999999999869e-01
1.062450000000000045e+03, 6.627220000000000333e-01
1.062470000000000027e+03, -1.177559999999999940e+00
1.062480000000000018e+03, -3.958450000000000024e-01
1.062500000000000000e+03, 2.107640000000000069e-01
1.062519999999999982e+03, 9.672309999999999519e-01
1.062529999999999973e+03, -1.157410000000000050e+00
1.062549999999999955e+03, 1.262750000000000039e+00
1.062569999999999936e+03, 2.002800000000000136e+00
1.062579999999999927e+03, 1.690369999999999928e-01
1.062599999999999909e+03, -1.264590000000000103e+00
1.062619999999999891e+03, -1.267069999999999919e+00
1.062630000000000109e+03, -1.216949999999999976e+00
1.062650000000000091e+03, -8.830120000000000191e-01
1.062670000000000073e+03, -4.492519999999999847e-01
1.062680000000000064e+03, -5.211580000000000101e-01
1.062700000000000045e+03, 3.965449999999999808e-01
1.062720000000000027e+03, 7.181840000000000446e-02
1.062730000000000018e+03, 7.716319999999999846e-01
1.062750000000000000e+03, 1.187559999999999949e+00
1.062769999999999982e+03, 7.316719999999999891e-01
1.062779999999999973e+03, 1.221840000000000037e+00
1.062799999999999955e+03, 1.144260000000000055e+00
1.062819999999999936e+03, -1.444350000000000023e+00
1.062829999999999927e+03, -4.459620000000000251e-01
1.062849999999999909e+03, -9.051209999999999534e-01
1.062869999999999891e+03, 1.953370000000000106e-02
1.062880000000000109e+03, 5.747989999999999489e-01
1.062900000000000091e+03, -5.753549999999999498e-01
1.062920000000000073e+03, -2.975599999999999912e-01
1.062930000000000064e+03, -6.371250000000000524e-01
1.062950000000000045e+03, -1.123429999999999929e+00
1.062970000000000027e+03, -1.014569999999999972e+00
1.062980000000000018e+03, 9.009979999999999378e-02
1.063000000000000000e+03, 2.888809999999999989e-01
1.063019999999999982e+03, 6.321339999999999737e-01
1.063029999999999973e+03, 4.029750000000000276e-01
1.063049999999999955e+03, -3.580070000000000197e-01
1.063069999999999936e+03, 3.987369999999999803e-02
1.063079999999999927e+03, 9.322249999999999703e-01
1.063099999999999909e+03, 5.062560000000000393e-01
1.063119999999999891e+03, 6.584430000000000005e-01
1.063130000000000109e+03, -1.816270000000000107e-01
1.063150000000000091e+03, 3.028469999999999773e-01
1.063170000000000073e+03, -6.278939999999999522e-02
1.063180000000000064e+03, 3.802559999999999829e-01
1.063200000000000045e+03, 4.598160000000000025e-01
1.063220000000000027e+03, -1.208370000000000000e-01
1.063230000000000018e+03, -4.534320000000000017e-01
1.063250000000000000e+03, 3.074089999999999878e-01
1.063269999999999982e+03, 3.632389999999999786e-01
1.063279999999999973e+03, -2.661510000000000264e-01
1.063299999999999955e+03, 5.471749999999999670e-01
1.063319999999999936e+03, 6.474280000000000035e-01
1.063329999999999927e+03, -1.055180000000000007e-01
1.063349999999999909e+03, 3.943780000000000063e-01
1.063369999999999891e+03, -1.789459999999999940e-01
1.063380000000000109e+03, 6.025220000000000020e-01
1.063400000000000091e+03, 1.273269999999999902e+00
1.063420000000000073e+03, -3.046579999999999844e-01
1.063430000000000064e+03, -3.284770000000000190e-01
1.063450000000000045e+03, 2.509790000000000076e-01
1.063470000000000027e+03, 2.313939999999999886e-01
1.063480000000000018e+03, -8.458809999999999940e-01
1.063500000000000000e+03, -5.318140000000000089e-01
1.063519999999999982e+03, -6.150489999999999569e-01
1.063529999999999973e+03, 1.144249999999999989e+00
1.063549999999999955e+03, 2.001689999999999969e+00
1.063569999999999936e+03, 1.630620000000000125e-01
1.063579999999999927e+03, -2.609369999999999745e-01
1.063599999999999909e+03, -2.605080000000000062e+00
1.063619999999999891e+03, 1.657270000000000021e+00
1.063630000000000109e+03, 2.672459999999999836e-01
1.063650000000000091e+03, 1.470620000000000038e+00
1.063670000000000073e+03, 1.562640000000000029e+00
1.063680000000000064e+03, 5.193609999999999616e-01
1.063700000000000045e+03, 9.484289999999999665e-01
1.063720000000000027e+03, -1.050610000000000044e+00
1.063730000000000018e+03, -8.541299999999999448e-01
1.063750000000000000e+03, -1.950070000000000137e-01
1.063769999999999982e+03, -1.201019999999999976e+00
1.063779999999999973e+03, 9.690600000000000602e-02
1.063799999999999955e+03, -2.996170000000000222e-01
1.063819999999999936e+03, 7.476289999999999325e-02
1.063829999999999927e+03, 1.132649999999999935e+00
1.063849999999999909e+03, 9.366160000000000041e-01
1.063869999999999891e+03, -9.811159999999999881e-01
1.063880000000000109e+03, -2.519519999999999982e+00
1.063900000000000091e+03, 7.399170000000000469e-01
1.063920000000000073e+03, -1.079250000000000043e+00
1.063930000000000064e+03, 1.435289999999999955e+00
1.063950000000000045e+03, 3.221479999999999899e-01
1.063970000000000027e+03, -1.787349999999999994e+00
1.063980000000000018e+03, -8.857699999999999463e-01
1.064000000000000000e+03, -3.184290000000000176e-01
1.064019999999999982e+03, 3.770589999999999775e-01
1.064029999999999973e+03, 1.216720000000000024e+00
1.064049999999999955e+03, 4.393619999999999748e-01
1.064069999999999936e+03, -4.344870000000000121e-01
1.064079999999999927e+03, -6.359449999999999825e-02
1.064099999999999909e+03, -4.452470000000000039e-01
1.064119999999999891e+03, 6.108689999999999953e-01
1.064130000000000109e+03, 7.736899999999999888e-01
1.064150000000000091e+03, -1.423520000000000063e-01
1.064170000000000073e+03, -4.965339999999999754e-01
1.064180000000000064e+03, 3.102949999999999875e-01
1.064200000000000045e+03, -1.530030000000000001e+00
1.064220000000000027e+03, -7.806480000000000086e-01
1.064230000000000018e+03, -1.217500000000000027e+00
1.064250000000000000e+03, 2.578079999999999955e-02
1.064269999999999982e+03, -2.971539999999999737e-01
1.064279999999999973e+03, -5.629840000000000400e-01
1.064299999999999955e+03, -4.705590000000000050e-01
1.064319999999999936e+03, 1.092749999999999971e-01
1.064329999999999927e+03, 5.207140000000000102e-01
1.064349999999999909e+03, 8.371809999999999530e-01
1.064369999999999891e+03, 2.582920000000000216e-01
1.064380000000000109e+03, 2.259579999999999922e-01
1.064400000000000091e+03, -3.426790000000000114e-01
1.064420000000000073e+03, -5.248249999999999860e-01
1.064430000000000064e+03, 9.010810000000000208e-01
1.064450000000000045e+03, 2.781899999999999928e-01
1.064470000000000027e+03, 1.117469999999999963e+00
1.064480000000000018e+03, 3.706400000000000250e-01
1.064500000000000000e+03, 7.310410000000000519e-02
1.064519999999999982e+03, 1.376940000000000053e+00
1.064529999999999973e+03, -1.281650000000000011e-01
1.064549999999999955e+03, 1.896780000000000133e-01
1.064569999999999936e+03, -4.999649999999999928e-01
1.064579999999999927e+03, -4.827599999999999947e-02
1.064599999999999909e+03, 3.285319999999999907e-01
1.064619999999999891e+03, 3.906990000000000185e-01
1.064630000000000109e+03, 2.011719999999999897e-01
1.064650000000000091e+03, -5.579359999999999875e-01
1.064670000000000073e+03, -2.072120000000000073e-01
1.064680000000000064e+03, 9.155109999999999290e-03
1.064700000000000045e+03, 9.108249999999999957e-01
1.064720000000000027e+03, -1.307200000000000029e-01
1.064730000000000018e+03, -2.124319999999999986e+00
1.064750000000000000e+03, -1.250040000000000040e+00
1.064769999999999982e+03, 7.459519999999999484e-01
1.064779999999999973e+03, 9.556820000000000315e-01
1.064799999999999955e+03, 2.147590000000000110e+00
1.064819999999999936e+03, 3.326239999999999752e-01
1.064829999999999927e+03, 8.687679999999999847e-01
1.064849999999999909e+03, 6.733170000000000543e-01
1.064869999999999891e+03, -6.967459999999999765e-01
1.064880000000000109e+03, -8.436749999999999527e-01
1.064900000000000091e+03, 1.057870000000000088e+00
1.064920000000000073e+03, -5.026800000000000157e-01
1.064930000000000064e+03, -1.132729999999999987e-01
1.064950000000000045e+03, -7.129370000000000429e-01
1.064970000000000027e+03, -7.983649999999999913e-01
1.064980000000000018e+03, -1.555920000000000081e-01
1.065000000000000000e+03, -2.426379999999999926e-01
1.065019999999999982e+03, -1.567700000000000093e+00
1.065029999999999973e+03, -5.185060000000000224e-01
1.065049999999999955e+03, 1.896359999999999990e-01
1.065069999999999936e+03, 6.177380000000000093e-01
1.065079999999999927e+03, 6.918069999999999498e-01
1.065099999999999909e+03, 5.585160000000000124e-01
1.065119999999999891e+03, 1.028890000000000082e+00
1.065130000000000109e+03, 2.105819999999999914e-02
1.065150000000000091e+03, 2.096659999999999843e-02
1.065170000000000073e+03, 9.748689999999999856e-01
1.065180000000000064e+03, 1.208029999999999937e+00
1.065200000000000045e+03, 1.553900000000000003e-01
1.065220000000000027e+03, -1.233309999999999906e+00
1.065230000000000018e+03, -5.449910000000000032e-01
1.065250000000000000e+03, -1.179009999999999891e+00
1.065269999999999982e+03, 4.440680000000000183e-01
1.065279999999999973e+03, 5.183330000000000437e-01
1.065299999999999955e+03, -1.737039999999999973e-01
1.065319999999999936e+03, 2.107779999999999987e+00
1.065329999999999927e+03, 1.412440000000000084e-01
1.065349999999999909e+03, 1.214509999999999978e+00
1.065369999999999891e+03, 4.647980000000000167e-02
1.065380000000000109e+03, -4.324639999999999734e-02
1.065400000000000091e+03, 1.450790000000000024e+00
1.065420000000000073e+03, 1.085779999999999967e+00
1.065430000000000064e+03, -9.541589999999999794e-02
1.065450000000000045e+03, -2.368189999999999795e+00
1.065470000000000027e+03, 2.207050000000000123e-01
1.065480000000000018e+03, -3.761309999999999931e-01
1.065500000000000000e+03, 8.085360000000000325e-01
1.065519999999999982e+03, 5.137279999999999625e-01
1.065529999999999973e+03, -1.119639999999999941e-01
1.065549999999999955e+03, 6.650470000000000548e-01
1.065569999999999936e+03, -6.872789999999999733e-01
1.065579999999999927e+03, -8.250389999999999668e-01
1.065599999999999909e+03, -4.465109999999999912e-01
1.065619999999999891e+03, 2.820960000000000134e-01
1.065630000000000109e+03, -2.003949999999999829e-02
1.065650000000000091e+03, 5.178420000000000245e-01
1.065670000000000073e+03, 7.294289999999999941e-01
1.065680000000000064e+03, 2.467689999999999884e-01
1.065700000000000045e+03, 1.556000000000000050e+00
1.065720000000000027e+03, 3.637900000000000023e-01
1.065730000000000018e+03, 6.748100000000000209e-01
1.065750000000000000e+03, -3.840310000000000112e-01
1.065769999999999982e+03, 1.300529999999999964e+00
1.065779999999999973e+03, 1.008129999999999971e+00
1.065799999999999955e+03, 1.256729999999999903e+00
1.065819999999999936e+03, 8.077680000000000415e-01
1.065829999999999927e+03, 5.576170000000000085e-03
1.065849999999999909e+03, 9.037699999999999900e-02
1.065869999999999891e+03, -1.599590000000000067e+00
1.065880000000000109e+03, -1.005290000000000017e+00
1.065900000000000091e+03, -1.586070000000000091e+00
1.065920000000000073e+03, 2.810409999999999853e-01
1.065930000000000064e+03, 4.883440000000000003e-01
1.065950000000000045e+03, 1.578799999999999926e-01
1.065970000000000027e+03, 1.025679999999999925e+00
1.065980000000000018e+03, -9.295620000000000271e-02
1.066000000000000000e+03, -5.146249999999999991e-01
1.066019999999999982e+03, -1.563150000000000095e-01
1.066029999999999973e+03, 9.461410000000000098e-01
1.066049999999999955e+03, 8.026039999999999841e-01
1.066069999999999936e+03, 1.078849999999999948e-01
1.066079999999999927e+03, 1.559330000000000105e+00
1.066099999999999909e+03, -5.200310000000000210e-01
1.066119999999999891e+03, -7.721139999999999670e-01
1.066130000000000109e+03, -3.342129999999999823e-01
1.066150000000000091e+03, 6.839530000000000332e-01
1.066170000000000073e+03, 6.989919999999999467e-01
1.066180000000000064e+03, 8.952569999999999695e-01
1.066200000000000045e+03, 4.406459999999999821e-01
1.066220000000000027e+03, -1.870459999999999900e-01
1.066230000000000018e+03, 6.433449999999999447e-01
1.066250000000000000e+03, 5.366060000000000274e-01
1.066269999999999982e+03, 7.445169999999999844e-01
1.066279999999999973e+03, 5.642009999999999525e-01
1.066299999999999955e+03, -3.626199999999999979e-01
1.066319999999999936e+03, 3.453510000000000191e-01
1.066329999999999927e+03, 3.499570000000000181e-01
1.066349999999999909e+03, -5.709830000000000183e-01
1.066369999999999891e+03, 8.674279999999999768e-01
1.066380000000000109e+03, -2.049529999999999852e+00
1.066400000000000091e+03, 6.821460000000000024e-02
1.066420000000000073e+03, -8.681720000000000548e-01
1.066430000000000064e+03, -7.062950000000000061e-01
1.066450000000000045e+03, -4.920780000000000154e-01
1.066470000000000027e+03, -2.347640000000000005e-01
1.066480000000000018e+03, 1.316340000000000066e+00
1.066500000000000000e+03, 9.699400000000000244e-01
1.066519999999999982e+03, 2.925650000000000195e-01
1.066529999999999973e+03, 4.412019999999999831e-01
1.066549999999999955e+03, 6.893449999999999855e-01
1.066569999999999936e+03, -5.108289999999999775e-01
1.066579999999999927e+03, 3.167989999999999973e-01
1.066599999999999909e+03, -3.197860000000000147e-01
1.066619999999999891e+03, 6.631460000000000132e-02
1.066630000000000109e+03, 5.714280000000000470e-01
1.066650000000000091e+03, 4.601959999999999940e-01
1.066670000000000073e+03, -2.114709999999999923e-01
1.066680000000000064e+03, -2.668269999999999809e-01
1.066700000000000045e+03, -5.990720000000000073e-02
1.066720000000000027e+03, 7.911660000000000359e-01
1.066730000000000018e+03, 1.985760000000000025e-01
1.066750000000000000e+03, -1.248550000000000049e+00
1.066769999999999982e+03, -3.332189999999999874e-01
1.066779999999999973e+03, 1.087239999999999984e+00
1.066799999999999955e+03, 5.833949999999999969e-01
1.066819999999999936e+03, 5.992429999999999701e-01
1.066829999999999927e+03, 9.100489999999999968e-01
1.066849999999999909e+03, -1.236040000000000028e+00
1.066869999999999891e+03, -9.932119999999999838e-01
1.066880000000000109e+03, -6.924470000000000347e-01
1.066900000000000091e+03, 5.880289999999999823e-02
1.066920000000000073e+03, -1.020219999999999905e+00
1.066930000000000064e+03, -9.910520000000000440e-01
1.066950000000000045e+03, -8.802349999999999897e-01
1.066970000000000027e+03, 3.607369999999999743e-01
1.066980000000000018e+03, 4.710599999999999787e-01
1.067000000000000000e+03, -3.932789999999999897e-01
1.067019999999999982e+03, -7.984159999999999868e-02
1.067029999999999973e+03, 5.889899999999999997e-02
1.067049999999999955e+03, 1.174650000000000000e-01
1.067069999999999936e+03, 6.500890000000000279e-01
1.067079999999999927e+03, 1.608000000000000096e+00
1.067099999999999909e+03, -8.131489999999999552e-02
1.067119999999999891e+03, 1.412829999999999919e-01
1.067130000000000109e+03, 3.257569999999999910e-02
1.067150000000000091e+03, 1.331830000000000069e+00
1.067170000000000073e+03, -4.135249999999999759e-01
1.067180000000000064e+03, -9.900039999999999951e-01
1.067200000000000045e+03, -2.638170000000000237e-01
1.067220000000000027e+03, -7.375800000000000065e-03
1.067230000000000018e+03, 8.612680000000000335e-01
1.067250000000000000e+03, -1.021080000000000043e-01
1.067269999999999982e+03, 5.712580000000000435e-01
1.067279999999999973e+03, -8.492549999999999752e-03
1.067299999999999955e+03, -7.893569999999999753e-01
1.067319999999999936e+03, -2.005959999999999965e-01
1.067329999999999927e+03, 4.518010000000000081e-01
1.067349999999999909e+03, 4.482749999999999790e-01
1.067369999999999891e+03, 3.689620000000000122e-01
1.067380000000000109e+03, 4.294939999999999869e-01
1.067400000000000091e+03, -4.142419999999999991e-01
1.067420000000000073e+03, -7.753579999999999917e-01
1.067430000000000064e+03, 5.304039999999999866e-01
1.067450000000000045e+03, -7.240510000000000002e-02
1.067470000000000027e+03, 7.681109999999999882e-01
1.067480000000000018e+03, 1.309690000000000021e+00
1.067500000000000000e+03, -6.433900000000000174e-01
1.067519999999999982e+03, 1.015479999999999938e+00
1.067529999999999973e+03, 4.760309999999999819e-01
1.067549999999999955e+03, -1.068629999999999969e+00
1.067569999999999936e+03, 2.664020000000000277e-01
1.067579999999999927e+03, 5.280510000000000481e-01
1.067599999999999909e+03, 1.616759999999999975e+00
1.067619999999999891e+03, -1.844759999999999955e+00
1.067630000000000109e+03, -2.892189999999999817e+00
1.067650000000000091e+03, -7.017590000000000217e-01
1.067670000000000073e+03, -3.243659999999999877e-01
1.067680000000000064e+03, 1.272750000000000048e+00
1.067700000000000045e+03, 1.498879999999999990e+00
1.067720000000000027e+03, 2.208340000000000192e+00
1.067730000000000018e+03, 1.808759999999999923e+00
1.067750000000000000e+03, 3.543390000000000151e-01
1.067769999999999982e+03, -2.244079999999999853e+00
1.067779999999999973e+03, -9.783840000000000314e-01
1.067799999999999955e+03, 7.494750000000000023e-01
1.067819999999999936e+03, 8.539200000000000124e-01
1.067829999999999927e+03, 1.030589999999999895e+00
1.067849999999999909e+03, 6.192229999999999679e-01
1.067869999999999891e+03, -3.182840000000000114e-01
1.067880000000000109e+03, 2.508110000000000062e-01
1.067900000000000091e+03, -1.136160000000000059e+00
1.067920000000000073e+03, 8.723119999999999763e-01
1.067930000000000064e+03, 3.620999999999999774e-01
1.067950000000000045e+03, -1.172929999999999945e-01
1.067970000000000027e+03, -1.206960000000000033e+00
1.067980000000000018e+03, -1.246220000000000105e+00
1.068000000000000000e+03, -9.563099999999999934e-01
1.068019999999999982e+03, 1.769360000000000099e-01
1.068029999999999973e+03, 1.131059999999999954e+00
1.068049999999999955e+03, 9.371650000000000258e-01
1.068069999999999936e+03, 5.699079999999999702e-01
1.068079999999999927e+03, 1.350459999999999994e+00
1.068099999999999909e+03, 6.916830000000000478e-01
1.068119999999999891e+03, -8.874119999999999786e-01
1.068130000000000109e+03, -6.272590000000000110e-01
1.068150000000000091e+03, -2.820880000000000054e-01
1.068170000000000073e+03, -7.714410000000000434e-01
1.068180000000000064e+03, 2.499279999999999904e-02
1.068200000000000045e+03, 3.076910000000000062e-02
1.068220000000000027e+03, 5.913580000000000503e-01
1.068230000000000018e+03, 4.753140000000000143e-01
1.068250000000000000e+03, -1.112149999999999972e+00
1.068269999999999982e+03, -2.090220000000000133e-01
1.068279999999999973e+03, -3.801480000000000137e-02
1.068299999999999955e+03, -4.817000000000000171e-01
1.068319999999999936e+03, -1.882719999999999949e+00
1.068329999999999927e+03, -3.472489999999999744e-01
1.068349999999999909e+03, -9.812640000000000251e-01
1.068369999999999891e+03, -7.763179999999999525e-01
1.068380000000000109e+03, 1.606559999999999933e-01
1.068400000000000091e+03, -8.326759999999999717e-02
1.068420000000000073e+03, 4.249089999999999812e-01
1.068430000000000064e+03, 2.025589999999999891e-01
1.068450000000000045e+03, -2.701709999999999945e-01
1.068470000000000027e+03, -1.674609999999999987e-01
1.068480000000000018e+03, -6.456080000000000152e-02
1.068500000000000000e+03, 1.743570000000000064e+00
1.068519999999999982e+03, 1.106919999999999904e+00
1.068529999999999973e+03, -1.471000000000000085e-01
1.068549999999999955e+03, 9.570509999999999851e-01
1.068569999999999936e+03, -7.359059999999999491e-01
1.068579999999999927e+03, -8.400539999999999397e-02
1.068599999999999909e+03, -3.868949999999999889e-01
1.068619999999999891e+03, 2.929570000000000229e-01
1.068630000000000109e+03, 2.856639999999999735e-01
1.068650000000000091e+03, 5.549779999999999713e-01
1.068670000000000073e+03, 1.536780000000000035e+00
1.068680000000000064e+03, 6.427059999999999995e-01
1.068700000000000045e+03, -7.488740000000000396e-01
1.068720000000000027e+03, 1.720089999999999952e-01
1.068730000000000018e+03, -1.211580000000000101e+00
1.068750000000000000e+03, -1.362970000000000015e+00
1.068769999999999982e+03, 7.809490000000000043e-01
1.068779999999999973e+03, -5.609420000000000517e-01
1.068799999999999955e+03, 2.433059999999999945e-01
1.068819999999999936e+03, -1.040680000000000049e+00
1.068829999999999927e+03, -1.309990000000000043e-01
1.068849999999999909e+03, -3.071729999999999738e-01
1.068869999999999891e+03, -8.291309999999999514e-01
1.068880000000000109e+03, 5.354659999999999975e-02
1.068900000000000091e+03, -5.675210000000000532e-01
1.068920000000000073e+03, 6.849210000000000020e-01
1.068930000000000064e+03, -1.332579999999999876e-01
1.068950000000000045e+03, 4.852369999999999947e-03
1.068970000000000027e+03, 4.238959999999999950e-02
1.068980000000000018e+03, 2.980119999999999991e-01
1.069000000000000000e+03, 5.561589999999999590e-01
1.069019999999999982e+03, 4.605970000000000203e-02
1.069029999999999973e+03, 9.171650000000000080e-01
1.069049999999999955e+03, -1.910970000000000030e-02
1.069069999999999936e+03, -3.141469999999999679e-02
1.069079999999999927e+03, 1.036080000000000056e-01
1.069099999999999909e+03, -4.428050000000000042e-02
1.069119999999999891e+03, 5.843509999999999538e-01
1.069130000000000109e+03, -1.858579999999999899e+00
1.069150000000000091e+03, -5.120289999999999564e-01
1.069170000000000073e+03, 8.824079999999999702e-01
1.069180000000000064e+03, 7.324399999999999800e-01
1.069200000000000045e+03, 1.566990000000000105e+00
1.069220000000000027e+03, 1.021079999999999988e+00
1.069230000000000018e+03, 2.893020000000000036e-01
1.069250000000000000e+03, -2.772160000000000180e-01
1.069269999999999982e+03, -6.867790000000000283e-01
1.069279999999999973e+03, -4.680909999999999793e-01
1.069299999999999955e+03, -8.033789999999999543e-01
1.069319999999999936e+03, 4.162339999999999929e-01
1.069329999999999927e+03, 3.244190000000000129e-01
1.069349999999999909e+03, 1.563970000000000082e+00
1.069369999999999891e+03, 1.689899999999999958e+00
1.069380000000000109e+03, 1.092100000000000071e+00
1.069400000000000091e+03, -1.612370000000000081e+00
1.069420000000000073e+03, 2.209049999999999903e-01
1.069430000000000064e+03, -2.380259999999999876e-01
1.069450000000000045e+03, 5.296410000000000007e-02
1.069470000000000027e+03, -9.532789999999999875e-01
1.069480000000000018e+03, -1.330480000000000107e+00
1.069500000000000000e+03, -5.139310000000000267e-01
1.069519999999999982e+03, 7.717720000000000136e-01
1.069529999999999973e+03, 2.447489999999999943e-01
1.069549999999999955e+03, 1.026280000000000081e+00
1.069569999999999936e+03, 6.459190000000000209e-01
1.069579999999999927e+03, -9.393270000000000231e-01
1.069599999999999909e+03, -7.204340000000000188e-01
1.069619999999999891e+03, -1.143909999999999982e+00
1.069630000000000109e+03, -1.574160000000000004e-01
1.069650000000000091e+03, 1.447189999999999976e+00
1.069670000000000073e+03, 1.696609999999999951e+00
1.069680000000000064e+03, 1.648280000000000023e-01
1.069700000000000045e+03, 4.304700000000000193e-01
1.069720000000000027e+03, 8.552139999999999742e-02
1.069730000000000018e+03, -1.025120000000000031e+00
1.069750000000000000e+03, 1.853940000000000032e-01
1.069769999999999982e+03, -3.443499999999999894e-01
1.069779999999999973e+03, 1.352309999999999901e-01
1.069799999999999955e+03, 1.512709999999999999e+00
1.069819999999999936e+03, -9.043369999999999465e-01
1.069829999999999927e+03, 9.925239999999999618e-01
1.069849999999999909e+03, -2.894399999999999751e-01
1.069869999999999891e+03, 6.551150000000000029e-01
1.069880000000000109e+03, -1.451980000000000048e+00
1.069900000000000091e+03, -2.736910000000000176e-01
1.069920000000000073e+03, -6.124049999999999772e-01
1.069930000000000064e+03, -8.923169999999999713e-02
1.069950000000000045e+03, 1.301019999999999954e-01
1.069970000000000027e+03, -5.960509999999999975e-01
1.069980000000000018e+03, 6.849250000000000060e-01
1.070000000000000000e+03, -4.651509999999999811e-01
1.070019999999999982e+03, 2.754770000000000274e-01
1.070029999999999973e+03, -2.345490000000000075e-01
1.070049999999999955e+03, 4.778089999999999837e-01
1.070069999999999936e+03, -4.774109999999999743e-01
1.070079999999999927e+03, 1.330219999999999958e+00
1.070099999999999909e+03, -3.526839999999999975e-01
1.070119999999999891e+03, 1.921400000000000052e-01
1.070130000000000109e+03, -1.149739999999999963e-02
1.070150000000000091e+03, -1.260909999999999975e+00
1.070170000000000073e+03, 9.118810000000000526e-01
1.070180000000000064e+03, 8.664640000000000120e-01
1.070200000000000045e+03, 5.094990000000000352e-01
1.070220000000000027e+03, -4.014429999999999943e-01
1.070230000000000018e+03, -6.502090000000000369e-01
1.070250000000000000e+03, -7.405509999999999593e-01
1.070269999999999982e+03, 2.580910000000000148e-01
1.070279999999999973e+03, -1.026829999999999909e+00
1.070299999999999955e+03, -3.584629999999999761e-01
1.070319999999999936e+03, -6.607579999999999565e-01
1.070329999999999927e+03, 1.880979999999999874e-01
1.070349999999999909e+03, -4.330439999999999984e-02
1.070369999999999891e+03, 1.577340000000000131e-01
1.070380000000000109e+03, -7.763989999999999503e-01
1.070400000000000091e+03, -5.340629999999999544e-01
1.070420000000000073e+03, -1.444489999999999941e-01
1.070430000000000064e+03, 2.702809999999999935e-01
1.070450000000000045e+03, -5.372599999999999598e-01
1.070470000000000027e+03, -4.412150000000000238e-01
1.070480000000000018e+03, -2.166049999999999920e-02
1.070500000000000000e+03, 4.464230000000000143e-01
1.070519999999999982e+03, 1.448679999999999968e+00
1.070529999999999973e+03, 7.878779999999999673e-01
1.070549999999999955e+03, 1.774049999999999905e+00
1.070569999999999936e+03, -3.040109999999999757e-01
1.070579999999999927e+03, -5.841349999999999598e-01
1.070599999999999909e+03, -3.999500000000000277e-02
1.070619999999999891e+03, 1.184860000000000024e+00
1.070630000000000109e+03, 7.918479999999999963e-01
1.070650000000000091e+03, 4.767799999999999816e-01
1.070670000000000073e+03, 8.589869999999999450e-01
1.070680000000000064e+03, -1.249070000000000041e-01
1.070700000000000045e+03, 3.293289999999999829e-01
1.070720000000000027e+03, 7.937349999999999683e-01
1.070730000000000018e+03, 8.421079999999999677e-01
1.070750000000000000e+03, 7.258590000000000320e-01
1.070769999999999982e+03, -9.081789999999999585e-01
1.070779999999999973e+03, 2.587289999999999868e-01
1.070799999999999955e+03, 8.415700000000000403e-01
1.070819999999999936e+03, 1.202949999999999992e-01
1.070829999999999927e+03, -6.020370000000000443e-01
1.070849999999999909e+03, -2.660089999999999955e-01
1.070869999999999891e+03, -3.905529999999999835e-01
1.070880000000000109e+03, -7.293349999999999556e-01
1.070900000000000091e+03, -5.917689999999999895e-01
1.070920000000000073e+03, -7.638000000000000345e-01
1.070930000000000064e+03, -3.774649999999999950e-01
1.070950000000000045e+03, 1.228120000000000100e+00
1.070970000000000027e+03, 8.593469999999999720e-01
1.070980000000000018e+03, -9.264459999999999917e-01
1.071000000000000000e+03, -6.755849999999999911e-01
1.071019999999999982e+03, -5.420220000000000038e-01
1.071029999999999973e+03, -8.328340000000000048e-03
1.071049999999999955e+03, 1.031300000000000106e+00
1.071069999999999936e+03, -2.539069999999999869e-02
1.071079999999999927e+03, 1.455460000000000087e-01
1.071099999999999909e+03, 7.975010000000000154e-01
1.071119999999999891e+03, -1.580430000000000001e+00
1.071130000000000109e+03, -2.010069999999999801e+00
1.071150000000000091e+03, -1.925769999999999982e+00
1.071170000000000073e+03, 5.245199999999999863e-01
1.071180000000000064e+03, -4.880289999999999906e-01
1.071200000000000045e+03, -3.809620000000000228e-01
1.071220000000000027e+03, -6.979819999999999913e-01
1.071230000000000018e+03, -1.385140000000000038e+00
1.071250000000000000e+03, -5.565649999999999764e-01
1.071269999999999982e+03, 8.004210000000000491e-01
1.071279999999999973e+03, 1.267179999999999973e+00
1.071299999999999955e+03, 1.728020000000000111e-01
1.071319999999999936e+03, 1.095499999999999946e-01
1.071329999999999927e+03, -9.386409999999999476e-01
1.071349999999999909e+03, -1.216420000000000057e+00
1.071369999999999891e+03, -9.571619999999999573e-01
1.071380000000000109e+03, 3.244670000000000054e-01
1.071400000000000091e+03, 6.462719999999999576e-01
1.071420000000000073e+03, 5.913720000000000088e-01
1.071430000000000064e+03, 1.654150000000000065e-01
1.071450000000000045e+03, 1.584560000000000135e-01
1.071470000000000027e+03, -1.224009999999999959e-01
1.071480000000000018e+03, 1.719990000000000130e-01
1.071500000000000000e+03, 1.509819999999999940e+00
1.071519999999999982e+03, 1.332999999999999963e+00
1.071529999999999973e+03, 9.068800000000000194e-01
1.071549999999999955e+03, 2.544170000000000043e-01
1.071569999999999936e+03, -6.377230000000000398e-01
1.071579999999999927e+03, -1.566319999999999935e+00
1.071599999999999909e+03, -2.593309999999999782e-01
1.071619999999999891e+03, -1.001349999999999962e+00
1.071630000000000109e+03, -1.013409999999999922e+00
1.071650000000000091e+03, 4.872170000000000112e-01
1.071670000000000073e+03, -5.159299999999999997e-01
1.071680000000000064e+03, -6.535039999999999738e-01
1.071700000000000045e+03, 3.065660000000000052e-01
1.071720000000000027e+03, 9.172339999999999938e-01
1.071730000000000018e+03, 1.147370000000000001e+00
1.071750000000000000e+03, 1.674009999999999998e+00
1.071769999999999982e+03, 3.965110000000000162e-02
1.071779999999999973e+03, -7.782239999999999991e-02
1.071799999999999955e+03, 1.525719999999999965e+00
1.071819999999999936e+03, -9.437400000000000233e-01
1.071829999999999927e+03, -1.473840000000000039e+00
1.071849999999999909e+03, -1.252529999999999921e+00
1.071869999999999891e+03, 6.782169999999999475e-04
1.071880000000000109e+03, 1.968820000000000014e-01
1.071900000000000091e+03, 6.090020000000000433e-01
1.071920000000000073e+03, 1.161480000000000068e+00
1.071930000000000064e+03, -6.127599999999999714e-01
1.071950000000000045e+03, -1.316449999999999898e+00
1.071970000000000027e+03, -4.487369999999999970e-01
1.071980000000000018e+03, -1.083630000000000093e+00
1.072000000000000000e+03, -1.048519999999999897e+00
1.072019999999999982e+03, -5.002550000000000052e-01
1.072029999999999973e+03, -6.793780000000000374e-01
1.072049999999999955e+03, -1.056750000000000078e+00
1.072069999999999936e+03, -2.558860000000000023e-01
1.072079999999999927e+03, 1.629859999999999920e-01
1.072099999999999909e+03, 5.177059999999999995e-01
1.072119999999999891e+03, 6.453290000000000415e-02
1.072130000000000109e+03, -8.851820000000000521e-02
1.072150000000000091e+03, -8.166369999999999463e-01
1.072170000000000073e+03, 1.330379999999999896e+00
1.072180000000000064e+03, 1.761989999999999945e+00
1.072200000000000045e+03, 1.056200000000000028e+00
1.072220000000000027e+03, 1.180090000000000083e+00
1.072230000000000018e+03, 7.812660000000000160e-01
1.072250000000000000e+03, -5.073349999999999804e-01
1.072269999999999982e+03, -2.041119999999999823e+00
1.072279999999999973e+03, -7.391590000000000105e-01
1.072299999999999955e+03, -6.782620000000000315e-01
1.072319999999999936e+03, -3.388800000000000145e-01
1.072329999999999927e+03, 9.848490000000000022e-02
1.072349999999999909e+03, 1.071709999999999940e+00
1.072369999999999891e+03, -8.991470000000000296e-01
1.072380000000000109e+03, 4.237339999999999995e-01
1.072400000000000091e+03, 5.847739999999999883e-02
1.072420000000000073e+03, -3.262160000000000060e-01
1.072430000000000064e+03, 2.669639999999999860e-02
1.072450000000000045e+03, -1.038899999999999935e+00
1.072470000000000027e+03, -1.190949999999999953e+00
1.072480000000000018e+03, -4.821239999999999970e-01
1.072500000000000000e+03, 6.159639999999999560e-01
1.072519999999999982e+03, 2.064930000000000099e-01
1.072529999999999973e+03, 1.141250000000000098e+00
1.072549999999999955e+03, 4.657769999999999966e-01
1.072569999999999936e+03, -4.184439999999999826e-01
1.072579999999999927e+03, -7.738430000000000308e-02
1.072599999999999909e+03, -1.124710000000000099e+00
1.072619999999999891e+03, 8.163409999999999833e-01
1.072630000000000109e+03, 8.974349999999999827e-01
1.072650000000000091e+03, 5.564820000000000322e-01
1.072670000000000073e+03, -1.500799999999999912e+00
1.072680000000000064e+03, -1.718220000000000081e+00
1.072700000000000045e+03, -1.260119999999999907e+00
1.072720000000000027e+03, -9.455470000000000264e-01
1.072730000000000018e+03, 1.301970000000000072e-01
1.072750000000000000e+03, 1.001109999999999944e+00
1.072769999999999982e+03, 1.171880000000000033e+00
1.072779999999999973e+03, 6.767260000000000497e-01
1.072799999999999955e+03, 2.628840000000000066e-01
1.072819999999999936e+03, -1.006639999999999979e+00
1.072829999999999927e+03, 2.815230000000000232e-01
1.072849999999999909e+03, -8.854710000000000011e-03
1.072869999999999891e+03, -3.416959999999999997e-01
1.072880000000000109e+03, 7.279529999999999612e-01
1.072900000000000091e+03, 5.846289999999999543e-01
1.072920000000000073e+03, 8.333899999999999642e-01
1.072930000000000064e+03, 2.027849999999999930e+00
1.072950000000000045e+03, -9.367060000000000386e-01
1.072970000000000027e+03, -6.175669999999999771e-01
1.072980000000000018e+03, -8.707230000000000247e-01
1.073000000000000000e+03, 4.172120000000000273e-01
1.073019999999999982e+03, -4.077979999999999938e-01
1.073029999999999973e+03, -1.447690000000000088e-01
1.073049999999999955e+03, -1.618030000000000079e+00
1.073069999999999936e+03, -2.741160000000000263e-01
1.073079999999999927e+03, -1.327790000000000081e-01
1.073099999999999909e+03, 1.078480000000000105e+00
1.073119999999999891e+03, 4.267889999999999739e-01
1.073130000000000109e+03, -3.719390000000000196e-01
1.073150000000000091e+03, -7.080480000000000107e-01
1.073170000000000073e+03, -2.959530000000000216e-01
1.073180000000000064e+03, -2.929439999999999822e-01
1.073200000000000045e+03, -4.993529999999999913e-01
1.073220000000000027e+03, 2.197209999999999996e-01
1.073230000000000018e+03, -1.917100000000000026e+00
1.073250000000000000e+03, -6.678859999999999797e-01
1.073269999999999982e+03, 1.733409999999999895e+00
1.073279999999999973e+03, 1.305790000000000006e+00
1.073299999999999955e+03, 9.491920000000000357e-01
1.073319999999999936e+03, 6.272429999999999950e-01
1.073329999999999927e+03, -1.297109999999999985e+00
1.073349999999999909e+03, -1.057469999999999910e+00
1.073369999999999891e+03, -7.977100000000000302e-01
1.073380000000000109e+03, 3.847320000000000184e-01
1.073400000000000091e+03, 1.403440000000000021e+00
1.073420000000000073e+03, 1.478909999999999947e-01
1.073430000000000064e+03, 1.557250000000000023e+00
1.073450000000000045e+03, -7.159339999999999593e-01
1.073470000000000027e+03, 2.668670000000000209e-01
1.073480000000000018e+03, 5.589070000000000427e-01
1.073500000000000000e+03, -8.145160000000000178e-01
1.073519999999999982e+03, 8.810759999999999703e-01
1.073529999999999973e+03, -5.004879999999999746e-02
1.073549999999999955e+03, -2.378230000000000066e-01
1.073569999999999936e+03, 5.484539999999999971e-01
1.073579999999999927e+03, 5.877620000000000067e-01
1.073599999999999909e+03, -2.395299999999999929e-01
1.073619999999999891e+03, -2.033600000000000130e-01
1.073630000000000109e+03, -1.524990000000000068e+00
1.073650000000000091e+03, -3.873280000000000056e-01
1.073670000000000073e+03, 4.155659999999999910e-01
1.073680000000000064e+03, 1.756520000000000026e-01
1.073700000000000045e+03, 3.734850000000000114e-01
1.073720000000000027e+03, -4.147839999999999860e-01
1.073730000000000018e+03, 1.136959999999999971e+00
1.073750000000000000e+03, 7.184559999999999835e-01
1.073769999999999982e+03, 3.867389999999999994e-01
1.073779999999999973e+03, -5.218540000000000401e-01
1.073799999999999955e+03, -1.602819999999999911e+00
1.073819999999999936e+03, -5.472190000000000110e-01
1.073829999999999927e+03, 4.544659999999999811e-01
1.073849999999999909e+03, 3.423050000000000259e-01
1.073869999999999891e+03, 5.034779999999999811e-01
1.073880000000000109e+03, 2.277579999999999882e-02
1.073900000000000091e+03, -4.022229999999999972e-01
1.073920000000000073e+03, 3.257010000000000183e-01
1.073930000000000064e+03, 1.362290000000000001e+00
1.073950000000000045e+03, 1.903399999999999981e+00
1.073970000000000027e+03, 1.770329999999999959e-01
1.073980000000000018e+03, -4.033860000000000223e-02
1.074000000000000000e+03, -1.816339999999999899e-01
1.074019999999999982e+03, -4.466439999999999855e-01
1.074029999999999973e+03, 9.774789999999999868e-01
1.074049999999999955e+03, 1.486789999999999987e-02
1.074069999999999936e+03, 4.075289999999999746e-01
1.074079999999999927e+03, -3.768369999999999775e-01
1.074099999999999909e+03, 5.741100000000000092e-01
1.074119999999999891e+03, -3.941459999999999964e-01
1.074130000000000109e+03, -9.238949999999999897e-04
1.074150000000000091e+03, -5.308020000000000099e-02
1.074170000000000073e+03, 1.035509999999999931e+00
1.074180000000000064e+03, 2.336509999999999976e-01
1.074200000000000045e+03, 3.271140000000000159e-01
1.074220000000000027e+03, -2.608699999999999908e-01
1.074230000000000018e+03, -1.838379999999999903e+00
1.074250000000000000e+03, -1.234129999999999949e+00
1.074269999999999982e+03, 7.978480000000000016e-01
1.074279999999999973e+03, 1.201559999999999961e+00
1.074299999999999955e+03, -4.954020000000000090e-01
1.074319999999999936e+03, -2.080639999999999989e-01
1.074329999999999927e+03, -1.150530000000000053e+00
1.074349999999999909e+03, 1.517400000000000082e+00
1.074369999999999891e+03, -1.761800000000000033e-01
1.074380000000000109e+03, -5.260949999999999793e-01
1.074400000000000091e+03, 8.509390000000000009e-01
1.074420000000000073e+03, -5.343010000000000259e-01
1.074430000000000064e+03, -7.412189999999999612e-01
1.074450000000000045e+03, -1.302280000000000104e-01
1.074470000000000027e+03, 8.143190000000000150e-01
1.074480000000000018e+03, 1.677170000000000050e+00
1.074500000000000000e+03, 6.326040000000000552e-01
1.074519999999999982e+03, -3.919320000000000026e-01
1.074529999999999973e+03, -6.790260000000000185e-01
1.074549999999999955e+03, 6.942430000000000545e-01
1.074569999999999936e+03, 3.625579999999999914e-01
1.074579999999999927e+03, 1.221000000000000085e+00
1.074599999999999909e+03, 9.987089999999999579e-01
1.074619999999999891e+03, -1.576850000000000085e+00
1.074630000000000109e+03, -9.890099999999999447e-01
1.074650000000000091e+03, -5.237340000000000328e-01
1.074670000000000073e+03, -4.028220000000000134e-01
1.074680000000000064e+03, -4.632760000000000211e-01
1.074700000000000045e+03, -9.955399999999999805e-01
1.074720000000000027e+03, 2.547610000000000152e-01
1.074730000000000018e+03, 6.498829999999999885e-01
1.074750000000000000e+03, 5.379209999999999825e-01
1.074769999999999982e+03, -7.380879999999999663e-01
1.074779999999999973e+03, 2.312599999999999933e-01
1.074799999999999955e+03, -1.767710000000000115e-01
1.074819999999999936e+03, 1.161569999999999991e+00
1.074829999999999927e+03, 1.305209999999999981e-01
1.074849999999999909e+03, 6.486779999999999768e-01
1.074869999999999891e+03, -7.417059999999999625e-03
1.074880000000000109e+03, -2.575509999999999744e-01
1.074900000000000091e+03, -6.526039999999999619e-01
1.074920000000000073e+03, 4.895039999999999808e-02
1.074930000000000064e+03, 5.001569999999999887e-04
1.074950000000000045e+03, 1.348149999999999904e-01
1.074970000000000027e+03, 5.525229999999999864e-01
1.074980000000000018e+03, 1.176949999999999941e+00
1.075000000000000000e+03, 8.193840000000000012e-01
1.075019999999999982e+03, -3.686650000000000205e-01
1.075029999999999973e+03, -2.409540000000000015e-01
1.075049999999999955e+03, -4.176110000000000100e-01
1.075069999999999936e+03, -1.994699999999999918e+00
1.075079999999999927e+03, 2.707209999999999894e-01
1.075099999999999909e+03, -2.924939999999999762e-01
1.075119999999999891e+03, 2.687559999999999949e-01
1.075130000000000109e+03, -2.398770000000000069e-01
1.075150000000000091e+03, 3.572150000000000047e-01
1.075170000000000073e+03, 2.139939999999999898e-01
1.075180000000000064e+03, -1.714180000000000037e+00
1.075200000000000045e+03, -1.258120000000000072e-01
1.075220000000000027e+03, 1.649420000000000053e-01
1.075230000000000018e+03, 1.422940000000000094e+00
1.075250000000000000e+03, 5.301730000000000054e-01
1.075269999999999982e+03, 9.878869999999999596e-01
1.075279999999999973e+03, -1.779320000000000068e-01
1.075299999999999955e+03, -1.305570000000000064e-01
1.075319999999999936e+03, -1.058580000000000076e+00
1.075329999999999927e+03, -8.050310000000000521e-01
1.075349999999999909e+03, -1.230769999999999920e+00
1.075369999999999891e+03, -3.556630000000000208e-02
1.075380000000000109e+03, 1.330000000000000071e+00
1.075400000000000091e+03, 2.240689999999999849e+00
1.075420000000000073e+03, 1.208899999999999975e-01
1.075430000000000064e+03, 4.145769999999999733e-01
1.075450000000000045e+03, -3.625110000000000277e-01
1.075470000000000027e+03, -9.851010000000000044e-01
1.075480000000000018e+03, -1.154819999999999958e+00
1.075500000000000000e+03, -2.016760000000000108e+00
1.075519999999999982e+03, -2.271689999999999987e+00
1.075529999999999973e+03, -5.439829999999999943e-01
1.075549999999999955e+03, -7.491039999999999921e-01
1.075569999999999936e+03, 3.499860000000000193e-01
1.075579999999999927e+03, -9.239359999999999795e-01
1.075599999999999909e+03, 1.703300000000000092e-01
1.075619999999999891e+03, 7.038739999999999997e-01
1.075630000000000109e+03, 1.783649999999999958e-01
1.075650000000000091e+03, -3.754029999999999867e-01
1.075670000000000073e+03, 8.097150000000000181e-02
1.075680000000000064e+03, -4.488619999999999832e-01
1.075700000000000045e+03, -7.198259999999999659e-01
1.075720000000000027e+03, 7.549079999999999679e-02
1.075730000000000018e+03, 4.418549999999999978e-01
1.075750000000000000e+03, 3.780629999999999824e-01
1.075769999999999982e+03, 3.799159999999999759e-01
1.075779999999999973e+03, -5.375579999999999803e-01
1.075799999999999955e+03, 5.442590000000000483e-01
1.075819999999999936e+03, -5.068019999999999747e-01
1.075829999999999927e+03, -1.172880000000000034e-01
1.075849999999999909e+03, -1.188479999999999953e-01
1.075869999999999891e+03, 4.567649999999999766e-01
1.075880000000000109e+03, -6.200390000000000068e-01
1.075900000000000091e+03, -8.648460000000000036e-01
1.075920000000000073e+03, -8.539010000000000211e-01
1.075930000000000064e+03, 2.086619999999999864e-01
1.075950000000000045e+03, 2.740779999999999994e+00
1.075970000000000027e+03, 1.846270000000000133e-01
1.075980000000000018e+03, -8.095970000000000111e-01
1.076000000000000000e+03, -1.245230000000000059e+00
1.076019999999999982e+03, 2.099969999999999892e-01
1.076029999999999973e+03, 3.849469999999999836e-01
1.076049999999999955e+03, 6.683069999999999844e-01
1.076069999999999936e+03, -1.752960000000000074e-01
1.076079999999999927e+03, 9.424649999999999972e-01
1.076099999999999909e+03, 1.644859999999999933e-01
1.076119999999999891e+03, -1.735230000000000106e-02
1.076130000000000109e+03, 1.016710000000000003e+00
1.076150000000000091e+03, -4.817130000000000023e-01
1.076170000000000073e+03, 7.511160000000000059e-01
1.076180000000000064e+03, -1.025879999999999903e+00
1.076200000000000045e+03, -1.958970000000000100e+00
1.076220000000000027e+03, -3.141240000000000143e-01
1.076230000000000018e+03, 1.056200000000000028e+00
1.076250000000000000e+03, -1.119639999999999969e+00
1.076269999999999982e+03, -1.694569999999999965e-01
1.076279999999999973e+03, -4.215700000000000003e-01
1.076299999999999955e+03, -2.080649999999999861e-02
1.076319999999999936e+03, 5.574919999999999876e-01
1.076329999999999927e+03, -4.269379999999999842e-01
1.076349999999999909e+03, -2.921130000000000115e-01
1.076369999999999891e+03, -9.520669999999999966e-01
1.076380000000000109e+03, 2.573960000000000026e+00
1.076400000000000091e+03, 1.263509999999999911e+00
1.076420000000000073e+03, 8.245550000000000379e-01
1.076430000000000064e+03, -1.684400000000000064e-01
1.076450000000000045e+03, -4.772680000000000256e-01
1.076470000000000027e+03, -4.693149999999999822e-01
1.076480000000000018e+03, -1.109580000000000011e+00
1.076500000000000000e+03, -7.757929999999999549e-01
1.076519999999999982e+03, 5.815120000000000289e-01
1.076529999999999973e+03, 1.176670000000000105e+00
1.076549999999999955e+03, 3.241419999999999857e-01
1.076569999999999936e+03, 2.576740000000000141e-01
1.076579999999999927e+03, -7.359630000000000338e-01
1.076599999999999909e+03, -1.403480000000000061e+00
1.076619999999999891e+03, 2.888759999999999939e-02
1.076630000000000109e+03, -3.670640000000000014e-02
1.076650000000000091e+03, 1.873819999999999930e-01
1.076670000000000073e+03, 1.177059999999999995e+00
1.076680000000000064e+03, 9.549940000000000095e-01
1.076700000000000045e+03, 2.115650000000000031e-01
1.076720000000000027e+03, -8.850550000000000361e-01
1.076730000000000018e+03, -2.378840000000000121e-01
1.076750000000000000e+03, -9.164700000000000069e-01
1.076769999999999982e+03, 2.462679999999999869e-01
1.076779999999999973e+03, -1.065020000000000078e+00
1.076799999999999955e+03, -1.298620000000000108e+00
1.076819999999999936e+03, -2.011779999999999902e+00
1.076829999999999927e+03, -1.026340000000000030e+00
1.076849999999999909e+03, 1.338109999999999911e+00
1.076869999999999891e+03, 1.094500000000000028e+00
1.076880000000000109e+03, 4.090179999999999927e-01
1.076900000000000091e+03, 6.261239999999999861e-02
1.076920000000000073e+03, 5.518420000000000547e-01
1.076930000000000064e+03, -4.968170000000000086e-01
1.076950000000000045e+03, 1.379380000000000051e-01
1.076970000000000027e+03, -4.319479999999999847e-02
1.076980000000000018e+03, 1.793840000000000101e+00
1.077000000000000000e+03, 1.767689999999999984e+00
1.077019999999999982e+03, 5.476480000000000237e-01
1.077029999999999973e+03, 3.864339999999999997e-01
1.077049999999999955e+03, -3.928099999999999925e-01
1.077069999999999936e+03, -1.157149999999999901e+00
1.077079999999999927e+03, -7.824449999999999461e-01
1.077099999999999909e+03, 6.194340000000000401e-01
1.077119999999999891e+03, 5.301780000000000381e-01
1.077130000000000109e+03, 2.209150000000000003e-01
1.077150000000000091e+03, -1.119399999999999951e+00
1.077170000000000073e+03, -5.540089999999999737e-01
1.077180000000000064e+03, -6.032539999999999569e-01
1.077200000000000045e+03, 4.091009999999999924e-01
1.077220000000000027e+03, -2.905769999999999742e-01
1.077230000000000018e+03, -6.428549999999999542e-01
1.077250000000000000e+03, 6.273170000000000135e-01
1.077269999999999982e+03, 1.326799999999999924e-01
1.077279999999999973e+03, -1.200430000000000108e+00
1.077299999999999955e+03, -4.653109999999999746e-01
1.077319999999999936e+03, -1.063760000000000039e+00
1.077329999999999927e+03, -5.188890000000000446e-01
1.077349999999999909e+03, 1.416479999999999961e+00
1.077369999999999891e+03, 2.991530000000000022e-01
1.077380000000000109e+03, -7.324169999999999847e-01
1.077400000000000091e+03, 1.195279999999999954e-01
1.077420000000000073e+03, -7.358620000000000438e-02
1.077430000000000064e+03, -2.329769999999999897e-01
1.077450000000000045e+03, 1.643199999999999938e-01
1.077470000000000027e+03, -1.090289999999999981e+00
1.077480000000000018e+03, -3.997660000000000102e-01
1.077500000000000000e+03, 5.619600000000000151e-01
1.077519999999999982e+03, 1.788200000000000012e+00
1.077529999999999973e+03, -1.660679999999999934e-01
1.077549999999999955e+03, -1.082109999999999905e+00
1.077569999999999936e+03, -5.873579999999999773e-02
1.077579999999999927e+03, 4.294569999999999776e-01
1.077599999999999909e+03, -1.342570000000000041e+00
1.077619999999999891e+03, -1.177900000000000058e-01
1.077630000000000109e+03, 5.625710000000000433e-01
1.077650000000000091e+03, 5.270430000000000254e-02
1.077670000000000073e+03, 5.821049999999999836e-01
1.077680000000000064e+03, -8.628869999999999596e-01
1.077700000000000045e+03, -3.405569999999999986e-01
1.077720000000000027e+03, -2.766870000000000163e-01
1.077730000000000018e+03, 2.063590000000000035e+00
1.077750000000000000e+03, 5.705770000000000008e-01
1.077769999999999982e+03, -1.708979999999999944e-01
1.077779999999999973e+03, -3.636880000000000113e-01
1.077799999999999955e+03, 1.386830000000000007e-01
1.077819999999999936e+03, -2.903339999999999810e-01
1.077829999999999927e+03, -8.381709999999999994e-01
1.077849999999999909e+03, -1.964720000000000022e+00
1.077869999999999891e+03, -8.494110000000000271e-01
1.077880000000000109e+03, -1.467840000000000034e+00
1.077900000000000091e+03, -1.247829999999999995e+00
1.077920000000000073e+03, -8.057950000000000390e-01
1.077930000000000064e+03, -6.272210000000000285e-01
1.077950000000000045e+03, 6.974690000000000056e-01
1.077970000000000027e+03, 1.895989999999999828e-02
1.077980000000000018e+03, 8.556869999999999754e-02
1.078000000000000000e+03, 3.670800000000000174e-01
1.078019999999999982e+03, -9.230420000000000291e-01
1.078029999999999973e+03, -2.162030000000000063e-01
1.078049999999999955e+03, 3.471330000000000249e-01
1.078069999999999936e+03, 6.883899999999999741e-02
1.078079999999999927e+03, -2.884050000000000225e-01
1.078099999999999909e+03, -6.138829999999999565e-01
1.078119999999999891e+03, 9.968200000000000394e-01
1.078130000000000109e+03, 1.209480000000000111e+00
1.078150000000000091e+03, 7.067679999999999518e-01
1.078170000000000073e+03, -1.709960000000000091e-01
1.078180000000000064e+03, 2.706520000000000037e-01
1.078200000000000045e+03, 8.531520000000000215e-01
1.078220000000000027e+03, 3.618279999999999830e-01
1.078230000000000018e+03, -5.363799999999999679e-01
1.078250000000000000e+03, 2.812140000000000195e-01
1.078269999999999982e+03, -1.942830000000000112e-01
1.078279999999999973e+03, -4.351519999999999694e-02
1.078299999999999955e+03, 1.741070000000000118e-01
1.078319999999999936e+03, 2.575640000000000152e-01
1.078329999999999927e+03, 1.483179999999999943e+00
1.078349999999999909e+03, 7.359390000000000098e-01
1.078369999999999891e+03, 5.098449999999999926e-01
1.078380000000000109e+03, -5.337009999999999671e-02
1.078400000000000091e+03, 2.952960000000000029e-01
1.078420000000000073e+03, -1.918569999999999998e-01
1.078430000000000064e+03, 1.013099999999999973e-01
1.078450000000000045e+03, -2.788430000000000075e-01
1.078470000000000027e+03, -1.346160000000000023e+00
1.078480000000000018e+03, 9.520199999999999774e-01
1.078500000000000000e+03, -8.926370000000000138e-01
1.078519999999999982e+03, -2.045230000000000103e-01
1.078529999999999973e+03, 1.304690000000000016e-01
1.078549999999999955e+03, 5.662080000000000446e-01
1.078569999999999936e+03, 1.175279999999999936e-01
1.078579999999999927e+03, 1.090140000000000109e+00
1.078599999999999909e+03, -2.557840000000000114e-01
1.078619999999999891e+03, -2.597340000000000204e-01
1.078630000000000109e+03, 9.965029999999999721e-02
1.078650000000000091e+03, 4.596850000000000103e-01
1.078670000000000073e+03, 4.372260000000000035e-01
1.078680000000000064e+03, -1.198990000000000056e-01
1.078700000000000045e+03, 1.051180000000000003e+00
1.078720000000000027e+03, 1.170679999999999943e+00
1.078730000000000018e+03, -1.963139999999999885e-01
1.078750000000000000e+03, 1.306990000000000096e+00
1.078769999999999982e+03, -1.211639999999999939e-01
1.078779999999999973e+03, -6.571470000000000367e-01
1.078799999999999955e+03, 5.173670000000000213e-01
1.078819999999999936e+03, -8.641039999999999832e-01
1.078829999999999927e+03, -3.186959999999999793e-01
1.078849999999999909e+03, -7.071509999999999740e-01
1.078869999999999891e+03, -4.629960000000000186e-01
1.078880000000000109e+03, -1.044459999999999944e+00
1.078900000000000091e+03, -7.689519999999999689e-01
1.078920000000000073e+03, 4.124349999999999718e-03
1.078930000000000064e+03, 4.482559999999999878e-01
1.078950000000000045e+03, 8.431110000000000548e-01
1.078970000000000027e+03, -1.840449999999999864e-01
1.078980000000000018e+03, -8.684849999999999515e-01
1.079000000000000000e+03, 4.640469999999999873e-01
1.079019999999999982e+03, 8.703079999999999705e-01
1.079029999999999973e+03, 3.636409999999999920e-01
1.079049999999999955e+03, 2.959399999999999878e-02
1.079069999999999936e+03, -6.360000000000000098e-01
1.079079999999999927e+03, -4.644369999999999887e-01
1.079099999999999909e+03, 4.299170000000000075e-02
1.079119999999999891e+03, 4.180309999999999859e-01
1.079130000000000109e+03, -4.501370000000000093e-01
1.079150000000000091e+03, -1.804469999999999963e-01
1.079170000000000073e+03, -3.327450000000000130e-01
1.079180000000000064e+03, 6.355849999999999556e-01
1.079200000000000045e+03, -6.807219999999999938e-02
1.079220000000000027e+03, 1.355150000000000077e+00
1.079230000000000018e+03, -1.152730000000000005e-01
1.079250000000000000e+03, 5.308319999999999705e-01
1.079269999999999982e+03, 3.670950000000000046e-01
1.079279999999999973e+03, -5.127089999999999703e-01
1.079299999999999955e+03, -1.050710000000000033e+00
1.079319999999999936e+03, -2.838069999999999829e-02
1.079329999999999927e+03, 2.941369999999999818e-01
1.079349999999999909e+03, 5.341739999999999683e-02
1.079369999999999891e+03, -6.849720000000000253e-01
1.079380000000000109e+03, -1.487970000000000126e-01
1.079400000000000091e+03, 2.730319999999999969e-01
1.079420000000000073e+03, 8.074780000000000291e-01
1.079430000000000064e+03, 7.301229999999999665e-01
1.079450000000000045e+03, 3.434679999999999955e-01
1.079470000000000027e+03, 2.947250000000000147e-01
1.079480000000000018e+03, -5.343139999999999556e-01
1.079500000000000000e+03, 4.293310000000000182e-01
1.079519999999999982e+03, 1.362100000000000088e+00
1.079529999999999973e+03, 3.702500000000000235e-01
1.079549999999999955e+03, -8.252210000000000101e-02
1.079569999999999936e+03, -4.960570000000000257e-01
1.079579999999999927e+03, 1.500629999999999908e+00
1.079599999999999909e+03, -3.989679999999999893e-01
1.079619999999999891e+03, 8.458069999999999478e-02
1.079630000000000109e+03, -1.711529999999999996e+00
1.079650000000000091e+03, -1.624889999999999946e+00
1.079670000000000073e+03, 3.425079999999999791e-01
1.079680000000000064e+03, -1.075530000000000097e+00
1.079700000000000045e+03, 6.789929999999999577e-01
1.079720000000000027e+03, -3.169640000000000235e-01
1.079730000000000018e+03, -4.250849999999999906e-01
1.079750000000000000e+03, -8.298039999999999861e-01
1.079769999999999982e+03, 8.773039999999999727e-01
1.079779999999999973e+03, -8.146290000000000475e-01
1.079799999999999955e+03, 4.588809999999999834e-01
1.079819999999999936e+03, -5.895129999999999537e-01
1.079829999999999927e+03, -9.870550000000000157e-01
1.079849999999999909e+03, -9.197509999999999852e-01
1.079869999999999891e+03, 2.366749999999999965e-01
1.079880000000000109e+03, -5.345599999999999831e-03
1.079900000000000091e+03, -6.180670000000000330e-01
1.079920000000000073e+03, 7.163190000000000390e-01
1.079930000000000064e+03, 6.886349999999999416e-02
1.079950000000000045e+03, 5.667579999999999840e-01
1.079970000000000027e+03, -1.412719999999999976e+00
1.079980000000000018e+03, 4.271599999999999703e-02
1.080000000000000000e+03, -5.395489999999999453e-01
1.080019999999999982e+03, -7.434209999999999430e-02
1.080029999999999973e+03, -4.858850000000000113e-01
1.080049999999999955e+03, 8.618160000000000265e-01
1.080069999999999936e+03, -6.577950000000000186e-01
1.080079999999999927e+03, 5.346330000000000249e-01
1.080099999999999909e+03, -2.034410000000000038e-02
1.080119999999999891e+03, -1.550740000000000007e+00
1.080130000000000109e+03, -1.880890000000000062e-01
1.080150000000000091e+03, 7.906279999999999974e-01
1.080170000000000073e+03, -6.407230000000000425e-01
1.080180000000000064e+03, -1.558439999999999999e-02
1.080200000000000045e+03, -3.338849999999999874e-01
1.080220000000000027e+03, -1.096799999999999997e+00
1.080230000000000018e+03, 1.171159999999999979e+00
1.080250000000000000e+03, 1.099230000000000068e-01
1.080269999999999982e+03, 6.919389999999999707e-01
1.080279999999999973e+03, 8.354249999999999732e-01
1.080299999999999955e+03, 2.409630000000000105e-01
1.080319999999999936e+03, -8.589160000000000128e-01
1.080329999999999927e+03, 5.444809999999999928e-01
1.080349999999999909e+03, -1.008210000000000051e+00
1.080369999999999891e+03, 6.437339999999999729e-03
1.080380000000000109e+03, -5.689849999999999630e-01
1.080400000000000091e+03, -6.885649999999999826e-01
1.080420000000000073e+03, -9.275700000000000056e-01
1.080430000000000064e+03, -6.949359999999999982e-01
1.080450000000000045e+03, -6.981420000000000681e-02
1.080470000000000027e+03, -9.638400000000000301e-01
1.080480000000000018e+03, -8.742060000000000108e-02
1.080500000000000000e+03, -1.928150000000000003e-02
1.080519999999999982e+03, 6.675990000000000535e-01
1.080529999999999973e+03, 8.015409999999999480e-01
1.080549999999999955e+03, -3.770850000000000035e-01
1.080569999999999936e+03, -2.220930000000000071e+00
1.080579999999999927e+03, -2.195650000000000102e+00
1.080599999999999909e+03, 2.507590000000000097e-01
1.080619999999999891e+03, -8.238170000000000215e-01
1.080630000000000109e+03, 8.408250000000000446e-02
1.080650000000000091e+03, -3.147629999999999786e-03
1.080670000000000073e+03, 1.239079999999999959e+00
1.080680000000000064e+03, 6.841040000000000454e-01
1.080700000000000045e+03, 2.088379999999999903e+00
1.080720000000000027e+03, 9.482939999999999703e-01
1.080730000000000018e+03, 1.639839999999999909e-01
1.080750000000000000e+03, 6.884090000000000487e-01
1.080769999999999982e+03, 1.277930000000000010e+00
1.080779999999999973e+03, 1.966290000000000093e+00
1.080799999999999955e+03, 8.132169999999999677e-01
1.080819999999999936e+03, -1.251440000000000108e+00
1.080829999999999927e+03, -1.775069999999999926e+00
1.080849999999999909e+03, -1.533700000000000063e+00
1.080869999999999891e+03, -1.476699999999999902e+00
1.080880000000000109e+03, -9.787400000000000544e-01
1.080900000000000091e+03, -7.724370000000000402e-01
1.080920000000000073e+03, 4.245570000000000177e-01
1.080930000000000064e+03, 8.470189999999999664e-01
1.080950000000000045e+03, -5.270749999999999602e-01
1.080970000000000027e+03, -6.184719999999999801e-02
1.080980000000000018e+03, 2.946300000000000030e-01
1.081000000000000000e+03, -4.229200000000000181e-01
1.081019999999999982e+03, 1.083520000000000039e+00
1.081029999999999973e+03, -1.212479999999999947e-01
1.081049999999999955e+03, -1.475499999999999867e-01
1.081069999999999936e+03, 4.348250000000000171e-01
1.081079999999999927e+03, -1.378230000000000011e-01
1.081099999999999909e+03, 3.686670000000000225e-01
1.081119999999999891e+03, 7.364979999999999860e-01
1.081130000000000109e+03, 9.995979999999999865e-01
1.081150000000000091e+03, 3.252990000000000048e-01
1.081170000000000073e+03, -3.837979999999999725e-01
1.081180000000000064e+03, -9.526799999999999713e-01
1.081200000000000045e+03, -1.529139999999999944e+00
1.081220000000000027e+03, 6.880209999999999937e-01
1.081230000000000018e+03, 2.595710000000000031e-02
1.081250000000000000e+03, 2.102809999999999957e-01
1.081269999999999982e+03, -1.184660000000000019e-01
1.081279999999999973e+03, -1.881750000000000089e-01
1.081299999999999955e+03, -2.154079999999999995e+00
1.081319999999999936e+03, -1.242699999999999916e+00
1.081329999999999927e+03, 4.006950000000000234e-01
1.081349999999999909e+03, -5.719800000000000439e-01
1.081369999999999891e+03, -1.485700000000000076e-01
1.081380000000000109e+03, -7.175859999999999461e-01
1.081400000000000091e+03, -1.038180000000000103e+00
1.081420000000000073e+03, -1.063020000000000076e+00
1.081430000000000064e+03, -2.764889999999999848e-01
1.081450000000000045e+03, 1.097750000000000004e+00
1.081470000000000027e+03, 5.504900000000000349e-01
1.081480000000000018e+03, -2.156329999999999913e-01
1.081500000000000000e+03, 2.834360000000000213e-01
1.081519999999999982e+03, 3.096990000000000159e-02
1.081529999999999973e+03, -1.816280000000000117e-01
1.081549999999999955e+03, 1.153300000000000020e-01
1.081569999999999936e+03, 1.418449999999999989e+00
1.081579999999999927e+03, 5.598769999999999580e-01
1.081599999999999909e+03, 9.589689999999999603e-01
1.081619999999999891e+03, -7.267449999999999743e-01
1.081630000000000109e+03, 1.286940000000000028e-01
1.081650000000000091e+03, 3.608120000000000077e-02
1.081670000000000073e+03, 4.047879999999999812e-01
1.081680000000000064e+03, -1.593990000000000129e-01
1.081700000000000045e+03, -1.698679999999999968e+00
1.081720000000000027e+03, -2.917130000000000001e-01
1.081730000000000018e+03, 8.785490000000000244e-01
1.081750000000000000e+03, 6.871580000000000465e-01
1.081769999999999982e+03, -7.440719999999999557e-01
1.081779999999999973e+03, -6.883569999999999967e-01
1.081799999999999955e+03, 2.732189999999999896e-01
1.081819999999999936e+03, 1.848170000000000021e-02
1.081829999999999927e+03, -4.267480000000000162e-01
1.081849999999999909e+03, 1.105199999999999960e+00
1.081869999999999891e+03, 6.530589999999999451e-01
1.081880000000000109e+03, 1.460879999999999956e+00
1.081900000000000091e+03, 1.032030000000000003e+00
1.081920000000000073e+03, 2.337579999999999936e-01
1.081930000000000064e+03, -5.644390000000000240e-01
1.081950000000000045e+03, -8.318619999999999903e-01
1.081970000000000027e+03, -5.049069999999999947e-01
1.081980000000000018e+03, 1.011139999999999928e+00
1.082000000000000000e+03, 8.576660000000000394e-01
1.082019999999999982e+03, -5.220140000000000197e-02
1.082029999999999973e+03, -9.935549999999999660e-01
1.082049999999999955e+03, -6.923079999999999512e-02
1.082069999999999936e+03, -4.541029999999999789e-01
1.082079999999999927e+03, 1.032329999999999970e+00
1.082099999999999909e+03, 8.292199999999999571e-01
1.082119999999999891e+03, -1.062420000000000031e-01
1.082130000000000109e+03, -9.103010000000000268e-01
1.082150000000000091e+03, -1.215789999999999926e+00
1.082170000000000073e+03, -6.484079999999999844e-01
1.082180000000000064e+03, 8.906089999999999840e-01
1.082200000000000045e+03, -6.575060000000000349e-01
1.082220000000000027e+03, 1.088230000000000031e-01
1.082230000000000018e+03, -6.791570000000000107e-01
1.082250000000000000e+03, -1.457299999999999984e-01
1.082269999999999982e+03, 3.922900000000000276e-01
1.082279999999999973e+03, 8.977730000000000432e-01
1.082299999999999955e+03, 6.960349999999999870e-02
1.082319999999999936e+03, -3.028429999999999733e-01
1.082329999999999927e+03, -2.381769999999999943e+00
1.082349999999999909e+03, -8.299649999999999528e-01
1.082369999999999891e+03, -6.143600000000000172e-01
1.082380000000000109e+03, 4.617839999999999723e-01
1.082400000000000091e+03, 1.470040000000000013e+00
1.082420000000000073e+03, 2.471619999999999928e-01
1.082430000000000064e+03, 1.236120000000000108e+00
1.082450000000000045e+03, 2.538690000000000113e-01
1.082470000000000027e+03, 1.466120000000000090e+00
1.082480000000000018e+03, -1.131410000000000027e+00
1.082500000000000000e+03, -9.527790000000000425e-01
1.082519999999999982e+03, 4.076389999999999736e-01
1.082529999999999973e+03, 7.005670000000000508e-01
1.082549999999999955e+03, -4.066259999999999875e-01
1.082569999999999936e+03, 7.156259999999999843e-01
1.082579999999999927e+03, -5.193520000000000358e-01
1.082599999999999909e+03, -2.559159999999999768e-01
1.082619999999999891e+03, 2.293229999999999991e-01
1.082630000000000109e+03, -1.987460000000000060e-01
1.082650000000000091e+03, 3.304449999999999887e-01
1.082670000000000073e+03, -9.693650000000000322e-01
1.082680000000000064e+03, -3.886279999999999735e-01
1.082700000000000045e+03, -8.909559999999999702e-01
1.082720000000000027e+03, -1.323199999999999932e+00
1.082730000000000018e+03, -9.330549999999999677e-01
1.082750000000000000e+03, -6.213610000000000522e-01
1.082769999999999982e+03, 6.060520000000000351e-01
1.082779999999999973e+03, -1.015049999999999980e-01
1.082799999999999955e+03, 2.045539999999999914e+00
1.082819999999999936e+03, -6.126509999999999456e-01
1.082829999999999927e+03, 7.486169999999999769e-01
1.082849999999999909e+03, -1.554140000000000077e+00
1.082869999999999891e+03, 3.024069999999999814e-01
1.082880000000000109e+03, 6.974010000000000487e-01
1.082900000000000091e+03, 8.606660000000000421e-01
1.082920000000000073e+03, 6.378050000000000386e-02
1.082930000000000064e+03, -7.378660000000000219e-01
1.082950000000000045e+03, -2.112779999999999880e+00
1.082970000000000027e+03, -3.700390000000000068e+00
1.082980000000000018e+03, -2.204740000000000033e-01
1.083000000000000000e+03, 7.097940000000000360e-01
1.083019999999999982e+03, -5.574770000000000003e-01
1.083029999999999973e+03, 6.100309999999999899e-01
1.083049999999999955e+03, 3.500889999999999835e-01
1.083069999999999936e+03, 1.446830000000000060e+00
1.083079999999999927e+03, -1.308670000000000000e+00
1.083099999999999909e+03, -1.241559999999999997e+00
1.083119999999999891e+03, -1.629999999999999893e+00
1.083130000000000109e+03, -3.167420000000000235e-01
1.083150000000000091e+03, 1.027420000000000000e+00
1.083170000000000073e+03, -5.373339999999999783e-01
1.083180000000000064e+03, -3.056450000000000000e-01
1.083200000000000045e+03, -1.185340000000000060e+00
1.083220000000000027e+03, -7.483400000000000052e-01
1.083230000000000018e+03, 5.753669999999999618e-01
1.083250000000000000e+03, -1.258789999999999909e-01
1.083269999999999982e+03, -2.242049999999999946e-02
1.083279999999999973e+03, 1.158379999999999965e+00
1.083299999999999955e+03, 1.394719999999999960e+00
1.083319999999999936e+03, -4.338190000000000102e-02
1.083329999999999927e+03, 2.279120000000000104e-02
1.083349999999999909e+03, 4.701540000000000163e-01
1.083369999999999891e+03, 1.413060000000000010e-02
1.083380000000000109e+03, -3.078420000000000045e-01
1.083400000000000091e+03, -9.463700000000000445e-01
1.083420000000000073e+03, -3.276640000000000108e-01
1.083430000000000064e+03, 6.612050000000000427e-01
1.083450000000000045e+03, 1.110770000000000035e+00
1.083470000000000027e+03, 1.178350000000000009e+00
1.083480000000000018e+03, -3.939759999999999929e-01
1.083500000000000000e+03, 2.152320000000000066e-01
1.083519999999999982e+03, -1.179419999999999948e-02
1.083529999999999973e+03, 1.419670000000000099e-01
1.083549999999999955e+03, -9.938339999999999952e-01
1.083569999999999936e+03, -1.976630000000000109e+00
1.083579999999999927e+03, 1.054939999999999989e+00
1.083599999999999909e+03, 6.118109999999999937e-01
1.083619999999999891e+03, 6.312600000000000433e-01
1.083630000000000109e+03, -7.979289999999999994e-01
1.083650000000000091e+03, 4.892170000000000130e-01
1.083670000000000073e+03, -6.419460000000000166e-01
1.083680000000000064e+03, 1.176340000000000025e-01
1.083700000000000045e+03, -5.438880000000000381e-01
1.083720000000000027e+03, -1.486760000000000081e+00
1.083730000000000018e+03, 1.506060000000000038e-02
1.083750000000000000e+03, -7.621999999999999886e-01
1.083769999999999982e+03, -3.719650000000000040e-02
1.083779999999999973e+03, 9.276520000000000599e-02
1.083799999999999955e+03, -6.189540000000000042e-01
1.083819999999999936e+03, 1.252220000000000000e-01
1.083829999999999927e+03, -1.713379999999999903e+00
1.083849999999999909e+03, 1.156230000000000091e+00
1.083869999999999891e+03, 8.684119999999999617e-01
1.083880000000000109e+03, 2.980849999999999889e-01
1.083900000000000091e+03, -1.950550000000000062e-01
1.083920000000000073e+03, 3.097309999999999786e-01
1.083930000000000064e+03, 8.956419999999999659e-02
1.083950000000000045e+03, -6.782830000000000109e-03
1.083970000000000027e+03, -1.722059999999999924e+00
1.083980000000000018e+03, -6.643069999999999808e-01
1.084000000000000000e+03, -4.507050000000000223e-01
1.084019999999999982e+03, 1.072659999999999947e+00
1.084029999999999973e+03, 3.860839999999999828e-01
1.084049999999999955e+03, 7.047369999999999468e-01
1.084069999999999936e+03, -5.666390000000000038e-01
1.084079999999999927e+03, -1.053260000000000085e+00
1.084099999999999909e+03, -1.464709999999999956e+00
1.084119999999999891e+03, -5.434999999999999831e-01
1.084130000000000109e+03, -4.327240000000000253e-02
1.084150000000000091e+03, 7.429630000000000400e-01
1.084170000000000073e+03, 7.798650000000000304e-01
1.084180000000000064e+03, 1.292650000000000077e+00
1.084200000000000045e+03, 5.852330000000000032e-02
1.084220000000000027e+03, 3.452580000000000093e-01
1.084230000000000018e+03, -1.584649999999999948e-01
1.084250000000000000e+03, -3.548549999999999760e-01
1.084269999999999982e+03, -8.908420000000000227e-01
1.084279999999999973e+03, 6.099240000000000217e-01
1.084299999999999955e+03, 1.825229999999999908e-01
1.084319999999999936e+03, -1.393300000000000094e-01
1.084329999999999927e+03, -4.346679999999999988e-01
1.084349999999999909e+03, 6.128200000000000314e-01
1.084369999999999891e+03, 1.578209999999999891e+00
1.084380000000000109e+03, -4.317360000000000086e-01
1.084400000000000091e+03, 3.596420000000000172e-02
1.084420000000000073e+03, -1.405929999999999902e+00
1.084430000000000064e+03, -2.016989999999999894e-01
1.084450000000000045e+03, 1.566710000000000047e-01
1.084470000000000027e+03, 5.435539999999999816e-01
1.084480000000000018e+03, 8.018669999999999964e-01
1.084500000000000000e+03, 9.684260000000000090e-01
1.084519999999999982e+03, 1.659970000000000057e-01
1.084529999999999973e+03, -8.679130000000000456e-01
1.084549999999999955e+03, 1.114590000000000025e-01
1.084569999999999936e+03, -1.073720000000000008e+00
1.084579999999999927e+03, 5.371990000000000098e-02
1.084599999999999909e+03, -6.498350000000000515e-01
1.084619999999999891e+03, 1.644730000000000081e-01
1.084630000000000109e+03, -1.849750000000000005e+00
1.084650000000000091e+03, -7.865370000000000417e-01
1.084670000000000073e+03, 1.420649999999999968e+00
1.084680000000000064e+03, 9.974629999999999885e-01
1.084700000000000045e+03, 4.566429999999999795e-02
1.084720000000000027e+03, -6.213450000000000362e-01
1.084730000000000018e+03, 1.070109999999999895e+00
1.084750000000000000e+03, 7.936170000000000169e-01
1.084769999999999982e+03, -4.407369999999999899e-01
1.084779999999999973e+03, 5.370629999999999571e-01
1.084799999999999955e+03, 5.995409999999999906e-01
1.084819999999999936e+03, -4.083100000000000063e-01
1.084829999999999927e+03, -4.524270000000000236e-01
1.084849999999999909e+03, 5.193630000000000191e-01
1.084869999999999891e+03, 2.038770000000000027e-01
1.084880000000000109e+03, 8.372960000000000125e-02
1.084900000000000091e+03, 8.263270000000000337e-01
1.084920000000000073e+03, -8.533300000000000444e-05
1.084930000000000064e+03, 8.136280000000000179e-01
1.084950000000000045e+03, -7.263810000000000544e-01
1.084970000000000027e+03, 5.621539999999999870e-02
1.084980000000000018e+03, 9.294260000000000022e-02
1.085000000000000000e+03, 1.672320000000000056e-02
1.085019999999999982e+03, 6.073499999999999455e-01
1.085029999999999973e+03, 5.808139999999999831e-02
1.085049999999999955e+03, -2.060510000000000119e-01
1.085069999999999936e+03, 6.087420000000000053e-01
1.085079999999999927e+03, -4.642210000000000086e-02
1.085099999999999909e+03, 2.743929999999999980e-02
1.085119999999999891e+03, 8.973550000000000137e-01
1.085130000000000109e+03, -9.307959999999999567e-01
1.085150000000000091e+03, 1.821270000000000111e-01
1.085170000000000073e+03, 9.748780000000000223e-01
1.085180000000000064e+03, 5.282559999999999478e-01
1.085200000000000045e+03, 1.149809999999999999e+00
1.085220000000000027e+03, 9.535799999999999832e-01
1.085230000000000018e+03, -1.690389999999999948e-01
1.085250000000000000e+03, -9.372390000000000443e-01
1.085269999999999982e+03, -4.586839999999999806e-01
1.085279999999999973e+03, -3.069300000000000153e-02
1.085299999999999955e+03, 1.169680000000000025e-01
1.085319999999999936e+03, -3.178779999999999939e-01
1.085329999999999927e+03, 7.645750000000000046e-01
1.085349999999999909e+03, 8.749169999999999447e-01
1.085369999999999891e+03, -7.765410000000000368e-01
1.085380000000000109e+03, -2.514009999999999856e-02
1.085400000000000091e+03, 4.598999999999999755e-01
1.085420000000000073e+03, -2.088339999999999919e-01
1.085430000000000064e+03, -1.913600000000000023e-02
1.085450000000000045e+03, -4.547390000000000043e-01
1.085470000000000027e+03, 9.242469999999999852e-02
1.085480000000000018e+03, 2.730930000000000163e-02
1.085500000000000000e+03, -3.806680000000000064e-01
1.085519999999999982e+03, -6.378660000000000441e-01
1.085529999999999973e+03, 8.032690000000000108e-01
1.085549999999999955e+03, 2.277510000000000090e-01
1.085569999999999936e+03, 2.729929999999999857e-01
1.085579999999999927e+03, -2.120529999999999915e-01
1.085599999999999909e+03, 9.238579999999999570e-01
1.085619999999999891e+03, -4.977270000000000305e-02
1.085630000000000109e+03, -2.414860000000000007e+00
1.085650000000000091e+03, -8.991989999999999705e-01
1.085670000000000073e+03, -5.461859999999999493e-01
1.085680000000000064e+03, 2.510700000000000154e-01
1.085700000000000045e+03, 6.559840000000000115e-01
1.085720000000000027e+03, -1.300119999999999942e+00
1.085730000000000018e+03, 5.473080000000000167e-01
1.085750000000000000e+03, 5.764430000000000387e-01
1.085769999999999982e+03, -9.825549999999999562e-02
1.085779999999999973e+03, -5.032670000000000199e-01
1.085799999999999955e+03, 1.858559999999999934e-01
1.085819999999999936e+03, -2.463789999999999869e-01
1.085829999999999927e+03, 3.941379999999999884e-01
1.085849999999999909e+03, -5.526849999999999818e-01
1.085869999999999891e+03, 7.047900000000000276e-01
1.085880000000000109e+03, 7.476159999999999750e-02
1.085900000000000091e+03, -4.897440000000000127e-01
1.085920000000000073e+03, -1.410899999999999932e-01
1.085930000000000064e+03, 3.885440000000000005e-01
1.085950000000000045e+03, -1.045449999999999990e+00
1.085970000000000027e+03, -1.276159999999999961e+00
1.085980000000000018e+03, -2.317220000000000113e-01
1.086000000000000000e+03, -3.251040000000000180e-02
1.086019999999999982e+03, -6.080719999999999875e-02
1.086029999999999973e+03, -4.878799999999999804e-02
1.086049999999999955e+03, 9.540800000000000392e-01
1.086069999999999936e+03, 4.725340000000000096e-01
1.086079999999999927e+03, -2.151609999999999912e-01
1.086099999999999909e+03, 6.429150000000000142e-02
1.086119999999999891e+03, 2.100279999999999925e-01
1.086130000000000109e+03, 1.443399999999999961e-01
1.086150000000000091e+03, 1.528180000000000094e+00
1.086170000000000073e+03, -4.322889999999999788e-01
1.086180000000000064e+03, 8.340250000000000163e-01
1.086200000000000045e+03, 1.004539999999999988e+00
1.086220000000000027e+03, -4.657839999999999758e-01
1.086230000000000018e+03, -6.269599999999999618e-01
1.086250000000000000e+03, -5.575090000000000323e-01
1.086269999999999982e+03, -6.348549999999999471e-01
1.086279999999999973e+03, 5.138500000000000290e-01
1.086299999999999955e+03, 2.046479999999999855e+00
1.086319999999999936e+03, 1.240730000000000027e-01
1.086329999999999927e+03, 1.183189999999999964e+00
1.086349999999999909e+03, -2.562769999999999770e-01
1.086369999999999891e+03, 2.035949999999999982e-01
1.086380000000000109e+03, -8.941459999999999964e-01
1.086400000000000091e+03, -1.700059999999999905e-01
1.086420000000000073e+03, -7.383150000000000546e-01
1.086430000000000064e+03, -8.807450000000000001e-01
1.086450000000000045e+03, -7.577880000000000171e-01
1.086470000000000027e+03, 3.659399999999999875e-01
1.086480000000000018e+03, -3.168270000000000253e-01
1.086500000000000000e+03, -4.465480000000000005e-01
1.086519999999999982e+03, 4.928489999999999815e-01
1.086529999999999973e+03, -8.380990000000000384e-01
1.086549999999999955e+03, -1.863160000000000094e-01
1.086569999999999936e+03, 6.109520000000000506e-01
1.086579999999999927e+03, 7.175810000000000244e-01
1.086599999999999909e+03, -9.310250000000000470e-02
1.086619999999999891e+03, -1.278049999999999908e+00
1.086630000000000109e+03, -8.294529999999999959e-01
1.086650000000000091e+03, 9.218680000000000208e-01
1.086670000000000073e+03, 1.543160000000000087e+00
1.086680000000000064e+03, -1.891819999999999891e-01
1.086700000000000045e+03, 2.756270000000000109e-01
1.086720000000000027e+03, -2.577510000000000079e-01
1.086730000000000018e+03, 1.364679999999999893e+00
1.086750000000000000e+03, 2.124959999999999904e-01
1.086769999999999982e+03, -8.021089999999999609e-01
1.086779999999999973e+03, -8.133869999999999711e-01
1.086799999999999955e+03, 1.058920000000000083e+00
1.086819999999999936e+03, 7.581830000000000513e-01
1.086829999999999927e+03, 9.320169999999999844e-01
1.086849999999999909e+03, -1.082410000000000094e+00
1.086869999999999891e+03, 4.141599999999999726e-01
1.086880000000000109e+03, -1.398060000000000080e+00
1.086900000000000091e+03, -4.175119999999999942e-01
1.086920000000000073e+03, 3.035370000000000013e-01
1.086930000000000064e+03, 1.378440000000000110e+00
1.086950000000000045e+03, -1.392520000000000042e-02
1.086970000000000027e+03, 2.705079999999999898e-03
1.086980000000000018e+03, -9.390579999999999761e-02
1.087000000000000000e+03, 6.562120000000000453e-02
1.087019999999999982e+03, -1.119539999999999945e-02
1.087029999999999973e+03, -7.302899999999999947e-01
1.087049999999999955e+03, 6.963310000000000333e-01
1.087069999999999936e+03, -4.267779999999999907e-01
1.087079999999999927e+03, -8.453990000000000116e-01
1.087099999999999909e+03, -6.751150000000000206e-01
1.087119999999999891e+03, -6.572050000000000392e-01
1.087130000000000109e+03, -1.021369999999999889e+00
1.087150000000000091e+03, 3.793340000000000045e-01
1.087170000000000073e+03, -1.448120000000000074e+00
1.087180000000000064e+03, -4.335060000000000024e-01
1.087200000000000045e+03, -4.312739999999999907e-01
1.087220000000000027e+03, 1.739239999999999953e-01
1.087230000000000018e+03, -8.592990000000000350e-01
1.087250000000000000e+03, 1.787110000000000087e-01
1.087269999999999982e+03, -1.024159999999999959e+00
1.087279999999999973e+03, 7.739110000000000433e-02
1.087299999999999955e+03, 1.834310000000000107e-01
1.087319999999999936e+03, 8.948989999999999723e-02
1.087329999999999927e+03, -4.179050000000000264e-01
1.087349999999999909e+03, -1.034940000000000027e-01
1.087369999999999891e+03, 4.977960000000000163e-01
1.087380000000000109e+03, 6.275650000000000395e-01
1.087400000000000091e+03, 3.828739999999999921e-01
1.087420000000000073e+03, 1.002170000000000005e+00
1.087430000000000064e+03, 8.331629999999999869e-01
1.087450000000000045e+03, -1.818750000000000089e-01
1.087470000000000027e+03, -8.509430000000000049e-01
1.087480000000000018e+03, -6.894019999999999593e-01
1.087500000000000000e+03, 9.464399999999999480e-01
1.087519999999999982e+03, 2.836069999999999980e-01
1.087529999999999973e+03, 9.392040000000000388e-01
1.087549999999999955e+03, -2.036900000000000099e-01
1.087569999999999936e+03, -2.108240000000000114e-01
1.087579999999999927e+03, 1.705639999999999934e-02
1.087599999999999909e+03, 2.888189999999999924e-01
1.087619999999999891e+03, -6.235619999999999497e-01
1.087630000000000109e+03, -1.602740000000000054e+00
1.087650000000000091e+03, 7.706119999999999637e-01
1.087670000000000073e+03, 8.304399999999999560e-01
1.087680000000000064e+03, 5.032440000000000246e-01
1.087700000000000045e+03, 6.217200000000000504e-01
1.087720000000000027e+03, -3.554450000000000109e-01
1.087730000000000018e+03, 1.879870000000000152e-02
1.087750000000000000e+03, 2.572889999999999899e-01
1.087769999999999982e+03, 1.747949999999999893e+00
1.087779999999999973e+03, 6.370379999999999932e-01
1.087799999999999955e+03, -1.281239999999999934e+00
1.087819999999999936e+03, -7.530520000000000547e-01
1.087829999999999927e+03, 6.094089999999999785e-01
1.087849999999999909e+03, 1.304470000000000018e+00
1.087869999999999891e+03, 8.241979999999999862e-01
1.087880000000000109e+03, -7.797349999999999559e-01
1.087900000000000091e+03, -1.722380000000000022e+00
1.087920000000000073e+03, -2.587789999999999813e-01
1.087930000000000064e+03, 2.219450000000000034e-01
1.087950000000000045e+03, 7.639759999999999884e-01
1.087970000000000027e+03, 1.007339999999999902e+00
1.087980000000000018e+03, 7.573990000000000444e-01
1.088000000000000000e+03, -8.886539999999999717e-02
1.088019999999999982e+03, -7.281469999999999887e-01
1.088029999999999973e+03, -4.203089999999999882e-01
1.088049999999999955e+03, -2.418629999999999947e-01
1.088069999999999936e+03, 8.723379999999999468e-01
1.088079999999999927e+03, 8.789219999999999811e-01
1.088099999999999909e+03, 1.034880000000000022e+00
1.088119999999999891e+03, -2.549480000000000149e-02
1.088130000000000109e+03, -7.270880000000000398e-02
1.088150000000000091e+03, -3.390929999999999778e-01
1.088170000000000073e+03, -2.100690000000000168e+00
1.088180000000000064e+03, -1.665949999999999931e-01
1.088200000000000045e+03, 1.041160000000000085e+00
1.088220000000000027e+03, 2.250179999999999847e+00
1.088230000000000018e+03, -3.454510000000000081e-01
1.088250000000000000e+03, -6.592860000000000387e-01
1.088269999999999982e+03, -5.238230000000000386e-01
1.088279999999999973e+03, -6.263579999999999703e-01
1.088299999999999955e+03, 1.007800000000000029e+00
1.088319999999999936e+03, -9.563450000000000006e-01
1.088329999999999927e+03, 1.393650000000000055e+00
1.088349999999999909e+03, 2.917520000000000113e-01
1.088369999999999891e+03, 1.367160000000000042e-01
1.088380000000000109e+03, -6.007810000000000095e-01
1.088400000000000091e+03, 2.516190000000000093e-02
1.088420000000000073e+03, -5.847989999999999577e-01
1.088430000000000064e+03, 1.685740000000000016e-01
1.088450000000000045e+03, 1.061100000000000064e-02
1.088470000000000027e+03, -1.624400000000000066e+00
1.088480000000000018e+03, 2.260929999999999884e-01
1.088500000000000000e+03, -1.046019999999999950e+00
1.088519999999999982e+03, -1.098670000000000035e+00
1.088529999999999973e+03, -8.775169999999999915e-01
1.088549999999999955e+03, 7.603659999999999863e-01
1.088569999999999936e+03, -3.673910000000000231e-01
1.088579999999999927e+03, 2.982090000000000019e-01
1.088599999999999909e+03, -4.067969999999999919e-02
1.088619999999999891e+03, -8.783229999999999649e-01
1.088630000000000109e+03, 2.832109999999999905e-01
1.088650000000000091e+03, 9.525379999999999958e-01
1.088670000000000073e+03, -1.672230000000000105e+00
1.088680000000000064e+03, 6.406560000000000032e-01
1.088700000000000045e+03, 6.469979999999999620e-01
1.088720000000000027e+03, 2.176939999999999986e-01
1.088730000000000018e+03, -1.182099999999999929e+00
1.088750000000000000e+03, -1.410139999999999949e+00
1.088769999999999982e+03, -1.608889999999999931e+00
1.088779999999999973e+03, -1.454450000000000014e-02
1.088799999999999955e+03, 6.614940000000000264e-01
1.088819999999999936e+03, 3.003759999999999764e-01
1.088829999999999927e+03, 2.314920000000000033e-01
1.088849999999999909e+03, 1.151939999999999964e+00
1.088869999999999891e+03, 2.371189999999999964e-01
1.088880000000000109e+03, 6.508359999999999701e-01
1.088900000000000091e+03, -4.578889999999999905e-01
1.088920000000000073e+03, -1.276429999999999954e+00
1.088930000000000064e+03, -1.492650000000000032e+00
1.088950000000000045e+03, 5.245279999999999943e-01
1.088970000000000027e+03, -9.889069999999999805e-01
1.088980000000000018e+03, -2.984640000000000071e-01
1.089000000000000000e+03, -1.367329999999999934e+00
1.089019999999999982e+03, -1.022759999999999891e+00
1.089029999999999973e+03, -1.376910000000000078e-01
1.089049999999999955e+03, 5.703759999999999941e-01
1.089069999999999936e+03, 1.140819999999999945e+00
1.089079999999999927e+03, 5.003940000000000055e-01
1.089099999999999909e+03, 1.431849999999999963e-02
1.089119999999999891e+03, 1.022780000000000022e+00
1.089130000000000109e+03, 8.506580000000000252e-01
1.089150000000000091e+03, 7.341440000000000188e-01
1.089170000000000073e+03, -5.916520000000000112e-02
1.089180000000000064e+03, -4.171610000000000040e-01
1.089200000000000045e+03, -2.184069999999999900e-01
1.089220000000000027e+03, 4.445649999999999880e-01
1.089230000000000018e+03, 2.290939999999999921e-01
1.089250000000000000e+03, -5.167899999999999716e-01
1.089269999999999982e+03, -4.505330000000000168e-01
1.089279999999999973e+03, -3.720859999999999723e-01
1.089299999999999955e+03, 5.760060000000000180e-01
1.089319999999999936e+03, 1.157280000000000086e+00
1.089329999999999927e+03, -5.647969999999999935e-01
1.089349999999999909e+03, 2.628869999999999818e-01
1.089369999999999891e+03, 9.061190000000000078e-01
1.089380000000000109e+03, 2.902310000000000167e-01
1.089400000000000091e+03, 4.742770000000000041e-01
1.089420000000000073e+03, -1.019840000000000080e+00
1.089430000000000064e+03, -3.804669999999999996e-01
1.089450000000000045e+03, 6.934599999999999653e-01
1.089470000000000027e+03, 1.601809999999999956e+00
1.089480000000000018e+03, 1.220760000000000067e+00
1.089500000000000000e+03, 6.408989999999999965e-01
1.089519999999999982e+03, -1.036820000000000075e+00
1.089529999999999973e+03, -1.232069999999999999e+00
1.089549999999999955e+03, -1.038270000000000026e+00
1.089569999999999936e+03, 2.012609999999999955e-01
1.089579999999999927e+03, 8.650900000000000256e-01
1.089599999999999909e+03, 4.309189999999999965e-01
1.089619999999999891e+03, 1.446689999999999920e-01
1.089630000000000109e+03, 1.581820000000000004e+00
1.089650000000000091e+03, 2.481309999999999905e-01
1.089670000000000073e+03, -5.542449999999999877e-01
1.089680000000000064e+03, -2.142430000000000057e+00
1.089700000000000045e+03, 3.038939999999999975e-01
1.089720000000000027e+03, -9.078730000000000133e-03
1.089730000000000018e+03, -1.044140000000000068e+00
1.089750000000000000e+03, 3.856100000000000083e-01
1.089769999999999982e+03, 1.607379999999999920e-01
1.089779999999999973e+03, 1.543499999999999872e-01
1.089799999999999955e+03, 5.002370000000000427e-01
1.089819999999999936e+03, -9.408480000000000176e-01
1.089829999999999927e+03, 1.320860000000000090e-01
1.089849999999999909e+03, -5.488779999999999770e-01
1.089869999999999891e+03, -9.177269999999999595e-01
1.089880000000000109e+03, 3.941279999999999784e-02
1.089900000000000091e+03, 4.604750000000000232e-01
1.089920000000000073e+03, 5.769520000000000204e-01
1.089930000000000064e+03, -7.279360000000000275e-01
1.089950000000000045e+03, 6.175180000000000113e-01
1.089970000000000027e+03, 3.269000000000000239e-01
1.089980000000000018e+03, -3.077280000000000015e-01
1.090000000000000000e+03, -3.212099999999999955e-01
1.090019999999999982e+03, -1.589019999999999877e-01
1.090029999999999973e+03, -3.057159999999999878e-01
1.090049999999999955e+03, -1.687450000000000061e-01
1.090069999999999936e+03, 8.309079999999999799e-01
1.090079999999999927e+03, -2.714629999999999994e-03
1.090099999999999909e+03, 3.808389999999999831e-01
1.090119999999999891e+03, 1.141499999999999959e+00
1.090130000000000109e+03, 1.014510000000000023e+00
1.090150000000000091e+03, 1.075159999999999894e+00
1.090170000000000073e+03, -3.103739999999999832e-01
1.090180000000000064e+03, -1.781220000000000026e+00
1.090200000000000045e+03, -1.659690000000000110e+00
1.090220000000000027e+03, 1.674519999999999897e-01
1.090230000000000018e+03, 4.506049999999999778e-01
1.090250000000000000e+03, 7.017600000000000504e-01
1.090269999999999982e+03, 1.011630000000000029e+00
1.090279999999999973e+03, 4.015870000000000273e-01
1.090299999999999955e+03, 5.242830000000000545e-01
1.090319999999999936e+03, -1.035840000000000025e-02
1.090329999999999927e+03, -1.347069999999999990e+00
1.090349999999999909e+03, 7.616579999999999462e-01
1.090369999999999891e+03, 1.042000000000000037e+00
1.090380000000000109e+03, -1.193880000000000052e+00
1.090400000000000091e+03, -1.403520000000000101e+00
1.090420000000000073e+03, -8.664889999999999537e-01
1.090430000000000064e+03, 1.469100000000000072e+00
1.090450000000000045e+03, 1.717600000000000016e+00
1.090470000000000027e+03, 1.142079999999999984e+00
1.090480000000000018e+03, 8.273040000000000393e-01
1.090500000000000000e+03, -9.504430000000000378e-01
1.090519999999999982e+03, -8.616620000000000390e-01
1.090529999999999973e+03, -1.089220000000000077e+00
1.090549999999999955e+03, 4.638320000000000221e-01
1.090569999999999936e+03, 4.964509999999999756e-01
1.090579999999999927e+03, -8.540050000000000141e-01
1.090599999999999909e+03, -1.814290000000000069e-01
1.090619999999999891e+03, -1.525160000000000057e-02
1.090630000000000109e+03, 1.454709999999999948e+00
1.090650000000000091e+03, -3.968189999999999773e-01
1.090670000000000073e+03, 3.145749999999999935e-01
1.090680000000000064e+03, 2.870670000000000166e-01
1.090700000000000045e+03, -6.187110000000000110e-01
1.090720000000000027e+03, -8.477540000000000076e-01
1.090730000000000018e+03, 2.771210000000000062e-01
1.090750000000000000e+03, -5.886029999999999873e-01
1.090769999999999982e+03, 1.262030000000000096e-01
1.090779999999999973e+03, 3.807659999999999934e-01
1.090799999999999955e+03, 6.459589999999999499e-01
1.090819999999999936e+03, 6.342169999999999752e-02
1.090829999999999927e+03, 5.528089999999999948e-01
1.090849999999999909e+03, -3.246330000000000049e-01
1.090869999999999891e+03, 4.031540000000000123e-01
1.090880000000000109e+03, -5.086810000000000498e-01
1.090900000000000091e+03, -8.034600000000000075e-02
1.090920000000000073e+03, 4.374580000000000135e-02
1.090930000000000064e+03, 1.138590000000000019e-01
1.090950000000000045e+03, 1.270180000000000087e+00
1.090970000000000027e+03, 2.592059999999999920e-01
1.090980000000000018e+03, -2.141170000000000018e-01
1.091000000000000000e+03, 5.412010000000000431e-01
1.091019999999999982e+03, 4.350669999999999815e-01
1.091029999999999973e+03, 3.307269999999999932e-01
1.091049999999999955e+03, 1.084060000000000024e-01
1.091069999999999936e+03, -4.625739999999999713e-02
1.091079999999999927e+03, -8.510140000000000482e-01
1.091099999999999909e+03, -7.937469999999999803e-01
1.091119999999999891e+03, -5.061189999999999856e-01
1.091130000000000109e+03, 8.546689999999999843e-02
1.091150000000000091e+03, -4.474090000000000011e-01
1.091170000000000073e+03, -8.981050000000000422e-01
1.091180000000000064e+03, -5.798170000000000268e-01
1.091200000000000045e+03, 1.740610000000000074e-02
1.091220000000000027e+03, 1.405690000000000106e+00
1.091230000000000018e+03, 3.306810000000000027e-01
1.091250000000000000e+03, 5.831329999999999847e-02
1.091269999999999982e+03, 6.138540000000000108e-01
1.091279999999999973e+03, -5.287840000000000318e-01
1.091299999999999955e+03, 6.487330000000000041e-01
1.091319999999999936e+03, -2.886340000000000017e-01
1.091329999999999927e+03, -1.687240000000000073e+00
1.091349999999999909e+03, -9.953720000000000345e-01
1.091369999999999891e+03, -8.318269999999999831e-01
1.091380000000000109e+03, -1.705470000000000041e-01
1.091400000000000091e+03, -9.482779999999999543e-01
1.091420000000000073e+03, 2.405329999999999968e-01
1.091430000000000064e+03, 3.420710000000000139e-01
1.091450000000000045e+03, 3.150379999999999847e-01
1.091470000000000027e+03, 7.428660000000000263e-01
1.091480000000000018e+03, 1.990220000000000045e-01
1.091500000000000000e+03, -4.472460000000000324e-02
1.091519999999999982e+03, 8.543849999999999500e-01
1.091529999999999973e+03, -1.423619999999999886e-01
1.091549999999999955e+03, -1.201489999999999947e+00
1.091569999999999936e+03, -1.279789999999999983e+00
1.091579999999999927e+03, 3.349480000000000235e-01
1.091599999999999909e+03, 8.730040000000000022e-01
1.091619999999999891e+03, 9.206340000000000356e-02
1.091630000000000109e+03, 8.063219999999999832e-01
1.091650000000000091e+03, 1.151329999999999965e+00
1.091670000000000073e+03, 8.900969999999999716e-02
1.091680000000000064e+03, -4.037330000000000085e-01
1.091700000000000045e+03, 9.312639999999999807e-02
1.091720000000000027e+03, -5.762950000000000017e-01
1.091730000000000018e+03, -2.103639999999999954e+00
1.091750000000000000e+03, -4.458420000000000161e-01
1.091769999999999982e+03, 9.739130000000000009e-02
1.091779999999999973e+03, -2.083309999999999884e-01
1.091799999999999955e+03, 1.846990000000000021e-01
1.091819999999999936e+03, -6.493999999999999773e-01
1.091829999999999927e+03, -1.187659999999999938e+00
1.091849999999999909e+03, 3.558049999999999824e-01
1.091869999999999891e+03, 4.095070000000000099e-01
1.091880000000000109e+03, 2.307210000000000094e-01
1.091900000000000091e+03, 8.653260000000000118e-02
1.091920000000000073e+03, -1.005880000000000107e+00
1.091930000000000064e+03, 5.727349999999999802e-02
1.091950000000000045e+03, -1.055809999999999943e-01
1.091970000000000027e+03, 9.534249999999999670e-01
1.091980000000000018e+03, -1.498210000000000042e+00
1.092000000000000000e+03, 4.928670000000000273e-02
1.092019999999999982e+03, 6.335539999999999505e-01
1.092029999999999973e+03, 1.001889999999999947e+00
1.092049999999999955e+03, 1.958329999999999904e+00
1.092069999999999936e+03, -1.458210000000000006e+00
1.092079999999999927e+03, -5.621669999999999723e-01
1.092099999999999909e+03, -1.981809999999999961e-01
1.092119999999999891e+03, 2.076969999999999927e-01
1.092130000000000109e+03, 2.225459999999999938e-01
1.092150000000000091e+03, 9.086729999999999530e-01
1.092170000000000073e+03, 1.579420000000000046e+00
1.092180000000000064e+03, 1.125869999999999926e+00
1.092200000000000045e+03, 3.339700000000000307e-02
1.092220000000000027e+03, 3.289389999999999814e-01
1.092230000000000018e+03, 1.286180000000000101e-01
1.092250000000000000e+03, -4.536189999999999944e-01
