8.533329999999999700e+02, -3.117920000000000136e-01
8.533500000000000227e+02, 2.278659999999999908e+00
8.533669999999999618e+02, 1.352940000000000031e+00
8.533830000000000382e+02, 1.076980000000000048e+00
8.533999999999999773e+02, -3.792030000000000123e-01
8.534170000000000300e+02, -6.362750000000000350e-01
8.534329999999999927e+02, -1.597949999999999926e-01
8.534500000000000455e+02, 5.229949999999999877e-01
8.534669999999999845e+02, 6.782489999999999908e-01
8.534829999999999472e+02, -1.625129999999999963e+00
8.535000000000000000e+02, -1.752660000000000107e+00
8.535170000000000528e+02, -1.171349999999999891e+00
8.535330000000000155e+02, -8.084320000000000395e-01
8.535499999999999545e+02, -3.628859999999999864e-01
8.535670000000000073e+02, 1.088840000000000030e+00
8.535829999999999700e+02, -3.132150000000000212e-01
8.536000000000000227e+02, -4.975060000000000038e-01
8.536169999999999618e+02, -4.580500000000000127e-01
8.536330000000000382e+02, -5.025640000000000107e-01
8.536499999999999773e+02, 9.928099999999999425e-02
8.536670000000000300e+02, 1.086889999999999912e+00
8.536829999999999927e+02, 7.394079999999999542e-01
8.537000000000000455e+02, -9.300559999999999938e-01
8.537169999999999845e+02, -8.244740000000000402e-01
8.537329999999999472e+02, -8.240579999999999572e-01
8.537500000000000000e+02, 8.454000000000000403e-01
8.537670000000000528e+02, -2.688220000000000054e-01
8.537830000000000155e+02, 5.076060000000000294e-02
8.537999999999999545e+02, -2.129919999999999869e-01
8.538170000000000073e+02, 2.309740000000000126e-01
8.538329999999999700e+02, -1.866740000000000066e-01
8.538500000000000227e+02, -1.197489999999999943e+00
8.538669999999999618e+02, -1.130800000000000027e+00
8.538830000000000382e+02, -7.241540000000000477e-02
8.538999999999999773e+02, 3.799120000000000275e-01
8.539170000000000300e+02, 1.460409999999999986e+00
8.539329999999999927e+02, 2.656829999999999803e+00
8.539500000000000455e+02, -1.023290000000000033e-01
8.539669999999999845e+02, -4.724740000000000051e-01
8.539829999999999472e+02, -9.299509999999999721e-01
8.540000000000000000e+02, -1.759479999999999933e+00
8.540170000000000528e+02, -1.101339999999999986e+00
8.540330000000000155e+02, -2.732120000000000104e-01
8.540499999999999545e+02, -5.198040000000000438e-01
8.540670000000000073e+02, 4.194919999999999760e-01
8.540829999999999700e+02, -2.279420000000000057e-01
8.541000000000000227e+02, 1.776610000000000023e+00
8.541169999999999618e+02, -1.242329999999999934e+00
8.541330000000000382e+02, -6.049459999999999837e-01
8.541499999999999773e+02, 1.434819999999999984e+00
8.541670000000000300e+02, 1.395339999999999914e-01
8.541829999999999927e+02, 8.807469999999999466e-01
8.542000000000000455e+02, -1.555469999999999908e+00
8.542169999999999845e+02, -1.623550000000000049e+00
8.542329999999999472e+02, -8.617150000000000087e-01
8.542500000000000000e+02, -5.779819999999999958e-01
8.542670000000000528e+02, 4.420330000000000092e-01
8.542830000000000155e+02, 7.901610000000000023e-01
8.542999999999999545e+02, 1.960709999999999953e-01
8.543170000000000073e+02, -1.308599999999999985e+00
8.543329999999999700e+02, -9.638980000000000325e-01
8.543500000000000227e+02, -3.572699999999999765e-01
8.543669999999999618e+02, -9.033609999999999696e-01
8.543830000000000382e+02, -1.531289999999999873e-01
8.543999999999999773e+02, 3.018219999999999931e-02
8.544170000000000300e+02, 8.984240000000000004e-01
8.544329999999999927e+02, 1.121879999999999961e-01
8.544500000000000455e+02, 1.217459999999999931e-01
8.544669999999999845e+02, -3.284940000000000082e-01
8.544829999999999472e+02, 1.027239999999999931e+00
8.545000000000000000e+02, 3.355540000000000189e-01
8.545170000000000528e+02, -4.451499999999999901e-01
8.545330000000000155e+02, -1.127170000000000005e+00
8.545499999999999545e+02, -1.818440000000000056e-01
8.545670000000000073e+02, -7.823839999999999684e-01
8.545829999999999700e+02, 9.073250000000000481e-01
8.546000000000000227e+02, 1.241740000000000066e+00
8.546169999999999618e+02, -2.004279999999999951e-02
8.546330000000000382e+02, 8.530879999999999574e-01
8.546499999999999773e+02, -2.317259999999999875e-01
8.546670000000000300e+02, 7.133049999999999669e-01
8.546829999999999927e+02, 1.245549999999999935e+00
8.547000000000000455e+02, 1.043539999999999912e+00
8.547169999999999845e+02, -4.910220000000000140e-01
8.547329999999999472e+02, -8.415920000000000067e-01
8.547500000000000000e+02, -1.002010000000000067e+00
8.547670000000000528e+02, -8.784170000000000034e-01
8.547830000000000155e+02, -1.625649999999999873e-01
8.547999999999999545e+02, -4.113109999999999822e-01
8.548170000000000073e+02, -4.567189999999999861e-01
8.548329999999999700e+02, 3.514169999999999794e-01
8.548500000000000227e+02, -2.036010000000000042e-01
8.548669999999999618e+02, -1.059830000000000050e+00
8.548830000000000382e+02, -4.790949999999999931e-01
8.548999999999999773e+02, 2.356399999999999884e-01
8.549170000000000300e+02, 9.892430000000000667e-02
8.549329999999999927e+02, -1.055569999999999981e-01
8.549500000000000455e+02, 4.029929999999999901e-01
8.549669999999999845e+02, -3.498120000000000118e-01
8.549829999999999472e+02, -3.026530000000000054e-01
8.550000000000000000e+02, -1.409259999999999957e+00
8.550170000000000528e+02, -5.378899999999999793e-01
8.550330000000000155e+02, 8.961529999999999774e-01
8.550499999999999545e+02, 8.167999999999999705e-01
8.550670000000000073e+02, 5.594519999999999493e-01
8.550829999999999700e+02, 7.378160000000000274e-02
8.551000000000000227e+02, -8.568170000000000508e-01
8.551169999999999618e+02, -1.512640000000000096e-01
8.551330000000000382e+02, -1.413729999999999987e-01
8.551499999999999773e+02, -7.558949999999999836e-01
8.551670000000000300e+02, -4.408119999999999816e-01
8.551829999999999927e+02, -3.270700000000000274e-01
8.552000000000000455e+02, 9.368880000000000541e-01
8.552169999999999845e+02, 1.234150000000000080e+00
8.552329999999999472e+02, 1.296000000000000041e+00
8.552500000000000000e+02, 1.147869999999999946e+00
8.552670000000000528e+02, 9.998840000000000505e-02
8.552830000000000155e+02, 1.119969999999999910e+00
8.552999999999999545e+02, -4.282639999999999780e-01
8.553170000000000073e+02, -8.215899999999999592e-02
8.553329999999999700e+02, -4.993279999999999941e-01
8.553500000000000227e+02, -2.589469999999999827e-01
8.553669999999999618e+02, 2.904829999999999912e-01
8.553830000000000382e+02, 1.083250000000000046e+00
8.553999999999999773e+02, -1.018489999999999951e-01
8.554170000000000300e+02, -6.698460000000000525e-01
8.554329999999999927e+02, -1.244420000000000082e+00
8.554500000000000455e+02, -5.652310000000000390e-01
8.554669999999999845e+02, -1.567030000000000090e-01
8.554829999999999472e+02, -3.793619999999999770e-01
8.555000000000000000e+02, -1.198860000000000064e-01
8.555170000000000528e+02, -1.806319999999999926e+00
8.555330000000000155e+02, -4.448400000000000132e-01
8.555499999999999545e+02, -9.521899999999999809e-02
8.555670000000000073e+02, 4.354859999999999842e-01
8.555829999999999700e+02, -7.919199999999999573e-01
8.556000000000000227e+02, -3.984610000000000096e-01
8.556169999999999618e+02, 3.285339999999999927e-01
8.556330000000000382e+02, -2.934410000000000143e-02
8.556499999999999773e+02, 1.276189999999999936e+00
8.556670000000000300e+02, 8.854659999999999753e-01
8.556829999999999927e+02, 3.438010000000000232e-01
8.557000000000000455e+02, -5.935059999999999780e-01
8.557169999999999845e+02, -1.272620000000000084e+00
8.557329999999999472e+02, -4.559670000000000112e-01
8.557500000000000000e+02, 9.164729999999999821e-01
8.557670000000000528e+02, 2.712609999999999744e-01
8.557830000000000155e+02, -6.300499999999999989e-01
8.557999999999999545e+02, -1.556340000000000057e+00
8.558170000000000073e+02, -1.304340000000000055e+00
8.558329999999999700e+02, -8.617749999999999577e-01
8.558500000000000227e+02, 6.759910000000000085e-01
8.558669999999999618e+02, 5.017639999999999878e-01
8.558830000000000382e+02, 1.323020000000000085e+00
8.558999999999999773e+02, 9.264599999999999502e-01
8.559170000000000300e+02, -7.209809999999999830e-01
8.559329999999999927e+02, 1.117839999999999945e+00
8.559500000000000455e+02, 6.140640000000000542e-01
8.559669999999999845e+02, 4.527180000000000093e-01
8.559829999999999472e+02, -3.920859999999999901e-01
8.560000000000000000e+02, -1.145270000000000010e+00
8.560170000000000528e+02, -1.408919999999999950e+00
8.560330000000000155e+02, -1.207450000000000051e-01
8.560499999999999545e+02, -1.057600000000000096e+00
8.560670000000000073e+02, 4.189720000000000076e-03
8.560829999999999700e+02, -2.247709999999999986e-01
8.561000000000000227e+02, 1.216929999999999956e-01
8.561169999999999618e+02, 3.399859999999999688e-02
8.561330000000000382e+02, -1.778639999999999943e-01
8.561499999999999773e+02, -3.906410000000000160e-01
8.561670000000000300e+02, 1.097879999999999967e+00
8.561829999999999927e+02, 3.287180000000000102e-01
8.562000000000000455e+02, 7.803430000000000089e-01
8.562169999999999845e+02, -1.853029999999999955e+00
8.562329999999999472e+02, -6.919969999999999732e-01
8.562500000000000000e+02, 1.182600000000000096e+00
8.562670000000000528e+02, 1.836850000000000094e+00
8.562830000000000155e+02, 1.094999999999999973e+00
8.562999999999999545e+02, -1.220129999999999937e+00
8.563170000000000073e+02, -7.673360000000000181e-01
8.563329999999999700e+02, -1.102610000000000090e+00
8.563500000000000227e+02, -1.384690000000000087e-01
8.563669999999999618e+02, 1.705530000000000102e-01
8.563830000000000382e+02, 1.062980000000000036e+00
8.563999999999999773e+02, -7.090159999999999796e-01
8.564170000000000300e+02, -6.751230000000000286e-01
8.564329999999999927e+02, 2.682800000000000115e-02
8.564500000000000455e+02, -3.853840000000000043e-01
8.564669999999999845e+02, -4.335350000000000037e-01
8.564829999999999472e+02, 5.718889999999999807e-01
8.565000000000000000e+02, 1.153219999999999912e+00
8.565170000000000528e+02, -3.254259999999999931e-01
8.565330000000000155e+02, 6.538709999999999800e-01
8.565499999999999545e+02, -4.812580000000000191e-01
8.565670000000000073e+02, 6.479979999999999629e-01
8.565829999999999700e+02, 7.492499999999999716e-01
8.566000000000000227e+02, 2.157429999999999903e-01
8.566169999999999618e+02, -9.205339999999999634e-01
8.566330000000000382e+02, 1.016170000000000018e+00
8.566499999999999773e+02, 3.578370000000000162e-02
8.566670000000000300e+02, 6.131780000000000008e-01
8.566829999999999927e+02, -2.778269999999999906e-01
8.567000000000000455e+02, -5.853129999999999722e-01
8.567169999999999845e+02, -1.739769999999999928e-01
8.567329999999999472e+02, -1.158830000000000027e+00
8.567500000000000000e+02, -3.542009999999999881e-01
8.567670000000000528e+02, 2.002460000000000073e-01
8.567830000000000155e+02, 4.774309999999999943e-01
8.567999999999999545e+02, -7.125839999999999952e-01
8.568170000000000073e+02, 1.996890000000000123e-02
8.568329999999999700e+02, 5.488099999999999923e-02
8.568500000000000227e+02, -6.370320000000000427e-01
8.568669999999999618e+02, 2.160739999999999883e-01
8.568830000000000382e+02, -1.651970000000000105e-01
8.568999999999999773e+02, -6.071889999999999787e-01
8.569170000000000300e+02, 2.111919999999999908e-01
8.569329999999999927e+02, -1.180800000000000072e+00
8.569500000000000455e+02, -2.780670000000000086e-01
8.569669999999999845e+02, 5.754230000000000178e-01
8.569829999999999472e+02, -3.497820000000000096e-02
8.570000000000000000e+02, 1.741870000000000029e+00
8.570170000000000528e+02, 3.476120000000000078e-03
8.570330000000000155e+02, 2.230999999999999928e-01
8.570499999999999545e+02, -1.050070000000000059e+00
8.570670000000000073e+02, -1.051070000000000060e-01
8.570829999999999700e+02, -9.865870000000000195e-02
8.571000000000000227e+02, -3.085209999999999897e-01
8.571169999999999618e+02, -1.822610000000000063e-01
8.571330000000000382e+02, -4.732560000000000100e-01
8.571499999999999773e+02, 1.469819999999999904e+00
8.571670000000000300e+02, 2.608489999999999975e-01
8.571829999999999927e+02, 9.013590000000000213e-01
8.572000000000000455e+02, -2.151089999999999947e-01
8.572169999999999845e+02, 1.781359999999999888e-01
8.572329999999999472e+02, -6.042629999999999946e-01
8.572500000000000000e+02, 2.320540000000000103e-01
8.572670000000000528e+02, 1.150550000000000045e-01
8.572830000000000155e+02, -4.609350000000000253e-02
8.572999999999999545e+02, 8.475890000000000368e-01
8.573170000000000073e+02, 1.372910000000000075e+00
8.573329999999999700e+02, 1.356330000000000036e+00
8.573500000000000227e+02, -1.456280000000000074e-01
8.573669999999999618e+02, 5.146610000000000351e-01
8.573830000000000382e+02, 4.446309999999999985e-01
8.573999999999999773e+02, 5.857759999999999634e-01
8.574170000000000300e+02, 6.568690000000000362e-01
8.574329999999999927e+02, 4.730349999999999833e-02
8.574500000000000455e+02, -1.301600000000000090e+00
8.574669999999999845e+02, 6.149809999999999999e-01
8.574829999999999472e+02, 3.204020000000000201e-01
8.575000000000000000e+02, 4.295159999999999950e-02
8.575170000000000528e+02, -5.548429999999999751e-01
8.575330000000000155e+02, -4.530009999999999870e-01
8.575499999999999545e+02, -1.734300000000000008e-01
8.575670000000000073e+02, -7.754020000000000357e-01
8.575829999999999700e+02, -5.917949999999999600e-01
8.576000000000000227e+02, 3.208550000000000013e-01
8.576169999999999618e+02, 3.000749999999999806e-01
8.576330000000000382e+02, -3.780259999999999732e-01
8.576499999999999773e+02, -6.032340000000000479e-01
8.576670000000000300e+02, -4.753310000000000035e-01
8.576829999999999927e+02, 4.076069999999999971e-01
8.577000000000000455e+02, -3.965759999999999841e-01
8.577169999999999845e+02, -1.478469999999999951e+00
8.577329999999999472e+02, -9.488170000000000215e-01
8.577500000000000000e+02, -2.089689999999999881e-01
8.577670000000000528e+02, 1.610759999999999970e+00
8.577830000000000155e+02, -8.233319999999999528e-01
8.577999999999999545e+02, -7.699570000000000025e-01
8.578170000000000073e+02, -1.105570000000000025e-01
8.578329999999999700e+02, 9.048630000000000215e-03
8.578500000000000227e+02, 7.923059999999999548e-01
8.578669999999999618e+02, 1.230580000000000007e+00
8.578830000000000382e+02, 1.071539999999999937e+00
8.578999999999999773e+02, -6.218789999999999735e-02
8.579170000000000300e+02, -3.261789999999999967e-01
8.579329999999999927e+02, -1.005069999999999908e+00
8.579500000000000455e+02, -1.661810000000000009e+00
8.579669999999999845e+02, -1.018329999999999957e+00
8.579829999999999472e+02, -8.991160000000000263e-01
8.580000000000000000e+02, -5.887170000000000458e-01
8.580170000000000528e+02, 1.117810000000000054e-01
8.580330000000000155e+02, -7.120360000000000023e-01
8.580499999999999545e+02, -3.785609999999999808e-01
8.580670000000000073e+02, -2.963379999999999903e-01
8.580829999999999700e+02, 3.553359999999999852e-01
8.581000000000000227e+02, -5.161280000000000312e-01
8.581169999999999618e+02, 2.465839999999999976e-01
8.581330000000000382e+02, 1.726890000000000036e+00
8.581499999999999773e+02, 5.706830000000000513e-01
8.581670000000000300e+02, -1.730220000000000091e-01
8.581829999999999927e+02, 5.611239999999999561e-01
8.582000000000000455e+02, 1.859510000000000052e-01
8.582169999999999845e+02, -4.672899999999999832e-01
8.582329999999999472e+02, 7.212990000000000235e-01
8.582500000000000000e+02, 8.326519999999999477e-01
8.582670000000000528e+02, -1.300389999999999935e+00
8.582830000000000155e+02, 1.613300000000000012e-01
8.582999999999999545e+02, -9.029279999999999529e-01
8.583170000000000073e+02, -1.004979999999999984e+00
8.583329999999999700e+02, -2.622740000000000071e-01
8.583500000000000227e+02, 5.747219999999999551e-01
8.583669999999999618e+02, 5.570669999999999789e-01
8.583830000000000382e+02, -7.703750000000000320e-01
8.583999999999999773e+02, 2.625489999999999768e-01
8.584170000000000300e+02, 7.641989999999999617e-01
8.584329999999999927e+02, -4.170889999999999875e-01
8.584500000000000455e+02, 5.846050000000000413e-01
8.584669999999999845e+02, 4.818180000000000240e-01
8.584829999999999472e+02, 5.005639999999999569e-03
8.585000000000000000e+02, -6.525939999999999519e-02
8.585170000000000528e+02, -3.649569999999999759e-01
8.585330000000000155e+02, 2.353760000000000019e-01
8.585499999999999545e+02, 8.444110000000000227e-01
8.585670000000000073e+02, 9.351629999999999665e-01
8.585829999999999700e+02, -6.680129999999999679e-01
8.586000000000000227e+02, 1.269789999999999974e+00
8.586169999999999618e+02, -1.958689999999999876e-01
8.586330000000000382e+02, 1.313209999999999988e+00
8.586499999999999773e+02, -2.818629999999999747e-01
8.586670000000000300e+02, 1.518069999999999975e-01
8.586829999999999927e+02, 1.365500000000000047e-02
8.587000000000000455e+02, 2.402900000000000036e-01
8.587169999999999845e+02, -1.295469999999999899e+00
8.587329999999999472e+02, -2.605899999999999883e-01
8.587500000000000000e+02, 5.534299999999999775e-01
8.587670000000000528e+02, 5.121639999999999526e-01
8.587830000000000155e+02, -1.723570000000000046e+00
8.587999999999999545e+02, -2.138720000000000176e+00
8.588170000000000073e+02, -6.398070000000000146e-01
8.588329999999999700e+02, 6.721859999999999502e-01
8.588500000000000227e+02, -4.736090000000000022e-01
8.588669999999999618e+02, 3.504959999999999742e-01
8.588830000000000382e+02, 3.275609999999999911e-01
8.588999999999999773e+02, 1.523379999999999956e+00
8.589170000000000300e+02, 1.200660000000000061e+00
8.589329999999999927e+02, -3.755950000000000087e-03
8.589500000000000455e+02, 2.195590000000000042e-01
8.589669999999999845e+02, -1.223430000000000017e+00
8.589829999999999472e+02, -4.514560000000000239e-01
8.590000000000000000e+02, 5.203330000000000455e-01
8.590170000000000528e+02, 1.168360000000000065e+00
8.590330000000000155e+02, -5.601990000000000025e-01
8.590499999999999545e+02, 1.352810000000000068e+00
8.590670000000000073e+02, 1.357310000000000016e+00
8.590829999999999700e+02, -1.021009999999999973e+00
8.591000000000000227e+02, 4.891610000000000125e-01
8.591169999999999618e+02, 2.849970000000000003e-01
8.591330000000000382e+02, -2.978830000000000089e-01
8.591499999999999773e+02, -4.385789999999999828e-02
8.591670000000000300e+02, 4.552810000000000190e-02
8.591829999999999927e+02, -1.513929999999999998e+00
8.592000000000000455e+02, 1.425160000000000038e-01
8.592169999999999845e+02, -7.580170000000000519e-01
8.592329999999999472e+02, -5.235560000000000214e-01
8.592500000000000000e+02, -4.051489999999999814e-01
8.592670000000000528e+02, -2.994260000000000255e-01
8.592830000000000155e+02, -1.391850000000000032e-01
8.592999999999999545e+02, 1.088710000000000067e+00
8.593170000000000073e+02, 1.140309999999999935e+00
8.593329999999999700e+02, -1.849310000000000120e-01
8.593500000000000227e+02, 2.467550000000000021e-01
8.593669999999999618e+02, 3.702110000000000123e-01
8.593830000000000382e+02, -9.408879999999999466e-01
8.593999999999999773e+02, 1.641130000000000089e-01
8.594170000000000300e+02, -5.801979999999999915e-01
8.594329999999999927e+02, 9.575439999999999507e-01
8.594500000000000455e+02, -5.342280000000000362e-01
8.594669999999999845e+02, -6.396220000000000239e-01
8.594829999999999472e+02, -1.256590000000000096e+00
8.595000000000000000e+02, -6.671580000000000288e-01
8.595170000000000528e+02, -5.029709999999999459e-01
8.595330000000000155e+02, -1.830390000000000073e-01
8.595499999999999545e+02, -7.852890000000000148e-01
8.595670000000000073e+02, -1.888920000000000043e-01
8.595829999999999700e+02, 1.247219999999999995e+00
8.596000000000000227e+02, 9.176680000000000392e-01
8.596169999999999618e+02, 1.055229999999999890e+00
8.596330000000000382e+02, 1.261509999999999909e+00
8.596499999999999773e+02, 2.147759999999999947e-01
8.596670000000000300e+02, -6.661359999999999504e-01
8.596829999999999927e+02, 1.958670000000000133e-01
8.597000000000000455e+02, 2.243950000000000111e-01
8.597169999999999845e+02, 3.896899999999999809e-01
8.597329999999999472e+02, 1.877359999999999918e+00
8.597500000000000000e+02, 5.400399999999999645e-01
8.597670000000000528e+02, -2.954149999999999832e-01
8.597830000000000155e+02, -1.204800000000000038e-01
8.597999999999999545e+02, -1.088529999999999998e+00
8.598170000000000073e+02, -2.182419999999999916e-01
8.598329999999999700e+02, -1.051639999999999936e-01
8.598500000000000227e+02, 7.830020000000000036e-02
8.598669999999999618e+02, 1.563830000000000053e+00
8.598830000000000382e+02, 7.237040000000000139e-01
8.598999999999999773e+02, 8.584199999999999608e-01
8.599170000000000300e+02, 1.005230000000000068e+00
8.599329999999999927e+02, 8.894870000000000276e-01
8.599500000000000455e+02, -1.130970000000000031e+00
8.599669999999999845e+02, -1.068510000000000071e+00
8.599829999999999472e+02, -7.089729999999999643e-02
8.600000000000000000e+02, 3.290640000000000231e-02
8.600170000000000528e+02, 4.992690000000000183e-01
8.600330000000000155e+02, -3.288900000000000157e-01
8.600499999999999545e+02, 7.340539999999999565e-02
8.600670000000000073e+02, -4.172170000000000045e-01
8.600829999999999700e+02, -1.326479999999999881e-01
8.601000000000000227e+02, 5.663679999999999826e-01
8.601169999999999618e+02, -1.276960000000000039e-01
8.601330000000000382e+02, -2.260089999999999877e-01
8.601499999999999773e+02, -1.869129999999999958e-01
8.601670000000000300e+02, -7.726960000000000495e-01
8.601829999999999927e+02, -1.589860000000000051e+00
8.602000000000000455e+02, -9.116969999999999796e-01
8.602169999999999845e+02, -2.406459999999999988e-01
8.602329999999999472e+02, 7.023540000000000338e-01
8.602500000000000000e+02, 1.587290000000000090e+00
8.602670000000000528e+02, -7.270530000000000048e-02
8.602830000000000155e+02, 6.981209999999999916e-01
8.602999999999999545e+02, 8.991219999999999768e-01
8.603170000000000073e+02, 4.957940000000000125e-01
8.603329999999999700e+02, -2.026530000000000165e+00
8.603500000000000227e+02, -1.099939999999999918e+00
8.603669999999999618e+02, -1.036329999999999973e+00
8.603830000000000382e+02, -7.591609999999999747e-01
8.603999999999999773e+02, 6.456150000000000500e-01
8.604170000000000300e+02, -4.332810000000000272e-01
8.604329999999999927e+02, -8.343580000000000441e-01
8.604500000000000455e+02, 1.994189999999999907e+00
8.604669999999999845e+02, 4.264419999999999877e-01
8.604829999999999472e+02, 3.660059999999999703e-02
8.605000000000000000e+02, -7.981340000000000101e-01
8.605170000000000528e+02, -6.480829999999999647e-01
8.605330000000000155e+02, 9.752450000000000285e-01
8.605499999999999545e+02, 3.789510000000000101e-02
8.605670000000000073e+02, -1.141609999999999986e-01
8.605829999999999700e+02, -4.055940000000000101e-01
8.606000000000000227e+02, 1.321620000000000017e+00
8.606169999999999618e+02, 9.553559999999999830e-01
8.606330000000000382e+02, 4.588519999999999821e-01
8.606499999999999773e+02, -1.873380000000000045e-01
8.606670000000000300e+02, -1.290980000000000016e+00
8.606829999999999927e+02, -1.362139999999999906e+00
8.607000000000000455e+02, -1.202090000000000103e+00
8.607169999999999845e+02, -1.332999999999999984e-02
8.607329999999999472e+02, 1.358309999999999906e+00
8.607500000000000000e+02, 2.185309999999999864e+00
8.607670000000000528e+02, 1.182630000000000070e+00
8.607830000000000155e+02, -1.824900000000000133e-02
8.607999999999999545e+02, 8.511710000000000109e-01
8.608170000000000073e+02, -4.319629999999999859e-01
8.608329999999999700e+02, -4.647120000000000140e-01
8.608500000000000227e+02, -5.254280000000000062e-01
8.608669999999999618e+02, -1.625900000000000123e-01
8.608830000000000382e+02, 3.611679999999999890e-01
8.608999999999999773e+02, 1.072869999999999990e+00
8.609170000000000300e+02, -8.515700000000000491e-01
8.609329999999999927e+02, 3.007610000000000006e-01
8.609500000000000455e+02, -1.036640000000000006e+00
8.609669999999999845e+02, -1.263190000000000035e+00
8.609829999999999472e+02, 2.655420000000000003e-01
8.610000000000000000e+02, 7.959589999999999721e-01
8.610170000000000528e+02, 3.108409999999999784e-01
8.610330000000000155e+02, 3.507290000000000130e-01
8.610499999999999545e+02, -7.308019999999999516e-01
8.610670000000000073e+02, -4.063910000000000022e-01
8.610829999999999700e+02, -8.633680000000000243e-01
8.611000000000000227e+02, 6.980530000000000346e-01
8.611169999999999618e+02, -3.388229999999999853e-01
8.611330000000000382e+02, -8.693720000000000336e-01
8.611499999999999773e+02, 5.109240000000000448e-01
8.611670000000000300e+02, -8.964889999999999803e-01
8.611829999999999927e+02, 8.154879999999999907e-01
8.612000000000000455e+02, 7.214880000000000182e-01
8.612169999999999845e+02, -6.648579999999999490e-01
8.612329999999999472e+02, -1.649150000000000060e-01
8.612500000000000000e+02, 1.204800000000000038e-01
8.612670000000000528e+02, -1.347760000000000069e-01
8.612830000000000155e+02, 6.868429999999999813e-01
8.612999999999999545e+02, -1.060389999999999944e+00
8.613170000000000073e+02, -7.461500000000000077e-02
8.613329999999999700e+02, 3.104770000000000030e-01
8.613500000000000227e+02, -6.349150000000000627e-02
8.613669999999999618e+02, -6.643090000000000384e-01
8.613830000000000382e+02, 2.660310000000000175e-01
8.613999999999999773e+02, -7.864069999999999672e-01
8.614170000000000300e+02, -4.488500000000000129e-02
8.614329999999999927e+02, 2.482939999999999869e-01
8.614500000000000455e+02, -1.143229999999999968e+00
8.614669999999999845e+02, -4.641689999999999983e-01
8.614829999999999472e+02, -2.646870000000000056e-01
8.615000000000000000e+02, -1.093169999999999975e-01
8.615170000000000528e+02, -1.239149999999999974e+00
8.615330000000000155e+02, -1.924420000000000019e-01
8.615499999999999545e+02, -1.838160000000000072e-01
8.615670000000000073e+02, 6.045909999999999895e-01
8.615829999999999700e+02, -4.271550000000000069e-01
8.616000000000000227e+02, 7.201800000000000423e-01
8.616169999999999618e+02, 7.236240000000000450e-01
8.616330000000000382e+02, -5.206520000000000037e-01
8.616499999999999773e+02, -1.187429999999999986e+00
8.616670000000000300e+02, -2.960269999999999846e-01
8.616829999999999927e+02, -3.167530000000000068e-01
8.617000000000000455e+02, 7.852449999999999708e-02
8.617169999999999845e+02, -4.856949999999999878e-01
8.617329999999999472e+02, 4.426709999999999812e-01
8.617500000000000000e+02, 7.285509999999999486e-01
8.617670000000000528e+02, -2.918540000000000023e-01
8.617830000000000155e+02, -5.360260000000000025e-01
8.617999999999999545e+02, -6.480719999999999814e-01
8.618170000000000073e+02, 4.161909999999999776e-01
8.618329999999999700e+02, -4.185940000000000216e-01
8.618500000000000227e+02, 1.698500000000000010e-01
8.618669999999999618e+02, -5.835259999999999891e-01
8.618830000000000382e+02, 6.595710000000000184e-01
8.618999999999999773e+02, 8.592579999999999663e-02
8.619170000000000300e+02, -1.048300000000000010e+00
8.619329999999999927e+02, 1.084840000000000027e+00
8.619500000000000455e+02, 1.585850000000000037e-01
8.619669999999999845e+02, 3.524390000000000023e-01
8.619829999999999472e+02, -2.035550000000000137e-01
8.620000000000000000e+02, -1.088049999999999962e+00
8.620170000000000528e+02, -1.235959999999999948e+00
8.620330000000000155e+02, -2.654949999999999810e-01
8.620499999999999545e+02, 6.644240000000000146e-01
8.620670000000000073e+02, 6.587600000000000122e-01
8.620829999999999700e+02, -3.281010000000000176e-02
8.621000000000000227e+02, -3.217900000000000205e-01
8.621169999999999618e+02, -8.403359999999999719e-01
8.621330000000000382e+02, 1.004440000000000055e-01
8.621499999999999773e+02, -3.849759999999999849e-01
8.621670000000000300e+02, 5.103609999999999536e-01
8.621829999999999927e+02, 5.945029999999999759e-02
8.622000000000000455e+02, 1.352729999999999988e+00
8.622169999999999845e+02, -1.928739999999999899e-01
8.622329999999999472e+02, -5.114289999999999808e-02
8.622500000000000000e+02, -6.001109999999999500e-01
8.622670000000000528e+02, -2.013739999999999974e-01
8.622830000000000155e+02, 1.381610000000000060e-01
8.622999999999999545e+02, 4.619539999999999758e-01
8.623170000000000073e+02, -2.738709999999999756e-01
8.623329999999999700e+02, 3.880290000000000128e-01
8.623500000000000227e+02, -3.468280000000000252e-01
8.623669999999999618e+02, -1.875219999999999942e-01
8.623830000000000382e+02, -9.366640000000000521e-01
8.623999999999999773e+02, -6.903939999999999522e-01
8.624170000000000300e+02, 1.068810000000000038e+00
8.624329999999999927e+02, 2.060189999999999966e+00
8.624500000000000455e+02, 1.819989999999999997e+00
8.624669999999999845e+02, 5.557959999999999567e-01
8.624829999999999472e+02, 9.387950000000000461e-01
8.625000000000000000e+02, 1.229389999999999983e+00
8.625170000000000528e+02, 1.522610000000000074e-01
8.625330000000000155e+02, 7.005829999999999558e-01
8.625499999999999545e+02, 1.090260000000000007e+00
8.625670000000000073e+02, 2.517739999999999978e-01
8.625829999999999700e+02, -4.517120000000000024e-01
8.626000000000000227e+02, 1.868660000000000043e-01
8.626169999999999618e+02, -4.006029999999999869e-01
8.626330000000000382e+02, 5.492259999999999920e-01
8.626499999999999773e+02, 7.346570000000000045e-01
8.626670000000000300e+02, -7.213009999999999700e-01
8.626829999999999927e+02, -1.184450000000000003e+00
8.627000000000000455e+02, -1.774030000000000051e-01
8.627169999999999845e+02, 8.828589999999999494e-01
8.627329999999999472e+02, 1.419939999999999980e+00
8.627500000000000000e+02, -4.466130000000000100e-02
8.627670000000000528e+02, -2.998929999999999998e-02
8.627830000000000155e+02, -6.985729999999999995e-01
8.627999999999999545e+02, 5.656459999999999821e-01
8.628170000000000073e+02, -7.459780000000000300e-01
8.628329999999999700e+02, -1.338470000000000049e+00
8.628500000000000227e+02, -6.164260000000000295e-01
8.628669999999999618e+02, -2.043470000000000120e+00
8.628830000000000382e+02, 4.701739999999999808e-01
8.628999999999999773e+02, -1.090470000000000050e+00
8.629170000000000300e+02, -8.002219999999999889e-01
8.629329999999999927e+02, -5.309700000000000530e-01
8.629500000000000455e+02, 3.305270000000000152e-01
8.629669999999999845e+02, 9.398800000000000487e-01
8.629829999999999472e+02, 1.052359999999999962e+00
8.630000000000000000e+02, -1.320259999999999989e+00
8.630170000000000528e+02, 1.001889999999999947e+00
8.630330000000000155e+02, -4.366079999999999961e-01
8.630499999999999545e+02, -3.117800000000000085e-02
8.630670000000000073e+02, -5.795789999999999553e-01
8.630829999999999700e+02, -1.077890000000000015e+00
8.631000000000000227e+02, -1.417190000000000116e-01
8.631169999999999618e+02, -4.036850000000000160e-01
8.631330000000000382e+02, 1.053039999999999976e+00
8.631499999999999773e+02, -4.110460000000000225e-01
8.631670000000000300e+02, -1.950490000000000002e-01
8.631829999999999927e+02, -1.276799999999999935e+00
8.632000000000000455e+02, -1.347669999999999924e+00
8.632169999999999845e+02, -1.037900000000000045e+00
8.632329999999999472e+02, -1.808119999999999949e+00
8.632500000000000000e+02, -7.175589999999999469e-01
8.632670000000000528e+02, 3.798250000000000237e-01
8.632830000000000155e+02, 7.724889999999999812e-01
8.632999999999999545e+02, 1.232120000000000104e+00
8.633170000000000073e+02, 2.986469999999999958e-01
8.633329999999999700e+02, -1.073540000000000050e-01
8.633500000000000227e+02, -1.352449999999999930e+00
8.633669999999999618e+02, -7.897909999999999653e-02
8.633830000000000382e+02, -3.599809999999999954e-01
8.633999999999999773e+02, 1.663149999999999906e+00
8.634170000000000300e+02, 4.947819999999999996e-01
8.634329999999999927e+02, 4.919149999999999912e-01
8.634500000000000455e+02, -1.522010000000000030e-01
8.634669999999999845e+02, -2.208199999999999885e-01
8.634829999999999472e+02, 9.658849999999999381e-02
8.635000000000000000e+02, -3.873059999999999836e-01
8.635170000000000528e+02, -1.019139999999999935e+00
8.635330000000000155e+02, 1.632840000000000125e-01
8.635499999999999545e+02, 6.883329999999999727e-01
8.635670000000000073e+02, 2.162219999999999975e-01
8.635829999999999700e+02, -3.246060000000000056e-01
8.636000000000000227e+02, 1.697859999999999925e-01
8.636169999999999618e+02, -7.578190000000000204e-01
8.636330000000000382e+02, -4.645859999999999990e-01
8.636499999999999773e+02, -1.757170000000000121e-01
8.636670000000000300e+02, -1.518190000000000095e-01
8.636829999999999927e+02, -1.125520000000000076e+00
8.637000000000000455e+02, -8.059039999999999537e-01
8.637169999999999845e+02, 4.667189999999999950e-01
8.637329999999999472e+02, 1.723170000000000091e+00
8.637500000000000000e+02, -3.565440000000000276e-02
8.637670000000000528e+02, -5.112280000000000157e-01
8.637830000000000155e+02, -1.973619999999999930e+00
8.637999999999999545e+02, 4.164649999999999741e-01
8.638170000000000073e+02, 2.848680000000000101e-01
8.638329999999999700e+02, 1.560930000000000095e-01
8.638500000000000227e+02, -1.810009999999999952e-01
8.638669999999999618e+02, -6.782660000000000355e-01
8.638830000000000382e+02, -1.187629999999999963e+00
8.638999999999999773e+02, -3.167280000000000095e-01
8.639170000000000300e+02, 6.794329999999999536e-01
8.639329999999999927e+02, 2.946590000000000042e-01
8.639500000000000455e+02, 1.138109999999999955e+00
8.639669999999999845e+02, 1.778629999999999933e+00
8.639829999999999472e+02, 7.705710000000000059e-01
8.640000000000000000e+02, -8.630930000000000546e-02
8.640170000000000528e+02, -2.534029999999999894e-01
8.640330000000000155e+02, -1.475959999999999939e+00
8.640499999999999545e+02, 1.403110000000000079e+00
8.640670000000000073e+02, 1.173489999999999922e+00
8.640829999999999700e+02, 4.686069999999999958e-01
8.641000000000000227e+02, 1.018079999999999957e-01
8.641169999999999618e+02, -1.842799999999999994e-01
8.641330000000000382e+02, -2.425030000000000019e+00
8.641499999999999773e+02, -2.967429999999999790e-01
8.641670000000000300e+02, -1.118090000000000028e+00
8.641829999999999927e+02, 1.493919999999999915e+00
8.642000000000000455e+02, 8.902060000000000528e-01
8.642169999999999845e+02, 4.417400000000000215e-01
8.642329999999999472e+02, 1.397440000000000015e+00
8.642500000000000000e+02, 6.000020000000000353e-01
8.642670000000000528e+02, -1.103210000000000024e+00
8.642830000000000155e+02, -2.724119999999999875e-01
8.642999999999999545e+02, -1.146649999999999947e+00
8.643170000000000073e+02, -3.394779999999999909e+00
8.643329999999999700e+02, -1.415829999999999922e+00
8.643500000000000227e+02, -1.900050000000000072e-01
8.643669999999999618e+02, 3.533029999999999782e-01
8.643830000000000382e+02, 1.272950000000000026e+00
8.643999999999999773e+02, 1.068589999999999929e+00
8.644170000000000300e+02, -8.532399999999999984e-01
8.644329999999999927e+02, -7.338959999999999928e-01
8.644500000000000455e+02, 5.485100000000000531e-01
8.644669999999999845e+02, 3.096039999999999903e-01
8.644829999999999472e+02, 1.829029999999999934e+00
8.645000000000000000e+02, 2.247279999999999944e+00
8.645170000000000528e+02, 5.409129999999999772e-01
8.645330000000000155e+02, -5.448359999999999870e-01
8.645499999999999545e+02, 2.631629999999999803e-01
8.645670000000000073e+02, -1.264950000000000019e+00
8.645829999999999700e+02, -5.017960000000000198e-01
8.646000000000000227e+02, 2.309299999999999964e-01
8.646169999999999618e+02, -5.664139999999999731e-01
8.646330000000000382e+02, 3.298949999999999799e-02
8.646499999999999773e+02, -1.104149999999999923e-02
8.646670000000000300e+02, 3.138909999999999756e-01
8.646829999999999927e+02, -1.669029999999999958e-01
8.647000000000000455e+02, 1.083559999999999905e-03
8.647169999999999845e+02, 9.947169999999999623e-01
8.647329999999999472e+02, 1.372919999999999918e+00
8.647500000000000000e+02, -1.073579999999999951e-01
8.647670000000000528e+02, -3.091999999999999749e-01
8.647830000000000155e+02, -1.402269999999999905e+00
8.647999999999999545e+02, -1.308270000000000044e+00
8.648170000000000073e+02, -9.607940000000000369e-01
8.648329999999999700e+02, -3.123799999999999910e-01
8.648500000000000227e+02, 6.912779999999999481e-01
8.648669999999999618e+02, -2.678200000000000025e-02
8.648830000000000382e+02, 4.577169999999999850e-01
8.648999999999999773e+02, 2.026749999999999940e-01
8.649170000000000300e+02, -1.829870000000000108e-01
8.649329999999999927e+02, -5.460770000000000346e-01
8.649500000000000455e+02, 6.267239999999999478e-01
8.649669999999999845e+02, -3.572220000000000256e-02
8.649829999999999472e+02, 1.918570000000000109e+00
8.650000000000000000e+02, 1.147389999999999910e+00
8.650170000000000528e+02, 4.179849999999999954e-01
8.650330000000000155e+02, -8.052470000000000461e-01
8.650499999999999545e+02, -1.822990000000000110e+00
8.650670000000000073e+02, 4.593269999999999853e-01
8.650829999999999700e+02, -2.156589999999999896e-01
8.651000000000000227e+02, 5.891199999999999770e-01
8.651169999999999618e+02, -6.547870000000000079e-01
8.651330000000000382e+02, -6.657309999999999617e-01
8.651499999999999773e+02, -9.435119999999999618e-02
8.651670000000000300e+02, -9.399129999999999985e-01
8.651829999999999927e+02, -6.935130000000000461e-01
8.652000000000000455e+02, -1.006399999999999934e-01
8.652169999999999845e+02, 1.041099999999999914e+00
8.652329999999999472e+02, 8.858989999999999920e-01
8.652500000000000000e+02, 6.708410000000000206e-01
8.652670000000000528e+02, 8.479149999999999743e-01
8.652830000000000155e+02, 2.484190000000000009e-01
8.652999999999999545e+02, 7.129250000000000309e-01
8.653170000000000073e+02, 1.198960000000000026e+00
8.653329999999999700e+02, 5.595510000000000206e-01
8.653500000000000227e+02, -1.391910000000000092e-01
8.653669999999999618e+02, -1.048980000000000024e+00
8.653830000000000382e+02, -4.033359999999999723e-01
8.653999999999999773e+02, 5.697429999999999994e-01
8.654170000000000300e+02, 1.028559999999999919e+00
8.654329999999999927e+02, 5.228699999999999459e-01
8.654500000000000455e+02, -7.523609999999999465e-01
8.654669999999999845e+02, -9.035309999999999730e-01
8.654829999999999472e+02, -1.789449999999999930e-01
8.655000000000000000e+02, 1.077660000000000062e+00
8.655170000000000528e+02, 6.540960000000000107e-01
8.655330000000000155e+02, -5.790290000000000159e-01
8.655499999999999545e+02, -8.853679999999999883e-02
8.655670000000000073e+02, -1.613209999999999922e-01
8.655829999999999700e+02, -2.132670000000000121e-01
8.656000000000000227e+02, -1.948620000000000074e-01
8.656169999999999618e+02, -8.184350000000000236e-01
8.656330000000000382e+02, 4.108870000000000022e-01
8.656499999999999773e+02, -9.581420000000000492e-01
8.656670000000000300e+02, 5.465790000000000370e-01
8.656829999999999927e+02, 1.055520000000000069e-01
8.657000000000000455e+02, 5.280449999999999866e-01
8.657169999999999845e+02, 1.418539999999999912e+00
8.657329999999999472e+02, -4.401269999999999905e-01
8.657500000000000000e+02, -8.093569999999999931e-01
8.657670000000000528e+02, -4.767190000000000039e-01
8.657830000000000155e+02, -6.863590000000000524e-01
8.657999999999999545e+02, -1.705790000000000084e-01
8.658170000000000073e+02, -1.028839999999999977e+00
8.658329999999999700e+02, -1.956620000000000026e+00
8.658500000000000227e+02, 1.228809999999999958e+00
8.658669999999999618e+02, 8.655220000000000136e-01
8.658830000000000382e+02, 1.528319999999999901e+00
8.658999999999999773e+02, 1.196129999999999916e+00
8.659170000000000300e+02, 1.444459999999999911e-01
8.659329999999999927e+02, -5.628999999999999559e-01
8.659500000000000455e+02, 1.111869999999999942e-01
8.659669999999999845e+02, -1.272929999999999895e+00
8.659829999999999472e+02, 4.723970000000000113e-01
8.660000000000000000e+02, -5.564750000000000252e-02
8.660170000000000528e+02, -4.570670000000000288e-02
8.660330000000000155e+02, -3.695220000000000171e-01
8.660499999999999545e+02, -2.748709999999999765e-01
8.660670000000000073e+02, -1.102649999999999908e+00
8.660829999999999700e+02, 7.994179999999999620e-01
8.661000000000000227e+02, 1.846489999999999965e+00
8.661169999999999618e+02, -5.325520000000000254e-01
8.661330000000000382e+02, -4.198620000000000130e-01
8.661499999999999773e+02, -5.388260000000000272e-01
8.661670000000000300e+02, 2.990360000000000240e-01
8.661829999999999927e+02, 1.755640000000000089e+00
8.662000000000000455e+02, 1.718890000000000029e+00
8.662169999999999845e+02, 7.187040000000000095e-01
8.662329999999999472e+02, -1.215219999999999967e+00
8.662500000000000000e+02, -8.164919999999999956e-01
8.662670000000000528e+02, -6.217770000000000241e-01
8.662830000000000155e+02, -4.183850000000000069e-01
8.662999999999999545e+02, 3.622819999999999929e-01
8.663170000000000073e+02, -1.176840000000000108e+00
8.663329999999999700e+02, -1.246750000000000025e+00
8.663500000000000227e+02, -5.131850000000000023e-01
8.663669999999999618e+02, 6.623740000000000183e-01
8.663830000000000382e+02, 1.261829999999999896e-01
8.663999999999999773e+02, -9.973980000000000068e-01
8.664170000000000300e+02, -2.302520000000000122e-01
8.664329999999999927e+02, -3.627239999999999909e-01
8.664500000000000455e+02, 7.403440000000000021e-01
8.664669999999999845e+02, 2.163980000000000015e+00
8.664829999999999472e+02, -8.630350000000000521e-02
8.665000000000000000e+02, 2.384999999999999898e-01
8.665170000000000528e+02, 1.336649999999999894e+00
8.665330000000000155e+02, 9.756399999999999517e-01
8.665499999999999545e+02, 4.698229999999999906e-01
8.665670000000000073e+02, -1.819979999999999931e+00
8.665829999999999700e+02, -9.697170000000000512e-01
8.666000000000000227e+02, -1.162339999999999929e+00
8.666169999999999618e+02, -1.087639999999999996e-01
8.666330000000000382e+02, 2.573810000000000264e-01
8.666499999999999773e+02, 1.424420000000000019e+00
8.666670000000000300e+02, -1.418959999999999999e+00
8.666829999999999927e+02, 5.408640000000000114e-01
8.667000000000000455e+02, 4.254290000000000016e-01
8.667169999999999845e+02, 3.223920000000000258e-02
8.667329999999999472e+02, -2.671350000000000113e-02
8.667500000000000000e+02, -1.816009999999999902e+00
8.667670000000000528e+02, 5.924160000000000537e-01
8.667830000000000155e+02, -7.036219999999999697e-01
8.667999999999999545e+02, -8.141189999999999538e-02
8.668170000000000073e+02, -1.523239999999999872e-01
8.668329999999999700e+02, -7.993799999999999517e-02
8.668500000000000227e+02, -3.985480000000000134e-01
8.668669999999999618e+02, -8.071749999999999758e-01
8.668830000000000382e+02, -1.095830000000000082e+00
8.668999999999999773e+02, 9.598089999999999400e-02
8.669170000000000300e+02, 1.008459999999999912e+00
8.669329999999999927e+02, -1.522709999999999897e-01
8.669500000000000455e+02, 1.183969999999999967e+00
8.669669999999999845e+02, 1.633920000000000039e+00
8.669829999999999472e+02, 6.731329999999999814e-01
8.670000000000000000e+02, -8.948040000000000438e-01
8.670170000000000528e+02, -5.500230000000000397e-01
8.670330000000000155e+02, -7.685210000000000097e-01
8.670499999999999545e+02, -3.952030000000000265e-01
8.670670000000000073e+02, -1.496760000000000090e+00
8.670829999999999700e+02, 2.578409999999999869e-01
8.671000000000000227e+02, 1.199619999999999909e+00
8.671169999999999618e+02, -1.232690000000000063e+00
8.671330000000000382e+02, 6.436910000000000132e-01
8.671499999999999773e+02, -7.825100000000000389e-01
8.671670000000000300e+02, 2.774449999999999972e-01
8.671829999999999927e+02, 4.728060000000000040e-01
8.672000000000000455e+02, 6.488810000000000411e-01
8.672169999999999845e+02, -9.435480000000000533e-01
8.672329999999999472e+02, -1.662609999999999921e-01
8.672500000000000000e+02, -1.578559999999999963e+00
8.672670000000000528e+02, 5.681469999999999576e-01
8.672830000000000155e+02, -3.577150000000000052e-01
8.672999999999999545e+02, 1.867759999999999976e-01
8.673170000000000073e+02, -1.355669999999999931e+00
8.673329999999999700e+02, 2.590489999999999737e-01
8.673500000000000227e+02, 1.172949999999999937e+00
8.673669999999999618e+02, -1.133450000000000069e+00
8.673830000000000382e+02, -8.026469999999999994e-01
8.673999999999999773e+02, -3.502640000000000198e-01
8.674170000000000300e+02, -1.138160000000000061e+00
8.674329999999999927e+02, -9.260800000000000143e-01
8.674500000000000455e+02, -1.115129999999999955e+00
8.674669999999999845e+02, 6.313379999999999548e-01
8.674829999999999472e+02, 3.441219999999999835e-01
8.675000000000000000e+02, -8.567890000000000228e-01
8.675170000000000528e+02, -1.023069999999999924e+00
8.675330000000000155e+02, -8.535329999999999862e-01
8.675499999999999545e+02, -1.551369999999999916e+00
8.675670000000000073e+02, -7.439369999999999594e-01
8.675829999999999700e+02, -1.034629999999999939e+00
8.676000000000000227e+02, 1.517090000000000105e-01
8.676169999999999618e+02, -3.859899999999999998e-01
8.676330000000000382e+02, 7.134979999999999656e-01
8.676499999999999773e+02, 2.953640000000000154e-01
8.676670000000000300e+02, -3.759789999999999660e-02
8.676829999999999927e+02, -1.235489999999999977e+00
8.677000000000000455e+02, 5.766469999999999929e-02
8.677169999999999845e+02, 5.294429999999999970e-01
8.677329999999999472e+02, 2.467759999999999954e-01
8.677500000000000000e+02, -1.230709999999999971e+00
8.677670000000000528e+02, 1.725379999999999914e+00
8.677830000000000155e+02, 2.392199999999999882e-01
8.677999999999999545e+02, 1.616700000000000026e+00
8.678170000000000073e+02, -6.755529999999999591e-01
8.678329999999999700e+02, -2.239809999999999857e+00
8.678500000000000227e+02, -6.653210000000000512e-01
8.678669999999999618e+02, 4.131000000000000227e-01
8.678830000000000382e+02, -1.027580000000000021e-01
8.678999999999999773e+02, 1.202469999999999928e-02
8.679170000000000300e+02, 2.650199999999999778e-01
8.679329999999999927e+02, 3.920080000000000092e-02
8.679500000000000455e+02, 2.401359999999999884e-01
8.679669999999999845e+02, -4.446590000000000265e-01
8.679829999999999472e+02, -1.617089999999999916e+00
8.680000000000000000e+02, -1.003179999999999961e+00
8.680170000000000528e+02, -7.467350000000000376e-01
8.680330000000000155e+02, 7.188179999999999570e-02
8.680499999999999545e+02, 2.065029999999999817e-03
8.680670000000000073e+02, 9.356659999999999977e-01
8.680829999999999700e+02, 8.901569999999999760e-01
8.681000000000000227e+02, -2.989100000000000090e-01
8.681169999999999618e+02, 5.407629999999999937e-01
8.681330000000000382e+02, -1.422509999999999941e+00
8.681499999999999773e+02, 4.451739999999999864e-02
8.681670000000000300e+02, 2.161559999999999870e-01
8.681829999999999927e+02, 9.871779999999999999e-01
8.682000000000000455e+02, 9.889109999999999845e-01
8.682169999999999845e+02, -5.788280000000000092e-01
8.682329999999999472e+02, -1.707140000000000102e+00
8.682500000000000000e+02, 7.774860000000000104e-01
8.682670000000000528e+02, 8.422380000000000422e-01
8.682830000000000155e+02, 5.963820000000000232e-02
8.682999999999999545e+02, -7.608500000000000263e-01
8.683170000000000073e+02, 4.292779999999999929e-01
8.683329999999999700e+02, -2.590970000000000079e-02
8.683500000000000227e+02, -3.767730000000000246e-01
8.683669999999999618e+02, -9.080330000000000346e-02
8.683830000000000382e+02, -1.809659999999999880e-01
8.683999999999999773e+02, 2.351759999999999962e-01
8.684170000000000300e+02, -1.148730000000000029e+00
8.684329999999999927e+02, 3.332100000000000062e-01
8.684500000000000455e+02, -1.908219999999999916e-01
8.684669999999999845e+02, 1.450150000000000050e+00
8.684829999999999472e+02, -1.517390000000000128e-01
8.685000000000000000e+02, 1.942700000000000093e+00
8.685170000000000528e+02, -7.093869999999999898e-01
8.685330000000000155e+02, -6.991709999999999869e-01
8.685499999999999545e+02, -1.169680000000000053e+00
8.685670000000000073e+02, 1.902079999999999882e-01
8.685829999999999700e+02, 3.988550000000000151e-01
8.686000000000000227e+02, 1.929219999999999935e+00
8.686169999999999618e+02, 1.442420000000000035e+00
8.686330000000000382e+02, 1.257350000000000134e-01
8.686499999999999773e+02, -7.300250000000000350e-01
8.686670000000000300e+02, 4.893469999999999764e-01
8.686829999999999927e+02, 2.944740000000000135e-01
8.687000000000000455e+02, 4.693370000000000042e-01
8.687169999999999845e+02, 1.241519999999999957e+00
8.687329999999999472e+02, -1.665059999999999873e-01
8.687500000000000000e+02, -4.129399999999999737e-01
8.687670000000000528e+02, 4.185280000000000111e-01
8.687830000000000155e+02, -5.982539999999999525e-01
8.687999999999999545e+02, -5.710439999999999960e-01
8.688170000000000073e+02, -2.082269999999999954e-01
8.688329999999999700e+02, -8.305080000000000240e-01
8.688500000000000227e+02, 7.310830000000000384e-01
8.688669999999999618e+02, -3.288579999999999837e-01
8.688830000000000382e+02, -2.046860000000000124e+00
8.688999999999999773e+02, -8.038509999999999822e-01
8.689170000000000300e+02, -8.456230000000000135e-01
8.689329999999999927e+02, -1.713020000000000098e-01
8.689500000000000455e+02, -6.220729999999999871e-01
8.689669999999999845e+02, 4.486229999999999940e-01
8.689829999999999472e+02, 1.755730000000000068e-01
8.690000000000000000e+02, -8.185609999999999831e-01
8.690170000000000528e+02, 3.802030000000000132e-01
8.690330000000000155e+02, -1.060200000000000031e+00
8.690499999999999545e+02, -1.834200000000000066e-02
8.690670000000000073e+02, -1.025670000000000082e+00
8.690829999999999700e+02, -5.539640000000000120e-01
8.691000000000000227e+02, -1.293259999999999965e-01
8.691169999999999618e+02, 1.815839999999999954e-01
8.691330000000000382e+02, -8.773689999999999545e-01
8.691499999999999773e+02, -7.686570000000000347e-01
8.691670000000000300e+02, -4.160200000000000009e-01
8.691829999999999927e+02, 1.693539999999999976e-02
8.692000000000000455e+02, 1.798839999999999995e+00
8.692169999999999845e+02, 1.555600000000000038e-01
8.692329999999999472e+02, 9.380020000000000024e-01
8.692500000000000000e+02, -2.603349999999999831e-01
8.692670000000000528e+02, -5.005190000000000472e-01
8.692830000000000155e+02, -1.158090000000000064e+00
8.692999999999999545e+02, -1.155059999999999976e+00
8.693170000000000073e+02, -2.328240000000000087e+00
8.693329999999999700e+02, 4.780090000000000033e-02
8.693500000000000227e+02, 5.045190000000000508e-01
8.693669999999999618e+02, 8.996450000000000280e-02
8.693830000000000382e+02, 1.452360000000000095e+00
8.693999999999999773e+02, 4.956280000000000130e-01
8.694170000000000300e+02, -9.170799999999999785e-02
8.694329999999999927e+02, -4.424569999999999892e-01
8.694500000000000455e+02, -1.389070000000000027e+00
8.694669999999999845e+02, 2.465249999999999941e-01
8.694829999999999472e+02, -3.304250000000000242e-01
8.695000000000000000e+02, -3.488910000000000067e-01
8.695170000000000528e+02, -8.414829999999999810e-01
8.695330000000000155e+02, 3.552460000000000062e-01
8.695499999999999545e+02, 7.336369999999999836e-01
8.695670000000000073e+02, 1.684220000000000050e+00
8.695829999999999700e+02, -8.011359999999999593e-01
8.696000000000000227e+02, -1.874120000000000008e+00
8.696169999999999618e+02, -1.141920000000000046e+00
8.696330000000000382e+02, 7.358420000000000238e-02
8.696499999999999773e+02, -9.972830000000000583e-02
8.696670000000000300e+02, 7.058520000000000350e-01
8.696829999999999927e+02, 2.444050000000000111e-01
8.697000000000000455e+02, 8.257839999999999625e-01
8.697169999999999845e+02, 6.384859999999999980e-01
8.697329999999999472e+02, 1.065090000000000064e-01
8.697500000000000000e+02, 1.212139999999999995e+00
8.697670000000000528e+02, -5.218129999999999713e-01
8.697830000000000155e+02, 5.613839999999999802e-02
8.697999999999999545e+02, 5.336400000000000171e-02
8.698170000000000073e+02, 1.382079999999999975e-01
8.698329999999999700e+02, -3.883769999999999722e-01
8.698500000000000227e+02, -6.987870000000000192e-02
8.698669999999999618e+02, 4.881350000000000272e-02
8.698830000000000382e+02, 4.253719999999999724e-02
8.698999999999999773e+02, 2.449639999999999873e-01
8.699170000000000300e+02, 1.119499999999999940e-01
8.699329999999999927e+02, -1.063669999999999893e+00
8.699500000000000455e+02, 6.123809999999999532e-01
8.699669999999999845e+02, 1.600980000000000070e+00
8.699829999999999472e+02, 3.104930000000000190e-01
8.700000000000000000e+02, 2.639520000000000199e-01
8.700170000000000528e+02, -5.499800000000000244e-01
8.700330000000000155e+02, 5.587680000000000424e-01
8.700499999999999545e+02, 1.002089999999999925e+00
8.700670000000000073e+02, 6.609359999999999680e-01
8.700829999999999700e+02, 9.240509999999999557e-01
8.701000000000000227e+02, -8.921890000000000098e-01
8.701169999999999618e+02, 2.858269999999999977e-01
8.701330000000000382e+02, -4.637600000000000056e-01
8.701499999999999773e+02, -5.825500000000000123e-01
8.701670000000000300e+02, 1.347240000000000069e-02
8.701829999999999927e+02, 1.018099999999999977e-01
8.702000000000000455e+02, 7.230020000000000335e-01
8.702169999999999845e+02, 1.431769999999999987e+00
8.702329999999999472e+02, 3.244839999999999947e-01
8.702500000000000000e+02, 2.895940000000000181e-01
8.702670000000000528e+02, -3.467370000000000174e-01
8.702830000000000155e+02, -2.308059999999999778e+00
8.702999999999999545e+02, -4.552169999999999828e-01
8.703170000000000073e+02, -9.275940000000000296e-01
8.703329999999999700e+02, -3.335350000000000037e+00
8.703500000000000227e+02, 3.909500000000000197e-01
8.703669999999999618e+02, 7.415070000000000272e-01
8.703830000000000382e+02, 8.557979999999999476e-01
8.703999999999999773e+02, 8.731499999999999817e-01
8.704170000000000300e+02, 4.864669999999999828e-01
8.704329999999999927e+02, 1.348379999999999912e+00
8.704500000000000455e+02, -2.594759999999999844e-01
8.704669999999999845e+02, -8.020810000000000439e-01
8.704829999999999472e+02, -7.088480000000000336e-01
8.705000000000000000e+02, 1.061469999999999914e+00
8.705170000000000528e+02, 1.453810000000000102e-01
8.705330000000000155e+02, -8.881279999999999730e-02
8.705499999999999545e+02, -2.713550000000000129e-01
8.705670000000000073e+02, 1.210709999999999981e-01
8.705829999999999700e+02, 6.537239999999999718e-01
8.706000000000000227e+02, 3.770180000000000059e-02
8.706169999999999618e+02, -2.632090000000000124e-03
8.706330000000000382e+02, 1.382679999999999909e+00
8.706499999999999773e+02, 8.379100000000000437e-01
8.706670000000000300e+02, -1.187510000000000066e+00
8.706829999999999927e+02, -1.607799999999999896e+00
8.707000000000000455e+02, 1.099950000000000060e-02
8.707169999999999845e+02, 1.234900000000000109e+00
8.707329999999999472e+02, 2.525889999999999969e+00
8.707500000000000000e+02, 4.577490000000000170e-01
8.707670000000000528e+02, -1.142800000000000066e-01
8.707830000000000155e+02, 4.246920000000000139e-01
8.707999999999999545e+02, -1.169620000000000104e+00
8.708170000000000073e+02, -4.212489999999999984e-02
8.708329999999999700e+02, 2.444610000000000116e-01
8.708500000000000227e+02, 2.874820000000000153e-02
8.708669999999999618e+02, 1.397150000000000059e-01
8.708830000000000382e+02, 8.064219999999999722e-01
8.708999999999999773e+02, -6.416439999999999921e-01
8.709170000000000300e+02, -1.378010000000000068e-01
8.709329999999999927e+02, 3.915420000000000011e-02
8.709500000000000455e+02, 4.555069999999999952e-01
8.709669999999999845e+02, 6.390470000000000317e-01
8.709829999999999472e+02, -4.262969999999999815e-01
8.710000000000000000e+02, -1.269220000000000070e-01
8.710170000000000528e+02, 1.055129999999999957e-02
8.710330000000000155e+02, 6.617180000000000284e-01
8.710499999999999545e+02, 4.307360000000000078e-01
8.710670000000000073e+02, 7.134770000000000278e-01
8.710829999999999700e+02, 4.666750000000000065e-01
8.711000000000000227e+02, 1.073709999999999942e+00
8.711169999999999618e+02, -1.390649999999999942e+00
8.711330000000000382e+02, -1.358940000000000037e+00
8.711499999999999773e+02, -1.000620000000000065e+00
8.711670000000000300e+02, 1.170289999999999941e-01
8.711829999999999927e+02, -4.614110000000000156e-01
8.712000000000000455e+02, 5.568539999999999601e-01
8.712169999999999845e+02, 8.486200000000000410e-01
8.712329999999999472e+02, -7.811770000000000103e-01
8.712500000000000000e+02, 8.542610000000000481e-01
8.712670000000000528e+02, -6.928220000000000489e-01
8.712830000000000155e+02, -3.962539999999999951e-01
8.712999999999999545e+02, -1.118770000000000042e+00
8.713170000000000073e+02, 3.277880000000000238e-01
8.713329999999999700e+02, -1.830539999999999945e-02
8.713500000000000227e+02, 1.132360000000000033e+00
8.713669999999999618e+02, -3.045200000000000129e-01
8.713830000000000382e+02, -1.576100000000000056e+00
8.713999999999999773e+02, -8.665180000000000105e-01
8.714170000000000300e+02, -1.292219999999999924e+00
8.714329999999999927e+02, -5.989919999999999689e-01
8.714500000000000455e+02, 1.244560000000000111e+00
8.714669999999999845e+02, 1.416740000000000110e+00
8.714829999999999472e+02, -5.171149999999999913e-01
8.715000000000000000e+02, -1.882840000000000069e-01
8.715170000000000528e+02, -1.177380000000000093e+00
8.715330000000000155e+02, -6.368939999999999602e-01
8.715499999999999545e+02, 7.215570000000000039e-01
8.715670000000000073e+02, 1.069260000000000099e+00
8.715829999999999700e+02, -1.772330000000000017e-01
8.716000000000000227e+02, -1.616950000000000109e+00
8.716169999999999618e+02, -1.672460000000000058e+00
8.716330000000000382e+02, -5.643249999999999655e-01
8.716499999999999773e+02, -7.728760000000000074e-01
8.716670000000000300e+02, 2.173740000000000117e-01
8.716829999999999927e+02, -4.488210000000000255e-01
8.717000000000000455e+02, 1.277609999999999912e+00
8.717169999999999845e+02, 1.181329999999999991e+00
8.717329999999999472e+02, 6.316829999999999945e-01
8.717500000000000000e+02, -2.309579999999999966e+00
8.717670000000000528e+02, -7.181990000000000318e-01
8.717830000000000155e+02, -1.001309999999999922e+00
8.717999999999999545e+02, -9.296999999999999709e-01
8.718170000000000073e+02, -2.095460000000000031e-02
8.718329999999999700e+02, -4.183540000000000036e-01
8.718500000000000227e+02, -6.485480000000000134e-01
8.718669999999999618e+02, 1.672460000000000058e+00
8.718830000000000382e+02, 3.389329999999999843e-01
8.718999999999999773e+02, 1.004920000000000035e+00
8.719170000000000300e+02, -1.236210000000000031e+00
8.719329999999999927e+02, -1.808029999999999915e-01
8.719500000000000455e+02, -6.686380000000000101e-02
8.719669999999999845e+02, 9.091350000000000264e-01
8.719829999999999472e+02, 4.001960000000000239e-02
8.720000000000000000e+02, -1.838740000000000041e+00
8.720170000000000528e+02, -1.412789999999999990e+00
8.720330000000000155e+02, -6.154070000000000373e-01
8.720499999999999545e+02, 3.226589999999999736e-01
8.720670000000000073e+02, 4.261170000000000235e-02
8.720829999999999700e+02, -5.589499999999999469e-01
8.721000000000000227e+02, 2.083000000000000129e-01
8.721169999999999618e+02, 6.572449999999999681e-01
8.721330000000000382e+02, 8.678299999999999903e-01
8.721499999999999773e+02, -4.187270000000000159e-01
8.721670000000000300e+02, -1.035920000000000035e-01
8.721829999999999927e+02, 6.949650000000000549e-01
8.722000000000000455e+02, -1.361669999999999936e+00
8.722169999999999845e+02, 1.037709999999999910e+00
8.722329999999999472e+02, -7.681489999999999707e-01
8.722500000000000000e+02, -4.387220000000000009e-01
8.722670000000000528e+02, 3.529160000000000075e-01
8.722830000000000155e+02, -1.747959999999999958e+00
8.722999999999999545e+02, 5.290430000000000410e-01
8.723170000000000073e+02, 1.554429999999999978e-01
8.723329999999999700e+02, 7.205510000000000526e-01
8.723500000000000227e+02, -1.020599999999999952e+00
8.723669999999999618e+02, -2.519199999999999773e-01
8.723830000000000382e+02, 2.105809999999999904e-01
8.723999999999999773e+02, -5.110230000000000050e-01
8.724170000000000300e+02, 7.524549999999999850e-01
8.724329999999999927e+02, 8.004559999999999453e-01
8.724500000000000455e+02, -3.212099999999999955e-01
8.724669999999999845e+02, 1.013090000000000046e+00
8.724829999999999472e+02, -1.452210000000000001e+00
8.725000000000000000e+02, -5.241550000000000376e-01
8.725170000000000528e+02, -4.123310000000000031e-01
8.725330000000000155e+02, -3.090629999999999766e-01
8.725499999999999545e+02, 5.769339999999999469e-01
8.725670000000000073e+02, -8.803750000000000187e-01
8.725829999999999700e+02, -9.190819999999999546e-01
8.726000000000000227e+02, -3.394480000000000275e-01
8.726169999999999618e+02, -8.658489999999999798e-01
8.726330000000000382e+02, 1.687970000000000026e-01
8.726499999999999773e+02, -1.094530000000000003e+00
8.726670000000000300e+02, -6.882220000000000004e-02
8.726829999999999927e+02, -1.103280000000000038e+00
8.727000000000000455e+02, 4.285240000000000160e-01
8.727169999999999845e+02, -1.376010000000000011e-01
8.727329999999999472e+02, 1.750320000000000001e-02
8.727500000000000000e+02, 4.935439999999999827e-01
8.727670000000000528e+02, 1.868600000000000039e+00
8.727830000000000155e+02, -7.141190000000000038e-02
8.727999999999999545e+02, 1.544639999999999902e-01
8.728170000000000073e+02, 2.457580000000000042e-01
8.728329999999999700e+02, 1.007220000000000004e+00
8.728500000000000227e+02, 2.459959999999999924e-01
8.728669999999999618e+02, 6.255869999999999487e-02
8.728830000000000382e+02, -4.251860000000000084e-01
8.728999999999999773e+02, 3.266060000000000074e-01
8.729170000000000300e+02, -8.621630000000000127e-01
8.729329999999999927e+02, -9.039559999999999818e-01
8.729500000000000455e+02, -3.502379999999999938e-01
8.729669999999999845e+02, -3.629519999999999968e-01
8.729829999999999472e+02, 2.270729999999999971e-01
8.730000000000000000e+02, 3.153969999999999829e-01
8.730170000000000528e+02, -8.320760000000000378e-01
8.730330000000000155e+02, 4.911820000000000075e-01
8.730499999999999545e+02, 2.107779999999999931e-01
8.730670000000000073e+02, 3.030869999999999953e-01
8.730829999999999700e+02, 2.469069999999999876e-01
8.731000000000000227e+02, 5.935850000000000293e-01
8.731169999999999618e+02, -2.396129999999999927e-01
8.731330000000000382e+02, -8.485180000000000500e-02
8.731499999999999773e+02, -4.439739999999999798e-01
8.731670000000000300e+02, -2.746330000000000160e-01
8.731829999999999927e+02, 7.170210000000000194e-01
8.732000000000000455e+02, 8.546369999999999800e-01
8.732169999999999845e+02, 1.132730000000000015e+00
8.732329999999999472e+02, -4.753209999999999935e-01
8.732500000000000000e+02, -9.797449999999999770e-01
8.732670000000000528e+02, -8.075240000000000196e-01
8.732830000000000155e+02, -1.162050000000000027e+00
8.732999999999999545e+02, -1.434469999999999912e+00
8.733170000000000073e+02, 7.204159999999999453e-01
8.733329999999999700e+02, 5.221139999999999670e-01
8.733500000000000227e+02, 2.002099999999999991e-01
8.733669999999999618e+02, 7.254800000000000137e-01
8.733830000000000382e+02, -3.263110000000000177e-01
8.733999999999999773e+02, 7.732550000000000257e-01
8.734170000000000300e+02, 5.444099999999999495e-01
8.734329999999999927e+02, 1.237600000000000033e+00
8.734500000000000455e+02, 2.024669999999999970e+00
8.734669999999999845e+02, 6.438329999999999886e-01
8.734829999999999472e+02, -3.955830000000000179e-01
8.735000000000000000e+02, -8.299739999999999895e-01
8.735170000000000528e+02, -8.104360000000000452e-01
8.735330000000000155e+02, -2.184429999999999872e+00
8.735499999999999545e+02, -7.770489999999999897e-01
8.735670000000000073e+02, 1.179089999999999971e+00
8.735829999999999700e+02, 6.358439999999999648e-01
8.736000000000000227e+02, 8.030110000000000303e-01
8.736169999999999618e+02, 1.203750000000000098e+00
8.736330000000000382e+02, -5.603669999999999832e-03
8.736499999999999773e+02, -9.314130000000000464e-01
8.736670000000000300e+02, 3.946370000000000156e-01
8.736829999999999927e+02, 3.157499999999999751e-01
8.737000000000000455e+02, 3.254759999999999875e-01
8.737169999999999845e+02, -2.615830000000000100e-01
8.737329999999999472e+02, 8.027490000000000459e-01
8.737500000000000000e+02, -4.493050000000000099e-01
8.737670000000000528e+02, 1.220159999999999911e+00
8.737830000000000155e+02, 1.434350000000000069e-01
8.737999999999999545e+02, -5.010750000000000481e-01
8.738170000000000073e+02, -2.272190000000000043e-01
8.738329999999999700e+02, -2.890159999999999951e-01
8.738500000000000227e+02, -7.374359999999999804e-01
8.738669999999999618e+02, -3.026949999999999918e-01
8.738830000000000382e+02, -8.814429999999999765e-01
8.738999999999999773e+02, 1.806790000000000063e-01
8.739170000000000300e+02, 8.428969999999999518e-02
8.739329999999999927e+02, 5.728739999999999943e-01
8.739500000000000455e+02, 2.696629999999999860e-02
8.739669999999999845e+02, -1.192010000000000014e+00
8.739829999999999472e+02, -6.009210000000000385e-01
8.740000000000000000e+02, -4.547849999999999948e-01
8.740170000000000528e+02, 1.709009999999999918e+00
8.740330000000000155e+02, 4.326590000000000158e-01
8.740499999999999545e+02, 1.071229999999999925e-02
8.740670000000000073e+02, -4.245789999999999842e-01
8.740829999999999700e+02, 2.247840000000000116e-01
8.741000000000000227e+02, 2.295100000000000140e+00
8.741169999999999618e+02, 5.980790000000000273e-01
8.741330000000000382e+02, -5.962210000000000010e-01
8.741499999999999773e+02, -6.583940000000000348e-01
8.741670000000000300e+02, 3.071470000000000103e-02
8.741829999999999927e+02, 6.459340000000000082e-01
8.742000000000000455e+02, 1.704860000000000042e+00
8.742169999999999845e+02, -2.305409999999999959e-01
8.742329999999999472e+02, 2.715040000000000231e-01
8.742500000000000000e+02, -2.188480000000000203e+00
8.742670000000000528e+02, -1.696209999999999996e+00
8.742830000000000155e+02, 3.897989999999999788e-02
8.742999999999999545e+02, -2.006940000000000113e-01
8.743170000000000073e+02, -3.159170000000000034e-02
8.743329999999999700e+02, -1.069630000000000025e-01
8.743500000000000227e+02, 1.095399999999999929e+00
8.743669999999999618e+02, -8.660900000000000265e-01
8.743830000000000382e+02, -1.929720000000000046e-01
8.743999999999999773e+02, 9.045430000000000137e-02
8.744170000000000300e+02, -4.531970000000000165e-01
8.744329999999999927e+02, -5.875860000000000527e-01
8.744500000000000455e+02, -2.280840000000000090e-01
8.744669999999999845e+02, -3.189580000000000193e-01
8.744829999999999472e+02, -8.422389999999999599e-01
8.745000000000000000e+02, 2.246920000000000028e-01
8.745170000000000528e+02, 1.071720000000000006e+00
8.745330000000000155e+02, -5.964509999999999534e-01
8.745499999999999545e+02, 2.619480000000000072e-02
8.745670000000000073e+02, -6.134460000000000468e-01
8.745829999999999700e+02, 6.068259999999999765e-01
8.746000000000000227e+02, -8.408520000000000438e-01
8.746169999999999618e+02, 1.251579999999999915e-01
8.746330000000000382e+02, 5.276480000000000059e-01
8.746499999999999773e+02, 6.645729999999999693e-01
8.746670000000000300e+02, 7.890500000000000291e-01
8.746829999999999927e+02, -4.945530000000000204e-01
8.747000000000000455e+02, -2.690919999999999979e-01
8.747169999999999845e+02, -9.033390000000000031e-01
8.747329999999999472e+02, -5.978550000000000253e-01
8.747500000000000000e+02, -3.334289999999999754e-01
8.747670000000000528e+02, 1.975179999999999991e-01
8.747830000000000155e+02, -1.842999999999999972e+00
8.747999999999999545e+02, -1.546859999999999902e+00
8.748170000000000073e+02, -9.270920000000000272e-01
8.748329999999999700e+02, 7.685619999999999674e-01
8.748500000000000227e+02, 6.083730000000000526e-01
8.748669999999999618e+02, 1.649040000000000061e+00
8.748830000000000382e+02, 4.699749999999999761e-02
8.748999999999999773e+02, 1.040110000000000062e-01
8.749170000000000300e+02, 1.039420000000000011e+00
8.749329999999999927e+02, -3.312990000000000101e-01
8.749500000000000455e+02, -9.856890000000000096e-02
8.749669999999999845e+02, -1.461929999999999952e+00
8.749829999999999472e+02, -6.711920000000000108e-01
8.750000000000000000e+02, -1.739610000000000101e+00
8.750170000000000528e+02, -1.378630000000000022e+00
8.750330000000000155e+02, -7.975200000000000067e-01
8.750499999999999545e+02, 4.563369999999999926e-01
8.750670000000000073e+02, 6.677290000000000170e-01
8.750829999999999700e+02, -7.959810000000000496e-02
8.751000000000000227e+02, -6.136679999999999913e-01
8.751169999999999618e+02, 5.494160000000000155e-01
8.751330000000000382e+02, -6.686359999999999526e-02
8.751499999999999773e+02, 8.578630000000000422e-01
8.751670000000000300e+02, -1.503679999999999906e+00
8.751829999999999927e+02, -1.617010000000000058e+00
8.752000000000000455e+02, 2.029809999999999948e-01
8.752169999999999845e+02, -2.315899999999999903e-01
8.752329999999999472e+02, -3.741789999999999838e-01
8.752500000000000000e+02, -9.990740000000000176e-01
8.752670000000000528e+02, -1.952229999999999910e+00
8.752830000000000155e+02, -1.554570000000000118e-01
8.752999999999999545e+02, 7.525420000000000442e-01
8.753170000000000073e+02, 7.386660000000000448e-01
8.753329999999999700e+02, 8.749900000000000455e-01
8.753500000000000227e+02, 1.752940000000000054e-01
8.753669999999999618e+02, 6.348530000000000006e-01
8.753830000000000382e+02, -9.139220000000000121e-01
8.753999999999999773e+02, -1.875499999999999945e-01
8.754170000000000300e+02, -1.015959999999999974e+00
8.754329999999999927e+02, -3.924139999999999850e-01
8.754500000000000455e+02, 5.139730000000000132e-01
8.754669999999999845e+02, -8.222749999999999782e-01
8.754829999999999472e+02, 5.854380000000000139e-01
8.755000000000000000e+02, -4.625679999999999792e-01
8.755170000000000528e+02, -9.574850000000000305e-01
8.755330000000000155e+02, -1.462269999999999959e+00
8.755499999999999545e+02, -2.840599999999999792e-01
8.755670000000000073e+02, -6.751379999999999881e-02
8.755829999999999700e+02, 1.901879999999999959e-01
8.756000000000000227e+02, 7.811059999999999670e-01
8.756169999999999618e+02, 9.606209999999999471e-01
8.756330000000000382e+02, 1.413920000000000066e+00
8.756499999999999773e+02, 2.923819999999999752e-01
8.756670000000000300e+02, -1.144530000000000047e+00
8.756829999999999927e+02, -7.256299999999999972e-01
8.757000000000000455e+02, 2.990599999999999925e-01
8.757169999999999845e+02, -4.673209999999999864e-01
8.757329999999999472e+02, 2.898709999999999898e-01
8.757500000000000000e+02, 6.504659999999999886e-01
8.757670000000000528e+02, -8.267520000000000424e-02
8.757830000000000155e+02, 4.876639999999999864e-01
8.757999999999999545e+02, 4.592060000000000031e-01
8.758170000000000073e+02, 1.857509999999999994e+00
8.758329999999999700e+02, 2.454949999999999910e-01
8.758500000000000227e+02, -1.405690000000000106e+00
8.758669999999999618e+02, -1.023719999999999963e+00
8.758830000000000382e+02, -2.218110000000000079e-04
8.758999999999999773e+02, -1.353729999999999933e-01
8.759170000000000300e+02, 3.491679999999999784e-01
8.759329999999999927e+02, -1.476720000000000033e+00
8.759500000000000455e+02, -5.168420000000000236e-01
8.759669999999999845e+02, -1.914460000000000051e-01
8.759829999999999472e+02, 7.759520000000000306e-02
8.760000000000000000e+02, -1.116740000000000066e+00
8.760170000000000528e+02, -1.792000000000000037e+00
8.760330000000000155e+02, -1.005759999999999987e+00
8.760499999999999545e+02, 9.235709999999999753e-02
8.760670000000000073e+02, 6.942540000000000378e-01
8.760829999999999700e+02, 1.025460000000000038e+00
8.761000000000000227e+02, -4.166900000000000048e-01
8.761169999999999618e+02, -1.180490000000000039e+00
8.761330000000000382e+02, 7.514619999999999633e-02
8.761499999999999773e+02, 1.566790000000000127e-01
8.761670000000000300e+02, 7.633710000000000218e-01
8.761829999999999927e+02, 2.885639999999999872e-01
8.762000000000000455e+02, 1.309260000000000090e+00
8.762169999999999845e+02, 1.709579999999999989e-01
8.762329999999999472e+02, -3.763719999999999843e-01
8.762500000000000000e+02, -1.413680000000000048e+00
8.762670000000000528e+02, -1.259260000000000046e+00
8.762830000000000155e+02, -1.406539999999999901e+00
8.762999999999999545e+02, 6.143040000000000306e-02
8.763170000000000073e+02, 7.953700000000000214e-01
8.763329999999999700e+02, 4.417119999999999935e-01
8.763500000000000227e+02, 6.333940000000000403e-02
8.763669999999999618e+02, -5.385400000000000187e-01
8.763830000000000382e+02, -5.519209999999999949e-01
8.763999999999999773e+02, -4.855929999999999969e-01
8.764170000000000300e+02, 4.394009999999999860e-01
8.764329999999999927e+02, -1.073189999999999977e-01
8.764500000000000455e+02, -5.945120000000000404e-01
8.764669999999999845e+02, 5.760479999999999767e-02
8.764829999999999472e+02, -8.004419999999999868e-01
8.765000000000000000e+02, -9.583369999999999944e-01
8.765170000000000528e+02, -2.102779999999999927e-01
8.765330000000000155e+02, 1.054370000000000029e+00
8.765499999999999545e+02, 1.402439999999999909e+00
8.765670000000000073e+02, -1.733409999999999951e-01
8.765829999999999700e+02, -6.705630000000000202e-01
8.766000000000000227e+02, 2.567789999999999795e-01
8.766169999999999618e+02, -7.637539999999999607e-02
8.766330000000000382e+02, 1.692670000000000008e-01
8.766499999999999773e+02, 1.101550000000000029e+00
8.766670000000000300e+02, 7.615450000000000275e-01
8.766829999999999927e+02, -4.259760000000000213e-01
8.767000000000000455e+02, 1.307770000000000044e-01
8.767169999999999845e+02, 1.720260000000000122e-01
8.767329999999999472e+02, -8.196660000000000057e-01
8.767500000000000000e+02, -5.508129999999999971e-01
8.767670000000000528e+02, -8.188779999999999948e-01
8.767830000000000155e+02, -2.191089999999999982e-01
8.767999999999999545e+02, -3.353789999999999827e-01
8.768170000000000073e+02, 1.454840000000000022e-01
8.768329999999999700e+02, -6.334760000000000391e-01
8.768500000000000227e+02, 8.426979999999999471e-01
8.768669999999999618e+02, 1.235729999999999995e+00
8.768830000000000382e+02, 1.547439999999999927e+00
8.768999999999999773e+02, -2.111339999999999884e-01
8.769170000000000300e+02, -4.480459999999999998e-02
8.769329999999999927e+02, -5.802570000000000228e-01
8.769500000000000455e+02, -3.096229999999999816e-01
8.769669999999999845e+02, 6.069849999999999968e-01
8.769829999999999472e+02, 8.405019999999999714e-01
8.770000000000000000e+02, 7.401200000000000001e-01
8.770170000000000528e+02, -1.723290000000000100e-01
8.770330000000000155e+02, 1.107320000000000082e+00
8.770499999999999545e+02, 9.827019999999999644e-01
8.770670000000000073e+02, -5.211269999999999791e-02
8.770829999999999700e+02, 5.819539999999999713e-01
8.771000000000000227e+02, 8.060760000000000147e-02
8.771169999999999618e+02, -2.077360000000000095e+00
8.771330000000000382e+02, -9.566170000000000506e-01
8.771499999999999773e+02, -7.514110000000000511e-01
8.771670000000000300e+02, -3.948550000000000115e-01
8.771829999999999927e+02, 6.322690000000000254e-02
8.772000000000000455e+02, 5.830530000000000435e-01
8.772169999999999845e+02, -1.185499999999999998e+00
8.772329999999999472e+02, -1.655259999999999954e+00
8.772500000000000000e+02, 1.098599999999999993e-01
8.772670000000000528e+02, 4.154990000000000072e-01
8.772830000000000155e+02, 1.176579999999999959e+00
8.772999999999999545e+02, 4.815590000000000148e-02
8.773170000000000073e+02, -4.458329999999999793e-01
8.773329999999999700e+02, -1.272199999999999998e+00
8.773500000000000227e+02, -2.044150000000000134e+00
8.773669999999999618e+02, -1.626500000000000057e+00
8.773830000000000382e+02, 1.470050000000000079e+00
8.773999999999999773e+02, 8.702720000000000455e-01
8.774170000000000300e+02, 1.373879999999999990e+00
8.774329999999999927e+02, 1.695570000000000133e-01
8.774500000000000455e+02, -4.396920000000000273e-01
8.774669999999999845e+02, -8.569579999999999975e-01
8.774829999999999472e+02, -2.482009999999999827e+00
8.775000000000000000e+02, -2.505580000000000140e+00
8.775170000000000528e+02, -1.143170000000000019e-01
8.775330000000000155e+02, 6.587950000000000195e-01
8.775499999999999545e+02, 1.165290000000000076e-02
8.775670000000000073e+02, 1.299800000000000066e+00
8.775829999999999700e+02, -5.397960000000000536e-01
8.776000000000000227e+02, 8.647639999999999771e-01
8.776169999999999618e+02, -1.268389999999999906e+00
8.776330000000000382e+02, 8.651929999999999898e-01
8.776499999999999773e+02, 6.123510000000000064e-02
8.776670000000000300e+02, 2.468700000000000117e+00
8.776829999999999927e+02, 4.738300000000000151e-02
8.777000000000000455e+02, -3.866749999999999909e-01
8.777169999999999845e+02, -6.267899999999999583e-01
8.777329999999999472e+02, 7.994909999999999517e-01
8.777500000000000000e+02, -2.347140000000000060e-01
8.777670000000000528e+02, 2.674340000000000050e-01
8.777830000000000155e+02, -8.376150000000000262e-02
8.777999999999999545e+02, -1.056240000000000068e+00
8.778170000000000073e+02, -1.573890000000000011e+00
8.778329999999999700e+02, 6.906299999999999661e-01
8.778500000000000227e+02, 3.715620000000000034e-01
8.778669999999999618e+02, 2.474139999999999950e-01
8.778830000000000382e+02, 7.028370000000000450e-01
8.778999999999999773e+02, -2.019029999999999991e-01
8.779170000000000300e+02, -1.682440000000000047e-01
8.779329999999999927e+02, -1.687760000000000093e-01
8.779500000000000455e+02, -8.519889999999999963e-01
8.779669999999999845e+02, 5.519730000000000469e-01
8.779829999999999472e+02, -6.463700000000000001e-01
8.780000000000000000e+02, 2.472320000000000073e-01
8.780170000000000528e+02, -5.272689999999999877e-01
8.780330000000000155e+02, 6.034869999999999957e-01
8.780499999999999545e+02, -3.024129999999999874e-01
8.780670000000000073e+02, 4.227979999999999933e-02
8.780829999999999700e+02, 2.203340000000000021e-01
8.781000000000000227e+02, -1.184819999999999984e+00
8.781169999999999618e+02, 2.043649999999999911e-01
8.781330000000000382e+02, 4.470530000000000337e-02
8.781499999999999773e+02, -1.079480000000000023e-01
8.781670000000000300e+02, -5.951859999999999928e-01
8.781829999999999927e+02, -2.679259999999999975e-01
8.782000000000000455e+02, -1.577050000000000118e-01
8.782169999999999845e+02, -1.562740000000000018e+00
8.782329999999999472e+02, 5.380810000000000315e-01
8.782500000000000000e+02, 1.410440000000000027e-01
8.782670000000000528e+02, 6.361139999999999572e-01
8.782830000000000155e+02, -8.628900000000000459e-02
8.782999999999999545e+02, -1.235289999999999999e+00
8.783170000000000073e+02, -1.099399999999999933e+00
8.783329999999999700e+02, 3.301600000000000090e-01
8.783500000000000227e+02, 3.241559999999999997e-01
8.783669999999999618e+02, -2.806589999999999918e-01
8.783830000000000382e+02, 1.062610000000000054e+00
8.783999999999999773e+02, -5.934700000000000530e-01
8.784170000000000300e+02, 7.093610000000000193e-03
8.784329999999999927e+02, 1.632740000000000025e-01
8.784500000000000455e+02, 1.108919999999999906e+00
8.784669999999999845e+02, 8.161000000000000476e-01
8.784829999999999472e+02, 3.211200000000000165e-01
8.785000000000000000e+02, 9.462399999999999978e-02
8.785170000000000528e+02, -6.828419999999999490e-01
8.785330000000000155e+02, -2.270470000000000127e-03
8.785499999999999545e+02, 4.318730000000000069e-01
8.785670000000000073e+02, 1.155410000000000048e+00
8.785829999999999700e+02, 7.982569999999999943e-01
8.786000000000000227e+02, -1.516899999999999915e+00
8.786169999999999618e+02, -1.044289999999999941e+00
8.786330000000000382e+02, -1.357380000000000031e+00
8.786499999999999773e+02, -4.588180000000000036e-01
8.786670000000000300e+02, 3.581599999999999784e-01
8.786829999999999927e+02, 1.317970000000000086e+00
8.787000000000000455e+02, 1.298720000000000097e+00
8.787169999999999845e+02, -2.406919999999999893e-01
8.787329999999999472e+02, 5.611420000000000297e-01
8.787500000000000000e+02, 1.250539999999999985e+00
8.787670000000000528e+02, 1.460439999999999960e+00
8.787830000000000155e+02, 7.487310000000000354e-01
8.787999999999999545e+02, -7.561109999999999776e-01
8.788170000000000073e+02, -9.917500000000000204e-01
8.788329999999999700e+02, -1.149920000000000053e+00
8.788500000000000227e+02, 6.051039999999999752e-01
8.788669999999999618e+02, 4.020070000000000032e-01
8.788830000000000382e+02, 1.784119999999999873e-01
8.788999999999999773e+02, -1.217099999999999987e-01
8.789170000000000300e+02, -2.110730000000000217e+00
8.789329999999999927e+02, -1.033020000000000049e+00
8.789500000000000455e+02, -1.215139999999999970e-01
8.789669999999999845e+02, 2.077420000000000100e-01
8.789829999999999472e+02, 5.071099999999999497e-01
8.790000000000000000e+02, 1.350719999999999921e+00
8.790170000000000528e+02, 8.314230000000000231e-02
8.790330000000000155e+02, -4.886759999999999993e-01
8.790499999999999545e+02, -6.892859999999999543e-01
8.790670000000000073e+02, -1.092120000000000035e-01
8.790829999999999700e+02, 4.160110000000000197e-01
8.791000000000000227e+02, -5.559680000000000177e-02
8.791169999999999618e+02, 7.912109999999999976e-01
8.791330000000000382e+02, -3.579010000000000247e-01
8.791499999999999773e+02, -8.753539999999999655e-01
8.791670000000000300e+02, 6.469420000000000170e-01
8.791829999999999927e+02, -4.400899999999999812e-01
8.792000000000000455e+02, 3.843590000000000062e-01
8.792169999999999845e+02, -3.436629999999999963e-01
8.792329999999999472e+02, 4.686830000000000163e-01
8.792500000000000000e+02, -7.322990000000000332e-01
8.792670000000000528e+02, -7.646519999999999984e-01
8.792830000000000155e+02, -1.516029999999999989e+00
8.792999999999999545e+02, -9.018270000000000453e-01
8.793170000000000073e+02, -7.225409999999999888e-01
8.793329999999999700e+02, -6.637350000000000194e-02
8.793500000000000227e+02, 2.989609999999999768e-01
8.793669999999999618e+02, 4.213580000000000103e-01
8.793830000000000382e+02, -1.146749999999999936e+00
8.793999999999999773e+02, 9.486269999999999980e-01
8.794170000000000300e+02, -6.215169999999999861e-01
8.794329999999999927e+02, -2.237879999999999869e-01
8.794500000000000455e+02, 1.040200000000000014e+00
8.794669999999999845e+02, -1.332170000000000076e+00
8.794829999999999472e+02, -4.957139999999999880e-01
8.795000000000000000e+02, -1.380859999999999865e-01
8.795170000000000528e+02, -7.041600000000000081e-01
8.795330000000000155e+02, 8.184329999999999661e-01
8.795499999999999545e+02, -1.752579999999999971e-01
8.795670000000000073e+02, -1.513380000000000003e-01
8.795829999999999700e+02, 7.716699999999999671e-01
8.796000000000000227e+02, -1.092799999999999994e+00
8.796169999999999618e+02, 2.400480000000000114e-01
8.796330000000000382e+02, -1.233009999999999939e+00
8.796499999999999773e+02, -8.433469999999999578e-01
8.796670000000000300e+02, 1.047860000000000014e+00
8.796829999999999927e+02, -5.176129999999999898e-01
8.797000000000000455e+02, -4.427710000000000257e-01
8.797169999999999845e+02, -5.325180000000000191e-02
8.797329999999999472e+02, -2.527610000000000134e-01
8.797500000000000000e+02, 4.121670000000000056e-01
8.797670000000000528e+02, -4.250289999999999901e-01
8.797830000000000155e+02, -3.494149999999999756e-01
8.797999999999999545e+02, -1.595930000000000071e+00
8.798170000000000073e+02, -6.392809999999999881e-01
8.798329999999999700e+02, -3.821649999999999769e-01
8.798500000000000227e+02, -7.186029999999999918e-01
8.798669999999999618e+02, 8.620320000000000205e-01
8.798830000000000382e+02, 4.110909999999999738e-03
8.798999999999999773e+02, 8.671120000000000216e-02
8.799170000000000300e+02, -1.226490000000000080e+00
8.799329999999999927e+02, 3.091289999999999871e-01
8.799500000000000455e+02, -1.909700000000000009e-01
8.799669999999999845e+02, 3.142309999999999826e-01
8.799829999999999472e+02, 3.032150000000000123e-01
8.800000000000000000e+02, -1.851750000000000063e-01
8.800170000000000528e+02, 1.398530000000000051e+00
8.800330000000000155e+02, 6.938290000000000290e-01
8.800499999999999545e+02, 3.036739999999999995e-01
8.800670000000000073e+02, 2.882199999999999762e-01
8.800829999999999700e+02, -3.662150000000000127e-01
8.801000000000000227e+02, 9.735560000000000047e-02
8.801169999999999618e+02, 8.210979999999999945e-01
8.801330000000000382e+02, 4.180889999999999884e-01
8.801499999999999773e+02, 1.608770000000000033e+00
8.801670000000000300e+02, 8.855229999999999491e-01
8.801829999999999927e+02, 3.854020000000000223e-01
8.802000000000000455e+02, -2.470769999999999911e-02
8.802169999999999845e+02, -4.499779999999999891e-01
8.802329999999999472e+02, 2.728309999999999902e-01
8.802500000000000000e+02, -8.854279999999999928e-01
8.802670000000000528e+02, -7.020119999999999694e-01
8.802830000000000155e+02, -1.317649999999999988e+00
8.802999999999999545e+02, 2.842839999999999812e-01
8.803170000000000073e+02, 5.674240000000000395e-01
8.803329999999999700e+02, 1.627469999999999972e+00
8.803500000000000227e+02, 6.013650000000000384e-01
8.803669999999999618e+02, -1.158190000000000053e-01
8.803830000000000382e+02, -5.870809999999999640e-01
8.803999999999999773e+02, 2.021479999999999944e-01
8.804170000000000300e+02, 2.061959999999999904e-01
8.804329999999999927e+02, 1.462110000000000021e+00
8.804500000000000455e+02, 4.082219999999999738e-01
8.804669999999999845e+02, 4.251119999999999899e-01
8.804829999999999472e+02, -9.688390000000000057e-01
8.805000000000000000e+02, -1.691629999999999967e+00
8.805170000000000528e+02, -2.197909999999999864e-01
8.805330000000000155e+02, 4.029829999999999801e-01
8.805499999999999545e+02, -3.445210000000000217e-01
8.805670000000000073e+02, 1.788769999999999971e+00
8.805829999999999700e+02, 8.703610000000000513e-01
8.806000000000000227e+02, -5.637650000000000126e-03
8.806169999999999618e+02, -1.988680000000000003e+00
8.806330000000000382e+02, -8.817129999999999690e-01
8.806499999999999773e+02, -8.114980000000000526e-01
8.806670000000000300e+02, 1.831379999999999952e-01
8.806829999999999927e+02, 8.342079999999999496e-01
8.807000000000000455e+02, -3.730950000000000238e-02
8.807169999999999845e+02, -2.742160000000000084e-02
8.807329999999999472e+02, 3.340420000000000195e-03
8.807500000000000000e+02, -2.940229999999999788e-01
8.807670000000000528e+02, 8.925889999999999658e-01
8.807830000000000155e+02, 3.640290000000000192e-02
8.807999999999999545e+02, -4.603650000000000242e-01
8.808170000000000073e+02, -1.832330000000000070e-01
8.808329999999999700e+02, -1.754199999999999926e-01
8.808500000000000227e+02, -3.963129999999999604e-03
8.808669999999999618e+02, 7.555720000000000214e-01
8.808830000000000382e+02, 1.682539999999999925e+00
8.808999999999999773e+02, 2.442920000000000091e-01
8.809170000000000300e+02, -1.393809999999999993e+00
8.809329999999999927e+02, 1.442409999999999970e+00
8.809500000000000455e+02, 6.649869999999999948e-01
8.809669999999999845e+02, 5.499270000000000547e-01
8.809829999999999472e+02, 7.755549999999999944e-01
8.810000000000000000e+02, 1.717220000000000135e-01
8.810170000000000528e+02, 1.618910000000000071e-01
8.810330000000000155e+02, -5.565160000000000107e-01
8.810499999999999545e+02, -5.702669999999999684e-01
8.810670000000000073e+02, -3.634720000000000173e-01
8.810829999999999700e+02, -8.595410000000000550e-02
8.811000000000000227e+02, -3.363349999999999951e-01
8.811169999999999618e+02, 1.095220000000000082e+00
8.811330000000000382e+02, 3.151200000000000112e-01
8.811499999999999773e+02, 1.640300000000000091e+00
8.811670000000000300e+02, 1.471850000000000103e+00
8.811829999999999927e+02, -3.985569999999999946e-01
8.812000000000000455e+02, 1.720200000000000062e-01
8.812169999999999845e+02, -9.220829999999999860e-01
8.812329999999999472e+02, -4.750519999999999743e-01
8.812500000000000000e+02, -1.205370000000000053e+00
8.812670000000000528e+02, -9.547400000000000331e-01
8.812830000000000155e+02, 3.728179999999999827e-01
8.812999999999999545e+02, -2.636549999999999727e-01
8.813170000000000073e+02, -5.272630000000000372e-01
8.813329999999999700e+02, -7.295169999999999710e-01
8.813500000000000227e+02, 4.352190000000000225e-01
8.813669999999999618e+02, 1.324759999999999938e+00
8.813830000000000382e+02, 1.524639999999999884e-01
8.813999999999999773e+02, 1.486709999999999976e+00
8.814170000000000300e+02, 5.462150000000000338e-02
8.814329999999999927e+02, -5.528059999999999918e-02
8.814500000000000455e+02, -4.904769999999999963e-01
8.814669999999999845e+02, -1.830740000000000034e+00
8.814829999999999472e+02, -1.408619999999999872e-01
8.815000000000000000e+02, 9.914230000000000542e-01
8.815170000000000528e+02, -3.170060000000000100e-01
8.815330000000000155e+02, -1.011090000000000044e+00
8.815499999999999545e+02, -7.123899999999999677e-01
8.815670000000000073e+02, -1.145000000000000018e+00
8.815829999999999700e+02, -1.577310000000000101e-01
8.816000000000000227e+02, 1.748460000000000014e-01
8.816169999999999618e+02, -2.137519999999999976e-01
8.816330000000000382e+02, -6.564100000000000490e-01
8.816499999999999773e+02, -9.001590000000000424e-01
8.816670000000000300e+02, -7.826419999999999488e-01
8.816829999999999927e+02, 2.722269999999999898e-02
8.817000000000000455e+02, 1.176549999999999985e+00
8.817169999999999845e+02, -2.710600000000000231e-01
8.817329999999999472e+02, -6.719979999999999842e-01
8.817500000000000000e+02, -1.012289999999999912e+00
8.817670000000000528e+02, -4.559590000000000032e-01
8.817830000000000155e+02, 8.368490000000000650e-02
8.817999999999999545e+02, 5.322679999999999634e-01
8.818170000000000073e+02, -9.186060000000000336e-01
8.818329999999999700e+02, -5.511470000000000258e-02
8.818500000000000227e+02, 9.138169999999999904e-01
8.818669999999999618e+02, 7.883069999999999800e-01
8.818830000000000382e+02, 8.149690000000000545e-01
8.818999999999999773e+02, -3.062289999999999734e-01
8.819170000000000300e+02, 2.265359999999999874e-01
8.819329999999999927e+02, -1.014020000000000025e-02
8.819500000000000455e+02, 6.593329999999999469e-01
8.819669999999999845e+02, 2.572289999999999854e-01
8.819829999999999472e+02, 1.214190000000000103e+00
8.820000000000000000e+02, -1.195969999999999978e+00
8.820170000000000528e+02, -1.133280000000000065e+00
8.820330000000000155e+02, -8.786789999999999878e-01
8.820499999999999545e+02, -1.438599999999999879e-01
8.820670000000000073e+02, 1.418649999999999967e+00
8.820829999999999700e+02, -1.580899999999999972e+00
8.821000000000000227e+02, -1.801010000000000000e+00
8.821169999999999618e+02, -3.021300000000000097e-01
8.821330000000000382e+02, -7.541029999999999955e-02
8.821499999999999773e+02, 5.202609999999999735e-01
8.821670000000000300e+02, 3.892419999999999908e-02
8.821829999999999927e+02, 3.469610000000000194e-01
8.822000000000000455e+02, 1.389540000000000046e-02
8.822169999999999845e+02, -3.982169999999999876e-01
8.822329999999999472e+02, -6.959079999999999711e-01
8.822500000000000000e+02, -1.694269999999999943e+00
8.822670000000000528e+02, -1.629890000000000061e+00
8.822830000000000155e+02, -1.407420000000000060e-01
8.822999999999999545e+02, -8.483309999999999462e-01
8.823170000000000073e+02, 7.540919999999999845e-01
8.823329999999999700e+02, 7.782860000000000333e-01
8.823500000000000227e+02, 1.094950000000000090e+00
8.823669999999999618e+02, 1.199379999999999891e+00
8.823830000000000382e+02, -1.598859999999999948e+00
8.823999999999999773e+02, -1.092870000000000008e+00
8.824170000000000300e+02, -5.906479999999999508e-01
8.824329999999999927e+02, -2.954359999999999972e-02
8.824500000000000455e+02, -7.784079999999999888e-01
8.824669999999999845e+02, -3.300390000000000268e-01
8.824829999999999472e+02, -6.742829999999999657e-01
8.825000000000000000e+02, -1.060159999999999991e+00
8.825170000000000528e+02, 4.570500000000000118e-01
8.825330000000000155e+02, 3.679350000000000120e-01
8.825499999999999545e+02, 6.505440000000000111e-01
8.825670000000000073e+02, 6.810279999999999667e-01
8.825829999999999700e+02, 1.752070000000000016e-01
8.826000000000000227e+02, 4.279819999999999736e-01
8.826169999999999618e+02, -3.106070000000000220e-01
8.826330000000000382e+02, 5.928090000000000304e-01
8.826499999999999773e+02, 4.122020000000000128e-01
8.826670000000000300e+02, 5.969090000000000229e-01
8.826829999999999927e+02, 1.855900000000000050e-01
8.827000000000000455e+02, -9.573460000000000303e-01
8.827169999999999845e+02, 1.143829999999999986e-01
8.827329999999999472e+02, 7.434330000000000105e-01
8.827500000000000000e+02, 1.095010000000000039e+00
8.827670000000000528e+02, 3.653000000000000136e-01
8.827830000000000155e+02, -1.322899999999999965e+00
8.827999999999999545e+02, -3.832900000000000196e-01
8.828170000000000073e+02, -7.397970000000000379e-01
8.828329999999999700e+02, -1.582869999999999999e+00
8.828500000000000227e+02, -1.463000000000000078e+00
8.828669999999999618e+02, -3.484059999999999935e-01
8.828830000000000382e+02, -5.599439999999999973e-01
8.828999999999999773e+02, -5.340570000000000039e-01
8.829170000000000300e+02, 1.973979999999999901e-01
8.829329999999999927e+02, 1.998990000000000045e+00
8.829500000000000455e+02, 1.017649999999999944e+00
8.829669999999999845e+02, -9.657419999999999893e-01
8.829829999999999472e+02, 6.003760000000000208e-01
8.830000000000000000e+02, -1.542210000000000081e+00
8.830170000000000528e+02, -2.056309999999999860e+00
8.830330000000000155e+02, 1.743480000000000030e-01
8.830499999999999545e+02, -1.177510000000000057e+00
8.830670000000000073e+02, 4.256079999999999863e-01
8.830829999999999700e+02, 8.098070000000000546e-01
8.831000000000000227e+02, 1.491500000000000048e-01
8.831169999999999618e+02, 5.542329999999999757e-01
8.831330000000000382e+02, -2.355520000000000114e-01
8.831499999999999773e+02, -7.806119999999999726e-01
8.831670000000000300e+02, -3.765459999999999918e-01
8.831829999999999927e+02, -1.327250000000000041e+00
8.832000000000000455e+02, -1.450320000000000054e+00
8.832169999999999845e+02, -7.653659999999999908e-01
8.832329999999999472e+02, -6.020980000000000221e-01
8.832500000000000000e+02, -1.905189999999999939e+00
8.832670000000000528e+02, 2.183679999999999843e+00
8.832830000000000155e+02, 4.338340000000000252e-02
8.832999999999999545e+02, -6.409820000000000517e-01
8.833170000000000073e+02, -1.463959999999999928e+00
8.833329999999999700e+02, -1.332629999999999926e-01
8.833500000000000227e+02, 9.432690000000000519e-02
8.833669999999999618e+02, 4.334620000000000140e-01
8.833830000000000382e+02, -8.807840000000000114e-01
8.833999999999999773e+02, 2.409399999999999875e-01
8.834170000000000300e+02, 1.494140000000000024e+00
8.834329999999999927e+02, 7.456570000000000142e-01
8.834500000000000455e+02, -3.953160000000000007e-01
8.834669999999999845e+02, 5.142849999999999921e-01
8.834829999999999472e+02, 4.079309999999999881e-01
8.835000000000000000e+02, -1.191219999999999946e+00
8.835170000000000528e+02, -1.677179999999999893e+00
8.835330000000000155e+02, -4.044260000000000077e-01
8.835499999999999545e+02, 6.797279999999999989e-01
8.835670000000000073e+02, -6.550439999999999596e-01
8.835829999999999700e+02, 5.386699999999999822e-01
8.836000000000000227e+02, 3.633299999999999863e-01
8.836169999999999618e+02, -6.227240000000000553e-01
8.836330000000000382e+02, -3.941689999999999916e-01
8.836499999999999773e+02, 8.024440000000000461e-01
8.836670000000000300e+02, -1.121459999999999992e-02
8.836829999999999927e+02, -1.858499999999999874e-01
8.837000000000000455e+02, 2.028679999999999928e-01
8.837169999999999845e+02, -5.493719999999999715e-01
8.837329999999999472e+02, -7.285079999999999334e-02
8.837500000000000000e+02, 1.133879999999999999e+00
8.837670000000000528e+02, 1.345619999999999872e-01
8.837830000000000155e+02, -1.126190000000000024e+00
8.837999999999999545e+02, -6.555309999999999748e-01
8.838170000000000073e+02, 5.523879999999999901e-01
8.838329999999999700e+02, 4.949740000000000251e-01
8.838500000000000227e+02, 8.366170000000000551e-02
8.838669999999999618e+02, 9.653000000000000469e-01
8.838830000000000382e+02, -5.040369999999999573e-01
8.838999999999999773e+02, 3.861939999999999817e-01
8.839170000000000300e+02, -1.550729999999999942e+00
8.839329999999999927e+02, -9.006110000000000504e-01
8.839500000000000455e+02, -2.487950000000000057e-03
8.839669999999999845e+02, -4.412070000000000158e-01
8.839829999999999472e+02, -6.751759999999999984e-01
8.840000000000000000e+02, 5.237990000000000146e-01
8.840170000000000528e+02, 9.675869999999999749e-01
8.840330000000000155e+02, 1.023749999999999938e-01
8.840499999999999545e+02, -7.402240000000000208e-02
8.840670000000000073e+02, 1.059260000000000063e-01
8.840829999999999700e+02, -1.411319999999999908e+00
8.841000000000000227e+02, -1.395259999999999945e+00
8.841169999999999618e+02, -2.743210000000000093e-02
8.841330000000000382e+02, 6.311569999999999681e-01
8.841499999999999773e+02, -4.919569999999999776e-01
8.841670000000000300e+02, -5.885860000000000536e-01
8.841829999999999927e+02, 5.642479999999999718e-02
8.842000000000000455e+02, -3.032039999999999735e-01
8.842169999999999845e+02, 1.175389999999999935e+00
8.842329999999999472e+02, 3.994050000000000100e-01
8.842500000000000000e+02, -2.147229999999999972e-01
8.842670000000000528e+02, -1.041430000000000078e+00
8.842830000000000155e+02, -4.808749999999999830e-02
8.842999999999999545e+02, -7.196409999999999751e-01
8.843170000000000073e+02, 2.810549999999999993e-01
8.843329999999999700e+02, 1.122290000000000010e+00
8.843500000000000227e+02, 1.212059999999999915e+00
8.843669999999999618e+02, 4.793919999999999848e-01
8.843830000000000382e+02, 1.464430000000000072e-02
8.843999999999999773e+02, -6.678370000000000140e-01
8.844170000000000300e+02, -1.872219999999999995e+00
8.844329999999999927e+02, -8.128659999999999775e-01
8.844500000000000455e+02, 9.950799999999999645e-01
8.844669999999999845e+02, 3.416699999999999737e-01
8.844829999999999472e+02, 1.003710000000000102e+00
8.845000000000000000e+02, 1.339040000000000008e+00
8.845170000000000528e+02, 7.828220000000000178e-01
8.845330000000000155e+02, -5.603949999999999765e-01
8.845499999999999545e+02, -5.874369999999999870e-01
8.845670000000000073e+02, -7.684750000000000192e-01
8.845829999999999700e+02, -8.082019999999999760e-01
8.846000000000000227e+02, -2.941500000000000226e-01
8.846169999999999618e+02, 1.086850000000000094e+00
8.846330000000000382e+02, 6.727260000000000462e-01
8.846499999999999773e+02, -3.153449999999999864e-01
8.846670000000000300e+02, -3.931569999999999787e-01
8.846829999999999927e+02, -1.227710000000000079e+00
8.847000000000000455e+02, 2.767669999999999852e-01
8.847169999999999845e+02, -1.173859999999999904e+00
8.847329999999999472e+02, -3.580349999999999921e-01
8.847500000000000000e+02, 1.815219999999999889e-01
8.847670000000000528e+02, 6.255969999999999587e-02
8.847830000000000155e+02, 1.140830000000000011e+00
8.847999999999999545e+02, 3.409940000000000193e-01
8.848170000000000073e+02, 4.735730000000000217e-01
8.848329999999999700e+02, 5.492470000000000407e-01
8.848500000000000227e+02, 8.464580000000000437e-01
8.848669999999999618e+02, 1.520219999999999905e+00
8.848830000000000382e+02, 9.018990000000000062e-01
8.848999999999999773e+02, 1.352649999999999963e-01
8.849170000000000300e+02, -1.271020000000000039e+00
8.849329999999999927e+02, -1.540810000000000013e+00
8.849500000000000455e+02, 6.930910000000000126e-01
8.849669999999999845e+02, 5.938480000000000425e-01
8.849829999999999472e+02, 1.250240000000000018e+00
8.850000000000000000e+02, -3.762170000000000097e-02
8.850170000000000528e+02, -5.056549999999999656e-01
8.850330000000000155e+02, 6.799950000000000161e-01
8.850499999999999545e+02, -2.798200000000000132e-01
8.850670000000000073e+02, 4.142830000000000124e-01
8.850829999999999700e+02, 2.169929999999999914e-01
8.851000000000000227e+02, 1.465580000000000105e+00
8.851169999999999618e+02, 4.933440000000000047e-01
8.851330000000000382e+02, 3.355739999999999834e-01
8.851499999999999773e+02, -1.320680000000000076e+00
8.851670000000000300e+02, -6.398869999999999836e-01
8.851829999999999927e+02, -1.346899999999999986e+00
8.852000000000000455e+02, -7.643330000000000402e-01
8.852169999999999845e+02, -6.430860000000000465e-01
8.852329999999999472e+02, -7.850639999999999841e-01
8.852500000000000000e+02, 1.499200000000000088e+00
8.852670000000000528e+02, 1.189820000000000100e+00
8.852830000000000155e+02, 1.237430000000000030e+00
8.852999999999999545e+02, 9.891389999999999905e-01
8.853170000000000073e+02, 6.337660000000000515e-01
8.853329999999999700e+02, -1.344139999999999890e+00
8.853500000000000227e+02, 6.062290000000000179e-01
8.853669999999999618e+02, -1.119280000000000053e+00
8.853830000000000382e+02, 9.936169999999999725e-01
8.853999999999999773e+02, -2.030659999999999965e-01
8.854170000000000300e+02, 6.591470000000000384e-01
8.854329999999999927e+02, -3.362490000000000201e-01
8.854500000000000455e+02, 7.859490000000000087e-01
8.854669999999999845e+02, 2.252280000000000115e-01
8.854829999999999472e+02, -2.907100000000000239e-01
8.855000000000000000e+02, -3.729649999999999910e-01
8.855170000000000528e+02, 5.175870000000000193e-01
8.855330000000000155e+02, -7.955870000000000442e-01
8.855499999999999545e+02, 1.086519999999999986e-01
8.855670000000000073e+02, -1.794090000000000129e-01
8.855829999999999700e+02, -8.549050000000000260e-01
8.856000000000000227e+02, -1.283290000000000042e+00
8.856169999999999618e+02, -4.797669999999999713e-02
8.856330000000000382e+02, 9.151409999999999823e-01
8.856499999999999773e+02, -5.614310000000000134e-01
8.856670000000000300e+02, -8.094540000000000068e-01
8.856829999999999927e+02, 3.863219999999999987e-01
8.857000000000000455e+02, -1.589209999999999928e-02
8.857169999999999845e+02, -4.896179999999999977e-01
8.857329999999999472e+02, 8.307630000000000292e-01
8.857500000000000000e+02, 6.402470000000000105e-01
8.857670000000000528e+02, -3.459940000000000238e-01
8.857830000000000155e+02, 6.736980000000000190e-01
8.857999999999999545e+02, 6.741470000000000518e-01
8.858170000000000073e+02, 5.135269999999999557e-01
8.858329999999999700e+02, 6.189630000000000409e-01
8.858500000000000227e+02, -1.371240000000000014e+00
8.858669999999999618e+02, 3.557500000000000107e-01
8.858830000000000382e+02, 3.907360000000000277e-01
8.858999999999999773e+02, 4.529750000000000165e-01
8.859170000000000300e+02, 1.114549999999999930e+00
8.859329999999999927e+02, 3.325380000000000003e-01
8.859500000000000455e+02, -1.717720000000000080e-01
8.859669999999999845e+02, -6.017860000000000431e-01
8.859829999999999472e+02, 6.236660000000000120e-02
8.860000000000000000e+02, 3.185290000000000066e-01
8.860170000000000528e+02, -1.781459999999999988e-01
8.860330000000000155e+02, -3.756689999999999752e-01
8.860499999999999545e+02, -2.935380000000000211e-01
8.860670000000000073e+02, -1.043350000000000000e+00
8.860829999999999700e+02, -3.112380000000000146e-01
8.861000000000000227e+02, 1.095679999999999987e+00
8.861169999999999618e+02, -2.496040000000000064e-02
8.861330000000000382e+02, -1.049530000000000046e-01
8.861499999999999773e+02, 1.322820000000000107e-01
8.861670000000000300e+02, -1.356729999999999992e+00
8.861829999999999927e+02, -6.131199999999999983e-01
8.862000000000000455e+02, 1.178720000000000045e-01
8.862169999999999845e+02, -2.785009999999999986e-01
8.862329999999999472e+02, 9.577449999999999575e-01
8.862500000000000000e+02, -6.139400000000000412e-01
8.862670000000000528e+02, -3.776039999999999952e-01
8.862830000000000155e+02, 1.221319999999999961e+00
8.862999999999999545e+02, 5.298770000000000424e-01
8.863170000000000073e+02, 6.203269999999999618e-01
8.863329999999999700e+02, -1.784040000000000070e+00
8.863500000000000227e+02, -1.920460000000000056e+00
8.863669999999999618e+02, -8.965299999999999658e-02
8.863830000000000382e+02, 7.567239999999999522e-01
8.863999999999999773e+02, 6.120339999999999669e-01
8.864170000000000300e+02, -1.172839999999999994e-01
8.864329999999999927e+02, -7.467909999999999826e-01
8.864500000000000455e+02, 9.467490000000000627e-02
8.864669999999999845e+02, -6.913460000000000161e-01
8.864829999999999472e+02, -1.661820000000000075e+00
8.865000000000000000e+02, 1.949079999999999979e-01
8.865170000000000528e+02, 6.670679999999999943e-01
8.865330000000000155e+02, 6.171689999999999642e-03
8.865499999999999545e+02, -1.031060000000000032e-01
8.865670000000000073e+02, 4.080309999999999770e-01
8.865829999999999700e+02, 3.314549999999999996e-01
8.866000000000000227e+02, 1.055940000000000101e+00
8.866169999999999618e+02, -3.864699999999999802e-01
8.866330000000000382e+02, -3.256609999999999783e-01
8.866499999999999773e+02, 1.393949999999999911e-01
8.866670000000000300e+02, -1.437440000000000107e-01
8.866829999999999927e+02, 5.302470000000000239e-01
8.867000000000000455e+02, -1.124390000000000001e+00
8.867169999999999845e+02, -1.393140000000000045e+00
8.867329999999999472e+02, -2.362579999999999958e-01
8.867500000000000000e+02, 4.470370000000000177e-01
8.867670000000000528e+02, -4.198470000000000257e-01
8.867830000000000155e+02, 6.393119999999999914e-01
8.867999999999999545e+02, 1.076319999999999943e+00
8.868170000000000073e+02, -2.122130000000000127e-01
8.868329999999999700e+02, -9.629459999999999409e-03
8.868500000000000227e+02, 3.809969999999999746e-01
8.868669999999999618e+02, 2.935490000000000044e-01
8.868830000000000382e+02, 1.750529999999999864e-01
8.868999999999999773e+02, -1.339210000000000012e+00
8.869170000000000300e+02, -4.638280000000000181e-01
8.869329999999999927e+02, 2.623269999999999769e-01
8.869500000000000455e+02, 1.290200000000000014e+00
8.869669999999999845e+02, -1.214760000000000006e-01
8.869829999999999472e+02, -1.239620000000000027e-01
8.870000000000000000e+02, -6.012250000000000094e-01
8.870170000000000528e+02, -5.021750000000000380e-01
8.870330000000000155e+02, 4.237849999999999603e-03
8.870499999999999545e+02, 7.505620000000000347e-02
8.870670000000000073e+02, 1.257190000000000030e+00
8.870829999999999700e+02, 1.250639999999999974e+00
8.871000000000000227e+02, 6.218540000000000179e-02
8.871169999999999618e+02, -7.823480000000000434e-01
8.871330000000000382e+02, -1.073830000000000062e+00
8.871499999999999773e+02, -1.042710000000000026e+00
8.871670000000000300e+02, -1.144269999999999898e+00
8.871829999999999927e+02, 3.877399999999999736e-01
8.872000000000000455e+02, -2.140340000000000020e-01
8.872169999999999845e+02, -1.237970000000000043e-01
8.872329999999999472e+02, 2.595439999999999969e-01
8.872500000000000000e+02, -6.286549999999999638e-01
8.872670000000000528e+02, -3.847659999999999969e-01
8.872830000000000155e+02, -1.374770000000000048e+00
8.872999999999999545e+02, 1.055909999999999904e+00
8.873170000000000073e+02, -2.342690000000000050e-01
8.873329999999999700e+02, 1.799679999999999946e+00
8.873500000000000227e+02, 1.688970000000000082e+00
8.873669999999999618e+02, 1.586699999999999999e+00
8.873830000000000382e+02, -3.932680000000000065e-01
8.873999999999999773e+02, 2.158599999999999963e-01
8.874170000000000300e+02, -8.278450000000000530e-01
8.874329999999999927e+02, -4.204439999999999844e-01
8.874500000000000455e+02, 7.394589999999999774e-01
8.874669999999999845e+02, 9.203320000000000389e-01
8.874829999999999472e+02, 1.264219999999999899e+00
8.875000000000000000e+02, -2.308230000000000004e+00
8.875170000000000528e+02, 1.686170000000000030e-02
8.875330000000000155e+02, 7.387449999999999850e-01
8.875499999999999545e+02, 3.662340000000000040e-01
8.875670000000000073e+02, -4.749519999999999853e-01
8.875829999999999700e+02, 8.443370000000000042e-02
8.876000000000000227e+02, -9.717829999999999524e-01
8.876169999999999618e+02, -1.192020000000000080e+00
8.876330000000000382e+02, -1.312729999999999952e+00
8.876499999999999773e+02, -1.132200000000000095e+00
8.876670000000000300e+02, -2.194929999999999937e-01
8.876829999999999927e+02, 7.483689999999999787e-02
8.877000000000000455e+02, 1.092659999999999965e+00
8.877169999999999845e+02, 3.011769999999999725e-01
8.877329999999999472e+02, 1.947010000000000129e-01
8.877500000000000000e+02, -8.339069999999999816e-02
8.877670000000000528e+02, 6.722339999999999982e-01
8.877830000000000155e+02, 7.639939999999999509e-01
8.877999999999999545e+02, 1.160790000000000086e-02
8.878170000000000073e+02, 3.373760000000000092e-01
8.878329999999999700e+02, -9.942320000000000046e-01
8.878500000000000227e+02, -1.668239999999999945e+00
8.878669999999999618e+02, -2.937420000000000031e-01
8.878830000000000382e+02, -4.019219999999999737e-02
8.878999999999999773e+02, 8.466120000000000312e-01
8.879170000000000300e+02, 8.595340000000000202e-01
8.879329999999999927e+02, 1.100370000000000070e+00
8.879500000000000455e+02, -8.041329999999999867e-01
8.879669999999999845e+02, 8.271470000000000211e-02
8.879829999999999472e+02, -8.514969999999999484e-01
8.880000000000000000e+02, 1.614939999999999987e-01
8.880170000000000528e+02, 3.141019999999999923e-01
8.880330000000000155e+02, -5.047160000000000535e-01
8.880499999999999545e+02, 5.505600000000000493e-01
8.880670000000000073e+02, -1.747749999999999915e+00
8.880829999999999700e+02, 1.854310000000000125e-01
8.881000000000000227e+02, 7.786340000000000483e-01
8.881169999999999618e+02, 4.804570000000000229e-01
8.881330000000000382e+02, 9.677499999999999991e-01
8.881499999999999773e+02, 1.072599999999999998e+00
8.881670000000000300e+02, -2.662149999999999794e-01
8.881829999999999927e+02, -5.169179999999999886e-01
8.882000000000000455e+02, 6.692829999999999613e-01
8.882169999999999845e+02, 1.297819999999999974e+00
8.882329999999999472e+02, 6.215359999999999774e-01
8.882500000000000000e+02, -7.258299999999999752e-01
8.882670000000000528e+02, -4.189200000000000146e-01
8.882830000000000155e+02, -1.082060000000000022e+00
8.882999999999999545e+02, 8.699139999999999651e-01
8.883170000000000073e+02, -5.866649999999999920e-01
8.883329999999999700e+02, 8.147480000000000278e-01
8.883500000000000227e+02, 3.425639999999999796e-01
8.883669999999999618e+02, 1.402269999999999905e+00
8.883830000000000382e+02, 8.052920000000000078e-01
8.883999999999999773e+02, -2.073500000000000065e-01
8.884170000000000300e+02, -9.740590000000000082e-01
8.884329999999999927e+02, 3.612029999999999963e-01
8.884500000000000455e+02, 1.411720000000000086e+00
8.884669999999999845e+02, 4.292030000000000012e-01
8.884829999999999472e+02, -1.092899999999999983e-01
8.885000000000000000e+02, -6.854050000000000420e-01
8.885170000000000528e+02, -1.109799999999999953e-01
8.885330000000000155e+02, 7.497070000000000123e-01
8.885499999999999545e+02, 9.517320000000000224e-01
8.885670000000000073e+02, -5.136100000000000110e-01
8.885829999999999700e+02, -1.082249999999999934e+00
8.886000000000000227e+02, 6.125749999999999806e-01
8.886169999999999618e+02, -6.753730000000000011e-01
8.886330000000000382e+02, 5.800370000000000248e-01
8.886499999999999773e+02, -5.590739999999999599e-01
8.886670000000000300e+02, -5.375029999999999530e-01
8.886829999999999927e+02, -3.732440000000000202e-01
8.887000000000000455e+02, -1.788040000000000074e+00
8.887169999999999845e+02, -4.892950000000000077e-02
8.887329999999999472e+02, 3.688469999999999804e-01
8.887500000000000000e+02, -1.137250000000000094e+00
8.887670000000000528e+02, -1.081180000000000030e+00
8.887830000000000155e+02, 5.325499999999999678e-01
8.887999999999999545e+02, 2.088880000000000070e+00
8.888170000000000073e+02, 1.182159999999999982e-02
8.888329999999999700e+02, 1.166100000000000053e-01
8.888500000000000227e+02, -1.345320000000000071e+00
8.888669999999999618e+02, 3.213690000000000158e-01
8.888830000000000382e+02, 8.460189999999999655e-01
8.888999999999999773e+02, 7.006120000000000125e-01
8.889170000000000300e+02, -2.863620000000000054e-01
8.889329999999999927e+02, -3.177139999999999964e-01
8.889500000000000455e+02, 4.683229999999999893e-01
8.889669999999999845e+02, 9.648309999999999942e-01
8.889829999999999472e+02, -3.993599999999999928e-01
8.890000000000000000e+02, -4.928000000000000158e-01
8.890170000000000528e+02, 3.839069999999999983e-01
8.890330000000000155e+02, 2.170940000000000022e-02
8.890499999999999545e+02, 1.280469999999999997e+00
8.890670000000000073e+02, 8.145310000000000050e-01
8.890829999999999700e+02, -2.960920000000000218e-01
8.891000000000000227e+02, 4.753240000000000243e-01
8.891169999999999618e+02, 1.078980000000000050e+00
8.891330000000000382e+02, 5.481049999999999534e-01
8.891499999999999773e+02, 1.667889999999999928e-01
8.891670000000000300e+02, -9.118429999999999591e-01
8.891829999999999927e+02, -1.128259999999999957e-01
8.892000000000000455e+02, 1.673669999999999880e-01
8.892169999999999845e+02, -2.915429999999999966e-01
8.892329999999999472e+02, -9.689609999999999612e-01
8.892500000000000000e+02, -4.499909999999999743e-01
8.892670000000000528e+02, 1.195350000000000024e-01
8.892830000000000155e+02, -5.362409999999999677e-01
8.892999999999999545e+02, 6.588319999999999732e-01
8.893170000000000073e+02, 1.377850000000000019e+00
8.893329999999999700e+02, -4.094949999999999979e-02
8.893500000000000227e+02, 2.217409999999999937e-01
8.893669999999999618e+02, 1.405099999999999960e-01
8.893830000000000382e+02, 9.355719999999999592e-01
8.893999999999999773e+02, 1.312799999999999967e+00
8.894170000000000300e+02, 8.607570000000000499e-02
8.894329999999999927e+02, -6.429909999999999792e-01
8.894500000000000455e+02, -9.168669999999999876e-01
8.894669999999999845e+02, -1.697480000000000100e-01
8.894829999999999472e+02, 2.592119999999999841e-02
8.895000000000000000e+02, -1.068640000000000007e-01
8.895170000000000528e+02, -5.294750000000000290e-01
8.895330000000000155e+02, -6.894919999999999938e-01
8.895499999999999545e+02, -3.749750000000000028e-01
8.895670000000000073e+02, 7.364920000000000355e-01
8.895829999999999700e+02, -8.420069999999999499e-01
8.896000000000000227e+02, -3.606079999999999841e-01
8.896169999999999618e+02, 5.202839999999999687e-01
8.896330000000000382e+02, -1.921390000000000042e-01
8.896499999999999773e+02, 7.982420000000000071e-01
8.896670000000000300e+02, 3.271089999999999831e-01
8.896829999999999927e+02, 1.689309999999999978e-01
8.897000000000000455e+02, -7.079999999999999627e-01
8.897169999999999845e+02, -7.768369999999999997e-01
8.897329999999999472e+02, -8.382049999999999779e-01
8.897500000000000000e+02, 3.438820000000000210e-01
8.897670000000000528e+02, 1.262629999999999919e+00
8.897830000000000155e+02, 7.931380000000000097e-01
8.897999999999999545e+02, 8.873630000000000129e-01
8.898170000000000073e+02, 4.884220000000000228e-01
8.898329999999999700e+02, 7.547939999999999650e-01
8.898500000000000227e+02, 1.914420000000000011e-01
8.898669999999999618e+02, 1.040589999999999904e+00
8.898830000000000382e+02, 5.761960000000000415e-01
8.898999999999999773e+02, -2.327700000000000047e-01
8.899170000000000300e+02, -2.782439999999999913e-01
8.899329999999999927e+02, 1.379019999999999913e+00
8.899500000000000455e+02, -5.372620000000000173e-01
8.899669999999999845e+02, -3.786249999999999893e-01
8.899829999999999472e+02, 9.476029999999999731e-01
8.900000000000000000e+02, -7.729759999999999964e-01
8.900170000000000528e+02, -7.538740000000000441e-01
8.900330000000000155e+02, -2.870319999999999989e-03
8.900499999999999545e+02, 1.176660000000000067e-01
8.900670000000000073e+02, 2.579560000000000186e-01
8.900829999999999700e+02, 1.385699999999999932e+00
8.901000000000000227e+02, 5.629399999999999682e-02
8.901169999999999618e+02, -9.250840000000000174e-01
8.901330000000000382e+02, -7.734480000000000244e-01
8.901499999999999773e+02, 2.497989999999999933e-01
8.901670000000000300e+02, 6.076610000000000067e-01
8.901829999999999927e+02, -2.165549999999999975e-01
8.902000000000000455e+02, 5.051750000000000407e-01
8.902169999999999845e+02, -7.096609999999999863e-01
8.902329999999999472e+02, -1.077260000000000106e+00
8.902500000000000000e+02, -6.224309999999999565e-01
8.902670000000000528e+02, -6.490560000000000253e-03
8.902830000000000155e+02, 7.757079999999999531e-01
8.902999999999999545e+02, 1.361839999999999939e+00
8.903170000000000073e+02, -8.210269999999999513e-01
8.903329999999999700e+02, -1.060869999999999980e+00
8.903500000000000227e+02, -1.421999999999999931e-01
8.903669999999999618e+02, -4.829550000000000232e-01
8.903830000000000382e+02, -7.866790000000000171e-01
8.903999999999999773e+02, -3.532409999999999717e-02
8.904170000000000300e+02, -9.135280000000000067e-01
8.904329999999999927e+02, 6.413790000000000324e-01
8.904500000000000455e+02, -1.608670000000000044e+00
8.904669999999999845e+02, -1.213340000000000085e+00
8.904829999999999472e+02, -1.454049999999999917e-03
8.905000000000000000e+02, 1.374020000000000019e+00
8.905170000000000528e+02, 9.283299999999999885e-01
8.905330000000000155e+02, -4.139379999999999726e-01
8.905499999999999545e+02, -6.879729999999999457e-01
8.905670000000000073e+02, 3.067480000000000206e-01
8.905829999999999700e+02, -1.385210000000000052e+00
8.906000000000000227e+02, -3.252990000000000048e-01
8.906169999999999618e+02, -8.554960000000000342e-01
8.906330000000000382e+02, -2.018409999999999926e-01
8.906499999999999773e+02, -2.763379999999999725e-01
8.906670000000000300e+02, -1.157389999999999947e-01
8.906829999999999927e+02, 1.717720000000000080e-01
8.907000000000000455e+02, -5.211329999999999574e-01
8.907169999999999845e+02, -8.457550000000000345e-01
8.907329999999999472e+02, 6.022559999999999719e-02
8.907500000000000000e+02, 5.634750000000000175e-02
8.907670000000000528e+02, -8.520110000000000183e-02
8.907830000000000155e+02, 1.090229999999999949e-01
8.907999999999999545e+02, 4.024070000000000147e-01
8.908170000000000073e+02, 8.002770000000000161e-01
8.908329999999999700e+02, 1.246690000000000020e-01
8.908500000000000227e+02, 1.186050000000000049e+00
8.908669999999999618e+02, -1.754180000000000073e+00
8.908830000000000382e+02, 3.219109999999999853e-03
8.908999999999999773e+02, 3.880959999999999965e-01
8.909170000000000300e+02, 8.614270000000000538e-01
8.909329999999999927e+02, 1.120230000000000059e+00
8.909500000000000455e+02, 1.764289999999999914e+00
8.909669999999999845e+02, 2.892689999999999984e-01
8.909829999999999472e+02, 1.544310000000000072e+00
8.910000000000000000e+02, -5.908799999999999608e-01
8.910170000000000528e+02, -8.586460000000000203e-01
8.910330000000000155e+02, -2.468480000000000119e-01
8.910499999999999545e+02, 6.101440000000000197e-01
8.910670000000000073e+02, -9.507149999999999768e-01
8.910829999999999700e+02, -1.035709999999999908e+00
8.911000000000000227e+02, -2.062409999999999854e+00
8.911169999999999618e+02, 3.255049999999999888e-01
8.911330000000000382e+02, 3.599720000000000142e-01
8.911499999999999773e+02, -4.334189999999999987e-01
8.911670000000000300e+02, 1.766469999999999985e-01
8.911829999999999927e+02, -1.297609999999999930e+00
8.912000000000000455e+02, -3.573060000000000125e-01
8.912169999999999845e+02, 7.987229999999999330e-02
8.912329999999999472e+02, -1.136609999999999898e+00
8.912500000000000000e+02, -1.226979999999999960e+00
8.912670000000000528e+02, -9.122799999999999798e-01
8.912830000000000155e+02, -7.634720000000000222e-03
8.912999999999999545e+02, -4.389989999999999726e-01
8.913170000000000073e+02, 3.055550000000000210e-01
8.913329999999999700e+02, -1.242529999999999912e+00
8.913500000000000227e+02, -3.735029999999999739e-01
8.913669999999999618e+02, 5.541160000000000529e-01
8.913830000000000382e+02, 8.284230000000000205e-01
8.913999999999999773e+02, 9.908449999999999758e-01
8.914170000000000300e+02, -3.320609999999999951e-01
8.914329999999999927e+02, 4.618499999999999828e-01
8.914500000000000455e+02, -6.493729999999999780e-01
8.914669999999999845e+02, -9.694260000000000099e-01
8.914829999999999472e+02, -1.496439999999999992e+00
8.915000000000000000e+02, 3.714930000000000315e-02
8.915170000000000528e+02, 1.093099999999999961e+00
8.915330000000000155e+02, 1.029989999999999961e+00
8.915499999999999545e+02, 4.222540000000000321e-02
8.915670000000000073e+02, -1.096149999999999958e+00
8.915829999999999700e+02, -7.834719999999999462e-01
8.916000000000000227e+02, -4.415419999999999900e-01
8.916169999999999618e+02, 8.828000000000000291e-01
8.916330000000000382e+02, 3.356700000000000239e-01
8.916499999999999773e+02, -8.751750000000000362e-01
8.916670000000000300e+02, -7.078280000000000682e-02
8.916829999999999927e+02, -3.183059999999999778e-01
8.917000000000000455e+02, 5.288890000000000535e-01
8.917169999999999845e+02, 7.222119999999999651e-01
8.917329999999999472e+02, 5.092200000000000060e-01
8.917500000000000000e+02, 1.927979999999999972e-01
8.917670000000000528e+02, -9.000510000000000455e-01
8.917830000000000155e+02, 2.420859999999999956e-01
8.917999999999999545e+02, -6.645349999999999868e-01
8.918170000000000073e+02, -9.817090000000000538e-01
8.918329999999999700e+02, -1.305439999999999934e-01
8.918500000000000227e+02, -3.282939999999999747e-01
8.918669999999999618e+02, 7.547930000000000472e-01
8.918830000000000382e+02, 5.749959999999999516e-01
8.918999999999999773e+02, -1.081649999999999973e-01
8.919170000000000300e+02, 4.988560000000000216e-02
8.919329999999999927e+02, 4.877449999999999841e-01
8.919500000000000455e+02, -1.181809999999999944e-01
8.919669999999999845e+02, -2.194280000000000119e-01
8.919829999999999472e+02, -1.095490000000000075e+00
8.920000000000000000e+02, 2.417539999999999967e-01
8.920170000000000528e+02, 8.338950000000000529e-01
8.920330000000000155e+02, -9.290979999999999794e-01
8.920499999999999545e+02, 1.084019999999999984e+00
8.920670000000000073e+02, -2.432620000000000060e-01
8.920829999999999700e+02, -6.803179999999999783e-01
8.921000000000000227e+02, 2.915800000000000058e-01
8.921169999999999618e+02, 5.259589999999999543e-01
8.921330000000000382e+02, 5.204269999999999730e-01
8.921499999999999773e+02, -5.423240000000000283e-01
8.921670000000000300e+02, 6.896949999999999470e-01
8.921829999999999927e+02, -7.864999999999999769e-01
8.922000000000000455e+02, -1.550310000000000077e+00
8.922169999999999845e+02, -7.897070000000000478e-01
8.922329999999999472e+02, -3.891120000000000134e-01
8.922500000000000000e+02, -3.950210000000000110e-01
8.922670000000000528e+02, -1.693920000000000092e+00
8.922830000000000155e+02, 5.514860000000000317e-01
8.922999999999999545e+02, -6.336580000000000545e-01
8.923170000000000073e+02, -2.853160000000000140e-01
8.923329999999999700e+02, 4.153350000000000097e-01
8.923500000000000227e+02, -7.388980000000000548e-01
8.923669999999999618e+02, -3.558319999999999816e-01
8.923830000000000382e+02, -8.819690000000000030e-01
8.923999999999999773e+02, -4.084659999999999958e-01
8.924170000000000300e+02, 8.707679999999999865e-01
8.924329999999999927e+02, 1.115660000000000096e+00
8.924500000000000455e+02, -3.636880000000000113e-01
8.924669999999999845e+02, -1.430949999999999944e+00
8.924829999999999472e+02, -3.632960000000000078e-01
8.925000000000000000e+02, -1.939680000000000015e-01
8.925170000000000528e+02, -1.450779999999999952e-02
8.925330000000000155e+02, 1.140779999999999905e+00
8.925499999999999545e+02, 6.382769999999999833e-01
8.925670000000000073e+02, 7.319940000000000335e-01
8.925829999999999700e+02, 3.541819999999999968e-01
8.926000000000000227e+02, -6.521419999999999995e-01
8.926169999999999618e+02, -4.946189999999999753e-01
8.926330000000000382e+02, 1.607099999999999917e-01
8.926499999999999773e+02, -7.189029999999999587e-01
8.926670000000000300e+02, 1.752439999999999998e+00
8.926829999999999927e+02, -3.755910000000000082e-01
8.927000000000000455e+02, -1.220050000000000079e+00
8.927169999999999845e+02, -3.338869999999999894e-01
8.927329999999999472e+02, 1.460430000000000061e-01
8.927500000000000000e+02, 8.227069999999999661e-01
8.927670000000000528e+02, 2.016270000000000007e+00
8.927830000000000155e+02, 1.966670000000000085e-01
8.927999999999999545e+02, 2.040399999999999991e-01
8.928170000000000073e+02, -2.028369999999999784e+00
8.928329999999999700e+02, -1.379820000000000046e+00
8.928500000000000227e+02, -3.574700000000000100e-01
8.928669999999999618e+02, 1.128970000000000029e+00
8.928830000000000382e+02, -4.567519999999999913e-01
8.928999999999999773e+02, -3.394529999999999770e-02
8.929170000000000300e+02, -5.864810000000000301e-01
8.929329999999999927e+02, 6.920520000000000005e-01
8.929500000000000455e+02, 1.368759999999999977e+00
8.929669999999999845e+02, -3.699839999999999796e-01
8.929829999999999472e+02, 1.077150000000000052e+00
8.930000000000000000e+02, 2.502110000000000167e-01
8.930170000000000528e+02, -8.815039999999999543e-01
8.930330000000000155e+02, 3.143389999999999795e-01
8.930499999999999545e+02, -9.558690000000000242e-02
8.930670000000000073e+02, -1.178230000000000111e+00
8.930829999999999700e+02, -6.740159999999999485e-01
8.931000000000000227e+02, -1.158580000000000026e-02
8.931169999999999618e+02, 8.912750000000000394e-01
8.931330000000000382e+02, 1.022929999999999895e+00
8.931499999999999773e+02, 5.166539999999999466e-01
8.931670000000000300e+02, 1.393070000000000072e-02
8.931829999999999927e+02, 1.542379999999999862e-01
8.932000000000000455e+02, -1.123839999999999950e+00
8.932169999999999845e+02, -1.419920000000000071e+00
8.932329999999999472e+02, -2.056150000000000144e+00
8.932500000000000000e+02, 7.410529999999999617e-01
8.932670000000000528e+02, 1.283660000000000023e+00
8.932830000000000155e+02, 2.436679999999999957e+00
8.932999999999999545e+02, 2.089060000000000084e-01
8.933170000000000073e+02, -1.444280000000000008e+00
8.933329999999999700e+02, -1.328440000000000065e+00
8.933500000000000227e+02, 6.926080000000000014e-01
8.933669999999999618e+02, -8.903859999999999553e-02
8.933830000000000382e+02, 8.177959999999999674e-01
8.933999999999999773e+02, 6.783989999999999465e-02
8.934170000000000300e+02, 7.941030000000000033e-01
8.934329999999999927e+02, -2.057740000000000125e-01
8.934500000000000455e+02, 9.335679999999999534e-01
8.934669999999999845e+02, -2.221679999999999836e-02
8.934829999999999472e+02, 3.172150000000000247e-01
8.935000000000000000e+02, -3.409580000000000249e-02
8.935170000000000528e+02, 6.543670000000000042e-02
8.935330000000000155e+02, -1.128489999999999993e+00
8.935499999999999545e+02, 3.117539999999999756e-01
8.935670000000000073e+02, -2.441659999999999942e-01
8.935829999999999700e+02, 2.800099999999999811e-01
8.936000000000000227e+02, 1.396489999999999954e-01
8.936169999999999618e+02, -1.341900000000000093e+00
8.936330000000000382e+02, -1.104740000000000055e+00
8.936499999999999773e+02, -4.614409999999999901e-01
8.936670000000000300e+02, -2.242669999999999941e-01
8.936829999999999927e+02, -1.512880000000000003e+00
8.937000000000000455e+02, 1.697619999999999907e+00
8.937169999999999845e+02, -1.676559999999999899e-03
8.937329999999999472e+02, 8.600360000000000227e-01
8.937500000000000000e+02, 1.194949999999999957e+00
8.937670000000000528e+02, 5.966230000000000144e-01
8.937830000000000155e+02, 1.090039999999999898e+00
8.937999999999999545e+02, 9.832459999999999811e-02
8.938170000000000073e+02, 8.825009999999999799e-01
8.938329999999999700e+02, -5.206570000000000364e-01
8.938500000000000227e+02, -1.604609999999999925e-01
8.938669999999999618e+02, -2.420790000000000219e+00
8.938830000000000382e+02, -1.456210000000000004e+00
8.938999999999999773e+02, -5.154790000000000205e-01
8.939170000000000300e+02, -6.397699999999999498e-01
8.939329999999999927e+02, -3.032309999999999728e-01
8.939500000000000455e+02, -7.324999999999999567e-02
8.939669999999999845e+02, 3.761209999999999831e-01
8.939829999999999472e+02, -3.115330000000000044e-01
8.940000000000000000e+02, -3.831620000000000026e-01
8.940170000000000528e+02, 5.976329999999999698e-01
8.940330000000000155e+02, -8.689780000000000282e-01
8.940499999999999545e+02, -7.993980000000000530e-01
8.940670000000000073e+02, 1.202649999999999969e-01
8.940829999999999700e+02, -2.864289999999999892e-01
8.941000000000000227e+02, -4.405239999999999850e-02
8.941169999999999618e+02, 2.694389999999999841e-01
8.941330000000000382e+02, 6.154399999999999871e-01
8.941499999999999773e+02, 1.024469999999999992e+00
8.941670000000000300e+02, 9.122209999999999486e-01
8.941829999999999927e+02, 3.005099999999999993e-01
8.942000000000000455e+02, -4.560979999999999895e-02
8.942169999999999845e+02, -4.182370000000000254e-01
8.942329999999999472e+02, -8.478839999999999710e-01
8.942500000000000000e+02, -1.525179999999999980e+00
8.942670000000000528e+02, -6.567110000000000447e-01
8.942830000000000155e+02, -1.239209999999999923e+00
8.942999999999999545e+02, -3.740939999999999821e-01
8.943170000000000073e+02, -6.105140000000000011e-01
8.943329999999999700e+02, 6.923999999999999599e-03
8.943500000000000227e+02, 1.595189999999999941e-01
8.943669999999999618e+02, 7.031539999999999457e-01
8.943830000000000382e+02, 8.143409999999999815e-01
8.943999999999999773e+02, 1.397450000000000081e+00
8.944170000000000300e+02, -5.548189999999999511e-01
8.944329999999999927e+02, -4.630790000000000184e-01
8.944500000000000455e+02, -3.396080000000000210e-01
8.944669999999999845e+02, -4.413920000000000066e-01
8.944829999999999472e+02, -1.212129999999999930e+00
8.945000000000000000e+02, 2.622809999999999864e-01
8.945170000000000528e+02, 9.508220000000000560e-02
8.945330000000000155e+02, 1.148910000000000098e+00
8.945499999999999545e+02, -1.938330000000000053e-01
8.945670000000000073e+02, 5.883070000000000244e-01
8.945829999999999700e+02, 1.207000000000000073e+00
8.946000000000000227e+02, 1.781190000000000051e+00
8.946169999999999618e+02, 8.763520000000000199e-01
8.946330000000000382e+02, -1.218560000000000060e-01
8.946499999999999773e+02, -1.304480000000000084e-01
8.946670000000000300e+02, -2.034819999999999962e-01
8.946829999999999927e+02, -1.744169999999999998e+00
8.947000000000000455e+02, 1.016459999999999919e+00
8.947169999999999845e+02, -6.238939999999999486e-01
8.947329999999999472e+02, -1.002140000000000031e+00
8.947500000000000000e+02, 4.980189999999999895e-01
8.947670000000000528e+02, -6.347660000000000524e-01
8.947830000000000155e+02, 8.448809999999999931e-01
8.947999999999999545e+02, 1.617409999999999959e-01
8.948170000000000073e+02, 1.949180000000000079e-01
8.948329999999999700e+02, -5.209960000000000147e-01
8.948500000000000227e+02, -3.518709999999999893e-01
8.948669999999999618e+02, 7.280529999999999502e-01
8.948830000000000382e+02, -7.947210000000000107e-01
8.948999999999999773e+02, 7.853440000000000420e-01
8.949170000000000300e+02, 1.865630000000000066e-01
8.949329999999999927e+02, -9.412700000000000511e-01
8.949500000000000455e+02, 1.575999999999999901e-01
8.949669999999999845e+02, -1.116290000000000060e-01
8.949829999999999472e+02, 3.915700000000000257e-03
8.950000000000000000e+02, 1.105599999999999916e+00
8.950170000000000528e+02, 5.346440000000000081e-01
8.950330000000000155e+02, -7.325689999999999980e-02
8.950499999999999545e+02, 9.394980000000000553e-01
8.950670000000000073e+02, 1.926279999999999937e-01
8.950829999999999700e+02, -2.169220000000000037e-01
8.951000000000000227e+02, 5.328659999999999508e-01
8.951169999999999618e+02, -4.874870000000000037e-01
8.951330000000000382e+02, -1.305209999999999981e+00
8.951499999999999773e+02, 8.855410000000000226e-01
8.951670000000000300e+02, -7.390630000000000255e-01
8.951829999999999927e+02, -1.909490000000000076e-01
8.952000000000000455e+02, 6.905930000000000124e-01
8.952169999999999845e+02, -3.642730000000000135e-01
8.952329999999999472e+02, 4.712649999999999895e-01
8.952500000000000000e+02, 1.081469999999999931e+00
8.952670000000000528e+02, 9.472120000000000539e-01
8.952830000000000155e+02, -2.360029999999999906e-01
8.952999999999999545e+02, -6.220830000000000526e-01
8.953170000000000073e+02, -5.828499999999999792e-01
8.953329999999999700e+02, -4.902980000000000116e-01
8.953500000000000227e+02, -1.962510000000000088e-01
8.953669999999999618e+02, 1.261370000000000102e+00
8.953830000000000382e+02, 1.101269999999999971e+00
8.953999999999999773e+02, -1.443319999999999881e-01
8.954170000000000300e+02, -1.744410000000000127e-01
8.954329999999999927e+02, 1.068489999999999940e+00
8.954500000000000455e+02, 1.113200000000000023e-01
8.954669999999999845e+02, 8.848390000000000422e-01
8.954829999999999472e+02, 9.068749999999999867e-01
8.955000000000000000e+02, 9.962050000000000072e-02
8.955170000000000528e+02, 1.168600000000000055e-01
8.955330000000000155e+02, 4.525500000000000078e-01
8.955499999999999545e+02, 4.104849999999999888e-01
8.955670000000000073e+02, 7.207400000000000473e-01
8.955829999999999700e+02, 6.907590000000000119e-01
8.956000000000000227e+02, 3.602699999999999791e-01
8.956169999999999618e+02, -1.293989999999999863e-01
8.956330000000000382e+02, 6.364039999999999697e-01
8.956499999999999773e+02, 8.979319999999999524e-01
8.956670000000000300e+02, 8.504549999999999610e-01
8.956829999999999927e+02, 8.394099999999999895e-01
8.957000000000000455e+02, 3.139100000000000223e-01
8.957169999999999845e+02, -8.098360000000000003e-01
8.957329999999999472e+02, 6.982629999999999670e-01
8.957500000000000000e+02, 4.000119999999999787e-01
8.957670000000000528e+02, 3.386449999999999738e-01
8.957830000000000155e+02, 3.906800000000000272e-01
8.957999999999999545e+02, 8.817359999999999642e-01
8.958170000000000073e+02, -4.944029999999999814e-01
8.958329999999999700e+02, 1.587240000000000040e-01
8.958500000000000227e+02, 5.337709999999999955e-01
8.958669999999999618e+02, -1.480350000000000055e+00
8.958830000000000382e+02, 5.133919999999999595e-01
8.958999999999999773e+02, -1.031050000000000022e+00
8.959170000000000300e+02, -7.485849999999999449e-01
8.959329999999999927e+02, -4.592649999999999788e-01
8.959500000000000455e+02, 6.729150000000000409e-02
8.959669999999999845e+02, -1.214790000000000036e+00
8.959829999999999472e+02, 9.786559999999999704e-01
8.960000000000000000e+02, -9.717909999999999604e-01
8.960170000000000528e+02, -5.731190000000000451e-01
8.960330000000000155e+02, 8.563579999999999526e-01
8.960499999999999545e+02, 7.956800000000000539e-01
8.960670000000000073e+02, 1.723059999999999869e-01
8.960829999999999700e+02, 1.476389999999999925e-01
8.961000000000000227e+02, -5.961640000000000272e-01
8.961169999999999618e+02, 8.793800000000000505e-01
8.961330000000000382e+02, -2.512659999999999894e-01
8.961499999999999773e+02, 8.321370000000000156e-01
8.961670000000000300e+02, -2.631990000000000163e-01
8.961829999999999927e+02, -7.034529999999999950e-02
8.962000000000000455e+02, 5.312590000000000368e-01
8.962169999999999845e+02, 1.111889999999999962e-01
8.962329999999999472e+02, 6.708060000000000411e-02
8.962500000000000000e+02, 3.993909999999999960e-01
8.962670000000000528e+02, 2.501800000000000135e-01
8.962830000000000155e+02, -4.544429999999999858e-01
8.962999999999999545e+02, -6.228449999999999820e-01
8.963170000000000073e+02, -8.138779999999999903e-01
8.963329999999999700e+02, -3.036300000000000110e-01
8.963500000000000227e+02, -2.792629999999999835e-01
8.963669999999999618e+02, 1.079309999999999992e-01
8.963830000000000382e+02, 1.313809999999999922e+00
8.963999999999999773e+02, -2.599099999999999744e-01
8.964170000000000300e+02, -3.984429999999999916e-01
8.964329999999999927e+02, -2.971779999999999977e-01
8.964500000000000455e+02, -2.863689999999999847e-01
8.964669999999999845e+02, 7.325850000000000417e-02
8.964829999999999472e+02, -1.831830000000000125e-01
8.965000000000000000e+02, -7.339410000000000378e-02
8.965170000000000528e+02, -2.158200000000000038e-04
8.965330000000000155e+02, -5.582909999999999817e-01
8.965499999999999545e+02, 3.478580000000000005e-01
8.965670000000000073e+02, 2.079509999999999970e+00
8.965829999999999700e+02, -2.386969999999999925e-01
8.966000000000000227e+02, -7.216399999999999482e-01
8.966169999999999618e+02, -6.135890000000000510e-01
8.966330000000000382e+02, -1.420730000000000048e-01
8.966499999999999773e+02, 1.210470000000000018e-01
8.966670000000000300e+02, -5.491080000000000405e-01
8.966829999999999927e+02, -6.599540000000000406e-01
8.967000000000000455e+02, -3.323809999999999820e-01
8.967169999999999845e+02, 6.291919999999999735e-01
8.967329999999999472e+02, 1.555609999999999937e+00
8.967500000000000000e+02, 5.348709999999999853e-01
8.967670000000000528e+02, -9.472909999999999942e-01
8.967830000000000155e+02, -1.336479999999999890e+00
8.967999999999999545e+02, -5.208979999999999722e-01
8.968170000000000073e+02, -1.343560000000000088e+00
8.968329999999999700e+02, -1.818460000000000076e-01
8.968500000000000227e+02, 1.981729999999999881e-01
8.968669999999999618e+02, -3.850890000000000146e-01
8.968830000000000382e+02, -7.207399999999999918e-02
8.968999999999999773e+02, 7.893630000000000368e-01
8.969170000000000300e+02, 7.124150000000000205e-01
8.969329999999999927e+02, -1.003600000000000048e+00
8.969500000000000455e+02, -4.809939999999999771e-01
8.969669999999999845e+02, 1.103679999999999994e+00
8.969829999999999472e+02, 1.125790000000000068e+00
8.970000000000000000e+02, -4.021919999999999940e-01
8.970170000000000528e+02, 9.506670000000000398e-01
8.970330000000000155e+02, -3.134350000000000191e-01
8.970499999999999545e+02, 1.449629999999999974e+00
8.970670000000000073e+02, 4.490589999999999860e-01
8.970829999999999700e+02, -4.926900000000000168e-01
8.971000000000000227e+02, -1.463090000000000002e+00
8.971169999999999618e+02, -1.688160000000000105e+00
8.971330000000000382e+02, -3.759939999999999949e-01
8.971499999999999773e+02, -2.786109999999999975e-02
8.971670000000000300e+02, 4.931139999999999968e-01
8.971829999999999927e+02, -3.515619999999999856e-01
8.972000000000000455e+02, -2.911860000000000004e-01
8.972169999999999845e+02, -6.946520000000000472e-01
8.972329999999999472e+02, -9.850759999999999517e-01
8.972500000000000000e+02, 8.913959999999999662e-01
8.972670000000000528e+02, -2.226599999999999968e-01
8.972830000000000155e+02, 1.350079999999999947e+00
8.972999999999999545e+02, 1.410020000000000051e+00
8.973170000000000073e+02, 8.590370000000000505e-01
8.973329999999999700e+02, -5.288260000000000183e-02
8.973500000000000227e+02, -4.985249999999999959e-01
8.973669999999999618e+02, 5.536680000000000490e-01
8.973830000000000382e+02, -1.498159999999999936e+00
8.973999999999999773e+02, -1.352600000000000025e+00
8.974170000000000300e+02, 2.752930000000000099e-01
8.974329999999999927e+02, 6.321579999999999977e-01
8.974500000000000455e+02, -6.321660000000000057e-01
8.974669999999999845e+02, 1.436270000000000125e-04
8.974829999999999472e+02, -2.718630000000000213e-01
8.975000000000000000e+02, -1.937270000000000048e+00
8.975170000000000528e+02, 1.528319999999999901e+00
8.975330000000000155e+02, 7.228320000000000300e-01
8.975499999999999545e+02, 6.011290000000000244e-01
8.975670000000000073e+02, 1.524960000000000093e+00
8.975829999999999700e+02, 5.959830000000000405e-01
8.976000000000000227e+02, 1.182229999999999892e+00
8.976169999999999618e+02, -4.280939999999999745e-01
8.976330000000000382e+02, -3.847450000000000037e-01
8.976499999999999773e+02, -1.369510000000000005e+00
8.976670000000000300e+02, -8.164449999999999763e-01
8.976829999999999927e+02, 6.389500000000000179e-01
8.977000000000000455e+02, 8.238240000000000007e-01
8.977169999999999845e+02, 1.237199999999999966e-01
8.977329999999999472e+02, -1.395059999999999967e+00
8.977500000000000000e+02, -1.095129999999999992e-01
8.977670000000000528e+02, -3.436589999999999923e-01
8.977830000000000155e+02, -4.152330000000000187e-01
8.977999999999999545e+02, -4.834840000000000249e-01
8.978170000000000073e+02, 1.466540000000000066e-01
8.978329999999999700e+02, 7.782799999999999718e-01
8.978500000000000227e+02, 1.292550000000000088e+00
8.978669999999999618e+02, -2.450400000000000078e-01
8.978830000000000382e+02, 4.465029999999999832e-01
8.978999999999999773e+02, 7.348519999999999497e-01
8.979170000000000300e+02, -2.707620000000000166e-02
8.979329999999999927e+02, 5.058789999999999676e-01
8.979500000000000455e+02, -1.661520000000000108e+00
8.979669999999999845e+02, 5.680779999999999857e-02
8.979829999999999472e+02, -9.026070000000000482e-01
8.980000000000000000e+02, -6.283999999999999586e-01
8.980170000000000528e+02, 1.006549999999999945e-01
8.980330000000000155e+02, 1.245330000000000048e+00
8.980499999999999545e+02, 3.521029999999999993e-01
8.980670000000000073e+02, 7.935459999999999736e-01
8.980829999999999700e+02, 7.273140000000000160e-01
8.981000000000000227e+02, 8.614520000000000510e-02
8.981169999999999618e+02, -1.259290000000000020e+00
8.981330000000000382e+02, 1.591049999999999964e-01
8.981499999999999773e+02, -2.359469999999999901e-01
8.981670000000000300e+02, 3.945319999999999938e-01
8.981829999999999927e+02, -6.522329999999999517e-01
8.982000000000000455e+02, -1.145880000000000010e+00
8.982169999999999845e+02, -7.996449999999999392e-02
8.982329999999999472e+02, -5.117340000000000222e-01
8.982500000000000000e+02, -8.288879999999999582e-01
8.982670000000000528e+02, -1.114499999999999935e-01
8.982830000000000155e+02, -2.033079999999999998e+00
8.982999999999999545e+02, 1.600580000000000058e-01
8.983170000000000073e+02, -3.794399999999999995e-01
8.983329999999999700e+02, -2.303049999999999889e-02
8.983500000000000227e+02, 3.710319999999999729e-01
8.983669999999999618e+02, 8.611509999999999998e-01
8.983830000000000382e+02, 3.275270000000000126e-01
8.983999999999999773e+02, 2.654599999999999738e-01
8.984170000000000300e+02, -1.817600000000000104e+00
8.984329999999999927e+02, -5.377309999999999590e-01
8.984500000000000455e+02, 2.150269999999999959e-01
8.984669999999999845e+02, 6.782690000000000108e-01
8.984829999999999472e+02, -3.848499999999999838e-02
8.985000000000000000e+02, 4.070130000000000275e-02
8.985170000000000528e+02, 2.407130000000000103e-01
8.985330000000000155e+02, 5.722300000000000303e-02
8.985499999999999545e+02, 3.025349999999999914e-02
8.985670000000000073e+02, 8.278929999999999900e-01
8.985829999999999700e+02, -1.535789999999999988e+00
8.986000000000000227e+02, -1.227919999999999900e+00
8.986169999999999618e+02, 9.129620000000000513e-01
8.986330000000000382e+02, 7.267770000000000064e-01
8.986499999999999773e+02, 1.016559999999999908e+00
8.986670000000000300e+02, -1.340210000000000012e-01
8.986829999999999927e+02, -1.830200000000000049e+00
8.987000000000000455e+02, -1.256380000000000052e+00
8.987169999999999845e+02, 3.849000000000000199e-01
8.987329999999999472e+02, -6.836039999999999894e-01
8.987500000000000000e+02, 6.160050000000000248e-01
8.987670000000000528e+02, -1.655139999999999945e-01
8.987830000000000155e+02, -7.102709999999999857e-01
8.987999999999999545e+02, -2.025819999999999954e+00
8.988170000000000073e+02, -3.906999999999999917e-01
8.988329999999999700e+02, -3.214159999999999795e-01
8.988500000000000227e+02, 1.003419999999999979e+00
8.988669999999999618e+02, 8.026769999999999738e-01
8.988830000000000382e+02, 4.045520000000000227e-01
8.988999999999999773e+02, 1.878730000000000122e-01
8.989170000000000300e+02, -1.532089999999999952e+00
8.989329999999999927e+02, -2.173760000000000137e+00
8.989500000000000455e+02, -7.612940000000000262e-01
8.989669999999999845e+02, 4.598260000000000125e-01
8.989829999999999472e+02, 1.005039999999999933e+00
8.990000000000000000e+02, 1.799870000000000081e-01
8.990170000000000528e+02, -6.760019999999999918e-01
8.990330000000000155e+02, -9.614549999999999486e-01
8.990499999999999545e+02, 8.716300000000000436e-02
8.990670000000000073e+02, 6.508899999999999686e-01
8.990829999999999700e+02, -7.625800000000000356e-01
8.991000000000000227e+02, 6.997920000000000355e-03
8.991169999999999618e+02, 4.132810000000000095e-01
8.991330000000000382e+02, 2.990650000000000253e-01
8.991499999999999773e+02, 6.469160000000000466e-01
8.991670000000000300e+02, 1.371129999999999960e+00
8.991829999999999927e+02, 1.681929999999999925e+00
8.992000000000000455e+02, 1.341369999999999951e+00
8.992169999999999845e+02, 5.711340000000000305e-01
8.992329999999999472e+02, 9.887139999999999818e-02
8.992500000000000000e+02, -1.362440000000000095e+00
8.992670000000000528e+02, -9.744429999999999481e-01
8.992830000000000155e+02, -1.099220000000000086e+00
8.992999999999999545e+02, -1.197429999999999994e+00
8.993170000000000073e+02, -1.082560000000000050e-01
8.993329999999999700e+02, 5.297880000000000367e-01
8.993500000000000227e+02, 8.634560000000000013e-01
8.993669999999999618e+02, -2.748289999999999900e-01
8.993830000000000382e+02, -3.912909999999999999e-01
8.993999999999999773e+02, 5.088000000000000300e-01
8.994170000000000300e+02, -5.228979999999999739e-01
8.994329999999999927e+02, -2.926349999999999785e-01
8.994500000000000455e+02, -4.879730000000000179e-02
8.994669999999999845e+02, 7.504889999999999617e-01
8.994829999999999472e+02, -4.954169999999999963e-01
8.995000000000000000e+02, 3.698969999999999758e-01
8.995170000000000528e+02, -7.611139999999999572e-01
8.995330000000000155e+02, -9.306879999999999598e-01
8.995499999999999545e+02, 1.100200000000000067e+00
8.995670000000000073e+02, 1.870000000000000107e+00
8.995829999999999700e+02, 7.150440000000000129e-01
8.996000000000000227e+02, 9.737310000000000410e-02
8.996169999999999618e+02, -1.117620000000000002e-01
8.996330000000000382e+02, -8.774590000000000167e-02
8.996499999999999773e+02, -4.021899999999999920e-01
8.996670000000000300e+02, -1.447670000000000012e+00
8.996829999999999927e+02, -6.777600000000000291e-01
8.997000000000000455e+02, -8.923619999999999886e-01
8.997169999999999845e+02, 2.133250000000000077e-02
8.997329999999999472e+02, -5.725160000000000249e-01
8.997500000000000000e+02, 2.721060000000000145e-01
8.997670000000000528e+02, -8.044970000000000176e-01
8.997830000000000155e+02, -6.330200000000000271e-01
8.997999999999999545e+02, 6.698320000000000662e-02
8.998170000000000073e+02, -2.744519999999999738e-01
8.998329999999999700e+02, 5.181369999999999587e-01
8.998500000000000227e+02, 8.206980000000000386e-01
8.998669999999999618e+02, -1.605669999999999875e-01
8.998830000000000382e+02, 1.567069999999999963e+00
8.998999999999999773e+02, 6.522139999999999604e-01
8.999170000000000300e+02, -6.589589999999999614e-01
8.999329999999999927e+02, -3.747599999999999820e-01
8.999500000000000455e+02, -5.047580000000000400e-01
8.999669999999999845e+02, -6.755700000000000038e-01
8.999829999999999472e+02, 5.010480000000000489e-01
9.000000000000000000e+02, 1.046580000000000066e+00
9.000170000000000528e+02, 7.870660000000000434e-01
9.000330000000000155e+02, 3.730180000000000162e-01
9.000499999999999545e+02, 7.068410000000000526e-01
9.000670000000000073e+02, -5.128810000000000313e-01
9.000829999999999700e+02, 1.105239999999999972e-01
9.001000000000000227e+02, -5.913429999999999520e-01
9.001169999999999618e+02, -1.061109999999999998e+00
9.001330000000000382e+02, -6.635050000000000114e-01
9.001499999999999773e+02, 2.719799999999999995e-01
9.001670000000000300e+02, -5.451940000000000388e-04
9.001829999999999927e+02, -3.606670000000000154e-01
9.002000000000000455e+02, -3.965489999999999848e-01
9.002169999999999845e+02, -3.682250000000000245e-01
9.002329999999999472e+02, -2.314900000000000013e-01
9.002500000000000000e+02, -4.387349999999999861e-01
9.002670000000000528e+02, -6.876909999999999967e-02
9.002830000000000155e+02, 8.542539999999999578e-01
9.002999999999999545e+02, 9.988229999999999331e-02
9.003170000000000073e+02, 7.890319999999999556e-01
9.003329999999999700e+02, 7.993980000000000530e-01
9.003500000000000227e+02, -3.873619999999999841e-01
9.003669999999999618e+02, -1.024380000000000068e+00
9.003830000000000382e+02, 1.432390000000000052e-01
9.003999999999999773e+02, -3.167980000000000240e-01
9.004170000000000300e+02, 1.800910000000000011e+00
9.004329999999999927e+02, -3.354019999999999779e-01
9.004500000000000455e+02, -4.166070000000000051e-01
9.004669999999999845e+02, 5.538009999999999877e-01
9.004829999999999472e+02, -2.994120000000000115e-01
9.005000000000000000e+02, 3.179690000000000016e-01
9.005170000000000528e+02, 8.832069999999999643e-01
9.005330000000000155e+02, -1.933310000000000028e-01
9.005499999999999545e+02, -1.024040000000000061e+00
9.005670000000000073e+02, -1.046809999999999963e-01
9.005829999999999700e+02, 4.204459999999999864e-01
9.006000000000000227e+02, -4.982770000000000254e-01
9.006169999999999618e+02, -1.167359999999999953e+00
9.006330000000000382e+02, -6.842869999999999786e-01
9.006499999999999773e+02, -9.072980000000000489e-01
9.006670000000000300e+02, 4.079349999999999921e-01
9.006829999999999927e+02, 5.132039999999999935e-01
9.007000000000000455e+02, -7.361849999999999783e-01
9.007169999999999845e+02, 2.791290000000000160e-01
9.007329999999999472e+02, 5.394320000000000226e-01
9.007500000000000000e+02, -1.084719999999999906e+00
9.007670000000000528e+02, 2.095660000000000023e-01
9.007830000000000155e+02, -1.588540000000000063e+00
9.007999999999999545e+02, -4.136319999999999997e-01
9.008170000000000073e+02, 3.337189999999999879e-01
9.008329999999999700e+02, 1.529519999999999991e+00
9.008500000000000227e+02, 1.250329999999999941e+00
9.008669999999999618e+02, 1.141240000000000032e-01
9.008830000000000382e+02, 4.551259999999999750e-01
9.008999999999999773e+02, -1.841720000000000024e-01
9.009170000000000300e+02, -1.307750000000000024e-01
9.009329999999999927e+02, 8.524000000000000465e-01
9.009500000000000455e+02, 2.485130000000000117e-01
9.009669999999999845e+02, -3.967820000000000236e-01
9.009829999999999472e+02, 8.434160000000000545e-01
9.010000000000000000e+02, -2.943779999999999730e-01
9.010170000000000528e+02, -3.628560000000000119e-01
9.010330000000000155e+02, 6.011189999999999589e-01
9.010499999999999545e+02, -5.688429999999999875e-01
9.010670000000000073e+02, 4.232299999999999951e-01
9.010829999999999700e+02, 5.941189999999999527e-01
9.011000000000000227e+02, -1.146369999999999889e+00
9.011169999999999618e+02, -4.867049999999999987e-01
9.011330000000000382e+02, 6.718750000000000000e-01
9.011499999999999773e+02, 1.314259999999999984e+00
9.011670000000000300e+02, 1.679640000000000022e-01
9.011829999999999927e+02, 6.646520000000000206e-01
9.012000000000000455e+02, 9.167199999999999793e-01
9.012169999999999845e+02, 5.239249999999999741e-01
9.012329999999999472e+02, -1.294249999999999901e+00
9.012500000000000000e+02, -6.387199999999999545e-01
9.012670000000000528e+02, 1.348910000000000109e-01
9.012830000000000155e+02, -2.225330000000000086e-01
9.012999999999999545e+02, -9.772129999999999983e-01
9.013170000000000073e+02, -4.481120000000000103e-01
9.013329999999999700e+02, 7.106689999999999952e-01
9.013500000000000227e+02, 4.842359999999999998e-01
9.013669999999999618e+02, 2.048119999999999941e-01
9.013830000000000382e+02, -1.384450000000000125e-01
9.013999999999999773e+02, -1.977190000000000059e-01
9.014170000000000300e+02, -4.126569999999999960e-01
9.014329999999999927e+02, -1.179489999999999927e+00
9.014500000000000455e+02, -5.956700000000000328e-01
9.014669999999999845e+02, -6.287960000000000216e-01
9.014829999999999472e+02, -2.136270000000000113e-01
9.015000000000000000e+02, 1.300440000000000040e+00
9.015170000000000528e+02, 7.532590000000000119e-02
9.015330000000000155e+02, -1.190139999999999976e+00
9.015499999999999545e+02, -1.880319999999999991e+00
9.015670000000000073e+02, -4.878839999999999844e-01
9.015829999999999700e+02, -1.006129999999999969e+00
9.016000000000000227e+02, 8.901769999999999960e-01
9.016169999999999618e+02, 5.974909999999999943e-01
9.016330000000000382e+02, -1.329020000000000090e+00
9.016499999999999773e+02, -1.164130000000000026e-01
9.016670000000000300e+02, 4.516620000000000079e-01
9.016829999999999927e+02, 3.369269999999999765e-01
9.017000000000000455e+02, -4.013240000000000141e-01
9.017169999999999845e+02, -5.964649999999999813e-02
9.017329999999999472e+02, -4.515950000000000242e-01
9.017500000000000000e+02, -2.871699999999999947e-02
9.017670000000000528e+02, 9.014039999999999830e-01
9.017830000000000155e+02, -9.190439999999999721e-02
9.017999999999999545e+02, 1.835240000000000135e-04
9.018170000000000073e+02, 1.419859999999999900e+00
9.018329999999999700e+02, 8.808120000000000394e-01
9.018500000000000227e+02, 1.187880000000000047e+00
9.018669999999999618e+02, -2.780409999999999826e-01
9.018830000000000382e+02, -2.190510000000000179e+00
9.018999999999999773e+02, 2.870289999999999786e-01
9.019170000000000300e+02, 5.780520000000000103e-01
9.019329999999999927e+02, 2.515359999999999818e-01
9.019500000000000455e+02, 1.795839999999999936e-01
9.019669999999999845e+02, 1.410540000000000127e-01
9.019829999999999472e+02, 1.301020000000000065e+00
9.020000000000000000e+02, 3.645329999999999959e-01
9.020170000000000528e+02, 6.931410000000000071e-01
9.020330000000000155e+02, -1.272790000000000088e+00
9.020499999999999545e+02, -8.374850000000000350e-01
9.020670000000000073e+02, 5.590190000000000436e-01
9.020829999999999700e+02, -1.078650000000000109e+00
9.021000000000000227e+02, -4.981990000000000030e-01
9.021169999999999618e+02, 3.365580000000000238e-01
9.021330000000000382e+02, 1.163219999999999921e+00
9.021499999999999773e+02, 3.501870000000000260e-01
9.021670000000000300e+02, 1.522520000000000095e+00
9.021829999999999927e+02, 1.899189999999999934e+00
9.022000000000000455e+02, -1.391139999999999877e-01
9.022169999999999845e+02, 8.462809999999999777e-02
9.022329999999999472e+02, -2.667009999999999867e-02
9.022500000000000000e+02, 3.745629999999999793e-01
9.022670000000000528e+02, -7.846079999999999721e-01
9.022830000000000155e+02, -9.954690000000000483e-01
9.022999999999999545e+02, -1.052229999999999999e+00
9.023170000000000073e+02, -7.323709999999999942e-01
9.023329999999999700e+02, 9.691629999999999967e-01
9.023500000000000227e+02, 1.291660000000000030e+00
9.023669999999999618e+02, -7.924759999999999582e-01
9.023830000000000382e+02, -7.519510000000000360e-01
9.023999999999999773e+02, -1.620449999999999946e+00
9.024170000000000300e+02, 5.760840000000000405e-01
9.024329999999999927e+02, -6.573329999999999451e-01
9.024500000000000455e+02, 1.893599999999999950e+00
9.024669999999999845e+02, -6.394090000000000051e-01
9.024829999999999472e+02, -6.399719999999999853e-01
9.025000000000000000e+02, -3.096949999999999981e-01
9.025170000000000528e+02, -1.664600000000000080e+00
9.025330000000000155e+02, 1.562070000000000070e+00
9.025499999999999545e+02, 2.628150000000000208e-01
9.025670000000000073e+02, -5.745879999999999876e-01
9.025829999999999700e+02, 3.905799999999999828e-01
9.026000000000000227e+02, -7.571670000000000345e-01
9.026169999999999618e+02, -8.707439999999999625e-02
9.026330000000000382e+02, -7.516929999999999445e-01
9.026499999999999773e+02, -3.769419999999999889e-03
9.026670000000000300e+02, 3.986959999999999948e-01
9.026829999999999927e+02, -1.986759999999999915e-01
9.027000000000000455e+02, 2.299580000000000179e+00
9.027169999999999845e+02, -2.394969999999999877e-01
9.027329999999999472e+02, -4.839820000000000233e-01
9.027500000000000000e+02, -1.691249999999999920e+00
9.027670000000000528e+02, 3.899090000000000056e-01
9.027830000000000155e+02, 1.425030000000000019e+00
9.027999999999999545e+02, 1.367119999999999891e+00
9.028170000000000073e+02, 1.686749999999999972e+00
9.028329999999999700e+02, -1.444190000000000085e+00
9.028500000000000227e+02, 7.041110000000000424e-01
9.028669999999999618e+02, 1.088240000000000096e+00
9.028830000000000382e+02, 5.166269999999999474e-01
9.028999999999999773e+02, 1.245020000000000016e+00
9.029170000000000300e+02, 1.915540000000000020e-01
9.029329999999999927e+02, -1.823430000000000051e-01
9.029500000000000455e+02, 6.409219999999999917e-01
9.029669999999999845e+02, 5.133379999999999888e-02
9.029829999999999472e+02, 3.034320000000000073e-02
9.030000000000000000e+02, 7.213500000000000467e-01
9.030170000000000528e+02, -3.234630000000000005e-01
9.030330000000000155e+02, -1.159379999999999994e-01
9.030499999999999545e+02, 5.046230000000000437e-01
9.030670000000000073e+02, -1.157119999999999954e-01
9.030829999999999700e+02, 3.325230000000000130e-01
9.031000000000000227e+02, 1.384239999999999915e+00
9.031169999999999618e+02, 3.410070000000000046e-01
9.031330000000000382e+02, -2.118240000000000123e+00
9.031499999999999773e+02, -1.903410000000000102e-01
9.031670000000000300e+02, -7.596640000000000059e-01
9.031829999999999927e+02, -8.325529999999999875e-01
9.032000000000000455e+02, 7.264040000000000497e-01
9.032169999999999845e+02, 6.981020000000000003e-01
9.032329999999999472e+02, 7.336639999999999828e-01
9.032500000000000000e+02, 6.140240000000000142e-01
9.032670000000000528e+02, 1.047120000000000051e+00
9.032830000000000155e+02, 8.064320000000000377e-01
9.032999999999999545e+02, 3.466389999999999749e-02
9.033170000000000073e+02, -7.209619999999999918e-01
9.033329999999999700e+02, -4.928239999999999704e-02
9.033500000000000227e+02, 6.225530000000000230e-01
9.033669999999999618e+02, -1.116240000000000010e-01
9.033830000000000382e+02, 7.434819999999999762e-01
9.033999999999999773e+02, 5.527149999999999563e-01
9.034170000000000300e+02, 2.597900000000000209e-01
9.034329999999999927e+02, -7.153770000000000406e-01
9.034500000000000455e+02, -1.952939999999999954e-01
9.034669999999999845e+02, -6.092899999999999983e-01
9.034829999999999472e+02, -4.701509999999999856e-01
9.035000000000000000e+02, -1.154349999999999987e+00
9.035170000000000528e+02, -1.174120000000000053e+00
9.035330000000000155e+02, -2.091729999999999978e-01
9.035499999999999545e+02, 1.424849999999999950e+00
9.035670000000000073e+02, -3.679959999999999898e-01
9.035829999999999700e+02, -1.326390000000000069e-01
9.036000000000000227e+02, 5.085380000000000456e-01
9.036169999999999618e+02, -1.385059999999999958e+00
9.036330000000000382e+02, -7.404319999999999791e-01
9.036499999999999773e+02, -1.235389999999999988e+00
9.036670000000000300e+02, -4.665440000000000142e-01
9.036829999999999927e+02, 3.020619999999999972e-01
9.037000000000000455e+02, 2.082129999999999814e+00
9.037169999999999845e+02, 3.088130000000000042e-01
9.037329999999999472e+02, -1.144179999999999975e+00
9.037500000000000000e+02, 1.360580000000000123e-01
9.037670000000000528e+02, 3.635959999999999748e-01
9.037830000000000155e+02, -4.804579999999999962e-01
9.037999999999999545e+02, 1.158039999999999958e+00
9.038170000000000073e+02, 2.160209999999999908e-01
9.038329999999999700e+02, 1.154809999999999892e+00
9.038500000000000227e+02, 3.472850000000000104e-01
9.038669999999999618e+02, 7.533509999999999929e-01
9.038830000000000382e+02, -6.609450000000000047e-01
9.038999999999999773e+02, 3.442209999999999714e-02
9.039170000000000300e+02, -8.222129999999999717e-01
9.039329999999999927e+02, 1.539979999999999960e-01
9.039500000000000455e+02, 9.183580000000000076e-01
9.039669999999999845e+02, 5.273069999999999702e-01
9.039829999999999472e+02, 9.512670000000000847e-03
9.040000000000000000e+02, -1.580489999999999950e+00
9.040170000000000528e+02, -1.211640000000000050e+00
9.040330000000000155e+02, -9.347429999999999906e-01
9.040499999999999545e+02, 9.376229999999999842e-01
9.040670000000000073e+02, -1.354650000000000021e-01
9.040829999999999700e+02, -6.180520000000000458e-01
9.041000000000000227e+02, -4.211960000000000148e-01
9.041169999999999618e+02, -2.308610000000000106e-01
9.041330000000000382e+02, -6.529580000000000384e-01
9.041499999999999773e+02, -5.130310000000000148e-01
9.041670000000000300e+02, 3.062849999999999739e-01
9.041829999999999927e+02, -6.361079999999999512e-02
9.042000000000000455e+02, 4.400519999999999987e-01
9.042169999999999845e+02, 1.261510000000000131e-01
9.042329999999999472e+02, -1.523339999999999937e-02
9.042500000000000000e+02, -1.674760000000000026e+00
9.042670000000000528e+02, -2.236269999999999925e-01
9.042830000000000155e+02, -8.290570000000000439e-01
9.042999999999999545e+02, -1.019449999999999967e+00
9.043170000000000073e+02, 1.123310000000000003e-01
9.043329999999999700e+02, 3.031980000000000230e-01
9.043500000000000227e+02, -2.269240000000000146e-02
9.043669999999999618e+02, -2.045619999999999994e+00
9.043830000000000382e+02, -8.554829999999999934e-01
9.043999999999999773e+02, -9.585430000000000339e-01
9.044170000000000300e+02, 2.334490000000000176e+00
9.044329999999999927e+02, 1.434050000000000047e+00
9.044500000000000455e+02, 1.998040000000000038e+00
9.044669999999999845e+02, -4.575099999999999723e-01
9.044829999999999472e+02, 7.240020000000000344e-01
9.045000000000000000e+02, -3.263599999999999834e-01
9.045170000000000528e+02, -3.218579999999999774e-01
9.045330000000000155e+02, -4.964129999999999932e-01
9.045499999999999545e+02, -1.359259999999999913e+00
9.045670000000000073e+02, 7.702999999999999847e-01
9.045829999999999700e+02, -6.078200000000000269e-01
9.046000000000000227e+02, 3.216709999999999708e-02
9.046169999999999618e+02, -1.394859999999999989e+00
9.046330000000000382e+02, 4.080019999999999758e-01
9.046499999999999773e+02, -2.802879999999999816e-01
9.046670000000000300e+02, -5.757609999999999673e-01
9.046829999999999927e+02, -6.871380000000000543e-02
9.047000000000000455e+02, 6.771369999999999889e-01
9.047169999999999845e+02, 7.467329999999999801e-01
9.047329999999999472e+02, -1.542270000000000030e-01
9.047500000000000000e+02, 7.517270000000000341e-01
9.047670000000000528e+02, 5.423229999999999718e-02
9.047830000000000155e+02, -6.779070000000000373e-01
9.047999999999999545e+02, 1.071040000000000048e-01
9.048170000000000073e+02, -4.841010000000000035e-01
9.048329999999999700e+02, 9.804040000000000532e-01
9.048500000000000227e+02, -2.041600000000000081e-01
9.048669999999999618e+02, 1.060760000000000036e-01
9.048830000000000382e+02, -1.031430000000000069e+00
9.048999999999999773e+02, -2.737809999999999966e-01
9.049170000000000300e+02, 4.764729999999999799e-01
9.049329999999999927e+02, 1.908930000000000016e+00
9.049500000000000455e+02, -3.454800000000000093e-01
9.049669999999999845e+02, 9.441680000000000073e-01
9.049829999999999472e+02, 5.200960000000000027e-01
9.050000000000000000e+02, 9.677210000000000534e-01
9.050170000000000528e+02, -1.211209999999999898e+00
9.050330000000000155e+02, -8.142030000000000101e-01
9.050499999999999545e+02, -1.379269999999999996e+00
9.050670000000000073e+02, 3.531980000000000119e-01
9.050829999999999700e+02, -4.124099999999999988e-01
9.051000000000000227e+02, 9.583150000000000279e-01
9.051169999999999618e+02, -2.808050000000000268e-01
9.051330000000000382e+02, 6.828530000000000433e-01
9.051499999999999773e+02, -7.425939999999999763e-01
9.051670000000000300e+02, -2.836600000000000232e-01
9.051829999999999927e+02, 2.426979999999999971e-01
9.052000000000000455e+02, -1.629410000000000025e+00
9.052169999999999845e+02, -8.362290000000000001e-01
9.052329999999999472e+02, -1.236040000000000055e-01
9.052500000000000000e+02, 1.953409999999999869e-01
9.052670000000000528e+02, -1.012580000000000008e-01
9.052830000000000155e+02, -1.568009999999999959e-01
9.052999999999999545e+02, -7.767690000000000428e-01
9.053170000000000073e+02, -8.197729999999999739e-01
9.053329999999999700e+02, -5.213799999999999546e-01
9.053500000000000227e+02, 5.178829999999999822e-01
9.053669999999999618e+02, -2.561930000000000041e-01
9.053830000000000382e+02, -1.167730000000000018e-01
9.053999999999999773e+02, -8.243009999999999504e-01
9.054170000000000300e+02, 6.872470000000000523e-01
9.054329999999999927e+02, 5.545039999999999969e-01
9.054500000000000455e+02, -1.012219999999999898e+00
9.054669999999999845e+02, 8.607280000000000486e-01
9.054829999999999472e+02, -4.317010000000000014e-01
9.055000000000000000e+02, 2.603889999999999816e-01
9.055170000000000528e+02, 1.384249999999999980e+00
9.055330000000000155e+02, 1.769830000000000014e+00
9.055499999999999545e+02, 7.502889999999999837e-01
9.055670000000000073e+02, 1.620740000000000069e+00
9.055829999999999700e+02, 1.103089999999999904e+00
9.056000000000000227e+02, -4.150099999999999900e-01
9.056169999999999618e+02, -2.071769999999999889e+00
9.056330000000000382e+02, -5.235220000000000429e-01
9.056499999999999773e+02, -6.888919999999999766e-02
9.056670000000000300e+02, -3.652259999999999951e-01
9.056829999999999927e+02, 4.913590000000000318e-02
9.057000000000000455e+02, 4.784539999999999904e-01
9.057169999999999845e+02, 3.299920000000000075e-01
9.057329999999999472e+02, 8.549940000000000317e-01
9.057500000000000000e+02, 4.535699999999999732e-01
9.057670000000000528e+02, 4.297200000000000325e-02
9.057830000000000155e+02, -3.248599999999999821e-01
9.057999999999999545e+02, 5.246990000000000265e-01
9.058170000000000073e+02, -3.669700000000000184e-01
9.058329999999999700e+02, -5.995000000000000329e-01
9.058500000000000227e+02, -3.968180000000000318e-02
9.058669999999999618e+02, -8.544720000000000093e-01
9.058830000000000382e+02, 1.023859999999999992e+00
9.058999999999999773e+02, -3.244920000000000027e-01
9.059170000000000300e+02, -3.613419999999999965e-01
9.059329999999999927e+02, -2.487709999999999921e-01
9.059500000000000455e+02, -4.388929999999999776e-01
9.059669999999999845e+02, 6.211510000000000087e-01
9.059829999999999472e+02, 3.919130000000000114e-01
9.060000000000000000e+02, 1.820829999999999949e-01
9.060170000000000528e+02, 1.389859999999999984e-01
9.060330000000000155e+02, 6.144810000000000549e-01
9.060499999999999545e+02, -3.400870000000000282e-02
9.060670000000000073e+02, 1.069999999999999979e-01
9.060829999999999700e+02, -5.918189999999999840e-01
9.061000000000000227e+02, -1.665600000000000136e-01
9.061169999999999618e+02, 2.189779999999999852e-02
9.061330000000000382e+02, -6.120090000000000252e-01
9.061499999999999773e+02, 1.421659999999999924e+00
9.061670000000000300e+02, -8.062770000000000215e-01
9.061829999999999927e+02, 6.623320000000000318e-01
9.062000000000000455e+02, 1.550680000000000058e+00
9.062169999999999845e+02, -8.043500000000000094e-01
9.062329999999999472e+02, -7.252349999999999630e-01
9.062500000000000000e+02, 7.867399999999999949e-01
9.062670000000000528e+02, -8.577659999999999452e-02
9.062830000000000155e+02, 4.113060000000000049e-01
9.062999999999999545e+02, 4.642800000000000260e-01
9.063170000000000073e+02, -3.870790000000000064e-01
9.063329999999999700e+02, -7.022739999999999538e-01
9.063500000000000227e+02, 3.653440000000000021e-01
9.063669999999999618e+02, 1.318470000000000031e+00
9.063830000000000382e+02, 2.369100000000000095e-01
9.063999999999999773e+02, 3.405549999999999966e-01
9.064170000000000300e+02, 2.718090000000000228e-01
9.064329999999999927e+02, -7.456610000000000182e-01
9.064500000000000455e+02, 5.157939999999999747e-01
9.064669999999999845e+02, -9.033529999999999616e-01
9.064829999999999472e+02, -5.137749999999999817e-01
9.065000000000000000e+02, -1.576200000000000045e+00
9.065170000000000528e+02, 1.533900000000000041e+00
9.065330000000000155e+02, -8.232549999999999590e-01
9.065499999999999545e+02, -1.215929999999999955e+00
9.065670000000000073e+02, -1.083860000000000046e+00
9.065829999999999700e+02, 1.134629999999999944e-01
9.066000000000000227e+02, -2.451570000000000138e-01
9.066169999999999618e+02, 8.423800000000000177e-01
9.066330000000000382e+02, 3.581690000000000151e-01
9.066499999999999773e+02, 1.335679999999999978e+00
9.066670000000000300e+02, 1.937240000000000073e-01
9.066829999999999927e+02, 1.676749999999999963e+00
9.067000000000000455e+02, 4.771230000000000193e-01
9.067169999999999845e+02, 4.744929999999999981e-01
9.067329999999999472e+02, -4.339700000000000224e-01
9.067500000000000000e+02, 1.300389999999999879e-01
9.067670000000000528e+02, 6.994129999999999514e-01
9.067830000000000155e+02, 1.099170000000000008e-01
9.067999999999999545e+02, -7.127580000000000027e-01
9.068170000000000073e+02, 6.872500000000000275e-01
9.068329999999999700e+02, 1.104970000000000008e+00
9.068500000000000227e+02, 8.003710000000000546e-01
9.068669999999999618e+02, -8.456519999999999593e-01
9.068830000000000382e+02, -1.102640000000000065e+00
9.068999999999999773e+02, -4.562610000000000277e-01
9.069170000000000300e+02, 1.260969999999999924e+00
9.069329999999999927e+02, 8.868479999999999697e-01
9.069500000000000455e+02, 1.398600000000000121e-01
9.069669999999999845e+02, 1.547979999999999912e-01
9.069829999999999472e+02, 2.778349999999999986e-01
9.070000000000000000e+02, 1.317480000000000040e-01
9.070170000000000528e+02, -3.171309999999999962e-01
9.070330000000000155e+02, -3.498279999999999723e-01
9.070499999999999545e+02, 5.277770000000000516e-01
9.070670000000000073e+02, 7.748779999999999557e-01
9.070829999999999700e+02, 3.893240000000000034e-01
9.071000000000000227e+02, -6.230900000000000327e-01
9.071169999999999618e+02, -6.274659999999999682e-01
9.071330000000000382e+02, -7.345329999999999915e-01
9.071499999999999773e+02, -1.564389999999999947e-01
9.071670000000000300e+02, 1.834270000000000067e+00
9.071829999999999927e+02, -2.840420000000000184e-03
9.072000000000000455e+02, 3.521509999999999918e-01
9.072169999999999845e+02, 6.259040000000000159e-01
9.072329999999999472e+02, 2.724829999999999752e-01
9.072500000000000000e+02, 7.275230000000000308e-01
9.072670000000000528e+02, 1.748339999999999964e-02
9.072830000000000155e+02, -1.871950000000000003e+00
9.072999999999999545e+02, 6.149040000000000061e-02
9.073170000000000073e+02, 8.702550000000000008e-01
9.073329999999999700e+02, -8.317149999999999543e-02
9.073500000000000227e+02, 8.262279999999999625e-01
9.073669999999999618e+02, 9.927139999999999853e-01
9.073830000000000382e+02, 1.432949999999999946e+00
9.073999999999999773e+02, 1.528100000000000014e+00
9.074170000000000300e+02, 3.829690000000000039e-01
9.074329999999999927e+02, -3.688670000000000004e-01
9.074500000000000455e+02, -5.162120000000000042e-01
9.074669999999999845e+02, -1.596670000000000034e+00
9.074829999999999472e+02, -1.074410000000000087e+00
9.075000000000000000e+02, -6.147810000000000219e-01
9.075170000000000528e+02, -1.328469999999999929e-01
9.075330000000000155e+02, 2.662889999999999979e-01
9.075499999999999545e+02, -1.989970000000000072e-01
9.075670000000000073e+02, 5.358549999999999702e-01
9.075829999999999700e+02, 3.031649999999999970e-02
9.076000000000000227e+02, 1.192390000000000061e+00
9.076169999999999618e+02, -9.565529999999999866e-02
9.076330000000000382e+02, 5.267209999999999948e-01
9.076499999999999773e+02, 3.295580000000000176e-01
9.076670000000000300e+02, -3.970710000000000073e-01
9.076829999999999927e+02, 8.699710000000000498e-01
9.077000000000000455e+02, -2.295590000000000130e-01
9.077169999999999845e+02, 2.435720000000000107e-01
9.077329999999999472e+02, -1.059409999999999963e+00
9.077500000000000000e+02, -7.591200000000000170e-01
9.077670000000000528e+02, 2.777530000000000276e-01
9.077830000000000155e+02, 1.172339999999999938e+00
9.077999999999999545e+02, 8.531950000000000367e-01
9.078170000000000073e+02, 4.302920000000000009e-03
9.078329999999999700e+02, -1.934730000000000061e+00
9.078500000000000227e+02, -1.126139999999999919e+00
9.078669999999999618e+02, 1.050980000000000025e+00
9.078830000000000382e+02, 5.109500000000000153e-01
9.078999999999999773e+02, 3.768989999999999840e-01
9.079170000000000300e+02, 1.204180000000000028e+00
9.079329999999999927e+02, -1.381169999999999967e-02
9.079500000000000455e+02, -3.652770000000000183e-01
9.079669999999999845e+02, -8.819160000000000332e-01
9.079829999999999472e+02, -4.488559999999999772e-01
9.080000000000000000e+02, 1.207540000000000058e+00
9.080170000000000528e+02, 1.287349999999999994e+00
9.080330000000000155e+02, -5.984690000000000287e-01
9.080499999999999545e+02, -1.508740000000000081e-01
9.080670000000000073e+02, 5.531030000000000113e-01
9.080829999999999700e+02, 4.394419999999999993e-01
9.081000000000000227e+02, -5.840020000000000211e-01
9.081169999999999618e+02, 8.169070000000000498e-01
9.081330000000000382e+02, 6.014590000000000214e-02
9.081499999999999773e+02, 8.563260000000000316e-01
9.081670000000000300e+02, -7.018830000000000346e-01
9.081829999999999927e+02, -3.028239999999999821e-01
9.082000000000000455e+02, 1.920469999999999955e-01
9.082169999999999845e+02, -1.606149999999999967e+00
9.082329999999999472e+02, -2.442989999999999884e-01
9.082500000000000000e+02, 1.321050000000000058e+00
9.082670000000000528e+02, -3.091909999999999936e-01
9.082830000000000155e+02, 4.877710000000000101e-01
9.082999999999999545e+02, 1.248529999999999918e+00
9.083170000000000073e+02, 1.069509999999999961e+00
9.083329999999999700e+02, -5.934599999999999875e-01
9.083500000000000227e+02, -3.722730000000000206e-01
9.083669999999999618e+02, -7.560219999999999441e-02
9.083830000000000382e+02, 2.949620000000000020e-01
9.083999999999999773e+02, 4.294799999999999729e-01
9.084170000000000300e+02, 5.656839999999999646e-01
9.084329999999999927e+02, 1.083810000000000051e-01
9.084500000000000455e+02, 7.785360000000000058e-01
9.084669999999999845e+02, -5.319199999999999484e-01
9.084829999999999472e+02, 3.863650000000000140e-01
9.085000000000000000e+02, 1.841509999999999980e+00
9.085170000000000528e+02, -7.433599999999999930e-02
9.085330000000000155e+02, -6.925700000000000189e-01
9.085499999999999545e+02, -9.184940000000000326e-01
9.085670000000000073e+02, -2.060309999999999919e-01
9.085829999999999700e+02, -3.529229999999999867e-01
9.086000000000000227e+02, -3.868179999999999952e-01
9.086169999999999618e+02, -1.135099999999999998e+00
9.086330000000000382e+02, 2.223829999999999973e-01
9.086499999999999773e+02, 6.876160000000000050e-01
9.086670000000000300e+02, 4.166329999999999756e-01
9.086829999999999927e+02, 1.311050000000000049e+00
9.087000000000000455e+02, -2.148029999999999939e-01
9.087169999999999845e+02, -2.150880000000000014e-01
9.087329999999999472e+02, -4.196570000000000022e-01
9.087500000000000000e+02, 6.579730000000000301e-01
9.087670000000000528e+02, 1.800370000000000026e+00
9.087830000000000155e+02, -4.142870000000000164e-01
9.087999999999999545e+02, -9.724810000000000398e-01
9.088170000000000073e+02, -3.719649999999999901e-01
9.088329999999999700e+02, 4.197159999999999780e-01
9.088500000000000227e+02, -6.437119999999999509e-01
9.088669999999999618e+02, 1.890209999999999946e+00
9.088830000000000382e+02, 2.793910000000000005e-01
9.088999999999999773e+02, -2.637869999999999937e-01
9.089170000000000300e+02, -2.810759999999999925e-01
9.089329999999999927e+02, -1.311219999999999886e-01
9.089500000000000455e+02, 1.016199999999999992e+00
9.089669999999999845e+02, 1.225899999999999990e+00
9.089829999999999472e+02, -3.237450000000000050e-01
9.090000000000000000e+02, -6.964000000000000190e-01
9.090170000000000528e+02, -1.310659999999999936e+00
9.090330000000000155e+02, -9.036129999999999995e-01
9.090499999999999545e+02, -1.588970000000000105e-01
9.090670000000000073e+02, -5.411909999999999776e-01
9.090829999999999700e+02, 1.152830000000000021e+00
9.091000000000000227e+02, -2.084869999999999952e-03
9.091169999999999618e+02, 1.161879999999999996e-01
9.091330000000000382e+02, 1.322459999999999969e+00
9.091499999999999773e+02, 1.453540000000000054e+00
9.091670000000000300e+02, 1.246680000000000010e+00
9.091829999999999927e+02, 5.205180000000000362e-01
9.092000000000000455e+02, -9.303060000000000496e-02
9.092169999999999845e+02, -1.031989999999999963e+00
9.092329999999999472e+02, -1.694919999999999982e+00
9.092500000000000000e+02, -6.294700000000000295e-02
9.092670000000000528e+02, -7.444809999999999484e-01
9.092830000000000155e+02, 1.589639999999999942e-01
9.092999999999999545e+02, -5.323550000000000226e-01
9.093170000000000073e+02, -1.691340000000000066e+00
9.093329999999999700e+02, -7.959180000000000144e-01
9.093500000000000227e+02, 6.791409999999999947e-01
9.093669999999999618e+02, 1.798420000000000019e-01
9.093830000000000382e+02, 1.733159999999999978e-01
9.093999999999999773e+02, 1.775309999999999944e+00
9.094170000000000300e+02, 1.269539999999999891e+00
9.094329999999999927e+02, 1.040969999999999951e-01
9.094500000000000455e+02, -5.197509999999999630e-01
9.094669999999999845e+02, -1.599239999999999995e+00
9.094829999999999472e+02, 1.349480000000000124e-01
9.095000000000000000e+02, 5.213020000000000431e-01
9.095170000000000528e+02, 5.274639999999999884e-02
9.095330000000000155e+02, -4.515910000000000202e-01
9.095499999999999545e+02, 1.264289999999999914e+00
9.095670000000000073e+02, 7.256299999999999972e-01
9.095829999999999700e+02, -1.317020000000000135e-01
9.096000000000000227e+02, 2.666479999999999961e-01
9.096169999999999618e+02, -9.731249999999999623e-02
9.096330000000000382e+02, -2.680540000000000145e-01
9.096499999999999773e+02, 6.688579999999999526e-01
9.096670000000000300e+02, 1.911429999999999962e+00
9.096829999999999927e+02, 5.871330000000000299e-02
9.097000000000000455e+02, -7.664980000000000404e-02
9.097169999999999845e+02, -4.093669999999999809e-01
9.097329999999999472e+02, -1.261889999999999956e+00
9.097500000000000000e+02, 9.857339999999999991e-01
9.097670000000000528e+02, -6.438239999999999519e-01
9.097830000000000155e+02, -1.556380000000000097e+00
9.097999999999999545e+02, -9.009500000000000286e-01
9.098170000000000073e+02, -2.072119999999999962e+00
9.098329999999999700e+02, -8.775969999999999605e-01
9.098500000000000227e+02, -6.718969999999999665e-01
9.098669999999999618e+02, -9.310380000000000322e-01
9.098830000000000382e+02, -1.447549999999999892e+00
9.098999999999999773e+02, -6.612749999999999462e-01
9.099170000000000300e+02, -1.713979999999999948e-01
9.099329999999999927e+02, 1.585909999999999931e+00
9.099500000000000455e+02, 1.579919999999999991e+00
9.099669999999999845e+02, 5.872129999999999850e-01
9.099829999999999472e+02, -9.833520000000000039e-01
9.100000000000000000e+02, -7.103690000000000004e-02
9.100170000000000528e+02, -2.277639999999999942e-01
9.100330000000000155e+02, 4.548350000000000309e-02
9.100499999999999545e+02, 4.424839999999999884e-01
9.100670000000000073e+02, 7.171339999999999659e-02
9.100829999999999700e+02, -1.697699999999999987e+00
9.101000000000000227e+02, 2.065140000000000031e-01
9.101169999999999618e+02, -1.673280000000000045e-01
9.101330000000000382e+02, 3.224119999999999764e-01
9.101499999999999773e+02, -7.787749999999999950e-01
9.101670000000000300e+02, -2.411329999999999862e-01
9.101829999999999927e+02, 7.299799999999999345e-02
9.102000000000000455e+02, 4.242049999999999987e-01
9.102169999999999845e+02, 1.085860000000000047e+00
9.102329999999999472e+02, -1.371030000000000026e-01
9.102500000000000000e+02, -1.536589999999999900e+00
9.102670000000000528e+02, -5.705350000000000144e-01
9.102830000000000155e+02, -3.894549999999999956e-01
9.102999999999999545e+02, 5.549570000000000336e-01
9.103170000000000073e+02, -9.444339999999999957e-01
9.103329999999999700e+02, 6.973599999999999938e-03
9.103500000000000227e+02, 2.448059999999999958e-01
9.103669999999999618e+02, -5.916670000000000262e-02
9.103830000000000382e+02, 4.839019999999999988e-01
9.103999999999999773e+02, 7.837460000000000537e-01
9.104170000000000300e+02, -1.159899999999999959e-01
9.104329999999999927e+02, 5.931189999999999518e-01
9.104500000000000455e+02, 6.623419999999999863e-01
9.104669999999999845e+02, -1.017789999999999973e+00
9.104829999999999472e+02, -1.628430000000000044e+00
9.105000000000000000e+02, 9.779360000000000275e-01
9.105170000000000528e+02, 1.917629999999999946e+00
9.105330000000000155e+02, 8.042350000000000332e-01
9.105499999999999545e+02, -4.827540000000000164e-01
9.105670000000000073e+02, -6.959009999999999918e-01
9.105829999999999700e+02, 7.865689999999999626e-01
9.106000000000000227e+02, -6.325460000000000527e-01
9.106169999999999618e+02, 3.365710000000000091e-01
9.106330000000000382e+02, -2.692740000000000133e-01
9.106499999999999773e+02, -6.290729999999999933e-01
9.106670000000000300e+02, 7.857509999999999772e-01
9.106829999999999927e+02, 5.322369999999999879e-02
9.107000000000000455e+02, -3.088969999999999771e-01
9.107169999999999845e+02, 6.245159999999999600e-01
9.107329999999999472e+02, -6.911000000000000476e-01
9.107500000000000000e+02, 7.232370000000000188e-01
9.107670000000000528e+02, -1.642249999999999988e+00
9.107830000000000155e+02, -5.656860000000000221e-01
9.107999999999999545e+02, 1.127299999999999969e+00
9.108170000000000073e+02, -1.994920000000000027e-01
9.108329999999999700e+02, 1.069439999999999946e+00
9.108500000000000227e+02, 6.637629999999999919e-01
9.108669999999999618e+02, 9.873790000000000067e-01
9.108830000000000382e+02, 5.939499999999999780e-01
9.108999999999999773e+02, 6.535809999999999675e-01
9.109170000000000300e+02, -1.420389999999999986e-01
9.109329999999999927e+02, -1.951310000000000100e+00
9.109500000000000455e+02, -4.395700000000000163e-01
9.109669999999999845e+02, -9.104649999999999688e-01
9.109829999999999472e+02, 8.011500000000000565e-02
9.110000000000000000e+02, -6.966290000000000537e-01
9.110170000000000528e+02, 4.141199999999999881e-01
9.110330000000000155e+02, 1.597300000000000109e-01
9.110499999999999545e+02, -1.073530000000000040e-01
9.110670000000000073e+02, -1.364900000000000002e+00
9.110829999999999700e+02, 9.374459999999999738e-02
9.111000000000000227e+02, 4.770989999999999953e-02
9.111169999999999618e+02, 6.701179999999999914e-01
9.111330000000000382e+02, 7.907359999999999944e-01
9.111499999999999773e+02, 4.317409999999999859e-01
9.111670000000000300e+02, 7.962620000000000253e-01
9.111829999999999927e+02, -6.413180000000000547e-01
9.112000000000000455e+02, -7.614159999999999817e-01
9.112169999999999845e+02, -1.595479999999999954e-01
9.112329999999999472e+02, -1.265050000000000008e+00
9.112500000000000000e+02, 9.964680000000000204e-01
9.112670000000000528e+02, -3.850990000000000246e-01
9.112830000000000155e+02, 5.804880000000000040e-01
9.112999999999999545e+02, -2.148259999999999892e-01
9.113170000000000073e+02, -3.797349999999999892e-01
9.113329999999999700e+02, 1.324770000000000003e+00
9.113500000000000227e+02, 4.234310000000000018e-01
9.113669999999999618e+02, 1.886210000000000109e-01
9.113830000000000382e+02, -1.754869999999999930e+00
9.113999999999999773e+02, 1.660609999999999919e+00
9.114170000000000300e+02, -9.666200000000000347e-01
9.114329999999999927e+02, -2.786819999999999853e-01
9.114500000000000455e+02, -1.514449999999999963e-01
9.114669999999999845e+02, 1.386619999999999964e+00
9.114829999999999472e+02, 6.663010000000000321e-01
9.115000000000000000e+02, 1.377610000000000001e+00
9.115170000000000528e+02, 1.271439999999999904e+00
9.115330000000000155e+02, 5.651260000000000172e-01
9.115499999999999545e+02, -3.403930000000000011e-01
9.115670000000000073e+02, 9.385259999999999436e-02
9.115829999999999700e+02, 5.273229999999999862e-01
9.116000000000000227e+02, -1.051249999999999962e-01
9.116169999999999618e+02, -9.849560000000000537e-01
9.116330000000000382e+02, -9.341669999999999696e-01
9.116499999999999773e+02, 2.415039999999999895e-02
9.116670000000000300e+02, -1.335509999999999975e+00
9.116829999999999927e+02, 4.138580000000000036e-01
9.117000000000000455e+02, 1.513959999999999972e+00
9.117169999999999845e+02, -3.473089999999999788e-01
9.117329999999999472e+02, -1.426269999999999927e+00
9.117500000000000000e+02, -2.707069999999999754e-01
9.117670000000000528e+02, 3.498570000000000152e-02
9.117830000000000155e+02, 2.233410000000000117e-01
9.117999999999999545e+02, -3.651579999999999826e-01
9.118170000000000073e+02, -4.257409999999999806e-01
9.118329999999999700e+02, 4.495029999999999859e-01
9.118500000000000227e+02, 1.384859999999999980e-01
9.118669999999999618e+02, 4.777630000000000071e-02
9.118830000000000382e+02, 6.624870000000000481e-01
9.118999999999999773e+02, 8.099549999999999805e-01
9.119170000000000300e+02, -1.256829999999999892e-01
9.119329999999999927e+02, 1.347140000000000004e+00
9.119500000000000455e+02, -6.155030000000000223e-01
9.119669999999999845e+02, -7.139980000000000215e-01
9.119829999999999472e+02, -9.347949999999999315e-02
9.120000000000000000e+02, -1.157659999999999911e+00
9.120170000000000528e+02, -5.375989999999999935e-02
9.120330000000000155e+02, -4.162060000000000204e-01
9.120499999999999545e+02, -8.100730000000000430e-02
9.120670000000000073e+02, -9.767599999999999616e-01
9.120829999999999700e+02, 5.110930000000000195e-01
9.121000000000000227e+02, 7.518319999999999448e-01
9.121169999999999618e+02, -1.298559999999999992e-01
9.121330000000000382e+02, 1.110039999999999916e+00
9.121499999999999773e+02, 1.302880000000000038e+00
9.121670000000000300e+02, 6.107609999999999983e-01
9.121829999999999927e+02, 2.492060000000000108e-02
9.122000000000000455e+02, -1.969460000000000099e-01
9.122169999999999845e+02, 1.166130000000000111e+00
9.122329999999999472e+02, 2.447880000000000056e-01
9.122500000000000000e+02, -1.932099999999999929e+00
9.122670000000000528e+02, 9.220480000000000342e-02
9.122830000000000155e+02, 3.196269999999999945e-01
9.122999999999999545e+02, 1.017399999999999971e-01
9.123170000000000073e+02, 7.790409999999999835e-01
9.123329999999999700e+02, -9.849710000000000409e-01
9.123500000000000227e+02, 9.393019999999999703e-01
9.123669999999999618e+02, 2.979589999999999739e-01
9.123830000000000382e+02, -6.895639999999999548e-01
9.123999999999999773e+02, 5.300570000000000004e-01
9.124170000000000300e+02, -5.056150000000000366e-01
9.124329999999999927e+02, 2.590589999999999837e-01
9.124500000000000455e+02, 2.181390000000000065e-02
9.124669999999999845e+02, 1.108959999999999946e+00
9.124829999999999472e+02, 5.530030000000000223e-01
9.125000000000000000e+02, -4.361169999999999769e-01
9.125170000000000528e+02, -1.133199999999999985e+00
9.125330000000000155e+02, -6.935459999999999958e-01
9.125499999999999545e+02, 2.929979999999999807e-01
9.125670000000000073e+02, -7.703250000000000375e-01
9.125829999999999700e+02, -1.161079999999999890e+00
9.126000000000000227e+02, -9.076859999999999928e-01
9.126169999999999618e+02, -4.280379999999999741e-01
9.126330000000000382e+02, 4.363020000000000231e-01
9.126499999999999773e+02, -1.204239999999999977e+00
9.126670000000000300e+02, 4.997090000000000143e-01
9.126829999999999927e+02, 7.612649999999999972e-02
9.127000000000000455e+02, -8.071129999999999693e-01
9.127169999999999845e+02, 1.102319999999999967e+00
9.127329999999999472e+02, 7.439480000000000537e-01
9.127500000000000000e+02, -1.257379999999999942e+00
9.127670000000000528e+02, -1.148460000000000036e+00
9.127830000000000155e+02, -2.645089999999999941e-01
9.127999999999999545e+02, 3.002690000000000081e-01
9.128170000000000073e+02, 6.734919999999999796e-01
9.128329999999999700e+02, 7.158790000000000431e-01
9.128500000000000227e+02, -4.166150000000000131e-01
9.128669999999999618e+02, 8.083010000000000472e-01
9.128830000000000382e+02, 1.108829999999999982e+00
9.128999999999999773e+02, 2.528590000000000004e-01
9.129170000000000300e+02, 1.517989999999999950e+00
9.129329999999999927e+02, 8.698430000000000051e-03
9.129500000000000455e+02, -2.001440000000000108e+00
9.129669999999999845e+02, 6.832740000000000341e-03
9.129829999999999472e+02, -3.321239999999999748e-01
9.130000000000000000e+02, 9.325870000000000548e-01
9.130170000000000528e+02, 1.283139999999999947e+00
9.130330000000000155e+02, 2.049850000000000172e+00
9.130499999999999545e+02, 5.898870000000000502e-01
9.130670000000000073e+02, -3.153990000000000266e-02
9.130829999999999700e+02, -2.254309999999999925e-01
9.131000000000000227e+02, 9.123029999999999751e-01
9.131169999999999618e+02, 5.102860000000000174e-01
9.131330000000000382e+02, -8.651670000000000194e-02
9.131499999999999773e+02, 6.765130000000000310e-01
9.131670000000000300e+02, -5.009590000000000432e-01
9.131829999999999927e+02, -2.053699999999999970e-01
9.132000000000000455e+02, -1.046300000000000008e+00
9.132169999999999845e+02, -4.608740000000000059e-01
9.132329999999999472e+02, 3.521230000000000193e-01
9.132500000000000000e+02, 4.527769999999999850e-01
9.132670000000000528e+02, 7.146569999999999867e-01
9.132830000000000155e+02, 2.676819999999999755e-01
9.132999999999999545e+02, 6.802690000000000126e-01
9.133170000000000073e+02, 1.233910000000000062e+00
9.133329999999999700e+02, 1.142740000000000006e-01
9.133500000000000227e+02, -3.184310000000000196e-01
9.133669999999999618e+02, -2.261789999999999912e-01
9.133830000000000382e+02, 6.546380000000000532e-01
9.133999999999999773e+02, -2.592700000000000005e-01
9.134170000000000300e+02, -4.711080000000000267e-01
9.134329999999999927e+02, -1.662730000000000041e-01
9.134500000000000455e+02, 4.793920000000000126e-02
9.134669999999999845e+02, 5.006890000000000507e-01
9.134829999999999472e+02, -3.445759999999999934e-01
9.135000000000000000e+02, 1.851200000000000068e-01
9.135170000000000528e+02, 1.078750000000000098e+00
9.135330000000000155e+02, -5.505780000000000118e-01
9.135499999999999545e+02, -6.153459999999999486e-01
9.135670000000000073e+02, -3.300870000000000193e-01
9.135829999999999700e+02, -7.914830000000000476e-01
9.136000000000000227e+02, 3.818380000000000107e-01
9.136169999999999618e+02, -3.868420000000000192e-02
9.136330000000000382e+02, -5.409209999999999852e-01
9.136499999999999773e+02, 4.828629999999999728e-02
9.136670000000000300e+02, -2.717040000000000011e-01
9.136829999999999927e+02, -3.365480000000000138e-01
9.137000000000000455e+02, -4.047209999999999974e-01
9.137169999999999845e+02, -5.910539999999999683e-01
9.137329999999999472e+02, 1.603150000000000130e-01
9.137500000000000000e+02, -1.060650000000000093e+00
9.137670000000000528e+02, 1.036310000000000009e-01
9.137830000000000155e+02, 2.723180000000000045e-01
9.137999999999999545e+02, -4.810909999999999909e-01
9.138170000000000073e+02, -3.426390000000000269e-01
9.138329999999999700e+02, -5.385189999999999699e-01
9.138500000000000227e+02, -3.611070000000000113e-01
9.138669999999999618e+02, -5.616029999999999633e-01
9.138830000000000382e+02, -6.211069999999999786e-02
9.138999999999999773e+02, 1.274450000000000027e-01
9.139170000000000300e+02, 5.582260000000000000e-01
9.139329999999999927e+02, 1.335429999999999895e+00
9.139500000000000455e+02, 2.059559999999999835e+00
9.139669999999999845e+02, 3.496779999999999888e-01
9.139829999999999472e+02, 4.408000000000000251e-01
9.140000000000000000e+02, -1.271579999999999933e+00
9.140170000000000528e+02, -1.170860000000000012e+00
9.140330000000000155e+02, -4.399700000000000277e-01
9.140499999999999545e+02, -2.635290000000000132e-01
9.140670000000000073e+02, -5.588379999999999459e-01
9.140829999999999700e+02, 7.283699999999999619e-01
9.141000000000000227e+02, -5.126129999999999853e-01
9.141169999999999618e+02, -9.508879999999999555e-01
9.141330000000000382e+02, -6.622860000000000413e-01
9.141499999999999773e+02, -8.127769999999999717e-01
9.141670000000000300e+02, 4.319540000000000046e-01
9.141829999999999927e+02, -2.650970000000000271e-01
9.142000000000000455e+02, -5.956609999999999960e-01
9.142169999999999845e+02, -5.896759999999999780e-01
9.142329999999999472e+02, 1.805239999999999956e+00
9.142500000000000000e+02, 9.091609999999999969e-01
9.142670000000000528e+02, -5.820059999999999817e-02
9.142830000000000155e+02, -1.779700000000000060e+00
9.142999999999999545e+02, -1.390519999999999978e+00
9.143170000000000073e+02, -2.442519999999999969e-01
9.143329999999999700e+02, 1.201210000000000111e+00
9.143500000000000227e+02, 1.558230000000000004e+00
9.143669999999999618e+02, -8.057720000000000160e-02
9.143830000000000382e+02, 6.828729999999999523e-01
9.143999999999999773e+02, 3.909779999999999922e-01
9.144170000000000300e+02, 7.184559999999999835e-01
9.144329999999999927e+02, 1.010540000000000049e-01
9.144500000000000455e+02, -3.960779999999999856e-01
9.144669999999999845e+02, -1.843620000000000037e+00
9.144829999999999472e+02, -5.932880000000000376e-01
9.145000000000000000e+02, 3.414310000000000261e-02
9.145170000000000528e+02, 1.475959999999999939e+00
9.145330000000000155e+02, -9.091799999999999882e-02
9.145499999999999545e+02, -2.775299999999999989e-01
9.145670000000000073e+02, -1.114269999999999983e-01
9.145829999999999700e+02, -5.268049999999999677e-01
9.146000000000000227e+02, 4.355269999999999975e-01
9.146169999999999618e+02, -6.659669999999999757e-01
9.146330000000000382e+02, 4.780710000000000237e-01
9.146499999999999773e+02, 1.177280000000000104e+00
9.146670000000000300e+02, -3.570820000000000105e-01
9.146829999999999927e+02, 7.996689999999999632e-01
9.147000000000000455e+02, -8.830959999999999921e-01
9.147169999999999845e+02, 3.867500000000000104e-02
9.147329999999999472e+02, 2.937529999999999863e-01
9.147500000000000000e+02, 1.175799999999999956e+00
9.147670000000000528e+02, 2.913319999999999799e-01
9.147830000000000155e+02, -6.401879999999999793e-01
9.147999999999999545e+02, -9.123550000000000271e-01
9.148170000000000073e+02, -2.371270000000000044e-01
9.148329999999999700e+02, -1.308030000000000026e-01
9.148500000000000227e+02, -6.868159999999999821e-01
9.148669999999999618e+02, -2.469530000000000058e-01
9.148830000000000382e+02, 9.553160000000000540e-01
9.148999999999999773e+02, 1.166349999999999998e+00
9.149170000000000300e+02, 8.371089999999999920e-01
9.149329999999999927e+02, 9.740010000000000057e-01
9.149500000000000455e+02, -1.151799999999999935e+00
9.149669999999999845e+02, -4.401999999999999802e-01
9.149829999999999472e+02, -1.776999999999999968e-01
9.150000000000000000e+02, 7.194720000000000004e-01
9.150170000000000528e+02, -7.006999999999999895e-01
9.150330000000000155e+02, -1.172600000000000087e+00
9.150499999999999545e+02, -1.766129999999999922e-01
9.150670000000000073e+02, -4.901409999999999934e-01
9.150829999999999700e+02, 6.195030000000000259e-01
9.151000000000000227e+02, 6.100809999999999844e-01
9.151169999999999618e+02, 6.010060000000000402e-01
9.151330000000000382e+02, 1.260210000000000052e+00
9.151499999999999773e+02, 6.582419999999999938e-01
9.151670000000000300e+02, -2.310649999999999926e-01
9.151829999999999927e+02, -3.581989999999999896e-01
9.152000000000000455e+02, 3.259630000000000027e-01
9.152169999999999845e+02, 3.518879999999999786e-01
9.152329999999999472e+02, -1.525530000000000053e+00
9.152500000000000000e+02, -6.624589999999999645e-02
9.152670000000000528e+02, -4.500219999999999776e-01
9.152830000000000155e+02, -6.141189999999999705e-01
9.152999999999999545e+02, 1.192479999999999984e+00
9.153170000000000073e+02, 5.952099999999999752e-02
9.153329999999999700e+02, -1.466349999999999876e-01
9.153500000000000227e+02, 2.268649999999999833e-02
9.153669999999999618e+02, -1.042259999999999964e+00
9.153830000000000382e+02, 7.555500000000000549e-01
9.153999999999999773e+02, -9.049760000000000026e-01
9.154170000000000300e+02, 5.164999999999999591e-01
9.154329999999999927e+02, -2.705560000000000187e-01
9.154500000000000455e+02, -1.111399999999999944e+00
9.154669999999999845e+02, -1.427720000000000100e+00
9.154829999999999472e+02, -3.990840000000000164e-04
9.155000000000000000e+02, 3.392229999999999968e-01
9.155170000000000528e+02, -8.798789999999999667e-01
9.155330000000000155e+02, 6.970060000000000144e-02
9.155499999999999545e+02, -2.393730000000000024e-01
9.155670000000000073e+02, -1.215980000000000061e+00
9.155829999999999700e+02, -6.598680000000000101e-01
9.156000000000000227e+02, 2.828479999999999883e-01
9.156169999999999618e+02, -5.074429999999999774e-01
9.156330000000000382e+02, -2.665699999999999736e-01
9.156499999999999773e+02, 2.510930000000000106e-01
9.156670000000000300e+02, 2.163490000000000135e-01
9.156829999999999927e+02, -7.969270000000000520e-01
9.157000000000000455e+02, -1.123720000000000052e+00
9.157169999999999845e+02, -2.520319999999999894e+00
9.157329999999999472e+02, -1.381750000000000034e+00
9.157500000000000000e+02, -3.919730000000000159e-01
9.157670000000000528e+02, 1.604279999999999928e+00
9.157830000000000155e+02, 1.011609999999999898e+00
9.157999999999999545e+02, -1.192690000000000000e-01
9.158170000000000073e+02, -6.807790000000000230e-01
9.158329999999999700e+02, -1.724029999999999951e+00
9.158500000000000227e+02, -6.693769999999999998e-01
9.158669999999999618e+02, 1.314929999999999932e+00
9.158830000000000382e+02, -2.372140000000000082e-01
9.158999999999999773e+02, 1.033530000000000060e+00
9.159170000000000300e+02, -1.203410000000000091e+00
9.159329999999999927e+02, -7.840599999999999792e-01
9.159500000000000455e+02, -5.993589999999999751e-01
9.159669999999999845e+02, 1.672639999999999905e+00
9.159829999999999472e+02, 8.183979999999999588e-01
9.160000000000000000e+02, 3.620550000000000157e-01
9.160170000000000528e+02, 1.939070000000000071e+00
9.160330000000000155e+02, -4.901590000000000114e-01
9.160499999999999545e+02, -1.428330000000000100e+00
9.160670000000000073e+02, -1.322049999999999947e+00
9.160829999999999700e+02, 9.398769999999999625e-01
9.161000000000000227e+02, -4.526680000000000148e-01
9.161169999999999618e+02, 1.100649999999999962e-01
9.161330000000000382e+02, -1.176480000000000026e-01
9.161499999999999773e+02, 2.359809999999999963e-01
9.161670000000000300e+02, 7.978239999999999776e-01
9.161829999999999927e+02, 1.238550000000000068e-01
9.162000000000000455e+02, 1.554610000000000047e+00
9.162169999999999845e+02, 5.145739999999999759e-01
9.162329999999999472e+02, 3.429710000000000258e-01
9.162500000000000000e+02, 1.429089999999999971e+00
9.162670000000000528e+02, -4.988650000000000029e-01
9.162830000000000155e+02, -6.061269999999999714e-01
9.162999999999999545e+02, -7.385310000000000485e-01
9.163170000000000073e+02, 5.067239999999999522e-01
9.163329999999999700e+02, 3.733489999999999864e-01
9.163500000000000227e+02, 6.807170000000000165e-01
9.163669999999999618e+02, -1.813989999999999991e+00
9.163830000000000382e+02, -6.603839999999999710e-01
9.163999999999999773e+02, 4.759220000000000117e-01
9.164170000000000300e+02, 6.810220000000000162e-01
9.164329999999999927e+02, 1.321450000000000014e+00
9.164500000000000455e+02, -7.010199999999999765e-01
9.164669999999999845e+02, -1.146509999999999918e+00
9.164829999999999472e+02, 1.437529999999999919e-01
9.165000000000000000e+02, -1.200479999999999950e-02
9.165170000000000528e+02, 8.671529999999999516e-01
9.165330000000000155e+02, -5.865940000000000043e-02
9.165499999999999545e+02, -6.652599999999999625e-01
9.165670000000000073e+02, -2.473980000000000068e+00
9.165829999999999700e+02, -7.583280000000000021e-01
9.166000000000000227e+02, 4.855009999999999881e-02
9.166169999999999618e+02, 7.829979999999999718e-01
9.166330000000000382e+02, 1.499780000000000002e-01
9.166499999999999773e+02, -3.536070000000000046e-01
9.166670000000000300e+02, -1.762930000000000053e-01
9.166829999999999927e+02, -1.195750000000000007e-01
9.167000000000000455e+02, 4.125480000000000119e-02
9.167169999999999845e+02, -9.828419999999999934e-01
9.167329999999999472e+02, -8.159389999999999699e-02
9.167500000000000000e+02, 8.532780000000000226e-03
9.167670000000000528e+02, 7.143300000000000205e-01
9.167830000000000155e+02, 1.096209999999999907e+00
9.167999999999999545e+02, -3.432470000000000243e-01
9.168170000000000073e+02, -1.239889999999999937e+00
9.168329999999999700e+02, -1.834989999999999899e+00
9.168500000000000227e+02, -1.794300000000000006e+00
9.168669999999999618e+02, 7.516620000000000523e-01
9.168830000000000382e+02, 1.360959999999999948e+00
9.168999999999999773e+02, 9.870759999999999534e-01
9.169170000000000300e+02, -6.928119999999999834e-01
9.169329999999999927e+02, 4.731069999999999998e-01
9.169500000000000455e+02, 3.033719999999999750e-01
9.169669999999999845e+02, 2.280299999999999994e+00
9.169829999999999472e+02, 1.413329999999999864e-01
9.170000000000000000e+02, -7.916910000000000336e-01
9.170170000000000528e+02, -5.247000000000000552e-01
9.170330000000000155e+02, -2.134330000000000116e-01
9.170499999999999545e+02, -5.139219999999999899e-01
9.170670000000000073e+02, 1.439359999999999973e+00
9.170829999999999700e+02, 1.349739999999999940e+00
9.171000000000000227e+02, -4.144950000000000023e-01
9.171169999999999618e+02, -9.827739999999999740e-03
9.171330000000000382e+02, -8.914769999999999639e-02
9.171499999999999773e+02, -1.527439999999999909e-01
9.171670000000000300e+02, 6.005989999999999940e-01
9.171829999999999927e+02, 7.919770000000000421e-01
9.172000000000000455e+02, 9.693650000000000322e-01
9.172169999999999845e+02, -9.885490000000000110e-01
9.172329999999999472e+02, 1.394819999999999949e+00
9.172500000000000000e+02, 6.508920000000000261e-01
9.172670000000000528e+02, 7.395650000000000279e-01
9.172830000000000155e+02, -1.631990000000000107e-01
9.172999999999999545e+02, 3.433760000000000145e-01
9.173170000000000073e+02, 3.709770000000000012e-01
9.173329999999999700e+02, 6.581879999999999953e-01
9.173500000000000227e+02, 2.159330000000000138e-01
9.173669999999999618e+02, -3.449499999999999789e-01
9.173830000000000382e+02, -3.341669999999999918e-01
9.173999999999999773e+02, -1.729309999999999903e+00
9.174170000000000300e+02, 2.359249999999999889e-02
9.174329999999999927e+02, -1.257730000000000089e-03
9.174500000000000455e+02, -6.887999999999999678e-01
9.174669999999999845e+02, 5.062830000000000386e-01
9.174829999999999472e+02, -2.383669999999999956e-01
9.175000000000000000e+02, -7.148339999999999694e-01
9.175170000000000528e+02, -1.189650000000000096e+00
9.175330000000000155e+02, 3.623859999999999859e-01
9.175499999999999545e+02, 7.593149999999999622e-01
9.175670000000000073e+02, -1.281819999999999959e+00
9.175829999999999700e+02, -5.668140000000000400e-01
9.176000000000000227e+02, 8.939639999999999809e-01
9.176169999999999618e+02, 9.173519999999999452e-01
9.176330000000000382e+02, 2.318449999999999955e-01
9.176499999999999773e+02, -6.255760000000000209e-01
9.176670000000000300e+02, 4.845200000000000062e-01
9.176829999999999927e+02, -1.043919999999999959e+00
9.177000000000000455e+02, 6.275340000000000362e-01
9.177169999999999845e+02, -2.399249999999999994e-01
9.177329999999999472e+02, 1.102119999999999989e+00
9.177500000000000000e+02, -2.080380000000000007e-01
9.177670000000000528e+02, 3.648379999999999956e-01
9.177830000000000155e+02, 2.606450000000000086e-02
9.177999999999999545e+02, 4.934370000000000145e-01
9.178170000000000073e+02, -2.881790000000000185e-01
9.178329999999999700e+02, -4.706170000000000075e-01
9.178500000000000227e+02, -5.589960000000000484e-01
9.178669999999999618e+02, -4.655420000000000114e-01
9.178830000000000382e+02, 1.054380000000000039e-01
9.178999999999999773e+02, 5.186159999999999659e-01
9.179170000000000300e+02, -2.005820000000000172e-02
9.179329999999999927e+02, 3.698500000000000121e-01
9.179500000000000455e+02, -7.737840000000000273e-01
9.179669999999999845e+02, 8.337360000000000326e-01
9.179829999999999472e+02, -4.523349999999999871e-01
9.180000000000000000e+02, 1.836799999999999988e+00
9.180170000000000528e+02, -1.096850000000000103e+00
9.180330000000000155e+02, -5.968510000000000204e-01
9.180499999999999545e+02, -2.604710000000000081e-01
9.180670000000000073e+02, 3.482659999999999922e-02
9.180829999999999700e+02, -1.227440000000000087e+00
9.181000000000000227e+02, 1.066529999999999978e+00
9.181169999999999618e+02, 1.337779999999999969e+00
9.181330000000000382e+02, 7.137210000000000498e-01
9.181499999999999773e+02, -1.092260000000000009e+00
9.181670000000000300e+02, -5.604080000000000172e-01
9.181829999999999927e+02, 3.630999999999999783e-01
9.182000000000000455e+02, 1.291700000000000070e+00
9.182169999999999845e+02, 6.580380000000000118e-01
9.182329999999999472e+02, -1.700649999999999940e-01
9.182500000000000000e+02, -9.034330000000000416e-01
9.182670000000000528e+02, -1.557790000000000008e+00
9.182830000000000155e+02, -3.916169999999999929e-01
9.182999999999999545e+02, 7.355570000000000164e-01
9.183170000000000073e+02, 8.385829999999999673e-01
9.183329999999999700e+02, 5.761199999999999655e-01
9.183500000000000227e+02, 3.110859999999999737e-01
9.183669999999999618e+02, -1.543899999999999995e-01
9.183830000000000382e+02, -4.397260000000000058e-02
9.183999999999999773e+02, -7.301100000000000367e-01
9.184170000000000300e+02, -5.012280000000000207e-02
9.184329999999999927e+02, -9.775099999999999900e-01
9.184500000000000455e+02, -4.617890000000000050e-01
9.184669999999999845e+02, 1.079490000000000033e-01
9.184829999999999472e+02, -2.545919999999999850e-01
9.185000000000000000e+02, -3.024720000000000186e-01
9.185170000000000528e+02, 7.065280000000000171e-02
9.185330000000000155e+02, -1.322859999999999925e+00
9.185499999999999545e+02, -1.778080000000000105e+00
9.185670000000000073e+02, -1.266979999999999995e+00
9.185829999999999700e+02, -1.297830000000000039e+00
9.186000000000000227e+02, -4.213500000000000023e-01
9.186169999999999618e+02, 1.604090000000000016e+00
9.186330000000000382e+02, -3.075080000000000036e-01
9.186499999999999773e+02, 1.626900000000000013e+00
9.186670000000000300e+02, 3.948599999999999888e-01
9.186829999999999927e+02, 3.873840000000000061e-01
9.187000000000000455e+02, 3.271549999999999736e-01
9.187169999999999845e+02, 6.834959999999999924e-01
9.187329999999999472e+02, 1.107590000000000074e+00
9.187500000000000000e+02, -3.394329999999999847e-01
9.187670000000000528e+02, 5.624769999999999770e-02
9.187830000000000155e+02, -6.072959999999999470e-01
9.187999999999999545e+02, -3.195239999999999886e-02
9.188170000000000073e+02, 5.232090000000000352e-01
9.188329999999999700e+02, 3.941619999999999846e-02
9.188500000000000227e+02, 1.488560000000000105e+00
9.188669999999999618e+02, 3.074250000000000038e-01
9.188830000000000382e+02, -8.128499999999999615e-01
9.188999999999999773e+02, -7.586380000000000345e-01
9.189170000000000300e+02, 6.007029999999999870e-01
9.189329999999999927e+02, -2.866940000000000044e-01
9.189500000000000455e+02, 7.513330000000000286e-01
9.189669999999999845e+02, -6.568199999999999594e-01
9.189829999999999472e+02, -1.780189999999999939e+00
9.190000000000000000e+02, 9.235369999999999691e-03
9.190170000000000528e+02, -4.116440000000000099e-01
9.190330000000000155e+02, -1.315360000000000085e+00
9.190499999999999545e+02, -8.802550000000000097e-01
9.190670000000000073e+02, -1.130139999999999922e+00
9.190829999999999700e+02, 1.485840000000000077e-02
9.191000000000000227e+02, -7.119429999999999925e-01
9.191169999999999618e+02, -5.461650000000000116e-01
9.191330000000000382e+02, 5.185959999999999459e-01
9.191499999999999773e+02, 1.729030000000000011e-01
9.191670000000000300e+02, -7.979570000000000274e-01
9.191829999999999927e+02, -1.441829999999999945e+00
9.192000000000000455e+02, -8.911480000000000512e-01
9.192169999999999845e+02, -1.335269999999999957e+00
9.192329999999999472e+02, 6.021090000000000053e-01
9.192500000000000000e+02, -7.113519999999999843e-01
9.192670000000000528e+02, -1.375599999999999878e-01
9.192830000000000155e+02, -7.008619999999999850e-01
9.192999999999999545e+02, -1.055909999999999904e+00
9.193170000000000073e+02, 9.895009999999999639e-01
9.193329999999999700e+02, 3.516860000000000125e-02
9.193500000000000227e+02, -9.988740000000000396e-01
9.193669999999999618e+02, -4.120079999999999854e-01
9.193830000000000382e+02, -4.560719999999999774e-01
9.193999999999999773e+02, 2.776029999999999887e-01
9.194170000000000300e+02, -3.573629999999999862e-01
9.194329999999999927e+02, 6.639460000000000361e-01
9.194500000000000455e+02, -4.453650000000000109e-01
9.194669999999999845e+02, 1.138470000000000093e+00
9.194829999999999472e+02, -5.940729999999999622e-01
9.195000000000000000e+02, -1.089690000000000047e+00
9.195170000000000528e+02, 2.187070000000000125e-01
9.195330000000000155e+02, 1.829449999999999965e-01
9.195499999999999545e+02, -4.321099999999999941e-01
9.195670000000000073e+02, -5.567819999999999714e-02
9.195829999999999700e+02, -4.022419999999999884e-01
9.196000000000000227e+02, 1.241430000000000033e+00
9.196169999999999618e+02, 1.146609999999999907e+00
9.196330000000000382e+02, -2.979149999999999854e-01
9.196499999999999773e+02, -4.743729999999999891e-01
9.196670000000000300e+02, -9.048570000000000224e-01
9.196829999999999927e+02, -6.294379999999999420e-02
9.197000000000000455e+02, 7.586220000000000185e-01
9.197169999999999845e+02, 5.104490000000000416e-01
9.197329999999999472e+02, -3.892740000000000089e-01
9.197500000000000000e+02, 1.247790000000000010e-01
9.197670000000000528e+02, -2.216750000000000109e-01
9.197830000000000155e+02, 1.176060000000000105e+00
9.197999999999999545e+02, -1.166760000000000019e+00
9.198170000000000073e+02, -6.153680000000000261e-01
9.198329999999999700e+02, 7.531330000000000524e-01
9.198500000000000227e+02, -1.121439999999999937e-01
9.198669999999999618e+02, 2.892109999999999959e-01
9.198830000000000382e+02, 3.789540000000000131e-01
9.198999999999999773e+02, 8.672199999999999354e-02
9.199170000000000300e+02, -3.131809999999999872e-01
9.199329999999999927e+02, 8.129119999999999679e-01
9.199500000000000455e+02, -1.334000000000000075e+00
9.199669999999999845e+02, -5.344100000000000517e-01
9.199829999999999472e+02, -3.354889999999999817e-01
9.200000000000000000e+02, 3.525519999999999765e-01
9.200170000000000528e+02, -2.786420000000000008e-01
9.200330000000000155e+02, -1.345730000000000016e-02
9.200499999999999545e+02, 5.531869999999999843e-01
9.200670000000000073e+02, -9.525509999999999533e-02
9.200829999999999700e+02, 6.879640000000000200e-01
9.201000000000000227e+02, -1.030750000000000055e+00
9.201169999999999618e+02, 1.075399999999999912e+00
9.201330000000000382e+02, 2.040889999999999926e-01
9.201499999999999773e+02, -9.530140000000000278e-01
9.201670000000000300e+02, 6.180700000000000083e-01
9.201829999999999927e+02, 2.810900000000000065e-01
9.202000000000000455e+02, 1.087540000000000034e-01
9.202169999999999845e+02, 2.296950000000000103e-01
9.202329999999999472e+02, -5.783169999999999700e-01
9.202500000000000000e+02, -8.433599999999999430e-02
9.202670000000000528e+02, -7.448649999999999993e-01
9.202830000000000155e+02, 7.145559999999999690e-01
9.202999999999999545e+02, 1.947899999999999979e-02
9.203170000000000073e+02, -4.347719999999999918e-01
9.203329999999999700e+02, -9.708780000000000188e-01
9.203500000000000227e+02, -2.302720000000000045e-01
9.203669999999999618e+02, 2.974539999999999962e-01
9.203830000000000382e+02, 1.460599999999999898e+00
9.203999999999999773e+02, 3.321790000000000020e-01
9.204170000000000300e+02, 1.767660000000000009e+00
9.204329999999999927e+02, -3.711699999999999999e-01
9.204500000000000455e+02, -4.626359999999999917e-01
9.204669999999999845e+02, -6.127850000000000241e-01
9.204829999999999472e+02, -3.485079999999999845e-01
9.205000000000000000e+02, 4.990519999999999956e-01
9.205170000000000528e+02, -9.588280000000000136e-01
9.205330000000000155e+02, -4.363210000000000144e-01
9.205499999999999545e+02, 5.253830000000000444e-01
9.205670000000000073e+02, 3.074459999999999971e-01
9.205829999999999700e+02, -9.993870000000000253e-01
9.206000000000000227e+02, -1.689159999999999995e+00
9.206169999999999618e+02, -7.763379999999999725e-01
9.206330000000000382e+02, -1.996979999999999866e-01
9.206499999999999773e+02, 1.305360000000000076e+00
9.206670000000000300e+02, 1.200649999999999995e+00
9.206829999999999927e+02, 1.174109999999999987e+00
9.207000000000000455e+02, 1.045719999999999983e+00
9.207169999999999845e+02, -3.768139999999999823e-01
9.207329999999999472e+02, -1.015729999999999966e-01
9.207500000000000000e+02, -2.398609999999999909e-01
9.207670000000000528e+02, 7.620609999999999884e-01
9.207830000000000155e+02, 4.144729999999999803e-01
9.207999999999999545e+02, -4.003070000000000239e-01
9.208170000000000073e+02, 1.198369999999999935e+00
9.208329999999999700e+02, -1.605499999999999927e+00
9.208500000000000227e+02, 7.305249999999999799e-01
9.208669999999999618e+02, 7.412470000000000170e-02
9.208830000000000382e+02, -7.630869999999999320e-02
9.208999999999999773e+02, 1.950449999999999962e-01
9.209170000000000300e+02, 1.269709999999999894e+00
9.209329999999999927e+02, 6.782789999999999653e-01
9.209500000000000455e+02, 1.686690000000000134e-01
9.209669999999999845e+02, 3.880410000000000109e-02
9.209829999999999472e+02, 3.854400000000000048e-01
9.210000000000000000e+02, 6.262940000000000174e-01
9.210170000000000528e+02, -7.528839999999999977e-01
9.210330000000000155e+02, -1.017609999999999904e+00
9.210499999999999545e+02, -6.320259999999999767e-01
9.210670000000000073e+02, 1.221100000000000074e+00
9.210829999999999700e+02, 2.023240000000000038e-01
9.211000000000000227e+02, -1.378929999999999878e-01
9.211169999999999618e+02, 2.762879999999999781e-01
9.211330000000000382e+02, 1.025220000000000020e+00
9.211499999999999773e+02, -2.644890000000000088e-02
9.211670000000000300e+02, 9.273940000000000516e-01
9.211829999999999927e+02, -1.205849999999999977e-01
9.212000000000000455e+02, -2.172900000000000109e-01
9.212169999999999845e+02, 2.239909999999999957e-01
9.212329999999999472e+02, 1.076400000000000023e+00
9.212500000000000000e+02, 3.389229999999999743e-01
9.212670000000000528e+02, -9.862060000000000271e-01
9.212830000000000155e+02, 8.191510000000000458e-02
9.212999999999999545e+02, 4.084630000000000205e-01
9.213170000000000073e+02, 7.237580000000000124e-01
9.213329999999999700e+02, 3.331299999999999817e-01
9.213500000000000227e+02, -3.015260000000000162e-01
9.213669999999999618e+02, -7.123040000000000482e-01
9.213830000000000382e+02, -8.081749999999999767e-01
9.213999999999999773e+02, -1.091290000000000093e+00
9.214170000000000300e+02, 5.683789999999999676e-01
9.214329999999999927e+02, 1.477500000000000036e+00
9.214500000000000455e+02, 2.690150000000000041e-01
9.214669999999999845e+02, 1.316219999999999946e+00
9.214829999999999472e+02, -1.461119999999999919e-01
9.215000000000000000e+02, -2.114709999999999923e-01
9.215170000000000528e+02, -1.278780000000000028e+00
9.215330000000000155e+02, -4.401930000000000009e-01
9.215499999999999545e+02, -5.460019999999999873e-01
9.215670000000000073e+02, -6.801029999999999576e-02
9.215829999999999700e+02, 1.066089999999999954e-01
9.216000000000000227e+02, 6.764200000000000212e-01
9.216169999999999618e+02, -4.135980000000000212e-01
9.216330000000000382e+02, -3.412319999999999798e-01
9.216499999999999773e+02, -1.043940000000000007e-01
9.216670000000000300e+02, 9.991689999999999738e-01
9.216829999999999927e+02, -9.134019999999999639e-02
9.217000000000000455e+02, 9.401859999999999384e-02
9.217169999999999845e+02, -7.368949999999999667e-01
9.217329999999999472e+02, -8.576670000000000127e-02
9.217500000000000000e+02, -7.268040000000000056e-01
9.217670000000000528e+02, -7.708580000000000432e-01
9.217830000000000155e+02, -1.367609999999999992e+00
9.217999999999999545e+02, -2.355669999999999986e-01
9.218170000000000073e+02, 1.521190000000000042e+00
9.218329999999999700e+02, 1.825849999999999973e-01
9.218500000000000227e+02, -1.715640000000000054e+00
9.218669999999999618e+02, 9.730670000000000153e-01
9.218830000000000382e+02, -3.411989999999999745e-01
9.218999999999999773e+02, -2.324630000000000030e-01
9.219170000000000300e+02, 3.034930000000000128e-01
9.219329999999999927e+02, -1.141059999999999963e+00
9.219500000000000455e+02, 1.521390000000000020e+00
9.219669999999999845e+02, 8.238220000000000542e-01
9.219829999999999472e+02, 4.280609999999999971e-02
9.220000000000000000e+02, 1.078729999999999967e+00
9.220170000000000528e+02, -1.093110000000000026e+00
9.220330000000000155e+02, -3.952720000000000122e-01
9.220499999999999545e+02, 1.152579999999999938e+00
9.220670000000000073e+02, 8.230499999999999752e-04
9.220829999999999700e+02, 5.470789999999999820e-01
9.221000000000000227e+02, -3.016260000000000052e-01
9.221169999999999618e+02, -1.264529999999999932e+00
9.221330000000000382e+02, -5.973199999999999621e-01
9.221499999999999773e+02, -1.684420000000000028e+00
9.221670000000000300e+02, -9.006229999999999514e-01
9.221829999999999927e+02, -1.122440000000000104e+00
9.222000000000000455e+02, 1.764049999999999896e+00
9.222169999999999845e+02, 1.883129999999999971e+00
9.222329999999999472e+02, 1.117070000000000007e+00
9.222500000000000000e+02, -9.317499999999999394e-02
9.222670000000000528e+02, -6.080940000000000234e-01
9.222830000000000155e+02, -2.392670000000000075e-01
9.222999999999999545e+02, 1.313369999999999926e+00
9.223170000000000073e+02, 4.119240000000000124e-01
9.223329999999999700e+02, 2.695750000000000091e-01
9.223500000000000227e+02, -2.935719999999999996e-01
9.223669999999999618e+02, 1.112069999999999892e+00
9.223830000000000382e+02, 1.887969999999999926e-01
9.223999999999999773e+02, 9.563969999999999763e-03
9.224170000000000300e+02, -8.009269999999999445e-01
9.224329999999999927e+02, 4.045679999999999832e-01
9.224500000000000455e+02, 1.172700000000000076e+00
9.224669999999999845e+02, -6.096700000000000452e-01
9.224829999999999472e+02, 2.393250000000000099e+00
9.225000000000000000e+02, 5.788919999999999622e-01
9.225170000000000528e+02, 9.625949999999999784e-02
9.225330000000000155e+02, -6.166749999999999732e-01
9.225499999999999545e+02, -1.419610000000000039e+00
9.225670000000000073e+02, -6.303959999999999564e-01
9.225829999999999700e+02, -1.430069999999999952e+00
9.226000000000000227e+02, 1.109070000000000056e-01
9.226169999999999618e+02, 6.697520000000000140e-01
9.226330000000000382e+02, -3.973840000000000011e-02
9.226499999999999773e+02, -7.515290000000000026e-01
9.226670000000000300e+02, -5.898980000000000334e-01
9.226829999999999927e+02, 3.672320000000000029e-01
9.227000000000000455e+02, -6.436220000000000274e-01
9.227169999999999845e+02, 1.796969999999999956e-01
9.227329999999999472e+02, -2.401959999999999928e-01
9.227500000000000000e+02, -1.419289999999999941e+00
9.227670000000000528e+02, -3.829779999999999851e-01
9.227830000000000155e+02, -2.852489999999999748e-01
9.227999999999999545e+02, 2.117630000000000120e-03
9.228170000000000073e+02, 1.211680000000000090e+00
9.228329999999999700e+02, 7.603659999999999863e-01
9.228500000000000227e+02, 1.198690000000000033e+00
9.228669999999999618e+02, -2.498009999999999953e-01
9.228830000000000382e+02, -1.347339999999999982e+00
9.228999999999999773e+02, -7.503940000000000055e-01
9.229170000000000300e+02, -1.689289999999999958e+00
9.229329999999999927e+02, -2.440950000000000064e-01
9.229500000000000455e+02, -1.967959999999999987e-01
9.229669999999999845e+02, 1.971029999999999918e-03
9.229829999999999472e+02, -1.821889999999999898e-01
9.230000000000000000e+02, 9.210409999999999986e-01
9.230170000000000528e+02, -8.288240000000000052e-01
9.230330000000000155e+02, 7.707589999999999719e-01
9.230499999999999545e+02, -1.751340000000000119e-01
9.230670000000000073e+02, -5.364919999999999689e-01
9.230829999999999700e+02, 1.525369999999999893e+00
9.231000000000000227e+02, -3.977430000000000132e-01
9.231169999999999618e+02, -2.873879999999999768e-01
9.231330000000000382e+02, 3.663680000000000270e-01
9.231499999999999773e+02, -1.583849999999999980e+00
9.231670000000000300e+02, -1.211689999999999934e+00
9.231829999999999927e+02, 3.813099999999999823e-01
9.232000000000000455e+02, -1.675550000000000095e+00
9.232169999999999845e+02, -3.405790000000000206e-01
9.232329999999999472e+02, 6.985440000000000538e-01
9.232500000000000000e+02, 1.216369999999999951e+00
9.232670000000000528e+02, -7.596169999999999867e-01
9.232830000000000155e+02, -5.633190000000000142e-01
9.232999999999999545e+02, 1.332760000000000056e-01
9.233170000000000073e+02, 2.203769999999999896e-01
9.233329999999999700e+02, -6.640869999999999829e-01
9.233500000000000227e+02, -4.803649999999999864e-01
9.233669999999999618e+02, -1.490560000000000107e+00
9.233830000000000382e+02, 5.309099999999999930e-02
9.233999999999999773e+02, 2.654929999999999790e-01
9.234170000000000300e+02, 2.281239999999999934e-01
9.234329999999999927e+02, 8.055139999999999523e-02
9.234500000000000455e+02, 3.933479999999999754e-01
9.234669999999999845e+02, 1.155759999999999899e+00
9.234829999999999472e+02, -9.064400000000000235e-01
9.235000000000000000e+02, -1.026049999999999907e+00
9.235170000000000528e+02, -4.186309999999999754e-01
9.235330000000000155e+02, -6.025129999999999653e-01
9.235499999999999545e+02, -3.893510000000000026e-01
9.235670000000000073e+02, 7.357989999999999808e-01
9.235829999999999700e+02, 1.550680000000000114e-01
9.236000000000000227e+02, -4.339489999999999736e-01
9.236169999999999618e+02, -5.180759999999999810e-01
9.236330000000000382e+02, 7.093330000000000468e-02
9.236499999999999773e+02, -6.624969999999999470e-02
9.236670000000000300e+02, -5.572270000000000278e-01
9.236829999999999927e+02, 1.104759999999999964e+00
9.237000000000000455e+02, 5.020080000000000098e-01
9.237169999999999845e+02, 3.634720000000000173e-01
9.237329999999999472e+02, 9.077560000000000073e-01
9.237500000000000000e+02, -5.987670000000000492e-01
9.237670000000000528e+02, -2.639219999999999899e-01
9.237830000000000155e+02, -1.627860000000000085e+00
9.237999999999999545e+02, -3.752039999999999820e-01
9.238170000000000073e+02, 1.026690000000000103e+00
9.238329999999999700e+02, -2.141770000000000063e-01
9.238500000000000227e+02, 9.868940000000000490e-01
9.238669999999999618e+02, -2.414370000000000127e-01
9.238830000000000382e+02, 5.032489999999999464e-01
9.238999999999999773e+02, 1.675119999999999942e+00
9.239170000000000300e+02, 7.164340000000000153e-01
9.239329999999999927e+02, -3.686749999999999750e-01
9.239500000000000455e+02, -3.136999999999999789e-01
9.239669999999999845e+02, 2.803860000000000241e-01
9.239829999999999472e+02, 1.053460000000000063e+00
9.240000000000000000e+02, 3.239569999999999950e-01
9.240170000000000528e+02, 1.550710000000000033e+00
9.240330000000000155e+02, -6.719089999999999785e-01
9.240499999999999545e+02, -9.254900000000000349e-01
9.240670000000000073e+02, -1.077120000000000077e+00
9.240829999999999700e+02, -2.925689999999999888e-03
9.241000000000000227e+02, 9.004560000000000342e-02
9.241169999999999618e+02, 9.958480000000000110e-02
9.241330000000000382e+02, -1.346370000000000067e-01
9.241499999999999773e+02, -1.142339999999999911e+00
9.241670000000000300e+02, -7.040589999999999904e-01
9.241829999999999927e+02, 1.387250000000000094e+00
9.242000000000000455e+02, 1.129340000000000011e+00
9.242169999999999845e+02, 1.373669999999999947e+00
9.242329999999999472e+02, 9.634800000000000031e-01
9.242500000000000000e+02, -5.410829999999999806e-01
9.242670000000000528e+02, -9.373540000000000205e-01
9.242830000000000155e+02, 1.432670000000000055e-01
9.242999999999999545e+02, 9.396160000000000068e-01
9.243170000000000073e+02, 1.687550000000000106e+00
9.243329999999999700e+02, -8.046849999999999836e-01
9.243500000000000227e+02, 1.315339999999999954e+00
9.243669999999999618e+02, -7.076480000000000548e-01
9.243830000000000382e+02, 6.571909999999999696e-01
9.243999999999999773e+02, 5.214630000000000098e-01
9.244170000000000300e+02, 3.137659999999999894e-01
9.244329999999999927e+02, 7.795729999999999604e-01
9.244500000000000455e+02, 1.096430000000000043e-01
9.244669999999999845e+02, -4.238529999999999798e-01
9.244829999999999472e+02, 3.883800000000000030e-01
9.245000000000000000e+02, -6.229109999999999925e-01
9.245170000000000528e+02, -5.106619999999999493e-01
9.245330000000000155e+02, -1.034869999999999957e+00
9.245499999999999545e+02, 7.942510000000000403e-01
9.245670000000000073e+02, 2.501190000000000010e-02
9.245829999999999700e+02, 3.327519999999999922e-01
9.246000000000000227e+02, 7.479930000000000190e-01
9.246169999999999618e+02, 8.167459999999999720e-01
9.246330000000000382e+02, -1.563769999999999882e-01
9.246499999999999773e+02, 4.433130000000000126e-01
9.246670000000000300e+02, 1.094240000000000101e+00
9.246829999999999927e+02, 2.631109999999999838e-01
9.247000000000000455e+02, 4.542430000000000079e-01
9.247169999999999845e+02, 7.586739999999999595e-01
9.247329999999999472e+02, 2.331169999999999909e-01
9.247500000000000000e+02, 5.622000000000000330e-01
9.247670000000000528e+02, 8.882039999999999935e-01
9.247830000000000155e+02, -1.755480000000000096e-01
9.247999999999999545e+02, -4.830459999999999754e-01
9.248170000000000073e+02, 2.556959999999999789e-01
9.248329999999999700e+02, 7.212349999999999595e-01
9.248500000000000227e+02, -5.682709999999999706e-01
9.248669999999999618e+02, -3.331529999999999769e-01
9.248830000000000382e+02, -5.084189999999999543e-01
9.248999999999999773e+02, 1.877260000000000040e-01
9.249170000000000300e+02, -5.883340000000000236e-01
9.249329999999999927e+02, 7.099339999999999817e-02
9.249500000000000455e+02, -1.750269999999999881e-01
9.249669999999999845e+02, -1.732219999999999871e-01
9.249829999999999472e+02, -2.042249999999999968e-02
9.250000000000000000e+02, -3.249429999999999819e-01
9.250170000000000528e+02, -4.684309999999999863e-02
9.250330000000000155e+02, -5.171710000000000196e-02
9.250499999999999545e+02, -6.159660000000000135e-01
9.250670000000000073e+02, 3.200930000000000164e-01
9.250829999999999700e+02, 1.621580000000000021e+00
9.251000000000000227e+02, 1.868309999999999915e+00
9.251169999999999618e+02, -4.089979999999999727e-01
9.251330000000000382e+02, -4.130289999999999795e-01
9.251499999999999773e+02, 5.553759999999999808e-01
9.251670000000000300e+02, 1.748699999999999907e-02
9.251829999999999927e+02, -1.928989999999999871e-01
9.252000000000000455e+02, 1.120730000000000059e-01
9.252169999999999845e+02, 3.536130000000000106e-01
9.252329999999999472e+02, -1.087890000000000024e+00
9.252500000000000000e+02, 1.139189999999999925e+00
9.252670000000000528e+02, -1.414310000000000012e-01
9.252830000000000155e+02, 2.434570000000000067e-01
9.252999999999999545e+02, -4.399310000000000165e-01
9.253170000000000073e+02, 1.088789999999999925e+00
9.253329999999999700e+02, 1.347239999999999993e+00
9.253500000000000227e+02, 6.120929999999999982e-01
9.253669999999999618e+02, -1.156510000000000038e-01
9.253830000000000382e+02, 8.642170000000000130e-01
9.253999999999999773e+02, -4.121569999999999956e-01
9.254170000000000300e+02, -3.069330000000000114e-01
9.254329999999999927e+02, -8.067379999999999551e-01
9.254500000000000455e+02, -5.253419999999999757e-01
9.254669999999999845e+02, -1.012920000000000043e+00
9.254829999999999472e+02, -7.899410000000000043e-01
9.255000000000000000e+02, 3.393129999999999757e-01
9.255170000000000528e+02, 1.119510000000000005e+00
9.255330000000000155e+02, 7.559200000000000363e-01
9.255499999999999545e+02, 1.059900000000000064e+00
9.255670000000000073e+02, -6.885909999999999531e-01
9.255829999999999700e+02, -9.937789999999999679e-01
9.256000000000000227e+02, -1.938890000000000058e-01
9.256169999999999618e+02, -7.499160000000000270e-01
9.256330000000000382e+02, 1.817560000000000009e-01
9.256499999999999773e+02, -1.148320000000000007e+00
9.256670000000000300e+02, 1.003580000000000028e-01
9.256829999999999927e+02, 2.637160000000000060e-01
9.257000000000000455e+02, -1.696070000000000078e-01
9.257169999999999845e+02, 1.240289999999999893e+00
9.257329999999999472e+02, 5.341519999999999602e-01
9.257500000000000000e+02, 2.139250000000000040e-01
9.257670000000000528e+02, 3.045109999999999761e-01
9.257830000000000155e+02, -3.601840000000000042e-01
9.257999999999999545e+02, 4.177259999999999862e-01
9.258170000000000073e+02, -1.088750000000000107e+00
9.258329999999999700e+02, 1.126910000000000064e-02
9.258500000000000227e+02, 1.648689999999999878e-01
9.258669999999999618e+02, -6.483630000000000226e-01
9.258830000000000382e+02, -1.363390000000000102e+00
9.258999999999999773e+02, -3.287479999999999847e-01
9.259170000000000300e+02, -7.383269999999999555e-01
9.259329999999999927e+02, -9.179289999999999949e-01
9.259500000000000455e+02, -9.593079999999999663e-02
9.259669999999999845e+02, 1.329710000000000059e-01
9.259829999999999472e+02, 2.910530000000000062e-01
9.260000000000000000e+02, 1.067839999999999900e+00
9.260170000000000528e+02, -5.147819999999999618e-01
9.260330000000000155e+02, -1.648260000000000058e+00
9.260499999999999545e+02, -1.866500000000000048e+00
9.260670000000000073e+02, 5.624900000000000455e-01
9.260829999999999700e+02, -8.772990000000000510e-01
9.261000000000000227e+02, 7.740420000000000078e-01
9.261169999999999618e+02, -7.628620000000000401e-01
9.261330000000000382e+02, -9.554000000000000270e-01
9.261499999999999773e+02, -1.148670000000000080e+00
9.261670000000000300e+02, -2.943879999999999830e-01
9.261829999999999927e+02, 9.070460000000000189e-01
9.262000000000000455e+02, 4.714409999999999989e-01
9.262169999999999845e+02, 2.772540000000000074e-02
9.262329999999999472e+02, -6.461569999999999814e-02
9.262500000000000000e+02, -7.579829999999999623e-01
9.262670000000000528e+02, 7.794379999999999642e-01
9.262830000000000155e+02, -3.491949999999999776e-01
9.262999999999999545e+02, 1.595790000000000056e-02
9.263170000000000073e+02, 1.371050000000000102e+00
9.263329999999999700e+02, 1.765349999999999975e+00
9.263500000000000227e+02, -4.019909999999999872e-01
9.263669999999999618e+02, -5.505560000000000453e-01
9.263830000000000382e+02, -1.110270000000000090e+00
9.263999999999999773e+02, 4.244649999999999812e-01
9.264170000000000300e+02, -2.776680000000000259e-01
9.264329999999999927e+02, -1.699499999999999900e-01
9.264500000000000455e+02, 2.689739999999999909e-01
9.264669999999999845e+02, -1.075120000000000076e+00
9.264829999999999472e+02, -9.405800000000000272e-02
9.265000000000000000e+02, 4.763519999999999976e-01
9.265170000000000528e+02, 2.918310000000000071e-01
9.265330000000000155e+02, -3.251279999999999726e-01
9.265499999999999545e+02, -7.275350000000000428e-01
9.265670000000000073e+02, -7.895309999999999828e-01
9.265829999999999700e+02, -1.314650000000000096e+00
9.266000000000000227e+02, 1.150509999999999922e+00
9.266169999999999618e+02, -4.320369999999999766e-02
9.266330000000000382e+02, 8.410370000000000346e-01
9.266499999999999773e+02, 5.123140000000000471e-01
9.266670000000000300e+02, 1.824290000000000078e-01
9.266829999999999927e+02, 1.177969999999999962e+00
9.267000000000000455e+02, 2.221330000000000027e+00
9.267169999999999845e+02, -3.226399999999999824e-01
9.267329999999999472e+02, -1.029740000000000100e+00
9.267500000000000000e+02, -8.340809999999999613e-01
9.267670000000000528e+02, -1.258110000000000062e+00
9.267830000000000155e+02, 3.838469999999999938e-01
9.267999999999999545e+02, -8.529020000000000490e-01
9.268170000000000073e+02, 9.492749999999999799e-02
9.268329999999999700e+02, 2.990780000000000105e-01
9.268500000000000227e+02, -8.362730000000000441e-01
9.268669999999999618e+02, -4.260840000000000183e-01
9.268830000000000382e+02, 7.004569999999999894e-03
9.268999999999999773e+02, -1.467600000000000016e-01
9.269170000000000300e+02, -6.690350000000000463e-02
9.269329999999999927e+02, 2.852379999999999916e-01
9.269500000000000455e+02, 9.819900000000000295e-01
9.269669999999999845e+02, -1.726900000000000102e+00
9.269829999999999472e+02, -1.114109999999999934e+00
9.270000000000000000e+02, 3.878229999999999733e-01
9.270170000000000528e+02, -1.071979999999999933e+00
9.270330000000000155e+02, -4.579829999999999735e-01
9.270499999999999545e+02, 2.053300000000000125e-01
9.270670000000000073e+02, 6.016660000000000341e-01
9.270829999999999700e+02, 6.357730000000000325e-01
9.271000000000000227e+02, -6.744259999999999700e-01
9.271169999999999618e+02, -7.515979999999999883e-01
9.271330000000000382e+02, -2.023960000000000203e+00
9.271499999999999773e+02, -2.484429999999999972e-02
9.271670000000000300e+02, 3.261680000000000135e-01
9.271829999999999927e+02, 1.020410000000000039e+00
9.272000000000000455e+02, 1.364009999999999945e+00
9.272169999999999845e+02, 7.181929999999999703e-01
9.272329999999999472e+02, 9.889229999999999965e-01
9.272500000000000000e+02, -8.936140000000000194e-01
9.272670000000000528e+02, -1.457089999999999996e+00
9.272830000000000155e+02, -1.087120000000000086e+00
9.272999999999999545e+02, -6.812730000000000175e-01
9.273170000000000073e+02, -1.994039999999999979e-01
9.273329999999999700e+02, 5.928269999999999929e-01
9.273500000000000227e+02, 7.424800000000000288e-01
9.273669999999999618e+02, -1.597979999999999887e-02
9.273830000000000382e+02, -2.980160000000000031e-01
9.273999999999999773e+02, -8.094560000000000644e-02
9.274170000000000300e+02, -2.757379999999999814e-03
9.274329999999999927e+02, 6.696029999999999482e-01
9.274500000000000455e+02, 4.750159999999999938e-01
9.274669999999999845e+02, 1.288380000000000081e-02
9.274829999999999472e+02, 2.701859999999999817e-01
9.275000000000000000e+02, 2.008240000000000025e-01
9.275170000000000528e+02, 9.601920000000000455e-01
9.275330000000000155e+02, 1.090570000000000039e+00
9.275499999999999545e+02, 6.732390000000000319e-01
9.275670000000000073e+02, -3.297950000000000048e-01
9.275829999999999700e+02, 3.431859999999999911e-01
9.276000000000000227e+02, -1.471010000000000095e-01
9.276169999999999618e+02, 4.893959999999999977e-01
9.276330000000000382e+02, 9.312270000000000270e-01
9.276499999999999773e+02, -8.657439999999999580e-01
9.276670000000000300e+02, -7.362469999999999848e-01
9.276829999999999927e+02, -9.961010000000000142e-01
9.277000000000000455e+02, -8.245999999999999996e-01
9.277169999999999845e+02, -9.481049999999999756e-01
9.277329999999999472e+02, -4.442969999999999975e-01
9.277500000000000000e+02, 8.713279999999999914e-01
9.277670000000000528e+02, -1.300000000000000044e+00
9.277830000000000155e+02, 7.041009999999999769e-01
9.277999999999999545e+02, 3.699459999999999971e-01
9.278170000000000073e+02, 1.093630000000000102e+00
9.278329999999999700e+02, -3.913550000000000084e-01
9.278500000000000227e+02, 2.763269999999999893e-01
9.278669999999999618e+02, 7.829369999999999941e-01
9.278830000000000382e+02, -1.796240000000000059e+00
9.278999999999999773e+02, 4.763679999999999998e-02
9.279170000000000300e+02, -8.013639999999999652e-01
9.279329999999999927e+02, 2.305710000000000051e-02
9.279500000000000455e+02, 2.402750000000000163e+00
9.279669999999999845e+02, 4.279959999999999876e-01
9.279829999999999472e+02, 1.414060000000000039e-01
9.280000000000000000e+02, 5.197230000000000461e-01
9.280170000000000528e+02, -1.377269999999999994e+00
9.280330000000000155e+02, 6.079959999999999809e-01
9.280499999999999545e+02, -1.183019999999999960e+00
9.280670000000000073e+02, -3.994739999999999958e-01
9.280829999999999700e+02, 5.120639999999999636e-01
9.281000000000000227e+02, -1.398120000000000029e+00
9.281169999999999618e+02, 1.872580000000000078e-01
9.281330000000000382e+02, -4.280109999999999748e-01
9.281499999999999773e+02, -4.023939999999999739e-01
9.281670000000000300e+02, -2.405539999999999901e-01
9.281829999999999927e+02, 9.057120000000000448e-02
9.282000000000000455e+02, -2.253139999999999865e-01
9.282169999999999845e+02, 1.197019999999999973e+00
9.282329999999999472e+02, 8.135320000000000329e-01
9.282500000000000000e+02, -1.468310000000000004e+00
9.282670000000000528e+02, 1.175930000000000031e-01
9.282830000000000155e+02, -4.420629999999999837e-01
9.282999999999999545e+02, 8.494570000000000176e-01
9.283170000000000073e+02, -3.321089999999999876e-01
9.283329999999999700e+02, 8.272140000000000049e-02
9.283500000000000227e+02, -5.113739999999999952e-02
9.283669999999999618e+02, -1.520469999999999877e-01
9.283830000000000382e+02, -2.806159999999999766e-01
9.283999999999999773e+02, -8.057190000000000185e-02
9.284170000000000300e+02, -5.565800000000000088e-03
9.284329999999999927e+02, 1.761729999999999963e-01
9.284500000000000455e+02, 9.975720000000000143e-01
9.284669999999999845e+02, 1.112510000000000110e+00
9.284829999999999472e+02, -3.542859999999999898e-01
9.285000000000000000e+02, 7.409930000000000128e-01
9.285170000000000528e+02, 4.500520000000000215e-02
9.285330000000000155e+02, 6.613369999999999527e-01
9.285499999999999545e+02, -3.455289999999999750e-01
9.285670000000000073e+02, 4.167290000000000161e-01
9.285829999999999700e+02, 1.018659999999999982e-01
9.286000000000000227e+02, 3.881350000000000078e-01
9.286169999999999618e+02, 1.207589999999999941e+00
9.286330000000000382e+02, 4.305570000000000230e-01
9.286499999999999773e+02, 3.541839999999999988e-01
9.286670000000000300e+02, 1.014250000000000013e-01
9.286829999999999927e+02, 1.304230000000000111e-01
9.287000000000000455e+02, 1.327649999999999997e+00
9.287169999999999845e+02, -6.862229999999999719e-02
9.287329999999999472e+02, 2.439719999999999944e-01
9.287500000000000000e+02, 1.084689999999999932e+00
9.287670000000000528e+02, 1.550079999999999902e+00
9.287830000000000155e+02, -1.094060000000000032e-01
9.287999999999999545e+02, -1.933479999999999921e-01
9.288170000000000073e+02, 3.065920000000000104e-02
9.288329999999999700e+02, 2.103569999999999884e-01
9.288500000000000227e+02, -3.090060000000000029e-01
9.288669999999999618e+02, -3.217140000000000000e-01
9.288830000000000382e+02, 1.289909999999999890e+00
9.288999999999999773e+02, 5.321069999999999967e-01
9.289170000000000300e+02, -7.763879999999999670e-01
9.289329999999999927e+02, 5.806569999999999787e-01
9.289500000000000455e+02, -1.634360000000000035e+00
9.289669999999999845e+02, -9.494200000000000417e-01
9.289829999999999472e+02, 1.701830000000000009e-01
9.290000000000000000e+02, 1.544969999999999954e+00
9.290170000000000528e+02, 6.345840000000000369e-01
9.290330000000000155e+02, -2.618720000000000075e-02
9.290499999999999545e+02, -3.995529999999999915e-02
9.290670000000000073e+02, 2.610020000000000118e-01
9.290829999999999700e+02, -3.778510000000000202e-02
9.291000000000000227e+02, 3.704810000000000048e-02
9.291169999999999618e+02, -3.115029999999999744e-01
9.291330000000000382e+02, -6.151839999999999531e-01
9.291499999999999773e+02, -2.453819999999999890e-01
9.291670000000000300e+02, -5.407250000000000112e-01
9.291829999999999927e+02, -4.767399999999999971e-01
9.292000000000000455e+02, 6.920789999999999997e-01
9.292169999999999845e+02, 4.848370000000000180e-01
9.292329999999999472e+02, -4.938790000000000124e-01
9.292500000000000000e+02, 7.187649999999999872e-01
9.292670000000000528e+02, -2.685449999999999782e-01
9.292830000000000155e+02, -1.283439999999999914e+00
9.292999999999999545e+02, -7.808380000000000321e-01
9.293170000000000073e+02, -2.785719999999999863e-01
9.293329999999999700e+02, -3.852450000000000041e-01
9.293500000000000227e+02, -5.591530000000000111e-01
9.293669999999999618e+02, -3.714520000000000044e-01
9.293830000000000382e+02, -8.671870000000000411e-01
9.293999999999999773e+02, 1.763740000000000030e-01
9.294170000000000300e+02, -3.628950000000000231e-01
9.294329999999999927e+02, 1.429240000000000066e+00
9.294500000000000455e+02, 7.936950000000000394e-01
9.294669999999999845e+02, 9.727759999999999576e-04
9.294829999999999472e+02, -6.000919999999999588e-01
9.295000000000000000e+02, 1.095760000000000067e+00
9.295170000000000528e+02, -9.480610000000000426e-01
9.295330000000000155e+02, 7.154179999999999984e-01
9.295499999999999545e+02, 3.378070000000000239e-01
9.295670000000000073e+02, 3.002730000000000121e-01
9.295829999999999700e+02, -1.052250000000000060e-02
9.296000000000000227e+02, 2.189709999999999990e-01
9.296169999999999618e+02, -2.965369999999999950e-01
9.296330000000000382e+02, -2.904140000000000055e-01
9.296499999999999773e+02, 3.040269999999999917e-01
9.296670000000000300e+02, 1.943759999999999932e-01
9.296829999999999927e+02, 1.089949999999999974e+00
9.297000000000000455e+02, 2.320659999999999945e-01
9.297169999999999845e+02, 8.671579999999999566e-02
9.297329999999999472e+02, 7.026780000000000248e-01
9.297500000000000000e+02, 6.666530000000000511e-01
9.297670000000000528e+02, 1.585909999999999931e+00
9.297830000000000155e+02, 9.259309999999999485e-01
9.297999999999999545e+02, 3.896120000000000139e-01
9.298170000000000073e+02, -2.844140000000000001e-01
9.298329999999999700e+02, -5.114459999999999562e-01
9.298500000000000227e+02, -1.162809999999999899e+00
9.298669999999999618e+02, -4.386479999999999824e-01
9.298830000000000382e+02, -6.254910000000000192e-01
9.298999999999999773e+02, 2.353280000000000094e-01
9.299170000000000300e+02, -5.845510000000000428e-01
9.299329999999999927e+02, -2.639150000000000107e-01
9.299500000000000455e+02, -2.057859999999999967e-01
9.299669999999999845e+02, 9.878919999999999368e-03
9.299829999999999472e+02, 4.870999999999999774e-01
9.300000000000000000e+02, 7.840449999999999919e-01
9.300170000000000528e+02, 9.441760000000000153e-01
9.300330000000000155e+02, 3.603769999999999890e-02
9.300499999999999545e+02, -1.652440000000000020e-01
9.300670000000000073e+02, -4.396769999999999845e-01
9.300829999999999700e+02, -1.323649999999999993e+00
9.301000000000000227e+02, 1.031040000000000081e-02
9.301169999999999618e+02, -8.056640000000000468e-01
9.301330000000000382e+02, 4.902489999999999903e-01
9.301499999999999773e+02, 8.992900000000000338e-01
9.301670000000000300e+02, 6.638699999999999601e-01
9.301829999999999927e+02, -5.608269999999999644e-01
9.302000000000000455e+02, -9.406019999999999659e-02
9.302169999999999845e+02, 2.036929999999999991e-02
9.302329999999999472e+02, 5.457340000000000524e-01
9.302500000000000000e+02, 8.698059999999999681e-01
9.302670000000000528e+02, 7.403049999999999908e-01
9.302830000000000155e+02, 7.158090000000000286e-01
9.302999999999999545e+02, -7.115259999999999918e-01
9.303170000000000073e+02, -6.877039999999999820e-01
9.303329999999999700e+02, 9.267859999999999987e-01
9.303500000000000227e+02, -1.192870000000000097e+00
9.303669999999999618e+02, -1.364840000000000053e+00
9.303830000000000382e+02, 4.952340000000000075e-01
9.303999999999999773e+02, -1.301539999999999919e-01
9.304170000000000300e+02, 2.345780000000000087e-01
9.304329999999999927e+02, -2.138589999999999935e-01
9.304500000000000455e+02, 5.338070000000000315e-01
9.304669999999999845e+02, -3.075769999999999893e-01
9.304829999999999472e+02, -1.381650000000000045e+00
9.305000000000000000e+02, -8.942350000000000021e-01
9.305170000000000528e+02, -1.149110000000000076e+00
9.305330000000000155e+02, 6.604970000000000008e-01
9.305499999999999545e+02, -4.805150000000000254e-01
9.305670000000000073e+02, 3.085709999999999842e-02
9.305829999999999700e+02, -7.258280000000000287e-01
9.306000000000000227e+02, 8.761759999999999549e-01
9.306169999999999618e+02, 6.194020000000000081e-01
9.306330000000000382e+02, -3.626019999999999799e-01
9.306499999999999773e+02, -3.909500000000000197e-01
9.306670000000000300e+02, -2.388369999999999937e-01
9.306829999999999927e+02, 4.658249999999999891e-01
9.307000000000000455e+02, 1.353480000000000016e+00
9.307169999999999845e+02, 1.577420000000000044e+00
9.307329999999999472e+02, -9.443789999999999685e-01
9.307500000000000000e+02, -3.730120000000000102e-01
9.307670000000000528e+02, -7.790070000000000050e-01
9.307830000000000155e+02, 1.098039999999999905e+00
9.307999999999999545e+02, -1.731350000000000111e-01
9.308170000000000073e+02, 1.065289999999999987e-02
9.308329999999999700e+02, 1.348060000000000036e+00
9.308500000000000227e+02, -1.430200000000000082e-01
9.308669999999999618e+02, 3.465260000000000007e-01
9.308830000000000382e+02, -4.631640000000000201e-01
9.308999999999999773e+02, -2.710759999999999836e-01
9.309170000000000300e+02, -3.625940000000000274e-01
9.309329999999999927e+02, -7.247109999999999941e-01
9.309500000000000455e+02, 5.116049999999999764e-01
9.309669999999999845e+02, -1.161950000000000038e+00
9.309829999999999472e+02, 7.387280000000000513e-01
9.310000000000000000e+02, 9.721760000000000401e-01
9.310170000000000528e+02, 4.369140000000000246e-01
9.310330000000000155e+02, -3.828820000000000001e-01
9.310499999999999545e+02, -1.140479999999999938e+00
9.310670000000000073e+02, -9.715059999999999807e-01
9.310829999999999700e+02, 3.268389999999999906e-01
9.311000000000000227e+02, 1.216630000000000100e+00
9.311169999999999618e+02, 1.016089999999999938e+00
9.311330000000000382e+02, 1.045840000000000103e+00
9.311499999999999773e+02, -1.294939999999999980e+00
9.311670000000000300e+02, -6.233509999999999884e-01
9.311829999999999927e+02, -5.977299999999999836e-01
9.312000000000000455e+02, -1.477249999999999952e+00
9.312169999999999845e+02, -1.606480000000000130e-01
9.312329999999999472e+02, -1.704569999999999974e-01
9.312500000000000000e+02, 5.475290000000000434e-01
9.312670000000000528e+02, 1.369019999999999959e-01
9.312830000000000155e+02, -3.604809999999999959e-02
9.312999999999999545e+02, -2.326970000000000205e+00
9.313170000000000073e+02, 9.575360000000000538e-01
9.313329999999999700e+02, 4.368020000000000236e-01
9.313500000000000227e+02, 8.644849999999999479e-01
9.313669999999999618e+02, -5.750579999999999581e-01
9.313830000000000382e+02, -8.634190000000000476e-01
9.313999999999999773e+02, 2.816679999999999739e-01
9.314170000000000300e+02, 1.221600000000000019e+00
9.314329999999999927e+02, 2.947529999999999872e-01
9.314500000000000455e+02, -1.550890000000000102e+00
9.314669999999999845e+02, 1.074869999999999992e-01
9.314829999999999472e+02, -8.457540000000000058e-01
9.315000000000000000e+02, 5.885510000000000463e-01
9.315170000000000528e+02, -4.678319999999999701e-02
9.315330000000000155e+02, -2.706810000000000049e-01
9.315499999999999545e+02, -5.873680000000000012e-01
9.315670000000000073e+02, 8.748639999999999750e-01
9.315829999999999700e+02, 3.093960000000000043e-01
9.316000000000000227e+02, -1.110330000000000067e-01
9.316169999999999618e+02, -1.043060000000000098e+00
9.316330000000000382e+02, -4.844769999999999910e-01
9.316499999999999773e+02, -6.450120000000000298e-01
9.316670000000000300e+02, -1.798869999999999969e+00
9.316829999999999927e+02, -1.038650000000000073e+00
9.317000000000000455e+02, -5.336779999999999857e-01
9.317169999999999845e+02, -4.880109999999999726e-01
9.317329999999999472e+02, 2.953450000000000242e-01
9.317500000000000000e+02, 2.184750000000000025e-01
9.317670000000000528e+02, 4.515330000000000177e-01
9.317830000000000155e+02, -3.060160000000000102e-01
9.317999999999999545e+02, -1.064750000000000002e-01
9.318170000000000073e+02, -8.467759999999999732e-01
9.318329999999999700e+02, -4.448219999999999952e-01
9.318500000000000227e+02, -5.824189999999999923e-02
9.318669999999999618e+02, -1.052140000000000020e-01
9.318830000000000382e+02, 7.371929999999999872e-01
9.318999999999999773e+02, -1.323990000000000000e+00
9.319170000000000300e+02, -3.082990000000000036e-02
9.319329999999999927e+02, -9.428600000000000314e-01
9.319500000000000455e+02, -6.200299999999999701e-01
9.319669999999999845e+02, -7.589280000000000470e-01
9.319829999999999472e+02, -5.727970000000000006e-01
9.320000000000000000e+02, -4.565400000000000014e-01
9.320170000000000528e+02, -7.466409999999999991e-01
9.320330000000000155e+02, 1.646809999999999941e-01
9.320499999999999545e+02, 1.156749999999999945e+00
9.320670000000000073e+02, -4.806520000000000237e-02
9.320829999999999700e+02, -7.035230000000000095e-01
9.321000000000000227e+02, 7.996720000000000217e-02
9.321169999999999618e+02, 3.525989999999999958e-01
9.321330000000000382e+02, 2.029440000000000133e+00
9.321499999999999773e+02, 2.761890000000000178e-01
9.321670000000000300e+02, -9.742359999999999909e-01
9.321829999999999927e+02, -2.197119999999999962e+00
9.322000000000000455e+02, 6.439340000000000064e-01
9.322169999999999845e+02, -8.857739999999999503e-01
9.322329999999999472e+02, 2.100800000000000001e+00
9.322500000000000000e+02, -5.195629999999999971e-01
9.322670000000000528e+02, -2.950070000000000192e-01
9.322830000000000155e+02, -8.227750000000000341e-01
9.322999999999999545e+02, 5.333179999999999588e-01
9.323170000000000073e+02, 8.283549999999999525e-01
9.323329999999999700e+02, 1.031940000000000079e+00
9.323500000000000227e+02, -9.036020000000000163e-02
9.323669999999999618e+02, -2.054159999999999875e-01
9.323830000000000382e+02, -2.505160000000000026e-02
9.323999999999999773e+02, -1.978480000000000169e-02
9.324170000000000300e+02, 9.845650000000000235e-02
9.324329999999999927e+02, -5.128840000000000066e-01
9.324500000000000455e+02, -1.128800000000000026e+00
9.324669999999999845e+02, -8.587979999999999503e-01
9.324829999999999472e+02, -9.938010000000000455e-01
9.325000000000000000e+02, 9.180869999999999864e-01
9.325170000000000528e+02, -4.979270000000000085e-01
9.325330000000000155e+02, -1.177829999999999988e-01
9.325499999999999545e+02, 3.544740000000000113e-01
9.325670000000000073e+02, -2.573320000000000052e-01
9.325829999999999700e+02, -1.186080000000000051e-01
9.326000000000000227e+02, -4.417900000000000160e-01
9.326169999999999618e+02, -2.862219999999999764e-01
9.326330000000000382e+02, -1.131999999999999951e-01
9.326499999999999773e+02, 9.334330000000000405e-02
9.326670000000000300e+02, 9.339399999999999924e-01
9.326829999999999927e+02, 7.660100000000000242e-02
9.327000000000000455e+02, 5.212989999999999569e-01
9.327169999999999845e+02, 6.899660000000000515e-02
9.327329999999999472e+02, 9.367750000000000243e-01
9.327500000000000000e+02, 8.169809999999999572e-01
9.327670000000000528e+02, -1.195470000000000005e-01
9.327830000000000155e+02, 1.596869999999999956e-01
9.327999999999999545e+02, 7.788000000000000478e-01
9.328170000000000073e+02, -3.287849999999999939e-01
9.328329999999999700e+02, 3.774959999999999982e-01
9.328500000000000227e+02, 5.343280000000000252e-01
9.328669999999999618e+02, -2.338460000000000105e-03
9.328830000000000382e+02, 7.416490000000000027e-01
9.328999999999999773e+02, 2.436919999999999920e-01
9.329170000000000300e+02, 2.118430000000000035e-01
9.329329999999999927e+02, -9.768160000000000176e-01
9.329500000000000455e+02, -8.984640000000000404e-01
9.329669999999999845e+02, -1.686379999999999990e+00
9.329829999999999472e+02, 3.041820000000000079e-01
9.330000000000000000e+02, 4.177250000000000130e-01
9.330170000000000528e+02, 1.331229999999999913e-01
9.330330000000000155e+02, 1.375119999999999953e-01
9.330499999999999545e+02, -2.993160000000000265e-01
9.330670000000000073e+02, -1.005489999999999995e-01
9.330829999999999700e+02, -1.512569999999999970e+00
9.331000000000000227e+02, -3.369699999999999918e-01
9.331169999999999618e+02, -2.240880000000000094e-01
9.331330000000000382e+02, 1.011549999999999949e-01
9.331499999999999773e+02, 7.900639999999999885e-01
9.331670000000000300e+02, 1.147629999999999928e+00
9.331829999999999927e+02, -1.715150000000000008e-01
9.332000000000000455e+02, 1.855279999999999985e-01
9.332169999999999845e+02, 2.190999999999999892e-01
9.332329999999999472e+02, -8.132570000000000077e-01
9.332500000000000000e+02, -9.339070000000000427e-01
9.332670000000000528e+02, -5.941140000000000310e-01
9.332830000000000155e+02, -4.681640000000000246e-01
9.332999999999999545e+02, -9.404519999999999547e-02
9.333170000000000073e+02, -1.163680000000000048e+00
9.333329999999999700e+02, -3.187650000000000206e-01
9.333500000000000227e+02, 2.047059999999999852e-03
9.333669999999999618e+02, 5.348629999999999773e-01
9.333830000000000382e+02, 1.162879999999999914e+00
9.333999999999999773e+02, 7.160060000000000313e-01
9.334170000000000300e+02, -4.468849999999999767e-01
9.334329999999999927e+02, -1.277830000000000021e+00
9.334500000000000455e+02, -1.049819999999999975e+00
9.334669999999999845e+02, -3.385400000000000076e-01
9.334829999999999472e+02, 5.245170000000000110e-01
9.335000000000000000e+02, -1.456720000000000015e+00
9.335170000000000528e+02, -1.265039999999999942e+00
9.335330000000000155e+02, -3.946060000000000123e-01
9.335499999999999545e+02, -1.666729999999999878e-01
9.335670000000000073e+02, 3.727840000000000042e-01
9.335829999999999700e+02, -6.178890000000000077e-02
9.336000000000000227e+02, 7.110769999999999591e-01
9.336169999999999618e+02, 4.094729999999999759e-01
9.336330000000000382e+02, 3.885859999999999870e-01
9.336499999999999773e+02, 1.218539999999999957e+00
9.336670000000000300e+02, 1.039649999999999963e+00
9.336829999999999927e+02, -7.448719999999999786e-01
9.337000000000000455e+02, -3.203960000000000141e-01
9.337169999999999845e+02, -3.687940000000000107e-01
9.337329999999999472e+02, -3.215029999999999971e-02
9.337500000000000000e+02, 9.567430000000000101e-01
9.337670000000000528e+02, 5.300219999999999931e-01
9.337830000000000155e+02, -8.435150000000000148e-01
9.337999999999999545e+02, -4.557399999999999785e-01
9.338170000000000073e+02, -3.891069999999999807e-01
9.338329999999999700e+02, 1.541779999999999928e+00
9.338500000000000227e+02, 4.139149999999999774e-01
9.338669999999999618e+02, -1.194550000000000001e+00
9.338830000000000382e+02, -7.069410000000000416e-01
9.338999999999999773e+02, 1.719030000000000058e+00
9.339170000000000300e+02, 1.822230000000000016e+00
9.339329999999999927e+02, 5.431310000000000304e-01
9.339500000000000455e+02, -1.447940000000000005e+00
9.339669999999999845e+02, -1.015600000000000058e+00
9.339829999999999472e+02, -6.119529999999999692e-01
9.340000000000000000e+02, -1.108130000000000059e+00
9.340170000000000528e+02, 7.899490000000000123e-01
9.340330000000000155e+02, -1.269700000000000051e+00
9.340499999999999545e+02, 2.159959999999999936e-01
9.340670000000000073e+02, 1.023779999999999912e+00
9.340829999999999700e+02, -9.215550000000000130e-01
9.341000000000000227e+02, 1.484439999999999982e+00
9.341169999999999618e+02, -1.039909999999999890e+00
9.341330000000000382e+02, -8.336789999999999479e-02
9.341499999999999773e+02, 8.599390000000000089e-01
9.341670000000000300e+02, 1.959340000000000040e-02
9.341829999999999927e+02, 4.906590000000000257e-02
9.342000000000000455e+02, -7.284150000000000347e-01
9.342169999999999845e+02, 1.331879999999999953e+00
9.342329999999999472e+02, 2.746350000000000180e-01
9.342500000000000000e+02, 3.677920000000000078e-01
9.342670000000000528e+02, 8.672459999999999891e-03
9.342830000000000155e+02, -1.492310000000000025e+00
9.342999999999999545e+02, 9.695179999999999909e-01
9.343170000000000073e+02, -1.235249999999999959e-01
9.343329999999999700e+02, -2.840539999999999732e-01
9.343500000000000227e+02, 2.828240000000000198e-01
9.343669999999999618e+02, -8.205019999999999536e-01
9.343830000000000382e+02, -1.316410000000000080e+00
9.343999999999999773e+02, -1.301819999999999977e+00
9.344170000000000300e+02, 3.443820000000000214e-01
9.344329999999999927e+02, 1.858569999999999944e-01
9.344500000000000455e+02, -9.639659999999999895e-01
9.344669999999999845e+02, -1.023789999999999978e+00
9.344829999999999472e+02, 3.918610000000000149e-01
9.345000000000000000e+02, 9.271909999999999874e-01
9.345170000000000528e+02, 1.090759999999999993e-02
9.345330000000000155e+02, 1.569800000000000084e-01
9.345499999999999545e+02, 3.914759999999999907e-01
9.345670000000000073e+02, 9.585660000000000291e-01
9.345829999999999700e+02, 7.590919999999999612e-02
9.346000000000000227e+02, 3.937419999999999809e-01
9.346169999999999618e+02, 3.703190000000000093e-01
9.346330000000000382e+02, 4.810480000000000311e-02
9.346499999999999773e+02, -3.791930000000000023e-01
9.346670000000000300e+02, 9.856719999999999371e-02
9.346829999999999927e+02, -5.356899999999999995e-01
9.347000000000000455e+02, 1.317589999999999872e-01
9.347169999999999845e+02, 1.343540000000000012e-01
9.347329999999999472e+02, -1.424590000000000023e+00
9.347500000000000000e+02, 1.194520000000000026e-01
9.347670000000000528e+02, -2.225669999999999871e-01
9.347830000000000155e+02, 1.175280000000000102e+00
9.347999999999999545e+02, 1.356179999999999941e+00
9.348170000000000073e+02, 3.787889999999999868e-01
9.348329999999999700e+02, 2.387529999999999930e-01
9.348500000000000227e+02, 5.252010000000000289e-01
9.348669999999999618e+02, -1.089450000000000029e+00
9.348830000000000382e+02, 7.901089999999999502e-01
9.348999999999999773e+02, 3.357929999999999943e-02
9.349170000000000300e+02, -3.303249999999999797e-01
9.349329999999999927e+02, -6.314989999999999493e-02
9.349500000000000455e+02, -7.499770000000000048e-01
9.349669999999999845e+02, 2.787319999999999798e-01
9.349829999999999472e+02, -7.423229999999999551e-01
9.350000000000000000e+02, 5.163539999999999797e-01
9.350170000000000528e+02, 5.003039999999999710e-01
9.350330000000000155e+02, 9.337619999999999809e-01
9.350499999999999545e+02, 3.586030000000000051e-01
9.350670000000000073e+02, -9.130000000000000338e-01
9.350829999999999700e+02, -4.244669999999999832e-01
9.351000000000000227e+02, -8.270800000000000374e-01
9.351169999999999618e+02, -8.605469999999999509e-01
9.351330000000000382e+02, -3.919300000000000006e-01
9.351499999999999773e+02, 4.782959999999999989e-01
9.351670000000000300e+02, -1.153790000000000093e+00
9.351829999999999927e+02, -2.645150000000000112e+00
9.352000000000000455e+02, -1.315299999999999914e+00
9.352169999999999845e+02, -3.681389999999999940e-01
9.352329999999999472e+02, 1.951710000000000111e-01
9.352500000000000000e+02, -4.111859999999999959e-01
9.352670000000000528e+02, 3.988490000000000091e-01
9.352830000000000155e+02, 1.753730000000000011e-01
9.352999999999999545e+02, 7.388740000000000308e-01
9.353170000000000073e+02, -3.674649999999999861e-01
9.353329999999999700e+02, -8.806730000000000391e-01
9.353500000000000227e+02, 3.607719999999999816e-01
9.353669999999999618e+02, 5.714409999999999767e-01
9.353830000000000382e+02, 2.482020000000000146e-03
9.353999999999999773e+02, 1.338060000000000027e+00
9.354170000000000300e+02, 1.246160000000000045e-01
9.354329999999999927e+02, 5.387939999999999952e-01
9.354500000000000455e+02, 1.670409999999999950e-01
9.354669999999999845e+02, 2.746449999999999725e-01
9.354829999999999472e+02, -2.608159999999999923e-01
9.355000000000000000e+02, -9.546229999999999993e-01
9.355170000000000528e+02, -1.244420000000000082e+00
9.355330000000000155e+02, -3.593569999999999820e-01
9.355499999999999545e+02, -7.151440000000000019e-01
9.355670000000000073e+02, 9.520679999999999421e-02
9.355829999999999700e+02, 1.104130000000000056e+00
9.356000000000000227e+02, 1.131219999999999892e+00
9.356169999999999618e+02, -2.143569999999999920e-01
9.356330000000000382e+02, -8.812530000000000363e-02
9.356499999999999773e+02, 6.656950000000000367e-01
9.356670000000000300e+02, -1.488700000000000023e-01
9.356829999999999927e+02, 1.068929999999999936e+00
9.357000000000000455e+02, -4.205190000000000317e-02
9.357169999999999845e+02, -9.146480000000000166e-01
9.357329999999999472e+02, -1.764459999999999917e+00
9.357500000000000000e+02, -8.306240000000000290e-01
9.357670000000000528e+02, 2.656410000000000160e-01
9.357830000000000155e+02, 1.559919999999999918e-01
9.357999999999999545e+02, -8.489990000000000037e-02
9.358170000000000073e+02, 6.187650000000000095e-01
9.358329999999999700e+02, 9.928409999999999735e-01
9.358500000000000227e+02, 8.627930000000000321e-01
9.358669999999999618e+02, -2.530339999999999812e-01
9.358830000000000382e+02, -7.301339999999999497e-01
9.358999999999999773e+02, -2.013479999999999992e-01
9.359170000000000300e+02, 6.041790000000000216e-01
9.359329999999999927e+02, 7.498979999999999535e-01
9.359500000000000455e+02, -3.303639999999999910e-01
9.359669999999999845e+02, 7.805670000000000108e-01
9.359829999999999472e+02, 1.083320000000000061e+00
9.360000000000000000e+02, 3.895399999999999974e-01
9.360170000000000528e+02, -8.889510000000000467e-01
9.360330000000000155e+02, -1.025530000000000053e-01
9.360499999999999545e+02, 1.272659999999999902e+00
9.360670000000000073e+02, 2.345929999999999960e-01
9.360829999999999700e+02, 3.097250000000000003e-02
9.361000000000000227e+02, -1.114419999999999966e+00
9.361169999999999618e+02, -1.624669999999999934e-02
9.361330000000000382e+02, 4.772219999999999795e-01
9.361499999999999773e+02, -8.584249999999999936e-01
9.361670000000000300e+02, -3.340920000000000001e-01
9.361829999999999927e+02, 1.010620000000000074e+00
9.362000000000000455e+02, 1.280129999999999879e-01
9.362169999999999845e+02, -1.289819999999999967e+00
9.362329999999999472e+02, -6.903399999999999537e-01
9.362500000000000000e+02, 2.803350000000000009e-01
9.362670000000000528e+02, 1.127960000000000074e+00
9.362830000000000155e+02, -6.078379999999999894e-01
9.362999999999999545e+02, -7.807150000000000478e-01
9.363170000000000073e+02, -5.766949999999999577e-01
9.363329999999999700e+02, 2.171780000000000099e-01
9.363500000000000227e+02, 1.101869999999999905e+00
9.363669999999999618e+02, 1.713489999999999958e+00
9.363830000000000382e+02, 4.784129999999999772e-01
9.363999999999999773e+02, 7.549630000000000229e-02
9.364170000000000300e+02, -1.122100000000000097e+00
9.364329999999999927e+02, -7.483640000000000292e-01
9.364500000000000455e+02, 4.627300000000000163e-02
9.364669999999999845e+02, 4.782589999999999758e-02
9.364829999999999472e+02, 5.523279999999999856e-02
9.365000000000000000e+02, -2.925289999999999835e-01
9.365170000000000528e+02, -1.465770000000000017e+00
9.365330000000000155e+02, -4.578100000000000225e-02
9.365499999999999545e+02, 6.660369999999999902e-01
9.365670000000000073e+02, 8.984619999999999829e-01
9.365829999999999700e+02, -3.073350000000000040e-02
9.366000000000000227e+02, -8.407350000000000101e-01
9.366169999999999618e+02, -1.124209999999999932e+00
9.366330000000000382e+02, -9.897869999999999724e-01
9.366499999999999773e+02, 7.036329999999999529e-01
9.366670000000000300e+02, 2.530959999999999877e-01
9.366829999999999927e+02, -1.971610000000000029e-01
9.367000000000000455e+02, 1.151969999999999938e-01
9.367169999999999845e+02, 7.666389999999999594e-01
9.367329999999999472e+02, 6.285380000000000411e-01
9.367500000000000000e+02, -9.397919999999999607e-01
9.367670000000000528e+02, -1.129420000000000091e+00
9.367830000000000155e+02, -5.499030000000000307e-01
9.367999999999999545e+02, -9.782980000000000009e-01
9.368170000000000073e+02, -1.404740000000000100e+00
9.368329999999999700e+02, 9.857329999999999703e-01
9.368500000000000227e+02, 6.276819999999999622e-02
9.368669999999999618e+02, 1.027079999999999993e+00
9.368830000000000382e+02, -1.982620000000000049e+00
9.368999999999999773e+02, 4.864600000000000035e-01
9.369170000000000300e+02, -3.211620000000000030e-01
9.369329999999999927e+02, -7.777110000000000412e-01
9.369500000000000455e+02, 3.420179999999999887e-01
9.369669999999999845e+02, -2.546590000000000242e-01
9.369829999999999472e+02, 3.376910000000000189e-01
9.370000000000000000e+02, 9.412179999999999991e-01
9.370170000000000528e+02, -6.441510000000000291e-02
9.370330000000000155e+02, -5.431289999999999729e-01
9.370499999999999545e+02, 5.108850000000000335e-01
9.370670000000000073e+02, -1.223160000000000025e+00
9.370829999999999700e+02, 1.483530000000000015e+00
9.371000000000000227e+02, 3.140640000000000098e-01
9.371169999999999618e+02, 1.700339999999999963e+00
9.371330000000000382e+02, -4.535739999999999772e-01
9.371499999999999773e+02, -1.783530000000000115e-01
9.371670000000000300e+02, -3.186739999999999712e-02
9.371829999999999927e+02, 2.910980000000000234e-01
9.372000000000000455e+02, 7.083049999999999624e-01
9.372169999999999845e+02, -1.381939999999999946e+00
9.372329999999999472e+02, -1.462769999999999904e+00
9.372500000000000000e+02, -1.484419999999999906e-01
9.372670000000000528e+02, 1.692869999999999930e-01
9.372830000000000155e+02, -1.285320000000000018e+00
9.372999999999999545e+02, 7.250529999999999475e-01
9.373170000000000073e+02, 7.039579999999999727e-01
9.373329999999999700e+02, 6.828629999999999978e-01
9.373500000000000227e+02, -3.683569999999999900e-01
9.373669999999999618e+02, -3.359849999999999781e-01
9.373830000000000382e+02, 1.444399999999999906e+00
9.373999999999999773e+02, 8.671450000000000546e-01
9.374170000000000300e+02, 2.485170000000000101e+00
9.374329999999999927e+02, 1.784499999999999975e+00
9.374500000000000455e+02, 2.479679999999999940e-01
9.374669999999999845e+02, -9.815530000000000088e-01
9.374829999999999472e+02, -1.298149999999999915e+00
9.375000000000000000e+02, -4.613410000000000011e-01
9.375170000000000528e+02, 2.234220000000000095e-01
9.375330000000000155e+02, -3.110820000000000252e-01
9.375499999999999545e+02, 6.348529999999999451e-02
9.375670000000000073e+02, -7.672280000000000211e-01
9.375829999999999700e+02, 7.288930000000000131e-01
9.376000000000000227e+02, 1.412379999999999969e+00
9.376169999999999618e+02, 1.918870000000000076e+00
9.376330000000000382e+02, -6.507330000000000059e-01
9.376499999999999773e+02, -7.108160000000000034e-01
9.376670000000000300e+02, -8.437210000000000543e-01
9.376829999999999927e+02, 1.381070000000000075e-01
9.377000000000000455e+02, 4.327599999999999780e-01
9.377169999999999845e+02, 1.004099999999999993e+00
9.377329999999999472e+02, 1.136660000000000004e+00
9.377500000000000000e+02, -2.207800000000000040e-01
9.377670000000000528e+02, -5.993559999999999999e-01
9.377830000000000155e+02, 4.791960000000000108e-01
9.377999999999999545e+02, 1.288610000000000033e+00
9.378170000000000073e+02, 6.493200000000000083e-01
9.378329999999999700e+02, -3.458820000000000228e-01
9.378500000000000227e+02, 1.408560000000000034e+00
9.378669999999999618e+02, -1.380780000000000063e-01
9.378830000000000382e+02, -9.772720000000000296e-01
9.378999999999999773e+02, -1.239249999999999963e+00
9.379170000000000300e+02, -6.542679999999999607e-01
9.379329999999999927e+02, 1.286589999999999956e-01
9.379500000000000455e+02, 5.728779999999999983e-01
9.379669999999999845e+02, 1.144470000000000098e+00
9.379829999999999472e+02, -3.603589999999999849e-01
9.380000000000000000e+02, -1.159850000000000048e+00
9.380170000000000528e+02, -9.496499999999999941e-01
9.380330000000000155e+02, -7.283830000000000027e-01
9.380499999999999545e+02, -5.842270000000000518e-01
9.380670000000000073e+02, -1.811669999999999947e-01
9.380829999999999700e+02, 8.787549999999999528e-01
9.381000000000000227e+02, 2.343420000000000059e+00
9.381169999999999618e+02, 4.021779999999999800e-01
9.381330000000000382e+02, 4.184329999999999994e-01
9.381499999999999773e+02, -1.471910000000000052e+00
9.381670000000000300e+02, -7.209469999999999767e-02
9.381829999999999927e+02, 3.783449999999999869e-01
9.382000000000000455e+02, -8.018640000000000212e-01
9.382169999999999845e+02, 2.559149999999999966e-02
9.382329999999999472e+02, 1.775030000000000108e+00
9.382500000000000000e+02, 1.190390000000000059e+00
9.382670000000000528e+02, 1.636289999999999967e-01
9.382830000000000155e+02, -3.350650000000000017e-01
9.382999999999999545e+02, 1.117699999999999944e-01
9.383170000000000073e+02, -1.695869999999999989e+00
9.383329999999999700e+02, -1.188059999999999894e+00
9.383500000000000227e+02, -3.752159999999999940e-01
9.383669999999999618e+02, 7.101640000000000175e-01
9.383830000000000382e+02, -5.550680000000000058e-01
9.383999999999999773e+02, 1.504199999999999982e-01
9.384170000000000300e+02, -7.943320000000000380e-01
9.384329999999999927e+02, -9.143590000000000328e-01
9.384500000000000455e+02, -1.071930000000000049e+00
9.384669999999999845e+02, -3.571529999999999982e-01
9.384829999999999472e+02, -4.554960000000000120e-01
9.385000000000000000e+02, 3.201729999999999854e-01
9.385170000000000528e+02, 6.412860000000000227e-01
9.385330000000000155e+02, -6.167789999999999662e-01
9.385499999999999545e+02, -4.793990000000000196e-01
9.385670000000000073e+02, -4.459150000000000058e-01
9.385829999999999700e+02, 1.533210000000000128e-01
9.386000000000000227e+02, 7.974749999999999894e-02
9.386169999999999618e+02, -6.850690000000000390e-01
9.386330000000000382e+02, 8.710229999999999917e-01
9.386499999999999773e+02, -1.081380000000000008e+00
9.386670000000000300e+02, 1.037050000000000055e-01
9.386829999999999927e+02, -6.049630000000000285e-02
9.387000000000000455e+02, -7.313100000000000156e-01
9.387169999999999845e+02, -6.012529999999999958e-02
9.387329999999999472e+02, -1.401650000000000118e-01
9.387500000000000000e+02, 5.284379999999999633e-01
9.387670000000000528e+02, -1.141669999999999963e+00
9.387830000000000155e+02, -1.030200000000000005e+00
9.387999999999999545e+02, -1.677210000000000090e-01
9.388170000000000073e+02, -2.345049999999999912e-01
9.388329999999999700e+02, 1.913880000000000026e+00
9.388500000000000227e+02, -2.007430000000000048e-01
9.388669999999999618e+02, 1.109699999999999909e+00
9.388830000000000382e+02, 9.604000000000000037e-02
9.388999999999999773e+02, 2.407459999999999878e-01
9.389170000000000300e+02, 4.982329999999999814e-01
9.389329999999999927e+02, -4.822710000000000052e-01
9.389500000000000455e+02, 4.016070000000000056e-02
9.389669999999999845e+02, 3.479189999999999783e-01
9.389829999999999472e+02, 5.758959999999999635e-01
9.390000000000000000e+02, 6.067749999999999533e-01
9.390170000000000528e+02, -3.090899999999999898e-02
9.390330000000000155e+02, 9.134109999999999729e-01
9.390499999999999545e+02, -1.246790000000000065e+00
9.390670000000000073e+02, -1.076829999999999954e+00
9.390829999999999700e+02, 1.004699999999999926e+00
9.391000000000000227e+02, -1.030219999999999914e+00
9.391169999999999618e+02, -4.825329999999999897e-01
9.391330000000000382e+02, 1.999740000000000073e+00
9.391499999999999773e+02, -1.020610000000000017e+00
9.391670000000000300e+02, 3.771820000000000173e-01
9.391829999999999927e+02, 8.812830000000000386e-01
9.392000000000000455e+02, -6.043659999999999588e-01
9.392169999999999845e+02, -2.019519999999999926e-01
9.392329999999999472e+02, -1.418209999999999971e+00
9.392500000000000000e+02, -1.693980000000000041e+00
9.392670000000000528e+02, -5.809670000000000112e-02
9.392830000000000155e+02, 4.673169999999999824e-01
9.392999999999999545e+02, 4.100159999999999916e-01
9.393170000000000073e+02, 2.230189999999999950e-01
9.393329999999999700e+02, -1.776420000000000110e+00
9.393500000000000227e+02, 7.282969999999999722e-01
9.393669999999999618e+02, -4.722169999999999979e-01
9.393830000000000382e+02, -1.107679999999999998e+00
9.393999999999999773e+02, 1.395599999999999896e-01
9.394170000000000300e+02, 1.062689999999999912e+00
9.394329999999999927e+02, -4.108250000000000096e-02
9.394500000000000455e+02, 2.724380000000000135e-01
9.394669999999999845e+02, 5.311050000000000493e-01
9.394829999999999472e+02, 1.747889999999999999e-01
9.395000000000000000e+02, -1.559609999999999885e-01
9.395170000000000528e+02, 1.668579999999999952e+00
9.395330000000000155e+02, 9.323019999999999918e-02
9.395499999999999545e+02, -3.554680000000000062e-01
9.395670000000000073e+02, 1.108050000000000007e-01
9.395829999999999700e+02, 6.522729999999999917e-01
9.396000000000000227e+02, 1.136390000000000011e+00
9.396169999999999618e+02, 4.583149999999999724e-01
9.396330000000000382e+02, -9.388109999999999511e-01
9.396499999999999773e+02, -1.837960000000000038e+00
9.396670000000000300e+02, -4.366359999999999686e-02
9.396829999999999927e+02, 7.604239999999999888e-01
9.397000000000000455e+02, -1.993040000000000089e-01
9.397169999999999845e+02, 9.549729999999999608e-01
9.397329999999999472e+02, -2.316380000000000106e-01
9.397500000000000000e+02, 6.779249999999999998e-01
9.397670000000000528e+02, 3.826979999999999826e-01
9.397830000000000155e+02, -1.553120000000000056e+00
9.397999999999999545e+02, -1.281139999999999946e+00
9.398170000000000073e+02, -1.775279999999999969e+00
9.398329999999999700e+02, 6.507770000000000499e-01
9.398500000000000227e+02, 1.348579999999999890e+00
9.398669999999999618e+02, 1.041369999999999907e+00
9.398830000000000382e+02, -9.757620000000000182e-01
9.398999999999999773e+02, -3.827139999999999709e-02
9.399170000000000300e+02, -1.253160000000000052e+00
9.399329999999999927e+02, -6.528899999999999704e-01
9.399500000000000455e+02, -3.814480000000000093e-01
9.399669999999999845e+02, -1.293379999999999974e+00
9.399829999999999472e+02, -1.018729999999999913e+00
9.400000000000000000e+02, 1.299369999999999969e-01
9.400170000000000528e+02, 3.433919999999999750e-01
9.400330000000000155e+02, -1.498440000000000050e-01
9.400499999999999545e+02, 2.957389999999999741e-01
9.400670000000000073e+02, 8.809810000000000141e-01
9.400829999999999700e+02, 1.353979999999999961e+00
9.401000000000000227e+02, -5.933439999999999825e-01
9.401169999999999618e+02, -6.955120000000000191e-01
9.401330000000000382e+02, -4.075840000000000019e-01
9.401499999999999773e+02, -7.739319999999999533e-01
9.401670000000000300e+02, -4.867969999999999797e-01
9.401829999999999927e+02, 1.562159999999999993e+00
9.402000000000000455e+02, 3.457979999999999943e-01
9.402169999999999845e+02, 8.016769999999999730e-01
9.402329999999999472e+02, -6.237270000000000314e-01
9.402500000000000000e+02, -1.661469999999999891e-01
9.402670000000000528e+02, 3.321040000000000103e-01
9.402830000000000155e+02, -1.367369999999999974e+00
9.402999999999999545e+02, 6.341259999999999675e-01
9.403170000000000073e+02, -4.080250000000000266e-01
9.403329999999999700e+02, 1.754759999999999931e-01
9.403500000000000227e+02, -1.022839999999999971e+00
9.403669999999999618e+02, 2.813470000000000137e-01
9.403830000000000382e+02, 1.043039999999999939e-01
9.403999999999999773e+02, 4.280390000000000028e-01
9.404170000000000300e+02, -2.647900000000000253e-01
9.404329999999999927e+02, -1.004710000000000047e-01
9.404500000000000455e+02, 4.631049999999999750e-02
9.404669999999999845e+02, 1.538589999999999902e+00
9.404829999999999472e+02, 1.711300000000000043e+00
9.405000000000000000e+02, 9.180180000000000007e-01
9.405170000000000528e+02, 9.015279999999999960e-01
9.405330000000000155e+02, -1.405559999999999921e+00
9.405499999999999545e+02, 2.745989999999999820e-01
9.405670000000000073e+02, 9.901459999999999428e-02
9.405829999999999700e+02, 9.631100000000000216e-01
9.406000000000000227e+02, 1.264559999999999906e+00
9.406169999999999618e+02, 8.493939999999999824e-01
9.406330000000000382e+02, -9.727050000000000418e-01
9.406499999999999773e+02, 2.754969999999999919e-01
9.406670000000000300e+02, 1.029640000000000111e+00
9.406829999999999927e+02, -1.975800000000000056e-01
9.407000000000000455e+02, -4.977889999999999815e-01
9.407169999999999845e+02, 7.891679999999999806e-01
9.407329999999999472e+02, 1.733820000000000083e-01
9.407500000000000000e+02, 1.461989999999999901e+00
9.407670000000000528e+02, -1.655429999999999957e-01
9.407830000000000155e+02, -8.268870000000000386e-01
9.407999999999999545e+02, -1.799080000000000013e+00
9.408170000000000073e+02, -1.200870000000000104e+00
9.408329999999999700e+02, 4.013010000000000188e-01
9.408500000000000227e+02, -1.345899999999999874e-01
9.408669999999999618e+02, 1.086980000000000057e+00
9.408830000000000382e+02, 8.578980000000000494e-01
9.408999999999999773e+02, 7.922090000000000520e-01
9.409170000000000300e+02, 5.212309999999999999e-01
9.409329999999999927e+02, -6.158139999999999725e-01
9.409500000000000455e+02, -9.951470000000000038e-01
9.409669999999999845e+02, -7.963219999999999743e-01
9.409829999999999472e+02, 1.197480000000000072e-02
9.410000000000000000e+02, 3.605180000000000051e-01
9.410170000000000528e+02, -2.458390000000000020e-01
9.410330000000000155e+02, -8.111509999999999554e-02
9.410499999999999545e+02, 4.788930000000000131e-01
9.410670000000000073e+02, 1.473449999999999926e+00
9.410829999999999700e+02, -7.094190000000000218e-01
9.411000000000000227e+02, -8.999880000000000102e-01
9.411169999999999618e+02, -3.931120000000000170e-01
9.411330000000000382e+02, 1.257359999999999867e-01
9.411499999999999773e+02, -8.730799999999999672e-02
9.411670000000000300e+02, 2.969350000000000045e-01
9.411829999999999927e+02, -3.973690000000000278e-01
9.412000000000000455e+02, -4.058530000000000193e-01
9.412169999999999845e+02, 7.826530000000000431e-01
9.412329999999999472e+02, 1.802850000000000064e+00
9.412500000000000000e+02, 1.168449999999999989e+00
9.412670000000000528e+02, -3.628009999999999846e-01
9.412830000000000155e+02, -6.758899999999999908e-01
9.412999999999999545e+02, -8.547280000000000155e-02
9.413170000000000073e+02, -1.689570000000000016e+00
9.413329999999999700e+02, -7.552689999999999682e-01
9.413500000000000227e+02, 8.891919999999999824e-01
9.413669999999999618e+02, 1.599140000000000006e-01
9.413830000000000382e+02, 6.103789999999999910e-02
9.413999999999999773e+02, -1.370889999999999886e-01
9.414170000000000300e+02, -1.735039999999999916e+00
9.414329999999999927e+02, 6.305449999999999944e-02
9.414500000000000455e+02, 3.575780000000000070e-01
9.414669999999999845e+02, -6.508540000000000436e-01
9.414829999999999472e+02, 5.585719999999999574e-01
9.415000000000000000e+02, 5.895430000000000392e-01
9.415170000000000528e+02, -6.392799999999999594e-01
9.415330000000000155e+02, 7.204749999999999766e-01
9.415499999999999545e+02, 2.085420000000000051e-01
9.415670000000000073e+02, -1.031300000000000106e+00
9.415829999999999700e+02, -9.838620000000000143e-01
9.416000000000000227e+02, -9.533840000000000092e-01
9.416169999999999618e+02, 2.682669999999999777e-01
9.416330000000000382e+02, 1.449219999999999953e+00
9.416499999999999773e+02, 9.687780000000000280e-01
9.416670000000000300e+02, 5.508790000000000076e-01
9.416829999999999927e+02, 3.629870000000000041e-01
9.417000000000000455e+02, -2.645480000000000054e-01
9.417169999999999845e+02, -5.421859999999999458e-01
9.417329999999999472e+02, -1.865690000000000071e+00
9.417500000000000000e+02, -7.606289999999999996e-01
9.417670000000000528e+02, -4.123950000000000116e-01
9.417830000000000155e+02, -7.235249999999999737e-01
9.417999999999999545e+02, -3.612460000000000115e-01
9.418170000000000073e+02, -7.981909999999999838e-01
9.418329999999999700e+02, 3.048179999999999779e-01
9.418500000000000227e+02, -5.889180000000000526e-01
9.418669999999999618e+02, -4.967639999999999834e-01
9.418830000000000382e+02, 1.858000000000000096e+00
9.418999999999999773e+02, 6.706069999999999531e-01
9.419170000000000300e+02, 2.749880000000000102e-01
9.419329999999999927e+02, 4.238660000000000205e-01
9.419500000000000455e+02, -1.925320000000000087e-01
9.419669999999999845e+02, 7.099440000000000195e-01
9.419829999999999472e+02, -4.570870000000000211e-01
9.420000000000000000e+02, -5.360770000000000257e-01
9.420170000000000528e+02, -3.438869999999999982e-01
9.420330000000000155e+02, -6.695330000000000448e-01
9.420499999999999545e+02, 1.439850000000000074e+00
9.420670000000000073e+02, 1.000550000000000050e+00
9.420829999999999700e+02, 7.495990000000000153e-01
9.421000000000000227e+02, 1.012320000000000109e+00
9.421169999999999618e+02, 1.401460000000000032e-02
9.421330000000000382e+02, 4.469489999999999852e-01
9.421499999999999773e+02, -1.863750000000000129e-01
9.421670000000000300e+02, 2.553289999999999726e-01
9.421829999999999927e+02, -9.640539999999999665e-01
9.422000000000000455e+02, 2.618739999999999957e-01
9.422169999999999845e+02, -6.075789999999999802e-01
9.422329999999999472e+02, -1.153839999999999977e+00
9.422500000000000000e+02, -1.150339999999999918e+00
9.422670000000000528e+02, 1.743129999999999957e-01
9.422830000000000155e+02, -3.339050000000000074e-01
9.422999999999999545e+02, 7.156580000000000163e-01
9.423170000000000073e+02, -1.000529999999999919e+00
9.423329999999999700e+02, -1.646760000000000002e+00
9.423500000000000227e+02, 5.033760000000000318e-02
9.423669999999999618e+02, 1.740349999999999953e-01
9.423830000000000382e+02, 1.845440000000000136e-01
9.423999999999999773e+02, 1.465710000000000068e+00
9.424170000000000300e+02, -6.177869999999999751e-01
9.424329999999999927e+02, 2.880770000000000275e-01
9.424500000000000455e+02, -3.078319999999999945e-01
9.424669999999999845e+02, 1.029719999999999941e-01
9.424829999999999472e+02, 2.189959999999999962e-01
9.425000000000000000e+02, 4.696870000000000211e-02
9.425170000000000528e+02, -9.764629999999999699e-01
9.425330000000000155e+02, -4.305950000000000055e-01
9.425499999999999545e+02, -1.464979999999999949e+00
9.425670000000000073e+02, -2.499159999999999993e-01
9.425829999999999700e+02, 4.512490000000000112e-01
9.426000000000000227e+02, -2.132330000000000059e-01
9.426169999999999618e+02, 1.436390000000000056e+00
9.426330000000000382e+02, 4.379149999999999987e-01
9.426499999999999773e+02, -1.029260000000000036e-01
9.426670000000000300e+02, 5.666299999999999670e-01
9.426829999999999927e+02, 6.831880000000000175e-01
9.427000000000000455e+02, -3.911499999999999977e-01
9.427169999999999845e+02, -6.236049999999999927e-02
9.427329999999999472e+02, -5.137990000000000057e-01
9.427500000000000000e+02, 5.410099999999999909e-01
9.427670000000000528e+02, 9.464060000000000528e-02
9.427830000000000155e+02, -1.443470000000000031e+00
9.427999999999999545e+02, 2.992719999999999825e-01
9.428170000000000073e+02, -5.479429999999999579e-01
9.428329999999999700e+02, -8.335099999999999731e-01
9.428500000000000227e+02, -1.125990000000000046e+00
9.428669999999999618e+02, -1.867289999999999894e+00
9.428830000000000382e+02, -8.738409999999999789e-01
9.428999999999999773e+02, -5.819530000000000536e-01
9.429170000000000300e+02, 1.090659999999999963e+00
9.429329999999999927e+02, 2.790320000000000022e-01
9.429500000000000455e+02, 7.911500000000000199e-01
9.429669999999999845e+02, 1.565860000000000030e+00
9.429829999999999472e+02, 4.598900000000000210e-01
9.430000000000000000e+02, 1.320649999999999949e-02
9.430170000000000528e+02, -4.937739999999999907e-01
9.430330000000000155e+02, 7.885109999999999619e-01
9.430499999999999545e+02, -1.165429999999999966e+00
9.430670000000000073e+02, 7.418200000000000349e-01
9.430829999999999700e+02, 5.998209999999999653e-02
9.431000000000000227e+02, 3.493339999999999779e-01
9.431169999999999618e+02, -8.816070000000000295e-01
9.431330000000000382e+02, 9.214449999999999585e-01
9.431499999999999773e+02, -7.593459999999999654e-01
9.431670000000000300e+02, -5.763420000000000210e-01
9.431829999999999927e+02, -1.585960000000000036e+00
9.432000000000000455e+02, -1.456360000000000099e+00
9.432169999999999845e+02, 1.669400000000000051e-01
9.432329999999999472e+02, -3.520199999999999996e-01
9.432500000000000000e+02, -1.146279999999999966e+00
9.432670000000000528e+02, 8.214730000000000087e-01
9.432830000000000155e+02, 5.103990000000000471e-01
9.432999999999999545e+02, 2.020899999999999919e-01
9.433170000000000073e+02, 1.200080000000000036e+00
9.433329999999999700e+02, 5.451040000000000330e-01
9.433500000000000227e+02, -5.472709999999999519e-01
9.433669999999999618e+02, 3.793520000000000225e-01
9.433830000000000382e+02, 1.307099999999999929e-01
9.433999999999999773e+02, 5.210519999999999596e-01
9.434170000000000300e+02, 1.659210000000000129e-01
9.434329999999999927e+02, 1.586850000000000094e+00
9.434500000000000455e+02, -3.557350000000000234e-01
9.434669999999999845e+02, 3.946430000000000216e-01
9.434829999999999472e+02, 9.462310000000000443e-01
9.435000000000000000e+02, 8.476900000000000546e-01
9.435170000000000528e+02, 2.297990000000000189e-03
9.435330000000000155e+02, -1.924510000000000109e-01
9.435499999999999545e+02, 7.562539999999999540e-02
9.435670000000000073e+02, 2.425090000000000023e-01
9.435829999999999700e+02, -3.331770000000000009e-01
9.436000000000000227e+02, -3.786430000000000073e-01
9.436169999999999618e+02, -1.195259999999999934e-01
9.436330000000000382e+02, -3.678969999999999740e-01
9.436499999999999773e+02, 1.581190000000000095e+00
9.436670000000000300e+02, -2.705270000000000175e-01
9.436829999999999927e+02, -5.784079999999999777e-02
9.437000000000000455e+02, -4.109470000000000067e-01
9.437169999999999845e+02, -1.954599999999999949e-01
9.437329999999999472e+02, -1.069749999999999979e+00
9.437500000000000000e+02, 2.052700000000000080e-01
9.437670000000000528e+02, -1.270420000000000105e+00
9.437830000000000155e+02, -1.151880000000000015e+00
9.437999999999999545e+02, -1.273969999999999964e-02
9.438170000000000073e+02, 6.491639999999999910e-02
9.438329999999999700e+02, 1.557189999999999963e-01
9.438500000000000227e+02, -9.897489999999999899e-01
9.438669999999999618e+02, -1.320330000000000004e+00
9.438830000000000382e+02, 7.128520000000000689e-02
9.438999999999999773e+02, 4.644879999999999842e-02
9.439170000000000300e+02, 1.505949999999999900e+00
9.439329999999999927e+02, -7.727519999999999945e-01
9.439500000000000455e+02, 6.818049999999999944e-01
9.439669999999999845e+02, -1.465619999999999923e+00
9.439829999999999472e+02, -2.626020000000000021e-01
9.440000000000000000e+02, -5.688720000000000443e-01
9.440170000000000528e+02, 7.175160000000000426e-01
9.440330000000000155e+02, 2.317849999999999966e+00
9.440499999999999545e+02, -2.877810000000000090e-01
9.440670000000000073e+02, 3.185180000000000233e-01
9.440829999999999700e+02, -9.883859999999999868e-01
9.441000000000000227e+02, -1.893850000000000033e+00
9.441169999999999618e+02, -5.474869999999999459e-01
9.441330000000000382e+02, -6.485340000000000549e-02
9.441499999999999773e+02, -5.772509999999999586e-01
9.441670000000000300e+02, -1.536470000000000002e+00
9.441829999999999927e+02, -5.536939999999999917e-02
9.442000000000000455e+02, 2.934720000000000106e-01
9.442169999999999845e+02, -5.328370000000000328e-02
9.442329999999999472e+02, 8.815089999999999870e-01
9.442500000000000000e+02, 7.901639999999999775e-01
9.442670000000000528e+02, 7.967680000000000318e-01
9.442830000000000155e+02, 1.777300000000000102e+00
9.442999999999999545e+02, 1.658239999999999992e-01
9.443170000000000073e+02, -7.402879999999999461e-01
9.443329999999999700e+02, -1.466250000000000053e-01
9.443500000000000227e+02, 4.244170000000000234e-03
9.443669999999999618e+02, -2.073470000000000035e-01
9.443830000000000382e+02, 1.462290000000000090e+00
9.443999999999999773e+02, 8.988629999999999676e-01
9.444170000000000300e+02, -1.500839999999999952e+00
9.444329999999999927e+02, -1.637140000000000040e+00
9.444500000000000455e+02, 3.493260000000000115e-02
9.444669999999999845e+02, -1.580540000000000000e-01
9.444829999999999472e+02, 5.383120000000000127e-01
9.445000000000000000e+02, 1.957589999999999886e-01
9.445170000000000528e+02, 1.323419999999999874e-01
9.445330000000000155e+02, -2.882060000000000177e-01
9.445499999999999545e+02, 9.392559999999999798e-01
9.445670000000000073e+02, 4.630819999999999936e-01
9.445829999999999700e+02, -2.681649999999999867e-01
9.446000000000000227e+02, 1.607480000000000020e+00
9.446169999999999618e+02, -6.963460000000000205e-01
9.446330000000000382e+02, -5.635099999999999554e-01
9.446499999999999773e+02, -1.474059999999999926e+00
9.446670000000000300e+02, -8.062080000000000635e-02
9.446829999999999927e+02, 1.164619999999999989e+00
9.447000000000000455e+02, -5.772580000000000072e-02
9.447169999999999845e+02, 1.017170000000000019e-01
9.447329999999999472e+02, -1.811149999999999982e-01
9.447500000000000000e+02, -6.586220000000000407e-01
9.447670000000000528e+02, -1.580789999999999917e+00
9.447830000000000155e+02, -9.001040000000000152e-01
9.447999999999999545e+02, -1.429869999999999974e+00
9.448170000000000073e+02, 1.719980000000000064e+00
9.448329999999999700e+02, 1.098759999999999959e+00
9.448500000000000227e+02, -8.730149999999999855e-01
9.448669999999999618e+02, 1.258019999999999916e+00
9.448830000000000382e+02, -1.199899999999999967e+00
9.448999999999999773e+02, -1.004440000000000000e+00
9.449170000000000300e+02, -6.163969999999999727e-01
9.449329999999999927e+02, 1.512389999999999901e+00
9.449500000000000455e+02, 8.914609999999999479e-01
9.449669999999999845e+02, 1.367990000000000039e+00
9.449829999999999472e+02, -9.789380000000000304e-02
9.450000000000000000e+02, -9.650429999999999842e-01
9.450170000000000528e+02, -1.762059999999999960e+00
9.450330000000000155e+02, 4.101310000000000233e-01
9.450499999999999545e+02, -5.066239999999999633e-01
9.450670000000000073e+02, 5.015549999999999731e-01
9.450829999999999700e+02, -8.956830000000000347e-02
9.451000000000000227e+02, 6.192910000000000359e-01
9.451169999999999618e+02, 1.940389999999999893e-01
9.451330000000000382e+02, -5.621800000000000130e-01
9.451499999999999773e+02, -1.186809999999999921e+00
9.451670000000000300e+02, -1.789560000000000040e+00
9.451829999999999927e+02, 7.632099999999999995e-02
9.452000000000000455e+02, 1.116030000000000078e+00
9.452169999999999845e+02, -2.539610000000000131e-02
9.452329999999999472e+02, -5.974559999999999871e-01
9.452500000000000000e+02, -1.309639999999999971e-01
9.452670000000000528e+02, 7.597549999999999581e-01
9.452830000000000155e+02, 2.062589999999999979e-01
9.452999999999999545e+02, 1.918260000000000076e+00
9.453170000000000073e+02, 1.358709999999999918e-01
9.453329999999999700e+02, 3.534269999999999912e-01
9.453500000000000227e+02, -8.080889999999999462e-01
9.453669999999999618e+02, -5.459979999999999833e-01
9.453830000000000382e+02, 1.019740000000000091e+00
9.453999999999999773e+02, 2.993810000000000082e-01
9.454170000000000300e+02, -3.132469999999999699e-02
9.454329999999999927e+02, 2.501650000000000262e-01
9.454500000000000455e+02, -1.149809999999999999e+00
9.454669999999999845e+02, -1.291249999999999898e-01
9.454829999999999472e+02, 4.854829999999999979e-01
9.455000000000000000e+02, -6.225220000000000198e-01
9.455170000000000528e+02, -4.593690000000000273e-01
9.455330000000000155e+02, -4.426120000000000054e-01
9.455499999999999545e+02, -1.671670000000000100e-02
9.455670000000000073e+02, 1.265530000000000044e+00
9.455829999999999700e+02, -3.933709999999999984e-02
9.456000000000000227e+02, -4.084990000000000010e-01
9.456169999999999618e+02, -3.838099999999999845e-01
9.456330000000000382e+02, -1.309719999999999995e+00
9.456499999999999773e+02, 4.221369999999999983e-02
9.456670000000000300e+02, 8.468470000000000164e-01
9.456829999999999927e+02, 1.459640000000000049e+00
9.457000000000000455e+02, 7.953379999999999894e-01
9.457169999999999845e+02, 2.376630000000000131e-01
9.457329999999999472e+02, -1.332609999999999906e-01
9.457500000000000000e+02, 1.518390000000000017e-01
9.457670000000000528e+02, -7.592050000000000187e-02
9.457830000000000155e+02, -7.160560000000000258e-01
9.457999999999999545e+02, -7.622820000000000151e-01
9.458170000000000073e+02, -1.136090000000000044e+00
9.458329999999999700e+02, -1.142849999999999921e+00
9.458500000000000227e+02, 1.037889999999999979e+00
9.458669999999999618e+02, 1.350880000000000081e+00
9.458830000000000382e+02, 1.586770000000000014e+00
9.458999999999999773e+02, -1.877359999999999862e-01
9.459170000000000300e+02, 2.683989999999999987e-02
9.459329999999999927e+02, -1.950439999999999952e+00
9.459500000000000455e+02, -1.978560000000000096e+00
9.459669999999999845e+02, -5.523560000000000275e-02
9.459829999999999472e+02, -5.851159999999999695e-01
9.460000000000000000e+02, 1.900100000000000122e-01
9.460170000000000528e+02, 4.979339999999999877e-01
9.460330000000000155e+02, -4.747110000000000218e-02
9.460499999999999545e+02, -1.128460000000000019e+00
9.460670000000000073e+02, -4.524670000000000081e-01
9.460829999999999700e+02, 8.674209999999999976e-01
9.461000000000000227e+02, 1.919029999999999903e-01
9.461169999999999618e+02, 7.560510000000000286e-01
9.461330000000000382e+02, -1.274429999999999952e+00
9.461499999999999773e+02, -4.683410000000000073e-01
9.461670000000000300e+02, -1.134860000000000035e-01
9.461829999999999927e+02, 1.861129999999999951e+00
9.462000000000000455e+02, 8.866039999999999477e-01
9.462169999999999845e+02, -7.873190000000000396e-03
9.462329999999999472e+02, -2.446159999999999890e+00
9.462500000000000000e+02, -1.626370000000000093e+00
9.462670000000000528e+02, -1.545380000000000087e-01
9.462830000000000155e+02, 3.790379999999999860e-01
9.462999999999999545e+02, 1.238909999999999956e+00
9.463170000000000073e+02, -2.244960000000000011e-01
9.463329999999999700e+02, 1.337860000000000049e+00
9.463500000000000227e+02, 4.315990000000000104e-01
9.463669999999999618e+02, 4.694650000000000212e-01
9.463830000000000382e+02, -5.672230000000000327e-02
9.463999999999999773e+02, 1.094710000000000072e+00
9.464170000000000300e+02, -8.164299999999999335e-02
9.464329999999999927e+02, -1.938699999999999868e-01
9.464500000000000455e+02, 2.190960000000000130e-01
9.464669999999999845e+02, -8.510990000000000499e-01
9.464829999999999472e+02, 8.995999999999999552e-01
9.465000000000000000e+02, -1.784870000000000068e-01
9.465170000000000528e+02, -2.226140000000000063e-01
9.465330000000000155e+02, 1.021760000000000002e+00
9.465499999999999545e+02, 1.650719999999999965e-02
9.465670000000000073e+02, -3.935939999999999994e-01
9.465829999999999700e+02, -1.083920000000000022e-01
9.466000000000000227e+02, 4.889310000000000045e-01
9.466169999999999618e+02, -1.086629999999999985e+00
9.466330000000000382e+02, -1.427980000000000027e+00
9.466499999999999773e+02, 2.561399999999999788e-01
9.466670000000000300e+02, 1.764289999999999914e+00
9.466829999999999927e+02, 1.052210000000000090e+00
9.467000000000000455e+02, -2.249800000000000133e-01
9.467169999999999845e+02, -1.133690000000000087e+00
9.467329999999999472e+02, -9.127720000000000278e-01
9.467500000000000000e+02, -1.298410000000000064e+00
9.467670000000000528e+02, -4.077120000000000188e-01
9.467830000000000155e+02, 1.159980000000000011e+00
9.467999999999999545e+02, 2.465980000000000116e-01
9.468170000000000073e+02, 3.659939999999999860e-01
9.468329999999999700e+02, 3.147860000000000102e-01
9.468500000000000227e+02, 7.972799999999999887e-01
9.468669999999999618e+02, -6.455660000000000218e-03
9.468830000000000382e+02, -9.368900000000000006e-01
9.468999999999999773e+02, -1.772410000000000041e+00
9.469170000000000300e+02, 1.027530000000000054e+00
9.469329999999999927e+02, -4.642470000000000208e-01
9.469500000000000455e+02, 7.504769999999999497e-01
9.469669999999999845e+02, 1.036229999999999984e+00
9.469829999999999472e+02, -1.199529999999999985e+00
9.470000000000000000e+02, 3.424389999999999934e-01
9.470170000000000528e+02, -3.515849999999999809e-01
9.470330000000000155e+02, -6.930990000000000206e-01
9.470499999999999545e+02, 4.565480000000000094e-01
9.470670000000000073e+02, -1.050719999999999987e-01
9.470829999999999700e+02, -9.200849999999999307e-02
9.471000000000000227e+02, 8.130800000000000249e-01
9.471169999999999618e+02, 6.396020000000000039e-01
9.471330000000000382e+02, -2.589199999999999835e-01
9.471499999999999773e+02, 4.869550000000000267e-01
9.471670000000000300e+02, -6.273790000000000200e-01
9.471829999999999927e+02, -2.988480000000000025e-01
9.472000000000000455e+02, -8.672020000000000284e-01
9.472169999999999845e+02, -1.850160000000000027e+00
9.472329999999999472e+02, 5.088489999999999958e-01
9.472500000000000000e+02, 1.618060000000000054e+00
9.472670000000000528e+02, 1.570529999999999982e+00
9.472830000000000155e+02, 1.813299999999999912e+00
9.472999999999999545e+02, 4.317290000000000016e-02
9.473170000000000073e+02, 6.317070000000000185e-01
9.473329999999999700e+02, 6.560409999999999853e-02
9.473500000000000227e+02, -1.189349999999999907e+00
9.473669999999999618e+02, 5.068939999999999557e-01
9.473830000000000382e+02, 3.985409999999999786e-01
9.473999999999999773e+02, -1.575560000000000016e-01
9.474170000000000300e+02, 7.411109999999999642e-01
9.474329999999999927e+02, -1.139229999999999965e-01
9.474500000000000455e+02, -5.977879999999999860e-01
9.474669999999999845e+02, 4.835470000000000046e-01
9.474829999999999472e+02, -3.846120000000000094e-01
9.475000000000000000e+02, -2.866850000000000231e-01
9.475170000000000528e+02, 2.248940000000000106e-01
9.475330000000000155e+02, 3.649399999999999866e-01
9.475499999999999545e+02, -3.809969999999999746e-01
9.475670000000000073e+02, 1.083960000000000035e+00
9.475829999999999700e+02, 9.007249999999999979e-01
9.476000000000000227e+02, 2.477850000000000052e-01
9.476169999999999618e+02, 4.335970000000000102e-01
9.476330000000000382e+02, -7.645879999999999344e-02
9.476499999999999773e+02, 3.863619999999999832e-01
9.476670000000000300e+02, 3.737659999999999871e-01
9.476829999999999927e+02, -4.122029999999999861e-01
9.477000000000000455e+02, 1.424309999999999965e+00
9.477169999999999845e+02, -5.780060000000000059e-02
9.477329999999999472e+02, 3.153119999999999812e-01
9.477500000000000000e+02, 3.515679999999999916e-01
9.477670000000000528e+02, 2.646820000000000075e-02
9.477830000000000155e+02, -1.277050000000000129e-01
9.477999999999999545e+02, -1.621529999999999916e-01
9.478170000000000073e+02, -6.458030000000000159e-01
9.478329999999999700e+02, 1.194870000000000099e+00
9.478500000000000227e+02, -8.541149999999999576e-01
9.478669999999999618e+02, 4.846619999999999817e-01
9.478830000000000382e+02, 2.990369999999999973e-01
9.478999999999999773e+02, 2.707219999999999960e+00
9.479170000000000300e+02, 6.570869999999999767e-01
9.479329999999999927e+02, -1.321739999999999915e+00
9.479500000000000455e+02, -1.437720000000000109e+00
9.479669999999999845e+02, 1.083149999999999946e-01
9.479829999999999472e+02, 2.315989999999999993e-01
9.480000000000000000e+02, 2.229410000000000003e-01
9.480170000000000528e+02, 5.099460000000000104e-01
9.480330000000000155e+02, 1.148870000000000058e+00
9.480499999999999545e+02, -1.549430000000000085e+00
9.480670000000000073e+02, 4.951549999999999702e-02
9.480829999999999700e+02, 1.405299999999999952e-02
9.481000000000000227e+02, -1.413829999999999920e+00
9.481169999999999618e+02, -5.546450000000000546e-01
9.481330000000000382e+02, -5.625879999999999770e-01
9.481499999999999773e+02, 1.947179999999999911e+00
9.481670000000000300e+02, 1.835159999999999902e+00
9.481829999999999927e+02, 2.291799999999999948e-01
9.482000000000000455e+02, 3.959460000000000202e-01
9.482169999999999845e+02, -7.369689999999999575e-02
9.482329999999999472e+02, -9.467440000000000300e-01
9.482500000000000000e+02, 5.812889999999999446e-01
9.482670000000000528e+02, -1.730970000000000009e-01
9.482830000000000155e+02, -5.938849999999999962e-01
9.482999999999999545e+02, -9.964110000000000467e-01
9.483170000000000073e+02, 2.128750000000000087e-01
9.483329999999999700e+02, -3.992749999999999910e-01
9.483500000000000227e+02, -8.337759999999999616e-01
9.483669999999999618e+02, -7.684400000000000119e-01
9.483830000000000382e+02, 4.073720000000000119e-01
9.483999999999999773e+02, 1.411180000000000101e+00
9.484170000000000300e+02, 8.207320000000000171e-01
9.484329999999999927e+02, -1.653589999999999893e+00
9.484500000000000455e+02, -1.080640000000000045e+00
9.484669999999999845e+02, -9.848999999999999977e-01
9.484829999999999472e+02, -8.177400000000000224e-01
9.485000000000000000e+02, -1.008639999999999981e+00
9.485170000000000528e+02, 4.611210000000000031e-01
9.485330000000000155e+02, 1.178320000000000034e+00
9.485499999999999545e+02, 1.605499999999999927e+00
9.485670000000000073e+02, -3.747710000000000208e-01
9.485829999999999700e+02, 8.351560000000000095e-01
9.486000000000000227e+02, -3.049899999999999833e-01
9.486169999999999618e+02, 4.315450000000000119e-01
9.486330000000000382e+02, 1.161359999999999948e+00
9.486499999999999773e+02, -7.624680000000000346e-01
9.486670000000000300e+02, -6.036460000000000159e-01
9.486829999999999927e+02, -9.380420000000000424e-02
9.487000000000000455e+02, -5.868140000000000162e-02
9.487169999999999845e+02, -1.608549999999999980e-01
9.487329999999999472e+02, -3.180779999999999719e-02
9.487500000000000000e+02, 1.244249999999999939e-01
9.487670000000000528e+02, -2.214659999999999962e-01
9.487830000000000155e+02, -2.734969999999999901e-01
9.487999999999999545e+02, -7.051859999999999795e-01
9.488170000000000073e+02, -6.556079999999999686e-01
9.488329999999999700e+02, 5.324149999999999716e-01
9.488500000000000227e+02, 3.151240000000000152e-01
9.488669999999999618e+02, 4.103539999999999965e-01
9.488830000000000382e+02, 1.954290000000000083e+00
9.488999999999999773e+02, 5.088219999999999965e-01
9.489170000000000300e+02, -1.022289999999999921e+00
9.489329999999999927e+02, 3.534720000000000084e-01
9.489500000000000455e+02, 3.832599999999999896e-01
9.489669999999999845e+02, -1.172469999999999901e+00
9.489829999999999472e+02, -1.680050000000000043e+00
9.490000000000000000e+02, -1.337570000000000078e-02
9.490170000000000528e+02, -4.182199999999999807e-01
9.490330000000000155e+02, 4.268399999999999972e-01
9.490499999999999545e+02, 1.085879999999999956e+00
9.490670000000000073e+02, 1.869300000000000128e-01
9.490829999999999700e+02, -8.235419999999999963e-01
9.491000000000000227e+02, 4.480959999999999943e-01
9.491169999999999618e+02, -4.339060000000000139e-01
9.491330000000000382e+02, -1.454849999999999977e+00
9.491499999999999773e+02, 8.184379999999999988e-01
9.491670000000000300e+02, 1.334730000000000083e-01
9.491829999999999927e+02, 3.147300000000000098e-01
9.492000000000000455e+02, -4.706210000000000115e-01
9.492169999999999845e+02, -2.399599999999999955e+00
9.492329999999999472e+02, 1.643969999999999876e-01
9.492500000000000000e+02, 1.081219999999999959e-01
9.492670000000000528e+02, 2.375990000000000046e-01
9.492830000000000155e+02, 2.086590000000000111e-01
9.492999999999999545e+02, -3.061579999999999857e-01
9.493170000000000073e+02, 1.010080000000000006e-01
9.493329999999999700e+02, 1.271779999999999911e+00
9.493500000000000227e+02, 3.166610000000000258e-01
9.493669999999999618e+02, 1.119350000000000067e+00
9.493830000000000382e+02, 1.861049999999999927e-01
9.493999999999999773e+02, -6.333839999999999471e-01
9.494170000000000300e+02, 4.758040000000000047e-01
9.494329999999999927e+02, -3.813509999999999955e-01
9.494500000000000455e+02, 2.915260000000000074e-01
9.494669999999999845e+02, -1.074219999999999953e+00
9.494829999999999472e+02, -1.055230000000000057e-01
9.495000000000000000e+02, -1.474509999999999987e+00
9.495170000000000528e+02, -2.319560000000000066e+00
9.495330000000000155e+02, 5.741840000000000277e-01
9.495499999999999545e+02, -6.004000000000000448e-01
9.495670000000000073e+02, 4.606040000000000134e-01
9.495829999999999700e+02, 1.320840000000000014e+00
9.496000000000000227e+02, 5.063979999999999870e-02
9.496169999999999618e+02, 3.432149999999999923e-01
9.496330000000000382e+02, 5.892470000000000346e-02
9.496499999999999773e+02, 4.315820000000000212e-01
9.496670000000000300e+02, -4.451550000000000229e-01
9.496829999999999927e+02, -1.253689999999999971e+00
9.497000000000000455e+02, -1.429759999999999920e-01
9.497169999999999845e+02, 4.467560000000000281e-02
9.497329999999999472e+02, 1.455400000000000027e+00
9.497500000000000000e+02, 9.282839999999999980e-01
9.497670000000000528e+02, -7.285810000000000342e-01
9.497830000000000155e+02, 1.085139999999999993e+00
9.497999999999999545e+02, 1.002720000000000000e-01
9.498170000000000073e+02, -3.920859999999999901e-01
9.498329999999999700e+02, -9.524799999999999933e-01
9.498500000000000227e+02, -5.875289999999999679e-01
9.498669999999999618e+02, 5.329700000000000548e-01
9.498830000000000382e+02, 1.239409999999999901e+00
9.498999999999999773e+02, 1.680949999999999944e+00
9.499170000000000300e+02, -1.825620000000000021e-01
9.499329999999999927e+02, -9.528870000000000395e-01
9.499500000000000455e+02, 1.601069999999999993e-01
9.499669999999999845e+02, 5.150919999999999943e-01
9.499829999999999472e+02, 3.161530000000000173e-01
9.500000000000000000e+02, -1.162439999999999918e+00
9.500170000000000528e+02, -1.250569999999999959e+00
9.500330000000000155e+02, -7.408989999999999743e-01
9.500499999999999545e+02, 6.344009999999999927e-01
9.500670000000000073e+02, 1.682569999999999899e+00
9.500829999999999700e+02, -3.209049999999999958e-01
9.501000000000000227e+02, -1.651199999999999890e-01
9.501169999999999618e+02, -1.649839999999999973e+00
9.501330000000000382e+02, -3.274509999999999921e-01
9.501499999999999773e+02, 6.154169999999999918e-01
9.501670000000000300e+02, 5.013159999999999838e-01
9.501829999999999927e+02, 5.336739999999999817e-01
9.502000000000000455e+02, 9.333930000000000282e-01
9.502169999999999845e+02, 8.972879999999999745e-01
9.502329999999999472e+02, -1.044829999999999925e+00
9.502500000000000000e+02, -8.867380000000000262e-01
9.502670000000000528e+02, 1.813460000000000072e+00
9.502830000000000155e+02, 3.413499999999999868e-01
9.502999999999999545e+02, -1.091509999999999980e-01
9.503170000000000073e+02, -6.967609999999999637e-01
9.503329999999999700e+02, -8.806260000000000199e-01
9.503500000000000227e+02, 1.369779999999999887e-01
9.503669999999999618e+02, 3.181830000000000075e-02
9.503830000000000382e+02, 2.805989999999999873e-01
9.503999999999999773e+02, 6.358479999999999688e-01
9.504170000000000300e+02, 6.482890000000000041e-01
9.504329999999999927e+02, 4.124820000000000153e-01
9.504500000000000455e+02, 3.867619999999999947e-01
9.504669999999999845e+02, -2.307939999999999992e-01
9.504829999999999472e+02, -2.303150000000000031e+00
9.505000000000000000e+02, -8.599990000000000065e-03
9.505170000000000528e+02, -4.574670000000000125e-01
9.505330000000000155e+02, 1.468869999999999898e+00
9.505499999999999545e+02, 2.026679999999999870e-01
9.505670000000000073e+02, 7.067290000000000516e-01
9.505829999999999700e+02, -2.111850000000000116e-01
9.506000000000000227e+02, -8.374269999999999631e-03
9.506169999999999618e+02, 5.458279999999999799e-01
9.506330000000000382e+02, 2.479899999999999882e-01
9.506499999999999773e+02, -6.032250000000000112e-01
9.506670000000000300e+02, -9.076889999999999681e-01
9.506829999999999927e+02, 2.211130000000000040e-01
9.507000000000000455e+02, -1.019729999999999942e-01
9.507169999999999845e+02, 1.175299999999999956e-01
9.507329999999999472e+02, 5.262320000000000331e-01
9.507500000000000000e+02, 7.711479999999999446e-01
9.507670000000000528e+02, 1.260510000000000019e+00
9.507830000000000155e+02, 8.915640000000000231e-01
9.507999999999999545e+02, -8.555949999999999667e-02
9.508170000000000073e+02, -7.215899999999999537e-01
9.508329999999999700e+02, 3.323650000000000215e-01
9.508500000000000227e+02, -8.917239999999999611e-01
9.508669999999999618e+02, -1.081919999999999993e+00
9.508830000000000382e+02, -5.890469999999999873e-01
9.508999999999999773e+02, -1.222299999999999942e+00
9.509170000000000300e+02, -4.148549999999999738e-01
9.509329999999999927e+02, 2.969669999999999810e-01
9.509500000000000455e+02, -1.957349999999999923e-01
9.509669999999999845e+02, 7.523590000000000000e-01
9.509829999999999472e+02, 1.000639999999999974e+00
9.510000000000000000e+02, -1.449840000000000018e-01
9.510170000000000528e+02, -9.932299999999999462e-01
9.510330000000000155e+02, -6.976200000000000179e-01
9.510499999999999545e+02, 7.650820000000000398e-01
9.510670000000000073e+02, -4.222079999999999583e-03
9.510829999999999700e+02, 7.155860000000000554e-01
9.511000000000000227e+02, 1.371600000000000076e-02
9.511169999999999618e+02, 3.872689999999999744e-01
9.511330000000000382e+02, 6.855569999999999720e-01
9.511499999999999773e+02, -1.131589999999999957e-01
9.511670000000000300e+02, 1.158539999999999903e+00
9.511829999999999927e+02, 2.631910000000000083e-01
9.512000000000000455e+02, -6.773339999999999916e-01
9.512169999999999845e+02, -4.687189999999999968e-01
9.512329999999999472e+02, -8.819289999999999630e-01
9.512500000000000000e+02, -2.126450000000000007e-01
9.512670000000000528e+02, -9.980590000000000295e-01
9.512830000000000155e+02, 6.537760000000000238e-01
9.512999999999999545e+02, -6.934069999999999956e-01
9.513170000000000073e+02, -6.229280000000000372e-01
9.513329999999999700e+02, -4.265499999999999847e-01
9.513500000000000227e+02, 2.221690000000000165e+00
9.513669999999999618e+02, 1.210229999999999917e+00
9.513830000000000382e+02, 2.160130000000000106e+00
9.513999999999999773e+02, 4.569059999999999788e-02
9.514170000000000300e+02, -2.231019999999999948e-01
9.514329999999999927e+02, -1.668630000000000113e-01
9.514500000000000455e+02, -1.069390000000000063e+00
9.514669999999999845e+02, -4.659840000000000093e-01
9.514829999999999472e+02, -8.338349999999999929e-01
9.515000000000000000e+02, 1.010499999999999954e+00
9.515170000000000528e+02, -1.874039999999999873e-01
9.515330000000000155e+02, -3.772790000000000171e-02
9.515499999999999545e+02, 2.460229999999999917e-01
9.515670000000000073e+02, -4.241610000000000102e-01
9.515829999999999700e+02, -4.057399999999999896e-01
9.516000000000000227e+02, -1.291130000000000111e+00
9.516169999999999618e+02, -2.306900000000000173e+00
9.516330000000000382e+02, -1.305500000000000105e+00
9.516499999999999773e+02, 9.096549999999999914e-01
9.516670000000000300e+02, 7.511309999999999931e-01
9.516829999999999927e+02, 5.752960000000000296e-01
9.517000000000000455e+02, 4.396539999999999893e-01
9.517169999999999845e+02, -7.667519999999999891e-01
9.517329999999999472e+02, -6.665940000000000198e-01
9.517500000000000000e+02, -1.139839999999999964e+00
9.517670000000000528e+02, 7.752360000000000362e-01
9.517830000000000155e+02, 6.967389999999999972e-01
9.517999999999999545e+02, -6.211969999999999992e-01
9.518170000000000073e+02, -1.129499999999999948e-01
9.518329999999999700e+02, -1.443570000000000131e-01
9.518500000000000227e+02, -1.329249999999999876e-01
9.518669999999999618e+02, 9.173689999999999622e-02
9.518830000000000382e+02, -1.065409999999999968e+00
9.518999999999999773e+02, 8.373730000000000340e-01
9.519170000000000300e+02, -7.815469999999999362e-02
9.519329999999999927e+02, -9.435240000000000293e-01
9.519500000000000455e+02, -5.680100000000000149e-01
9.519669999999999845e+02, 1.789739999999999942e-01
9.519829999999999472e+02, 1.341529999999999889e+00
9.520000000000000000e+02, 3.602750000000000119e-01
9.520170000000000528e+02, 6.894949999999999690e-01
9.520330000000000155e+02, -1.512439999999999965e-02
9.520499999999999545e+02, -8.569160000000000110e-01
9.520670000000000073e+02, -2.984319999999999751e-01
9.520829999999999700e+02, -4.010929999999999773e-01
9.521000000000000227e+02, -3.240529999999999800e-01
9.521169999999999618e+02, -1.128859999999999975e+00
9.521330000000000382e+02, -1.187300000000000022e+00
9.521499999999999773e+02, -1.735619999999999941e-01
9.521670000000000300e+02, 4.964620000000000144e-01
9.521829999999999927e+02, -6.438639999999999919e-01
9.522000000000000455e+02, -6.118430000000000257e-01
9.522169999999999845e+02, 6.616689999999999516e-01
9.522329999999999472e+02, 1.031479999999999952e+00
9.522500000000000000e+02, 4.806090000000000084e-01
9.522670000000000528e+02, -3.995600000000000263e-01
9.522830000000000155e+02, 1.138800000000000034e+00
9.522999999999999545e+02, 1.842680000000000096e+00
9.523170000000000073e+02, -7.824410000000000392e-03
9.523329999999999700e+02, -7.100229999999999597e-01
9.523500000000000227e+02, -5.439800000000000191e-01
9.523669999999999618e+02, -1.223810000000000064e+00
9.523830000000000382e+02, -7.759530000000000594e-02
9.523999999999999773e+02, 1.432080000000000020e+00
9.524170000000000300e+02, 1.282369999999999899e-01
9.524329999999999927e+02, 2.246009999999999951e-01
9.524500000000000455e+02, -1.824540000000000051e+00
9.524669999999999845e+02, -1.060489999999999933e+00
9.524829999999999472e+02, 1.360119999999999940e-01
9.525000000000000000e+02, 5.090149999999999952e-01
9.525170000000000528e+02, 2.173329999999999984e-01
9.525330000000000155e+02, -1.094400000000000039e+00
9.525499999999999545e+02, -2.308000000000000052e-01
9.525670000000000073e+02, -1.119609999999999994e+00
9.525829999999999700e+02, 3.653639999999999666e-02
9.526000000000000227e+02, -7.535920000000000396e-01
9.526169999999999618e+02, -3.148299999999999987e-01
9.526330000000000382e+02, 1.295949999999999880e-01
9.526499999999999773e+02, 3.469900000000000068e-02
9.526670000000000300e+02, 4.925919999999999743e-01
9.526829999999999927e+02, 9.254459999999999908e-01
9.527000000000000455e+02, -2.060049999999999937e-01
9.527169999999999845e+02, -1.087990000000000013e+00
9.527329999999999472e+02, -2.983430000000000110e-02
9.527500000000000000e+02, 1.095219999999999944e-01
9.527670000000000528e+02, -1.907590000000000119e-01
9.527830000000000155e+02, 9.158180000000000487e-02
9.527999999999999545e+02, -3.479510000000000103e-01
9.528170000000000073e+02, 4.764869999999999939e-01
9.528329999999999700e+02, -2.877520000000000078e-01
9.528500000000000227e+02, -8.899019999999999708e-01
9.528669999999999618e+02, 6.804909999999999570e-01
9.528830000000000382e+02, 7.082800000000000207e-01
9.528999999999999773e+02, -1.166100000000000053e-01
9.529170000000000300e+02, 4.042600000000000082e-01
9.529329999999999927e+02, 3.631199999999999983e-01
9.529500000000000455e+02, 1.917619999999999880e-01
9.529669999999999845e+02, 9.277309999999999723e-01
9.529829999999999472e+02, 2.512989999999999946e-01
9.530000000000000000e+02, -1.310689999999999911e+00
9.530170000000000528e+02, 9.025940000000000074e-01
9.530330000000000155e+02, 7.305059999999999887e-01
9.530499999999999545e+02, 3.418700000000000072e-01
9.530670000000000073e+02, -5.229349999999999971e-02
9.530829999999999700e+02, -1.005659999999999998e+00
9.531000000000000227e+02, -7.541870000000000518e-01
9.531169999999999618e+02, 6.465410000000000323e-01
9.531330000000000382e+02, -6.490070000000000006e-01
9.531499999999999773e+02, -1.446739999999999970e-01
9.531670000000000300e+02, -7.201849999999999641e-01
9.531829999999999927e+02, -3.416440000000000032e-01
9.532000000000000455e+02, 1.145550000000000068e+00
9.532169999999999845e+02, 4.667140000000000177e-01
9.532329999999999472e+02, 1.296289999999999942e+00
9.532500000000000000e+02, -8.678010000000000446e-01
9.532670000000000528e+02, -1.635010000000000074e+00
9.532830000000000155e+02, -1.288350000000000106e+00
9.532999999999999545e+02, -1.325390000000000068e+00
9.533170000000000073e+02, 1.009700000000000042e+00
9.533329999999999700e+02, -1.979259999999999908e-01
9.533500000000000227e+02, 1.136779999999999902e+00
9.533669999999999618e+02, -6.722709999999999797e-03
9.533830000000000382e+02, -1.758620000000000072e+00
9.533999999999999773e+02, -2.060379999999999878e+00
9.534170000000000300e+02, -9.583880000000000177e-01
9.534329999999999927e+02, 5.518950000000000244e-01
9.534500000000000455e+02, 1.002869999999999928e+00
9.534669999999999845e+02, 1.153639999999999999e+00
9.534829999999999472e+02, -9.119249999999999579e-02
9.535000000000000000e+02, 5.601939999999999698e-01
9.535170000000000528e+02, 9.864340000000000330e-01
9.535330000000000155e+02, 4.077979999999999799e-02
9.535499999999999545e+02, 2.044799999999999951e-01
9.535670000000000073e+02, 5.814350000000000351e-01
9.535829999999999700e+02, -1.497749999999999915e+00
9.536000000000000227e+02, -8.193869999999999765e-01
9.536169999999999618e+02, -1.632309999999999872e-01
9.536330000000000382e+02, 2.418119999999999992e-01
9.536499999999999773e+02, -4.820999999999999730e-01
9.536670000000000300e+02, -1.290219999999999978e-01
9.536829999999999927e+02, 1.049190000000000067e+00
9.537000000000000455e+02, -5.438279999999999781e-01
9.537169999999999845e+02, 1.212879999999999958e+00
9.537329999999999472e+02, 1.203160000000000007e+00
9.537500000000000000e+02, -2.061459999999999959e-01
9.537670000000000528e+02, -1.680560000000000054e+00
9.537830000000000155e+02, -1.904300000000000104e+00
9.537999999999999545e+02, -8.134050000000000447e-01
9.538170000000000073e+02, -1.100009999999999932e+00
9.538329999999999700e+02, 8.327700000000000102e-01
9.538500000000000227e+02, 2.075870000000000104e+00
9.538669999999999618e+02, -1.126489999999999957e-02
9.538830000000000382e+02, 5.972030000000000394e-01
9.538999999999999773e+02, 1.355120000000000102e+00
9.539170000000000300e+02, 7.714630000000000098e-01
9.539329999999999927e+02, -4.107810000000000072e-01
9.539500000000000455e+02, -5.924989999999999979e-01
9.539669999999999845e+02, 9.170770000000000310e-02
9.539829999999999472e+02, 1.295530000000000070e+00
9.540000000000000000e+02, -6.874819999999999542e-02
9.540170000000000528e+02, -4.926619999999999888e-01
9.540330000000000155e+02, -1.543809999999999905e+00
9.540499999999999545e+02, 1.494750000000000023e+00
9.540670000000000073e+02, 6.464509999999999978e-01
9.540829999999999700e+02, 6.093870000000000120e-01
9.541000000000000227e+02, 4.961059999999999914e-01
9.541169999999999618e+02, 1.880500000000000060e+00
9.541330000000000382e+02, 8.477149999999999963e-01
9.541499999999999773e+02, -5.955819999999999448e-01
9.541670000000000300e+02, -1.328379999999999894e+00
9.541829999999999927e+02, 1.489489999999999981e-01
9.542000000000000455e+02, -7.416420000000000234e-01
9.542169999999999845e+02, 6.334699999999999775e-01
9.542329999999999472e+02, 1.838660000000000017e-01
9.542500000000000000e+02, 3.107779999999999987e-01
9.542670000000000528e+02, 2.806069999999999953e-01
9.542830000000000155e+02, -8.419210000000000305e-01
9.542999999999999545e+02, 3.615920000000000245e-01
9.543170000000000073e+02, 8.724159999999999693e-01
9.543329999999999700e+02, 1.129990000000000022e-01
9.543500000000000227e+02, -2.682430000000000092e-01
9.543669999999999618e+02, -6.943949999999999845e-01
9.543830000000000382e+02, -2.005700000000000038e+00
9.543999999999999773e+02, -1.543240000000000063e-02
9.544170000000000300e+02, -3.467310000000000114e-01
9.544329999999999927e+02, 7.192009999999999792e-01
9.544500000000000455e+02, 2.969669999999999810e-01
9.544669999999999845e+02, 4.872520000000000184e-01
9.544829999999999472e+02, -7.848239999999999661e-01
9.545000000000000000e+02, -5.879649999999999599e-01
9.545170000000000528e+02, -9.653299999999999381e-02
9.545330000000000155e+02, 3.391680000000000250e-01
9.545499999999999545e+02, 8.560210000000000319e-01
9.545670000000000073e+02, -5.076819999999999944e-02
9.545829999999999700e+02, -1.442649999999999988e+00
9.546000000000000227e+02, -1.244729999999999892e+00
9.546169999999999618e+02, 5.731180000000000163e-01
9.546330000000000382e+02, -4.228060000000000151e-02
9.546499999999999773e+02, -8.425519999999999676e-01
9.546670000000000300e+02, -6.112480000000000135e-01
9.546829999999999927e+02, -3.090439999999999854e-02
9.547000000000000455e+02, -1.232440000000000063e-01
9.547169999999999845e+02, -7.330989999999999451e-01
9.547329999999999472e+02, -2.553049999999999851e-03
9.547500000000000000e+02, -4.836840000000000028e-01
9.547670000000000528e+02, 7.814640000000000475e-02
9.547830000000000155e+02, 2.511650000000000271e-01
9.547999999999999545e+02, 1.571269999999999945e+00
9.548170000000000073e+02, 1.476220000000000088e+00
9.548329999999999700e+02, 1.275009999999999977e+00
9.548500000000000227e+02, -2.369610000000000050e-01
9.548669999999999618e+02, 1.302559999999999940e+00
9.548830000000000382e+02, 1.252399999999999958e+00
9.548999999999999773e+02, 3.693169999999999786e-02
9.549170000000000300e+02, 8.505869999999999820e-01
9.549329999999999927e+02, 1.748820000000000097e-01
9.549500000000000455e+02, -4.953250000000000153e-01
9.549669999999999845e+02, 8.724030000000000395e-01
9.549829999999999472e+02, -1.155809999999999997e-02
9.550000000000000000e+02, 7.544530000000000403e-01
9.550170000000000528e+02, -3.345190000000000108e-01
9.550330000000000155e+02, 2.507739999999999969e-01
9.550499999999999545e+02, -1.368919999999999915e+00
9.550670000000000073e+02, 1.626239999999999908e+00
9.550829999999999700e+02, 1.085109999999999963e-01
9.551000000000000227e+02, -4.182679999999999731e-01
9.551169999999999618e+02, -1.251339999999999897e+00
9.551330000000000382e+02, 6.904540000000000122e-01
9.551499999999999773e+02, -6.072089999999999987e-01
9.551670000000000300e+02, 1.195370000000000044e+00
9.551829999999999927e+02, 2.056850000000000067e-01
9.552000000000000455e+02, -1.111280000000000046e+00
9.552169999999999845e+02, -6.815860000000000252e-01
9.552329999999999472e+02, -6.464729999999999643e-01
9.552500000000000000e+02, -1.024669999999999970e+00
9.552670000000000528e+02, -2.923270000000000035e-01
9.552830000000000155e+02, -8.939360000000000361e-02
9.552999999999999545e+02, -1.079829999999999957e-01
9.553170000000000073e+02, -7.101189999999999447e-01
9.553329999999999700e+02, 5.451110000000000122e-01
9.553500000000000227e+02, 7.219950000000000534e-01
9.553669999999999618e+02, 1.095610000000000056e-01
9.553830000000000382e+02, 8.548170000000000490e-01
9.553999999999999773e+02, -1.269959999999999978e+00
9.554170000000000300e+02, -2.749440000000000217e-01
9.554329999999999927e+02, 1.190209999999999990e+00
9.554500000000000455e+02, -4.877920000000000034e-01
9.554669999999999845e+02, -5.468380000000000463e-01
9.554829999999999472e+02, -2.946259999999999990e-01
9.555000000000000000e+02, -7.131150000000000544e-01
9.555170000000000528e+02, 7.382060000000000288e-01
9.555330000000000155e+02, -1.168789999999999996e+00
9.555499999999999545e+02, 1.079149999999999970e-01
9.555670000000000073e+02, 2.065849999999999909e-01
9.555829999999999700e+02, -5.011910000000000531e-01
9.556000000000000227e+02, 1.241190000000000015e+00
9.556169999999999618e+02, 3.069180000000000241e-01
9.556330000000000382e+02, -2.218820000000000014e+00
9.556499999999999773e+02, 1.183440000000000047e-01
9.556670000000000300e+02, -3.396429999999999727e-01
9.556829999999999927e+02, 7.643990000000000506e-01
9.557000000000000455e+02, 5.528829999999999856e-02
9.557169999999999845e+02, -6.349799999999999889e-01
9.557329999999999472e+02, -2.785549999999999971e-01
9.557500000000000000e+02, 1.795229999999999881e-01
9.557670000000000528e+02, 1.270110000000000128e-01
9.557830000000000155e+02, 5.391690000000000094e-01
9.557999999999999545e+02, 4.247890000000000277e-01
9.558170000000000073e+02, 1.392239999999999922e+00
9.558329999999999700e+02, 5.071890000000000009e-01
9.558500000000000227e+02, 1.873629999999999907e+00
9.558669999999999618e+02, 1.516080000000000094e+00
9.558830000000000382e+02, -9.385710000000000441e-01
9.558999999999999773e+02, -1.838109999999999911e+00
9.559170000000000300e+02, -1.608460000000000001e+00
9.559329999999999927e+02, 2.468970000000000053e-01
9.559500000000000455e+02, 8.812710000000000266e-01
9.559669999999999845e+02, 4.685070000000000068e-01
9.559829999999999472e+02, -1.176490000000000036e+00
9.560000000000000000e+02, -6.114010000000000278e-02
9.560170000000000528e+02, -8.694570000000000354e-01
9.560330000000000155e+02, -8.557609999999999939e-01
9.560499999999999545e+02, -1.149489999999999956e-01
9.560670000000000073e+02, -5.899259999999999921e-02
9.560829999999999700e+02, -2.385120000000000018e-01
9.561000000000000227e+02, -7.212530000000000330e-02
9.561169999999999618e+02, 4.567309999999999981e-01
9.561330000000000382e+02, -8.921850000000000266e-03
9.561499999999999773e+02, 1.289349999999999941e-01
9.561670000000000300e+02, -2.127090000000000092e-01
9.561829999999999927e+02, 4.395169999999999910e-01
9.562000000000000455e+02, -5.789079999999999782e-01
9.562169999999999845e+02, -5.384919999999999707e-01
9.562329999999999472e+02, -5.470250000000000112e-02
9.562500000000000000e+02, -8.136780000000000124e-01
9.562670000000000528e+02, -4.932389999999999691e-02
9.562830000000000155e+02, 8.411089999999999955e-01
9.562999999999999545e+02, 2.148950000000000027e-01
9.563170000000000073e+02, 3.004680000000000129e-01
9.563329999999999700e+02, 1.491329999999999878e-01
9.563500000000000227e+02, 4.012660000000000116e-01
9.563669999999999618e+02, 7.319890000000000008e-01
9.563830000000000382e+02, -5.002050000000000107e-01
9.563999999999999773e+02, -3.836089999999999778e-01
9.564170000000000300e+02, -8.754130000000000245e-02
9.564329999999999927e+02, 6.160630000000000273e-01
9.564500000000000455e+02, 2.033290000000000097e-01
9.564669999999999845e+02, 2.836879999999999957e-02
9.564829999999999472e+02, 3.932260000000000200e-01
9.565000000000000000e+02, 2.879200000000000093e-01
9.565170000000000528e+02, 1.376330000000000053e+00
9.565330000000000155e+02, -1.244550000000000045e+00
9.565499999999999545e+02, -1.908469999999999889e-01
9.565670000000000073e+02, -3.751209999999999822e-01
9.565829999999999700e+02, -1.066399999999999987e-01
9.566000000000000227e+02, -6.937069999999999625e-01
9.566169999999999618e+02, -8.203279999999999461e-01
9.566330000000000382e+02, -6.504879999999999551e-01
9.566499999999999773e+02, 3.869449999999999834e-01
9.566670000000000300e+02, -1.069469999999999921e+00
9.566829999999999927e+02, -2.207920000000000105e+00
9.567000000000000455e+02, -1.584370000000000056e+00
9.567169999999999845e+02, 5.432019999999999627e-01
9.567329999999999472e+02, 4.574610000000000065e-01
9.567500000000000000e+02, 8.785979999999999901e-01
9.567670000000000528e+02, 2.832850000000000090e-01
9.567830000000000155e+02, 3.446090000000000264e-02
9.567999999999999545e+02, -4.134030000000000205e-01
9.568170000000000073e+02, -1.121629999999999905e+00
9.568329999999999700e+02, -1.819989999999999997e+00
9.568500000000000227e+02, -1.483230000000000048e+00
9.568669999999999618e+02, -6.804409999999999625e-01
9.568830000000000382e+02, -6.660490000000000022e-01
9.568999999999999773e+02, 2.456250000000000100e-01
9.569170000000000300e+02, 1.148879999999999901e+00
9.569329999999999927e+02, 8.093909999999999716e-01
9.569500000000000455e+02, 1.584280000000000133e-01
9.569669999999999845e+02, -4.852609999999999979e-01
9.569829999999999472e+02, -8.283859999999999557e-01
9.570000000000000000e+02, -3.947690000000000227e-02
9.570170000000000528e+02, -7.549460000000000059e-01
9.570330000000000155e+02, 6.057890000000000219e-01
9.570499999999999545e+02, -1.038529999999999953e+00
9.570670000000000073e+02, -4.168169999999999931e-01
9.570829999999999700e+02, 8.583190000000000541e-01
9.571000000000000227e+02, 6.619120000000000559e-02
9.571169999999999618e+02, -8.024909999999999544e-01
9.571330000000000382e+02, -8.424180000000000001e-01
9.571499999999999773e+02, -1.285570000000000046e-01
9.571670000000000300e+02, 3.776909999999999989e-01
9.571829999999999927e+02, 1.965230000000000032e+00
9.572000000000000455e+02, -7.528110000000000079e-01
9.572169999999999845e+02, -1.058310000000000084e+00
9.572329999999999472e+02, 3.941100000000000332e-03
9.572500000000000000e+02, 6.548389999999999489e-01
9.572670000000000528e+02, -6.217789999999999706e-01
9.572830000000000155e+02, -6.581669999999999465e-01
9.572999999999999545e+02, -8.787380000000000191e-01
9.573170000000000073e+02, -1.808939999999999992e+00
9.573329999999999700e+02, 1.118959999999999955e+00
9.573500000000000227e+02, -4.551299999999999790e-01
9.573669999999999618e+02, -7.896239999999999926e-01
9.573830000000000382e+02, -5.992300000000000404e-01
9.573999999999999773e+02, -1.951779999999999904e-01
9.574170000000000300e+02, -6.280959999999999877e-01
9.574329999999999927e+02, -5.497999999999999554e-01
9.574500000000000455e+02, -7.645060000000000189e-01
9.574669999999999845e+02, 5.098559999999999759e-01
9.574829999999999472e+02, 1.667659999999999920e+00
9.575000000000000000e+02, 1.171920000000000045e-01
9.575170000000000528e+02, -3.726130000000000275e-01
9.575330000000000155e+02, -7.720019999999999660e-01
9.575499999999999545e+02, -1.080780000000000074e+00
9.575670000000000073e+02, -1.584370000000000056e+00
9.575829999999999700e+02, -5.775890000000000191e-01
9.576000000000000227e+02, 1.974249999999999894e-01
9.576169999999999618e+02, -3.209219999999999851e-01
9.576330000000000382e+02, 3.868229999999999724e-01
9.576499999999999773e+02, -3.014390000000000125e-02
9.576670000000000300e+02, -2.528799999999999937e-01
9.576829999999999927e+02, -7.233169999999999877e-01
9.577000000000000455e+02, 8.005689999999999751e-01
9.577169999999999845e+02, 2.474619999999999875e-01
9.577329999999999472e+02, -1.303260000000000085e+00
9.577500000000000000e+02, 7.127259999999999707e-01
9.577670000000000528e+02, 7.435439999999999827e-01
9.577830000000000155e+02, -6.513370000000000548e-01
9.577999999999999545e+02, -2.579110000000000014e-01
9.578170000000000073e+02, -7.282659999999999689e-01
9.578329999999999700e+02, 4.218149999999999955e-01
9.578500000000000227e+02, 7.077670000000000350e-01
9.578669999999999618e+02, -1.153040000000000065e+00
9.578830000000000382e+02, -1.623909999999999965e+00
9.578999999999999773e+02, -1.186809999999999921e+00
9.579170000000000300e+02, 4.273910000000000209e-01
9.579329999999999927e+02, 3.954699999999999882e-01
9.579500000000000455e+02, 3.746740000000000070e-01
9.579669999999999845e+02, 8.317309999999999981e-01
9.579829999999999472e+02, 2.370939999999999992e-01
9.580000000000000000e+02, -6.925210000000000532e-01
9.580170000000000528e+02, 1.243630000000000013e-01
9.580330000000000155e+02, -4.904290000000000038e-01
9.580499999999999545e+02, -1.111499999999999932e+00
9.580670000000000073e+02, -5.697419999999999707e-01
9.580829999999999700e+02, -2.146760000000000057e-01
9.581000000000000227e+02, -8.861799999999999677e-01
9.581169999999999618e+02, -2.672720000000000096e-01
9.581330000000000382e+02, 3.800620000000000109e-01
9.581499999999999773e+02, 3.396350000000000202e-01
9.581670000000000300e+02, 5.442160000000000331e-01
9.581829999999999927e+02, 8.520079999999999876e-01
9.582000000000000455e+02, -3.778619999999999757e-01
9.582169999999999845e+02, -4.240229999999999833e-01
9.582329999999999472e+02, 1.167019999999999946e+00
9.582500000000000000e+02, -3.672309999999999811e-04
9.582670000000000528e+02, -5.323360000000000314e-01
9.582830000000000155e+02, 1.024869999999999948e+00
9.582999999999999545e+02, -3.500289999999999790e-01
9.583170000000000073e+02, 9.528499999999999748e-01
9.583329999999999700e+02, 9.969310000000000116e-01
9.583500000000000227e+02, -2.098659999999999970e-01
9.583669999999999618e+02, -1.056499999999999939e-01
9.583830000000000382e+02, -6.145629999999999704e-01
9.583999999999999773e+02, -5.255699999999999816e-01
9.584170000000000300e+02, -2.394920000000000104e-01
9.584329999999999927e+02, -6.302459999999999729e-01
9.584500000000000455e+02, -8.409259999999999513e-01
9.584669999999999845e+02, 6.236140000000000017e-01
9.584829999999999472e+02, 8.313099999999999934e-01
9.585000000000000000e+02, -2.192820000000000047e-01
9.585170000000000528e+02, 5.278150000000000341e-01
9.585330000000000155e+02, 1.654169999999999918e+00
9.585499999999999545e+02, -1.086009999999999920e+00
9.585670000000000073e+02, -1.325309999999999988e+00
9.585829999999999700e+02, -9.330840000000000245e-01
9.586000000000000227e+02, -5.432559999999999611e-01
9.586169999999999618e+02, 2.283959999999999879e-01
9.586330000000000382e+02, 1.674989999999999979e+00
9.586499999999999773e+02, 1.540350000000000108e+00
9.586670000000000300e+02, -2.507420000000000204e-01
9.586829999999999927e+02, -5.592289999999999761e-01
9.587000000000000455e+02, 1.848009999999999931e-01
9.587169999999999845e+02, 1.123830000000000107e+00
9.587329999999999472e+02, 1.569779999999999953e+00
9.587500000000000000e+02, 7.563269999999999715e-01
9.587670000000000528e+02, -4.547019999999999951e-01
9.587830000000000155e+02, -2.185170000000000168e-02
9.587999999999999545e+02, 8.167569999999999553e-01
9.588170000000000073e+02, 1.562510000000000066e+00
9.588329999999999700e+02, 6.753909999999999636e-01
9.588500000000000227e+02, -9.381369999999999987e-01
9.588669999999999618e+02, -6.197780000000000511e-01
9.588830000000000382e+02, -6.101239999999999997e-01
9.588999999999999773e+02, -1.812950000000000061e+00
9.589170000000000300e+02, 5.471150000000000145e-03
9.589329999999999927e+02, -3.069209999999999994e-01
9.589500000000000455e+02, -9.210039999999999893e-02
9.589669999999999845e+02, -1.182679999999999954e+00
9.589829999999999472e+02, -4.914789999999999992e-01
9.590000000000000000e+02, 1.022860000000000102e+00
9.590170000000000528e+02, 7.550109999999999877e-01
9.590330000000000155e+02, -1.030839999999999951e-01
9.590499999999999545e+02, 1.552510000000000001e-01
9.590670000000000073e+02, 3.021739999999999982e-01
9.590829999999999700e+02, -2.907500000000000084e-01
9.591000000000000227e+02, -2.150559999999999972e-01
9.591169999999999618e+02, -2.995869999999999922e-01
9.591330000000000382e+02, 3.114850000000000119e-01
9.591499999999999773e+02, -1.176470000000000016e-01
9.591670000000000300e+02, 4.356360000000000232e-01
9.591829999999999927e+02, 7.555319999999999814e-01
9.592000000000000455e+02, -3.086660000000000098e-02
9.592169999999999845e+02, -4.942989999999999884e-02
9.592329999999999472e+02, 2.341159999999999908e-01
9.592500000000000000e+02, -5.845789999999999598e-01
9.592670000000000528e+02, -5.743549999999999489e-01
9.592830000000000155e+02, 1.832300000000000040e-01
9.592999999999999545e+02, -1.260529999999999984e-01
9.593170000000000073e+02, 1.165369999999999948e-02
9.593329999999999700e+02, 1.563900000000000068e+00
9.593500000000000227e+02, -6.226479999999999793e-01
9.593669999999999618e+02, -4.310129999999999795e-01
9.593830000000000382e+02, -7.196120000000000294e-01
9.593999999999999773e+02, -4.203950000000000187e-01
9.594170000000000300e+02, 3.111189999999999789e-01
9.594329999999999927e+02, 3.731439999999999757e-01
9.594500000000000455e+02, 6.834559999999999524e-01
9.594669999999999845e+02, -1.573569999999999969e-01
9.594829999999999472e+02, 1.038110000000000088e+00
9.595000000000000000e+02, -1.756790000000000074e+00
9.595170000000000528e+02, -1.297300000000000120e-01
9.595330000000000155e+02, -4.862150000000000083e-01
9.595499999999999545e+02, -3.419050000000000145e-01
9.595670000000000073e+02, -1.393070000000000030e+00
9.595829999999999700e+02, -5.007399999999999629e-01
9.596000000000000227e+02, 2.135209999999999886e-01
9.596169999999999618e+02, -1.733400000000000052e+00
9.596330000000000382e+02, 7.206860000000000488e-01
9.596499999999999773e+02, 1.222939999999999916e+00
9.596670000000000300e+02, 1.456800000000000095e+00
9.596829999999999927e+02, 8.452290000000000081e-01
9.597000000000000455e+02, 9.244289999999999452e-02
9.597169999999999845e+02, 1.540499999999999925e-01
9.597329999999999472e+02, -5.304200000000000026e-01
9.597500000000000000e+02, -2.853709999999999858e-01
9.597670000000000528e+02, -7.364180000000000170e-01
9.597830000000000155e+02, -7.945729999999999738e-01
9.597999999999999545e+02, -6.221370000000000511e-01
9.598170000000000073e+02, 1.025919999999999943e+00
9.598329999999999700e+02, 4.323640000000000122e-02
9.598500000000000227e+02, 8.869989999999999819e-01
9.598669999999999618e+02, 4.454500000000000126e-01
9.598830000000000382e+02, -7.565800000000000303e-01
9.598999999999999773e+02, 5.411730000000000151e-01
9.599170000000000300e+02, -5.575059999999999460e-01
9.599329999999999927e+02, -1.128239999999999910e+00
9.599500000000000455e+02, -9.210310000000000441e-01
9.599669999999999845e+02, 2.718990000000000018e-01
9.599829999999999472e+02, 5.006669999999999732e-01
9.600000000000000000e+02, -2.484000000000000097e-01
9.600170000000000528e+02, 2.069479999999999931e-01
9.600330000000000155e+02, -4.245740000000000069e-01
9.600499999999999545e+02, -1.127950000000000008e+00
9.600670000000000073e+02, -6.731420000000000181e-01
9.600829999999999700e+02, -3.100220000000000198e-01
9.601000000000000227e+02, 2.233610000000000040e-01
9.601169999999999618e+02, -1.633960000000000135e-01
9.601330000000000382e+02, -6.746259999999999479e-01
9.601499999999999773e+02, -2.127769999999999939e-01
9.601670000000000300e+02, 3.622199999999999864e-01
9.601829999999999927e+02, 8.768040000000000278e-01
9.602000000000000455e+02, -5.169070000000000054e-01
9.602169999999999845e+02, 1.169150000000000050e-01
9.602329999999999472e+02, 2.881110000000000060e-01
9.602500000000000000e+02, -5.497699999999999809e-01
9.602670000000000528e+02, -1.091360000000000108e+00
9.602830000000000155e+02, -1.477179999999999938e+00
9.602999999999999545e+02, 5.730439999999999978e-01
9.603170000000000073e+02, -4.029099999999999904e-01
9.603329999999999700e+02, 3.422879999999999812e-01
9.603500000000000227e+02, -2.085240000000000204e+00
9.603669999999999618e+02, -9.599239999999999995e-01
9.603830000000000382e+02, -5.972669999999999924e-01
9.603999999999999773e+02, -6.669270000000000476e-01
9.604170000000000300e+02, 8.607550000000000479e-01
9.604329999999999927e+02, 5.342240000000000322e-01
9.604500000000000455e+02, 5.193200000000000038e-01
9.604669999999999845e+02, 1.504860000000000086e+00
9.604829999999999472e+02, -8.087860000000000049e-01
9.605000000000000000e+02, -1.343570000000000007e-02
9.605170000000000528e+02, -8.615440000000000598e-02
9.605330000000000155e+02, 1.481490000000000029e-01
9.605499999999999545e+02, -1.479100000000000137e-01
9.605670000000000073e+02, -6.813169999999999504e-01
9.605829999999999700e+02, -1.876690000000000025e-01
9.606000000000000227e+02, -1.535809999999999897e+00
9.606169999999999618e+02, -1.789669999999999872e-01
9.606330000000000382e+02, -1.366719999999999935e+00
9.606499999999999773e+02, 3.241410000000000124e-01
9.606670000000000300e+02, -3.720390000000000086e-01
9.606829999999999927e+02, -8.767200000000000548e-01
9.607000000000000455e+02, -3.354469999999999952e-01
9.607169999999999845e+02, -4.297369999999999801e-01
9.607329999999999472e+02, -1.529029999999999889e+00
9.607500000000000000e+02, -1.221270000000000078e+00
9.607670000000000528e+02, 1.076030000000000042e+00
9.607830000000000155e+02, 1.012860000000000094e+00
9.607999999999999545e+02, 3.607899999999999996e-01
9.608170000000000073e+02, 1.021179999999999977e+00
9.608329999999999700e+02, 1.609569999999999945e+00
9.608500000000000227e+02, 5.136899999999999800e-01
9.608669999999999618e+02, 4.316969999999999974e-01
9.608830000000000382e+02, -1.178989999999999982e+00
9.608999999999999773e+02, -1.644690000000000041e-01
9.609170000000000300e+02, 2.377309999999999979e-01
9.609329999999999927e+02, 1.448769999999999891e+00
9.609500000000000455e+02, -3.268480000000000274e-01
9.609669999999999845e+02, -1.304680000000000062e+00
9.609829999999999472e+02, -1.244189999999999907e+00
9.610000000000000000e+02, -1.469270000000000076e+00
9.610170000000000528e+02, 1.087180000000000035e+00
9.610330000000000155e+02, 5.140080000000000204e-01
9.610499999999999545e+02, 8.654109999999999581e-02
9.610670000000000073e+02, 3.338960000000000261e-01
9.610829999999999700e+02, -7.808489999999999875e-02
9.611000000000000227e+02, -1.199869999999999992e+00
9.611169999999999618e+02, -9.074609999999999621e-01
9.611330000000000382e+02, 2.408879999999999910e+00
9.611499999999999773e+02, 2.440580000000000194e+00
9.611670000000000300e+02, 1.081080000000000041e+00
9.611829999999999927e+02, -1.215100000000000069e+00
9.612000000000000455e+02, -1.938059999999999894e+00
9.612169999999999845e+02, -2.978509999999999769e-01
9.612329999999999472e+02, 5.988639999999999519e-01
9.612500000000000000e+02, 6.730779999999999541e-01
9.612670000000000528e+02, 7.341800000000000548e-01
9.612830000000000155e+02, -1.183650000000000091e+00
9.612999999999999545e+02, -4.968239999999999879e-01
9.613170000000000073e+02, 7.617559999999999887e-01
9.613329999999999700e+02, 7.542809999999999793e-01
9.613500000000000227e+02, 8.351899999999999880e-01
9.613669999999999618e+02, 6.441970000000000196e-01
9.613830000000000382e+02, 1.656130000000000102e-01
9.613999999999999773e+02, 1.130649999999999988e-01
9.614170000000000300e+02, -7.921099999999999808e-01
9.614329999999999927e+02, -3.788070000000000048e-01
9.614500000000000455e+02, 5.139200000000000434e-01
9.614669999999999845e+02, -1.100450000000000039e-01
9.614829999999999472e+02, 2.382950000000000124e+00
9.615000000000000000e+02, 1.943119999999999958e+00
9.615170000000000528e+02, -4.844169999999999865e-01
9.615330000000000155e+02, -6.884759999999999769e-01
9.615499999999999545e+02, -8.392979999999999885e-01
9.615670000000000073e+02, -5.281169999999999476e-01
9.615829999999999700e+02, -6.976569999999999994e-02
9.616000000000000227e+02, -1.291919999999999957e+00
9.616169999999999618e+02, 3.124020000000000130e-01
9.616330000000000382e+02, 1.562799999999999967e+00
9.616499999999999773e+02, 1.360619999999999885e-01
9.616670000000000300e+02, -6.844860000000000388e-01
9.616829999999999927e+02, -8.427999999999999936e-01
9.617000000000000455e+02, -1.015719999999999956e+00
9.617169999999999845e+02, 1.660630000000000051e+00
9.617329999999999472e+02, 1.038919999999999982e-01
9.617500000000000000e+02, -1.440450000000000064e-01
9.617670000000000528e+02, -3.872689999999999744e-01
9.617830000000000155e+02, -1.519719999999999960e+00
9.617999999999999545e+02, -1.501740000000000075e+00
9.618170000000000073e+02, -8.609569999999999723e-01
9.618329999999999700e+02, 3.723790000000000155e-01
9.618500000000000227e+02, 1.059420000000000028e+00
9.618669999999999618e+02, 1.674799999999999900e-01
9.618830000000000382e+02, 1.225659999999999972e+00
9.618999999999999773e+02, 4.333170000000000077e-01
9.619170000000000300e+02, 5.209899999999999531e-01
9.619329999999999927e+02, -1.193459999999999965e+00
9.619500000000000455e+02, -2.800219999999999931e-01
9.619669999999999845e+02, -1.232339999999999991e+00
9.619829999999999472e+02, -1.661370000000000013e+00
9.620000000000000000e+02, 5.281770000000000076e-01
9.620170000000000528e+02, 6.261320000000000219e-01
9.620330000000000155e+02, -7.809110000000000218e-01
9.620499999999999545e+02, 1.191890000000000033e-01
9.620670000000000073e+02, 5.012109999999999621e-01
9.620829999999999700e+02, 9.353150000000000075e-01
9.621000000000000227e+02, 1.263130000000000086e+00
9.621169999999999618e+02, -1.131029999999999980e+00
9.621330000000000382e+02, 6.215450000000000141e-01
9.621499999999999773e+02, 1.953189999999999982e+00
9.621670000000000300e+02, 1.659619999999999984e-01
9.621829999999999927e+02, -1.596909999999999996e-01
9.622000000000000455e+02, -2.213620000000000032e-01
9.622169999999999845e+02, -5.674320000000000475e-01
9.622329999999999472e+02, 1.597909999999999886e-01
9.622500000000000000e+02, 2.391089999999999882e-01
9.622670000000000528e+02, -4.810789999999999789e-01
9.622830000000000155e+02, -2.552369999999999917e-01
9.622999999999999545e+02, 1.288169999999999871e-01
9.623170000000000073e+02, 1.792769999999999919e-01
9.623329999999999700e+02, -7.224969999999999448e-01
9.623500000000000227e+02, -1.349299999999999944e+00
9.623669999999999618e+02, 6.344710000000000072e-01
9.623830000000000382e+02, -7.158679999999999488e-01
9.623999999999999773e+02, -2.998689999999999967e-01
9.624170000000000300e+02, -6.798640000000000239e-01
9.624329999999999927e+02, -2.535560000000000036e-01
9.624500000000000455e+02, -4.012290000000000023e-01
9.624669999999999845e+02, 4.062890000000000112e-01
9.624829999999999472e+02, 9.616489999999999760e-01
9.625000000000000000e+02, 6.896870000000000500e-01
9.625170000000000528e+02, 8.714020000000000099e-01
9.625330000000000155e+02, -2.491430000000000033e-01
9.625499999999999545e+02, 2.484800000000000116e-03
9.625670000000000073e+02, -6.536809999999999565e-01
9.625829999999999700e+02, 1.020380000000000037e-01
9.626000000000000227e+02, 1.024829999999999908e+00
9.626169999999999618e+02, -1.385750000000000037e+00
9.626330000000000382e+02, -4.900559999999999916e-01
9.626499999999999773e+02, -4.809019999999999961e-01
9.626670000000000300e+02, -2.722089999999999788e-01
9.626829999999999927e+02, -1.595429999999999904e+00
9.627000000000000455e+02, -7.761579999999999868e-02
9.627169999999999845e+02, 3.846229999999999927e-01
9.627329999999999472e+02, 9.655489999999999906e-01
9.627500000000000000e+02, 1.700190000000000090e+00
9.627670000000000528e+02, 1.165810000000000041e-01
9.627830000000000155e+02, 1.537149999999999905e-01
9.627999999999999545e+02, 1.013050000000000062e-01
9.628170000000000073e+02, 5.198420000000000263e-01
9.628329999999999700e+02, 1.160130000000000106e+00
9.628500000000000227e+02, 7.393700000000000272e-02
9.628669999999999618e+02, 2.498680000000000068e-01
9.628830000000000382e+02, 3.463430000000000120e-01
9.628999999999999773e+02, 2.045099999999999973e-01
9.629170000000000300e+02, -1.203249999999999931e+00
9.629329999999999927e+02, -9.760980000000000212e-01
9.629500000000000455e+02, -6.614599999999999647e-02
9.629669999999999845e+02, -2.292019999999999891e-01
9.629829999999999472e+02, 2.851170000000000093e-01
9.630000000000000000e+02, 3.565089999999999926e-02
9.630170000000000528e+02, 4.955899999999999750e-01
9.630330000000000155e+02, -6.145369999999999999e-01
9.630499999999999545e+02, -5.499969999999999581e-01
9.630670000000000073e+02, -1.017009999999999970e+00
9.630829999999999700e+02, -5.789959999999999551e-01
9.631000000000000227e+02, 5.621140000000000025e-01
9.631169999999999618e+02, -1.978159999999999918e-01
9.631330000000000382e+02, -5.946980000000000322e-02
9.631499999999999773e+02, 9.637629999999999808e-02
9.631670000000000300e+02, -2.184139999999999970e-01
9.631829999999999927e+02, -1.809270000000000045e-01
9.632000000000000455e+02, -5.826310000000000100e-01
9.632169999999999845e+02, 5.470059999999999922e-01
9.632329999999999472e+02, -1.471149999999999958e+00
9.632500000000000000e+02, -4.288270000000000137e-01
9.632670000000000528e+02, -5.257380000000000386e-01
9.632830000000000155e+02, 6.384769999999999335e-02
9.632999999999999545e+02, 5.324499999999999789e-01
9.633170000000000073e+02, 1.795299999999999896e+00
9.633329999999999700e+02, 1.379639999999999977e+00
9.633500000000000227e+02, -8.478350000000000053e-01
9.633669999999999618e+02, -5.856710000000000527e-01
9.633830000000000382e+02, -1.764689999999999870e-01
9.633999999999999773e+02, -5.626480000000000370e-01
9.634170000000000300e+02, 4.998280000000000084e-02
9.634329999999999927e+02, -1.903110000000000079e-01
9.634500000000000455e+02, 2.340160000000000018e-01
9.634669999999999845e+02, 2.833160000000000123e-01
9.634829999999999472e+02, 5.004910000000000192e-01
9.635000000000000000e+02, -1.201410000000000089e+00
9.635170000000000528e+02, -7.893430000000000168e-01
9.635330000000000155e+02, 5.959889999999999910e-01
9.635499999999999545e+02, -1.406689999999999996e+00
9.635670000000000073e+02, -2.360299999999999898e-01
9.635829999999999700e+02, 8.253160000000000496e-01
9.636000000000000227e+02, 7.153770000000000406e-01
9.636169999999999618e+02, 9.733310000000000572e-02
9.636330000000000382e+02, -1.038810000000000081e-02
9.636499999999999773e+02, -2.593239999999999990e-01
9.636670000000000300e+02, -7.652379999999999738e-01
9.636829999999999927e+02, -3.459789999999999914e-03
9.637000000000000455e+02, 6.074589999999999712e-01
9.637169999999999845e+02, 1.032599999999999962e+00
9.637329999999999472e+02, 1.097790000000000044e+00
9.637500000000000000e+02, -1.315970000000000084e+00
9.637670000000000528e+02, -6.913289999999999713e-01
9.637830000000000155e+02, -8.603549999999999809e-01
9.637999999999999545e+02, -1.210439999999999960e+00
9.638170000000000073e+02, -1.111410000000000037e-01
9.638329999999999700e+02, 7.501539999999999875e-01
9.638500000000000227e+02, 9.099000000000000421e-01
9.638669999999999618e+02, -9.919489999999999696e-01
9.638830000000000382e+02, -1.394589999999999996e+00
9.638999999999999773e+02, -9.885380000000000278e-01
9.639170000000000300e+02, 2.904720000000000080e-01
9.639329999999999927e+02, 1.244669999999999943e+00
9.639500000000000455e+02, -4.795630000000000170e-01
9.639669999999999845e+02, 1.415149999999999908e+00
9.639829999999999472e+02, 8.801409999999999512e-01
9.640000000000000000e+02, 3.262999999999999790e-01
9.640170000000000528e+02, 2.613050000000000095e-01
9.640330000000000155e+02, 3.597629999999999995e-01
9.640499999999999545e+02, 1.726040000000000074e-01
9.640670000000000073e+02, 5.472270000000000190e-01
9.640829999999999700e+02, 6.872630000000000405e-02
9.641000000000000227e+02, -2.173440000000000094e-01
9.641169999999999618e+02, -1.493710000000000093e+00
9.641330000000000382e+02, -7.179939999999999933e-02
9.641499999999999773e+02, -6.756480000000000263e-01
9.641670000000000300e+02, -1.615569999999999951e+00
9.641829999999999927e+02, -1.553509999999999946e+00
9.642000000000000455e+02, -2.023919999999999941e+00
9.642169999999999845e+02, -4.642749999999999932e-01
9.642329999999999472e+02, -1.916630000000000000e-01
9.642500000000000000e+02, 6.046129999999999560e-01
9.642670000000000528e+02, 1.219819999999999904e+00
9.642830000000000155e+02, 7.217400000000000482e-01
9.642999999999999545e+02, 8.608430000000000248e-01
9.643170000000000073e+02, 7.348349999999999327e-02
9.643329999999999700e+02, -9.537259999999999627e-01
9.643500000000000227e+02, -9.404489999999999794e-01
9.643669999999999618e+02, -1.862770000000000037e+00
9.643830000000000382e+02, 1.237559999999999993e+00
9.643999999999999773e+02, -7.691960000000000464e-02
9.644170000000000300e+02, 1.102929999999999966e+00
9.644329999999999927e+02, 1.355499999999999927e+00
9.644500000000000455e+02, 5.214800000000000546e-01
9.644669999999999845e+02, 5.803800000000000070e-01
9.644829999999999472e+02, -1.360139999999999905e+00
9.645000000000000000e+02, -1.644640000000000102e+00
9.645170000000000528e+02, -3.822369999999999934e-01
9.645330000000000155e+02, -2.503210000000000157e-01
9.645499999999999545e+02, -2.595000000000000084e-01
9.645670000000000073e+02, -5.132900000000000240e-01
9.645829999999999700e+02, -1.358979999999999910e-01
9.646000000000000227e+02, -8.477179999999999715e-01
9.646169999999999618e+02, 7.244720000000000049e-01
9.646330000000000382e+02, 9.386660000000000004e-01
9.646499999999999773e+02, 1.571080000000000032e+00
9.646670000000000300e+02, -7.084869999999999779e-01
9.646829999999999927e+02, -1.107909999999999950e+00
9.647000000000000455e+02, -5.365579999999999794e-01
9.647169999999999845e+02, -6.700009999999999577e-01
9.647329999999999472e+02, -1.104030000000000067e+00
9.647500000000000000e+02, -1.521150000000000002e-01
9.647670000000000528e+02, 1.325790000000000024e-01
9.647830000000000155e+02, 2.161970000000000169e+00
9.647999999999999545e+02, 3.847979999999999734e-01
9.648170000000000073e+02, 1.271220000000000128e-01
9.648329999999999700e+02, 5.365929999999999866e-01
9.648500000000000227e+02, -7.714389999999999858e-01
9.648669999999999618e+02, -3.229170000000000096e-01
9.648830000000000382e+02, 2.648650000000000171e-01
9.648999999999999773e+02, -5.598049999999999971e-01
9.649170000000000300e+02, -1.347550000000000026e+00
9.649329999999999927e+02, -4.849989999999999857e-02
9.649500000000000455e+02, -2.988879999999999870e-01
9.649669999999999845e+02, 1.211310000000000109e+00
9.649829999999999472e+02, 2.720000000000000195e-01
9.650000000000000000e+02, -2.804459999999999731e-01
9.650170000000000528e+02, 8.507639999999999647e-01
9.650330000000000155e+02, 3.438620000000000010e-01
9.650499999999999545e+02, -3.770319999999999783e-01
9.650670000000000073e+02, 4.068530000000000202e-01
9.650829999999999700e+02, -6.110529999999999573e-01
9.651000000000000227e+02, -3.797139999999999960e-01
9.651169999999999618e+02, -4.251510000000000011e-01
9.651330000000000382e+02, 1.110840000000000050e+00
9.651499999999999773e+02, 4.733700000000000130e-01
9.651670000000000300e+02, 4.208999999999999964e-01
9.651829999999999927e+02, 5.441599999999999909e-02
9.652000000000000455e+02, -1.985639999999999905e-01
9.652169999999999845e+02, 8.124689999999999968e-01
9.652329999999999472e+02, 5.907339999999999813e-02
9.652500000000000000e+02, 1.232460000000000111e+00
9.652670000000000528e+02, -3.878340000000000121e-01
9.652830000000000155e+02, 4.917679999999999829e-01
9.652999999999999545e+02, -7.918410000000000171e-01
9.653170000000000073e+02, -6.476330000000000142e-01
9.653329999999999700e+02, -1.965880000000000127e-01
9.653500000000000227e+02, 9.795779999999999488e-01
9.653669999999999618e+02, 1.330319999999999947e+00
9.653830000000000382e+02, 3.942979999999999818e-01
9.653999999999999773e+02, -2.364670000000000105e-01
9.654170000000000300e+02, -1.503090000000000037e+00
9.654329999999999927e+02, -6.081790000000000251e-01
9.654500000000000455e+02, -5.975549999999999473e-01
9.654669999999999845e+02, -5.919499999999999762e-01
9.654829999999999472e+02, -3.001579999999999804e-01
9.655000000000000000e+02, 4.096389999999999754e-02
9.655170000000000528e+02, 6.773040000000000171e-01
9.655330000000000155e+02, 1.480869999999999909e+00
9.655499999999999545e+02, 1.167730000000000018e-01
9.655670000000000073e+02, -6.024690000000000323e-01
9.655829999999999700e+02, -1.037109999999999976e+00
9.656000000000000227e+02, 5.301869999999999639e-01
9.656169999999999618e+02, 3.652190000000000158e-01
9.656330000000000382e+02, 1.044890000000000096e+00
9.656499999999999773e+02, -4.879620000000000068e-01
9.656670000000000300e+02, -5.663949999999999818e-01
9.656829999999999927e+02, -1.633729999999999905e+00
9.657000000000000455e+02, 1.951809999999999934e-01
9.657169999999999845e+02, 9.145520000000000316e-01
9.657329999999999472e+02, 1.629589999999999927e-01
9.657500000000000000e+02, -6.485480000000000134e-01
9.657670000000000528e+02, -7.425470000000000681e-02
9.657830000000000155e+02, 4.739539999999999864e-01
9.657999999999999545e+02, -4.506600000000000050e-01
9.658170000000000073e+02, 5.922300000000000342e-01
9.658329999999999700e+02, -5.542300000000000004e-01
9.658500000000000227e+02, -2.379290000000000016e-01
9.658669999999999618e+02, 1.534040000000000070e+00
9.658830000000000382e+02, -1.828720000000000068e-01
9.658999999999999773e+02, 3.355859999999999954e-01
9.659170000000000300e+02, -9.111729999999999829e-02
9.659329999999999927e+02, 9.715789999999999704e-01
9.659500000000000455e+02, 2.690960000000000019e-01
9.659669999999999845e+02, 1.262369999999999992e+00
9.659829999999999472e+02, 4.771560000000000246e-01
9.660000000000000000e+02, -1.353689999999999893e-01
9.660170000000000528e+02, -1.115019999999999900e+00
9.660330000000000155e+02, 2.186470000000000080e-02
9.660499999999999545e+02, 8.768920000000000048e-01
9.660670000000000073e+02, -4.960860000000000269e-01
9.660829999999999700e+02, -7.499400000000000510e-01
9.661000000000000227e+02, 9.016750000000000043e-01
9.661169999999999618e+02, 1.190150000000000041e+00
9.661330000000000382e+02, 3.558709999999999929e-01
9.661499999999999773e+02, 9.940549999999999387e-03
9.661670000000000300e+02, -1.053490000000000038e+00
9.661829999999999927e+02, -3.487549999999999817e-01
9.662000000000000455e+02, -2.401439999999999964e-01
9.662169999999999845e+02, 1.037109999999999976e+00
9.662329999999999472e+02, 9.139399999999999746e-01
9.662500000000000000e+02, -2.314390000000000058e-01
9.662670000000000528e+02, -7.764250000000000318e-01
9.662830000000000155e+02, -8.815079999999999583e-01
9.662999999999999545e+02, -5.184860000000000024e-01
9.663170000000000073e+02, 2.893170000000000117e-02
9.663329999999999700e+02, -6.261490000000000111e-02
9.663500000000000227e+02, -4.797290000000000061e-03
9.663669999999999618e+02, -1.192220000000000057e+00
9.663830000000000382e+02, -2.320979999999999988e-01
9.663999999999999773e+02, -1.019930000000000003e+00
9.664170000000000300e+02, -3.752019999999999800e-01
9.664329999999999927e+02, 3.725629999999999775e-01
9.664500000000000455e+02, 2.084600000000000064e-01
9.664669999999999845e+02, 1.039889999999999981e+00
9.664829999999999472e+02, -1.833310000000000148e-02
9.665000000000000000e+02, 7.354009999999999714e-02
9.665170000000000528e+02, 1.393860000000000099e-01
9.665330000000000155e+02, -5.890349999999999753e-02
9.665499999999999545e+02, -1.210029999999999939e+00
9.665670000000000073e+02, -5.648800000000000487e-01
9.665829999999999700e+02, 9.945550000000000224e-02
9.666000000000000227e+02, 7.823379999999999779e-01
9.666169999999999618e+02, 6.907990000000000519e-01
9.666330000000000382e+02, -1.113750000000000018e+00
9.666499999999999773e+02, -1.266150000000000109e+00
9.666670000000000300e+02, -1.146300000000000097e+00
9.666829999999999927e+02, 3.021449999999999830e-02
9.667000000000000455e+02, 6.924299999999999899e-01
9.667169999999999845e+02, 3.229560000000000208e-01
9.667329999999999472e+02, 1.458160000000000012e-01
9.667500000000000000e+02, -4.541229999999999989e-01
9.667670000000000528e+02, 9.504949999999999788e-01
9.667830000000000155e+02, 1.727030000000000065e+00
9.667999999999999545e+02, 4.295800000000000174e-01
9.668170000000000073e+02, 2.293289999999999829e+00
9.668329999999999700e+02, 5.006289999999999907e-01
9.668500000000000227e+02, -1.177839999999999998e+00
9.668669999999999618e+02, -3.349300000000000055e-01
9.668830000000000382e+02, 8.478930000000000078e-01
9.668999999999999773e+02, 4.755240000000000022e-01
9.669170000000000300e+02, -9.778820000000000290e-01
9.669329999999999927e+02, 3.766189999999999816e-01
9.669500000000000455e+02, 7.282680000000000264e-01
9.669669999999999845e+02, -2.497270000000000045e-01
9.669829999999999472e+02, -9.666559999999999597e-01
9.670000000000000000e+02, -2.978219999999999756e-01
9.670170000000000528e+02, -4.895689999999999764e-01
9.670330000000000155e+02, -3.741430000000000033e-01
9.670499999999999545e+02, 3.584729999999999861e-01
9.670670000000000073e+02, 8.557789999999999564e-01
9.670829999999999700e+02, -2.195769999999999944e-01
9.671000000000000227e+02, -1.203260000000000024e-01
9.671169999999999618e+02, -3.044680000000000164e-01
9.671330000000000382e+02, 7.301010000000000000e-01
9.671499999999999773e+02, 6.139000000000000012e-01
9.671670000000000300e+02, 3.890219999999999789e-01
9.671829999999999927e+02, -9.112510000000000332e-01
9.672000000000000455e+02, 1.326019999999999976e+00
9.672169999999999845e+02, 1.430490000000000039e+00
9.672329999999999472e+02, 1.155299999999999938e-01
9.672500000000000000e+02, -1.302729999999999999e-01
9.672670000000000528e+02, -7.949000000000000510e-01
9.672830000000000155e+02, -5.864989999999999926e-01
9.672999999999999545e+02, 5.019839999999999719e-02
9.673170000000000073e+02, -1.895399999999999863e-01
9.673329999999999700e+02, -1.805849999999999955e-01
9.673500000000000227e+02, -7.419259999999999744e-01
9.673669999999999618e+02, -7.224350000000000493e-01
9.673830000000000382e+02, 1.125560000000000033e-01
9.673999999999999773e+02, -2.382170000000000121e-01
9.674170000000000300e+02, -9.656510000000000371e-01
9.674329999999999927e+02, -3.352660000000000085e-01
9.674500000000000455e+02, 1.389499999999999957e+00
9.674669999999999845e+02, 1.446879999999999944e+00
9.674829999999999472e+02, 8.400760000000000172e-03
9.675000000000000000e+02, 1.166069999999999940e+00
9.675170000000000528e+02, -1.209910000000000013e-01
9.675330000000000155e+02, 1.411000000000000032e+00
9.675499999999999545e+02, 3.341770000000000018e-01
9.675670000000000073e+02, 2.594299999999999939e-01
9.675829999999999700e+02, -8.388560000000000461e-01
9.676000000000000227e+02, 3.687529999999999974e-01
9.676169999999999618e+02, 5.542650000000000077e-01
9.676330000000000382e+02, 6.950140000000000207e-01
9.676499999999999773e+02, 4.766299999999999981e-01
9.676670000000000300e+02, 3.289110000000000089e-01
9.676829999999999927e+02, 2.042219999999999869e-01
9.677000000000000455e+02, -1.534329999999999972e+00
9.677169999999999845e+02, -1.519040000000000112e-01
9.677329999999999472e+02, -7.864360000000000239e-01
9.677500000000000000e+02, 1.962349999999999928e-01
9.677670000000000528e+02, 2.638410000000000061e-02
9.677830000000000155e+02, -1.041429999999999995e-01
9.677999999999999545e+02, 1.087079999999999991e-01
9.678170000000000073e+02, 4.066659999999999719e-02
9.678329999999999700e+02, 2.067879999999999996e-01
9.678500000000000227e+02, 8.379440000000000222e-01
9.678669999999999618e+02, 2.811980000000000035e-01
9.678830000000000382e+02, 9.737109999999999932e-01
9.678999999999999773e+02, 1.737889999999999964e-03
9.679170000000000300e+02, -8.791759999999999575e-01
9.679329999999999927e+02, -4.683030000000000248e-01
9.679500000000000455e+02, 1.050929999999999920e+00
9.679669999999999845e+02, 8.423110000000000319e-01
9.679829999999999472e+02, 3.890190000000000037e-01
9.680000000000000000e+02, -6.256960000000000299e-01
9.680170000000000528e+02, -1.439089999999999980e+00
9.680330000000000155e+02, -6.598100000000000076e-01
9.680499999999999545e+02, -4.985160000000000147e-01
9.680670000000000073e+02, -4.430870000000000086e-01
9.680829999999999700e+02, 1.108079999999999954e+00
9.681000000000000227e+02, 1.894409999999999983e-01
9.681169999999999618e+02, -7.097670000000000368e-01
9.681330000000000382e+02, 5.834489999999999954e-01
9.681499999999999773e+02, 5.473149999999999959e-01
9.681670000000000300e+02, 1.058920000000000083e+00
9.681829999999999927e+02, 6.469000000000000306e-01
9.682000000000000455e+02, -1.087930000000000064e+00
9.682169999999999845e+02, -1.918709999999999916e+00
9.682329999999999472e+02, -3.790799999999999725e-01
9.682500000000000000e+02, -7.534950000000000259e-01
9.682670000000000528e+02, -1.325630000000000086e+00
9.682830000000000155e+02, -5.830239999999999867e-01
9.682999999999999545e+02, -3.984110000000000151e-01
9.683170000000000073e+02, 5.640249999999999986e-01
9.683329999999999700e+02, 1.107669999999999932e+00
9.683500000000000227e+02, -8.740240000000000231e-01
9.683669999999999618e+02, -6.788589999999999902e-01
9.683830000000000382e+02, -3.059970000000000190e-01
9.683999999999999773e+02, 1.291130000000000111e+00
9.684170000000000300e+02, 1.301460000000000061e+00
9.684329999999999927e+02, 7.059539999999999704e-01
9.684500000000000455e+02, -9.359979999999999967e-01
9.684669999999999845e+02, -1.328510000000000080e+00
9.684829999999999472e+02, -2.535379999999999856e-01
9.685000000000000000e+02, 1.620889999999999942e+00
9.685170000000000528e+02, -4.025279999999999969e-01
9.685330000000000155e+02, -1.552389999999999937e+00
9.685499999999999545e+02, 3.140590000000000048e-02
9.685670000000000073e+02, 1.101480000000000015e+00
9.685829999999999700e+02, 7.470219999999999638e-01
9.686000000000000227e+02, 1.144660000000000011e+00
9.686169999999999618e+02, 8.265359999999999374e-02
9.686330000000000382e+02, 5.817480000000000429e-01
9.686499999999999773e+02, 2.323080000000000034e+00
9.686670000000000300e+02, 8.014440000000000452e-01
9.686829999999999927e+02, -1.410740000000000050e-01
9.687000000000000455e+02, -7.361290000000000333e-01
9.687169999999999845e+02, 1.721759999999999957e-01
9.687329999999999472e+02, 6.352970000000000006e-01
9.687500000000000000e+02, 8.957339999999999747e-02
9.687670000000000528e+02, 6.812620000000000342e-01
9.687830000000000155e+02, -1.951980000000000048e+00
9.687999999999999545e+02, 7.256540000000000212e-01
9.688170000000000073e+02, -3.208540000000000003e-02
9.688329999999999700e+02, -4.131319999999999992e-01
9.688500000000000227e+02, -2.481710000000000166e-02
9.688669999999999618e+02, 1.258839999999999959e+00
9.688830000000000382e+02, 9.891140000000000487e-01
9.688999999999999773e+02, 1.014440000000000008e+00
9.689170000000000300e+02, 7.946280000000000010e-01
9.689329999999999927e+02, -4.988489999999999869e-01
9.689500000000000455e+02, 1.754390000000000116e-01
9.689669999999999845e+02, -8.037680000000000380e-01
9.689829999999999472e+02, -1.406640000000000112e-01
9.690000000000000000e+02, 1.754429999999999878e-01
9.690170000000000528e+02, 8.093489999999999851e-01
9.690330000000000155e+02, -2.039300000000000002e-01
9.690499999999999545e+02, -1.004620000000000068e+00
9.690670000000000073e+02, -1.433319999999999927e+00
9.690829999999999700e+02, -1.095369999999999955e+00
9.691000000000000227e+02, 1.572340000000000126e-01
9.691169999999999618e+02, -1.288550000000000084e+00
9.691330000000000382e+02, -4.386260000000000159e-01
9.691499999999999773e+02, 1.817819999999999991e-01
9.691670000000000300e+02, 9.655420000000000114e-01
9.691829999999999927e+02, 6.310510000000000286e-01
9.692000000000000455e+02, 8.434450000000000003e-01
9.692169999999999845e+02, 3.078319999999999945e-01
9.692329999999999472e+02, 3.987430000000000141e-01
9.692500000000000000e+02, -2.886389999999999789e-01
9.692670000000000528e+02, -2.917099999999999901e-02
9.692830000000000155e+02, -3.764239999999999808e-01
9.692999999999999545e+02, -5.108239999999999448e-01
9.693170000000000073e+02, -8.678909999999999680e-01
9.693329999999999700e+02, -2.681560000000000055e-01
9.693500000000000227e+02, 1.737679999999999891e+00
9.693669999999999618e+02, 1.547970000000000068e+00
9.693830000000000382e+02, 1.142419999999999991e+00
9.693999999999999773e+02, 7.807119999999999616e-01
9.694170000000000300e+02, 3.181149999999999811e-01
9.694329999999999927e+02, 1.057439999999999936e+00
9.694500000000000455e+02, 6.734550000000000258e-01
9.694669999999999845e+02, 5.124250000000000194e-01
9.694829999999999472e+02, -1.124030000000000085e+00
9.695000000000000000e+02, -2.279659999999999798e+00
9.695170000000000528e+02, -2.318150000000000155e+00
9.695330000000000155e+02, 8.007649999999999491e-01
9.695499999999999545e+02, 7.496570000000000178e-01
9.695670000000000073e+02, 1.128109999999999946e+00
9.695829999999999700e+02, 5.902349999999999541e-01
9.696000000000000227e+02, 2.519390000000000171e-02
9.696169999999999618e+02, -3.739350000000000174e-01
9.696330000000000382e+02, 1.116769999999999985e-01
9.696499999999999773e+02, -6.651799999999999380e-02
9.696670000000000300e+02, 1.265460000000000029e+00
9.696829999999999927e+02, -1.439100000000000046e+00
9.697000000000000455e+02, -7.724180000000000490e-01
9.697169999999999845e+02, -9.682439999999999936e-01
9.697329999999999472e+02, -7.477690000000000170e-01
9.697500000000000000e+02, -2.879900000000000168e-02
9.697670000000000528e+02, 3.140209999999999946e-01
9.697830000000000155e+02, 3.966060000000000141e-01
9.697999999999999545e+02, 1.827769999999999895e+00
9.698170000000000073e+02, -1.799060000000000104e-01
9.698329999999999700e+02, -1.175019999999999953e+00
9.698500000000000227e+02, -1.484909999999999952e+00
9.698669999999999618e+02, 7.625239999999999796e-02
9.698830000000000382e+02, -8.093979999999999508e-01
9.698999999999999773e+02, 2.248899999999999899e+00
9.699170000000000300e+02, 9.022059999999999524e-01
9.699329999999999927e+02, -7.482479999999999687e-02
9.699500000000000455e+02, 4.844180000000000014e-02
9.699669999999999845e+02, -2.008149999999999866e-02
9.699829999999999472e+02, -6.253680000000000350e-01
9.700000000000000000e+02, -4.028570000000000206e-01
9.700170000000000528e+02, 1.614970000000000017e-01
9.700330000000000155e+02, 1.539120000000000044e+00
9.700499999999999545e+02, 6.416500000000000536e-01
9.700670000000000073e+02, -8.135970000000000146e-01
9.700829999999999700e+02, 1.139870000000000050e-01
9.701000000000000227e+02, 1.465220000000000133e-01
9.701169999999999618e+02, 1.337040000000000006e+00
9.701330000000000382e+02, 8.531079999999999774e-01
9.701499999999999773e+02, -5.905459999999999876e-02
9.701670000000000300e+02, 2.371900000000000119e-01
9.701829999999999927e+02, 4.358659999999999757e-01
9.702000000000000455e+02, 2.473180000000000101e-01
9.702169999999999845e+02, 9.422049999999999592e-01
9.702329999999999472e+02, -1.091300000000000048e-01
9.702500000000000000e+02, -7.334840000000000249e-01
9.702670000000000528e+02, 1.108630000000000032e-01
9.702830000000000155e+02, 1.354160000000000030e+00
9.702999999999999545e+02, -3.636519999999999753e-01
9.703170000000000073e+02, -1.892549999999999955e+00
9.703329999999999700e+02, -2.601379999999999804e-01
9.703500000000000227e+02, 6.019480000000000386e-01
9.703669999999999618e+02, 5.701889999999999459e-01
9.703830000000000382e+02, 4.064889999999999892e-01
9.703999999999999773e+02, 2.132229999999999959e-01
9.704170000000000300e+02, 7.708949999999999969e-01
9.704329999999999927e+02, 4.725759999999999961e-01
9.704500000000000455e+02, 6.305830000000000046e-01
9.704669999999999845e+02, 9.535099999999999687e-01
9.704829999999999472e+02, 3.912669999999999759e-01
9.705000000000000000e+02, 7.773269999999999902e-01
9.705170000000000528e+02, -1.000100000000000017e-01
9.705330000000000155e+02, 1.894250000000000100e-01
9.705499999999999545e+02, -6.459490000000000457e-04
9.705670000000000073e+02, 3.795520000000000005e-01
9.705829999999999700e+02, -8.600020000000000442e-01
9.706000000000000227e+02, -1.513079999999999981e+00
9.706169999999999618e+02, 4.016730000000000023e-01
9.706330000000000382e+02, 1.857999999999999929e-01
9.706499999999999773e+02, -1.587760000000000060e+00
9.706670000000000300e+02, 6.076310000000000322e-01
9.706829999999999927e+02, -6.083260000000000334e-01
9.707000000000000455e+02, -4.977210000000000245e-01
9.707169999999999845e+02, -4.974310000000000120e-01
9.707329999999999472e+02, 4.414830000000000143e-01
9.707500000000000000e+02, -3.574649999999999772e-01
9.707670000000000528e+02, -4.819470000000000143e-01
9.707830000000000155e+02, 7.454009999999999803e-01
9.707999999999999545e+02, 5.162020000000000497e-01
9.708170000000000073e+02, 8.090770000000000461e-01
9.708329999999999700e+02, 1.031959999999999988e+00
9.708500000000000227e+02, -1.241710000000000036e-01
9.708669999999999618e+02, -7.098799999999999555e-01
9.708830000000000382e+02, -9.342859999999999498e-01
9.708999999999999773e+02, -6.257960000000000189e-01
9.709170000000000300e+02, 5.826189999999999980e-01
9.709329999999999927e+02, -3.466359999999999997e-01
9.709500000000000455e+02, 1.515779999999999905e+00
9.709669999999999845e+02, 7.070189999999999531e-01
9.709829999999999472e+02, 1.035560000000000036e+00
9.710000000000000000e+02, -9.442620000000000458e-01
9.710170000000000528e+02, -1.396619999999999973e+00
9.710330000000000155e+02, -1.092030000000000056e+00
9.710499999999999545e+02, -1.181589999999999918e+00
9.710670000000000073e+02, 1.490890000000000049e+00
9.710829999999999700e+02, -5.553510000000000391e-01
9.711000000000000227e+02, -3.222059999999999924e-01
9.711169999999999618e+02, -2.538400000000000101e-01
9.711330000000000382e+02, 1.264470000000000038e-01
9.711499999999999773e+02, -1.205969999999999959e-01
9.711670000000000300e+02, 4.598900000000000210e-01
9.711829999999999927e+02, -3.455440000000000178e-01
9.712000000000000455e+02, 1.425609999999999933e-01
9.712169999999999845e+02, 3.993129999999999735e-01
9.712329999999999472e+02, -1.000340000000000007e+00
9.712500000000000000e+02, 6.323079999999999812e-01
9.712670000000000528e+02, -8.916460000000000496e-01
9.712830000000000155e+02, -9.013259999999999605e-01
9.712999999999999545e+02, -1.876980000000000093e+00
9.713170000000000073e+02, 2.342079999999999995e-01
9.713329999999999700e+02, 1.312219999999999942e+00
9.713500000000000227e+02, 9.162799999999999834e-01
9.713669999999999618e+02, 7.740740000000000398e-01
9.713830000000000382e+02, 5.483139999999999681e-01
9.713999999999999773e+02, -1.205650000000000055e-01
9.714170000000000300e+02, -1.417280000000000095e+00
9.714329999999999927e+02, -1.389089999999999936e+00
9.714500000000000455e+02, -7.697060000000000360e-03
9.714669999999999845e+02, 7.029149999999999565e-01
9.714829999999999472e+02, 1.054189999999999960e+00
9.715000000000000000e+02, 6.384800000000000475e-01
9.715170000000000528e+02, 6.185939999999999772e-01
9.715330000000000155e+02, -1.621219999999999883e-01
9.715499999999999545e+02, -1.528380000000000072e+00
9.715670000000000073e+02, -2.813519999999999910e-01
9.715829999999999700e+02, -1.692500000000000115e-01
9.716000000000000227e+02, 1.505479999999999929e+00
9.716169999999999618e+02, 1.005940000000000056e+00
9.716330000000000382e+02, 2.397170000000000134e-01
9.716499999999999773e+02, 8.071300000000000141e-01
9.716670000000000300e+02, 2.409350000000000103e-01
9.716829999999999927e+02, 9.293390000000000262e-01
9.717000000000000455e+02, -3.997899999999999787e-01
9.717169999999999845e+02, -4.196679999999999855e-01
9.717329999999999472e+02, -5.762310000000000487e-01
9.717500000000000000e+02, -5.485339999999999661e-01
9.717670000000000528e+02, -1.104070000000000107e+00
9.717830000000000155e+02, -7.601250000000000506e-01
9.717999999999999545e+02, 5.770920000000000494e-01
9.718170000000000073e+02, -1.032280000000000003e-01
9.718329999999999700e+02, 1.238889999999999991e-01
9.718500000000000227e+02, 2.645609999999999906e-01
9.718669999999999618e+02, 4.427369999999999917e-01
9.718830000000000382e+02, 6.334210000000000118e-01
9.718999999999999773e+02, -8.254010000000000513e-01
9.719170000000000300e+02, 8.212120000000000530e-01
9.719329999999999927e+02, 4.168249999999999733e-02
9.719500000000000455e+02, -2.871750000000000136e-01
9.719669999999999845e+02, 3.833520000000000261e-01
9.719829999999999472e+02, -2.852569999999999828e-01
9.720000000000000000e+02, -1.251619999999999955e+00
9.720170000000000528e+02, -1.409739999999999882e-01
9.720330000000000155e+02, 9.547500000000000431e-02
9.720499999999999545e+02, -9.773870000000000058e-01
9.720670000000000073e+02, 1.429899999999999949e+00
9.720829999999999700e+02, -2.061729999999999952e-01
9.721000000000000227e+02, 6.917180000000000550e-01
9.721169999999999618e+02, 1.244019999999999904e+00
9.721330000000000382e+02, -4.321920000000000206e-01
9.721499999999999773e+02, -3.090050000000000088e-02
9.721670000000000300e+02, 3.190100000000000158e-01
9.721829999999999927e+02, -1.620679999999999898e-01
9.722000000000000455e+02, -7.463379999999999459e-01
9.722169999999999845e+02, -2.405539999999999901e-01
9.722329999999999472e+02, -9.748729999999999896e-01
9.722500000000000000e+02, -5.085460000000000536e-01
9.722670000000000528e+02, 7.442640000000000366e-01
9.722830000000000155e+02, 1.184029999999999916e+00
9.722999999999999545e+02, -2.178760000000000072e-02
9.723170000000000073e+02, 1.248199999999999976e+00
9.723329999999999700e+02, 1.139049999999999896e+00
9.723500000000000227e+02, 3.813599999999999768e-01
9.723669999999999618e+02, -7.001169999999999893e-01
9.723830000000000382e+02, -4.099679999999999991e-01
9.723999999999999773e+02, -4.251630000000000131e-01
9.724170000000000300e+02, 2.420269999999999921e-01
9.724329999999999927e+02, 5.729819999999999913e-01
9.724500000000000455e+02, 6.970529999999999782e-02
9.724669999999999845e+02, -7.826459999999999528e-01
9.724829999999999472e+02, -3.890819999999999834e-01
9.725000000000000000e+02, -1.328769999999999951e-01
9.725170000000000528e+02, -4.496769999999999934e-01
9.725330000000000155e+02, 8.182800000000000074e-01
9.725499999999999545e+02, 6.494290000000000340e-01
9.725670000000000073e+02, 4.747799999999999798e-01
9.725829999999999700e+02, 4.933549999999999880e-01
9.726000000000000227e+02, 7.589660000000000295e-01
9.726169999999999618e+02, -6.243570000000000508e-01
9.726330000000000382e+02, -1.155289999999999928e+00
9.726499999999999773e+02, -2.102150000000000130e-01
9.726670000000000300e+02, 1.511859999999999871e-01
9.726829999999999927e+02, -1.777670000000000083e+00
9.727000000000000455e+02, -2.526550000000000185e-01
9.727169999999999845e+02, 2.840289999999999759e-01
9.727329999999999472e+02, 9.170739999999999448e-01
9.727500000000000000e+02, 2.123320000000000096e+00
9.727670000000000528e+02, -1.546310000000000073e+00
9.727830000000000155e+02, -1.028569999999999984e+00
9.727999999999999545e+02, -2.073119999999999852e+00
9.728170000000000073e+02, -1.686109999999999998e+00
9.728329999999999700e+02, 2.649210000000000176e-01
9.728500000000000227e+02, -6.804570000000000063e-02
9.728669999999999618e+02, 8.142989999999999950e-01
9.728830000000000382e+02, -1.248959999999999931e-01
9.728999999999999773e+02, 6.418629999999999614e-01
9.729170000000000300e+02, -2.465960000000000096e-01
9.729329999999999927e+02, -1.691040000000000099e+00
9.729500000000000455e+02, -1.597820000000000018e+00
9.729669999999999845e+02, 5.177810000000000468e-01
9.729829999999999472e+02, 1.791490000000000027e+00
9.730000000000000000e+02, -1.804350000000000051e-02
9.730170000000000528e+02, 6.250980000000000425e-01
9.730330000000000155e+02, -1.049839999999999940e-01
9.730499999999999545e+02, -3.446139999999999759e-01
9.730670000000000073e+02, 4.592029999999999723e-01
9.730829999999999700e+02, -2.471990000000000021e-01
9.731000000000000227e+02, 2.908850000000000047e-01
9.731169999999999618e+02, -2.007950000000000013e-01
9.731330000000000382e+02, -7.700350000000000250e-01
9.731499999999999773e+02, -5.366809999999999636e-01
9.731670000000000300e+02, -1.048499999999999988e+00
9.731829999999999927e+02, -2.874110000000000276e-01
9.732000000000000455e+02, -1.388330000000000064e+00
9.732169999999999845e+02, 4.569270000000000276e-01
9.732329999999999472e+02, 7.154620000000000424e-01
9.732500000000000000e+02, -6.449209999999999665e-01
9.732670000000000528e+02, -6.505530000000000479e-01
9.732830000000000155e+02, 6.649629999999999708e-01
9.732999999999999545e+02, -3.708460000000000090e-01
9.733170000000000073e+02, 3.954900000000000082e-01
9.733329999999999700e+02, -9.159190000000000387e-01
9.733500000000000227e+02, 4.498900000000000121e-01
9.733669999999999618e+02, -1.745220000000000105e-01
9.733830000000000382e+02, 4.578599999999999892e-01
9.733999999999999773e+02, 1.125960000000000072e+00
9.734170000000000300e+02, 1.158940000000000081e+00
9.734329999999999927e+02, 3.863090000000000135e-01
9.734500000000000455e+02, -8.535120000000000484e-01
9.734669999999999845e+02, -1.760320000000000107e+00
9.734829999999999472e+02, -5.863159999999999900e-02
9.735000000000000000e+02, 7.143580000000000485e-01
9.735170000000000528e+02, -2.010979999999999990e-01
9.735330000000000155e+02, -2.634009999999999962e-01
9.735499999999999545e+02, -1.392779999999999907e+00
9.735670000000000073e+02, -3.493229999999999946e-01
9.735829999999999700e+02, -3.074009999999999798e-01
9.736000000000000227e+02, 5.833749999999999769e-01
9.736169999999999618e+02, 1.148919999999999941e+00
9.736330000000000382e+02, 1.660549999999999971e+00
9.736499999999999773e+02, 8.173030000000000017e-01
9.736670000000000300e+02, -1.085520000000000040e+00
9.736829999999999927e+02, -1.100659999999999972e+00
9.737000000000000455e+02, 2.443569999999999909e-01
9.737169999999999845e+02, 8.084980000000000500e-01
9.737329999999999472e+02, 8.475620000000000376e-01
9.737500000000000000e+02, -3.526020000000000265e-01
9.737670000000000528e+02, -6.825839999999999685e-01
9.737830000000000155e+02, -1.383569999999999967e+00
9.737999999999999545e+02, -1.994439999999999991e+00
9.738170000000000073e+02, -2.569799999999999862e+00
9.738329999999999700e+02, -7.984390000000000098e-01
9.738500000000000227e+02, 8.559330000000000549e-01
9.738669999999999618e+02, 1.215109999999999912e+00
9.738830000000000382e+02, -5.928809999999999913e-01
9.738999999999999773e+02, 5.644660000000000233e-01
9.739170000000000300e+02, 6.600979999999999626e-01
9.739329999999999927e+02, -2.723160000000000025e-01
9.739500000000000455e+02, 1.917719999999999980e-01
9.739669999999999845e+02, -5.506090000000000290e-02
9.739829999999999472e+02, -4.225809999999999844e-01
9.740000000000000000e+02, 4.006299999999999861e-01
9.740170000000000528e+02, 7.010229999999999517e-01
9.740330000000000155e+02, 5.937699999999999749e-04
9.740499999999999545e+02, -5.947820000000000329e-01
9.740670000000000073e+02, -8.643019999999999869e-02
9.740829999999999700e+02, 3.864000000000000212e-01
9.741000000000000227e+02, -4.596029999999999838e-01
9.741169999999999618e+02, 8.911059999999999537e-01
9.741330000000000382e+02, 4.061170000000000058e-01
9.741499999999999773e+02, -5.544410000000000310e-02
9.741670000000000300e+02, 1.726129999999999942e+00
9.741829999999999927e+02, 1.695500000000000007e+00
9.742000000000000455e+02, 3.355650000000000022e-01
9.742169999999999845e+02, -3.462830000000000075e-01
9.742329999999999472e+02, -1.815900000000000014e-01
9.742500000000000000e+02, 2.980019999999999891e-01
9.742670000000000528e+02, -6.010950000000000459e-01
9.742830000000000155e+02, -5.395959999999999646e-01
9.742999999999999545e+02, -7.027900000000000258e-01
9.743170000000000073e+02, -4.897699999999999831e-01
9.743329999999999700e+02, 2.045410000000000006e-01
9.743500000000000227e+02, 5.978059999999999485e-01
9.743669999999999618e+02, 5.759369999999999767e-02
9.743830000000000382e+02, -1.433599999999999985e+00
9.743999999999999773e+02, 1.022149999999999892e+00
9.744170000000000300e+02, 3.828460000000000196e-01
9.744329999999999927e+02, -5.387260000000000382e-01
9.744500000000000455e+02, 3.198199999999999932e-01
9.744669999999999845e+02, -1.229999999999999982e+00
9.744829999999999472e+02, 4.113260000000000249e-01
9.745000000000000000e+02, 1.492509999999999948e-01
9.745170000000000528e+02, -3.517489999999999783e-01
9.745330000000000155e+02, -6.737330000000000263e-01
9.745499999999999545e+02, -2.205769999999999953e-01
9.745670000000000073e+02, -3.541569999999999996e-01
9.745829999999999700e+02, -1.587509999999999977e+00
9.746000000000000227e+02, 4.092950000000000199e-01
9.746169999999999618e+02, 1.020049999999999901e+00
9.746330000000000382e+02, 1.321539999999999937e+00
9.746499999999999773e+02, 4.598490000000000077e-01
9.746670000000000300e+02, -7.928169999999999940e-01
9.746829999999999927e+02, -2.785830000000000251e-01
9.747000000000000455e+02, 1.070319999999999938e+00
9.747169999999999845e+02, -2.872629999999999906e-01
9.747329999999999472e+02, 6.604649999999999688e-01
9.747500000000000000e+02, 1.782829999999999915e+00
9.747670000000000528e+02, 1.102160000000000029e+00
9.747830000000000155e+02, -2.207030000000000103e-01
9.747999999999999545e+02, -2.135520000000000085e+00
9.748170000000000073e+02, -1.374719999999999942e+00
9.748329999999999700e+02, 1.051460000000000061e+00
9.748500000000000227e+02, -4.144410000000000038e-01
9.748669999999999618e+02, 2.749630000000000130e-01
9.748830000000000382e+02, -6.609909999999999397e-02
9.748999999999999773e+02, -4.181969999999999854e-01
9.749170000000000300e+02, 5.471460000000000212e-01
9.749329999999999927e+02, -1.538080000000000003e-01
9.749500000000000455e+02, 9.381889999999999674e-02
9.749669999999999845e+02, 7.351039999999999797e-01
9.749829999999999472e+02, -4.118160000000000154e-01
9.750000000000000000e+02, 2.738149999999999751e-01
9.750170000000000528e+02, -2.095440000000000080e-01
9.750330000000000155e+02, 7.432940000000000103e-01
9.750499999999999545e+02, -1.314009999999999900e-01
9.750670000000000073e+02, -8.382079999999999531e-01
9.750829999999999700e+02, -3.185450000000000226e-01
9.751000000000000227e+02, 4.242319999999999980e-01
9.751169999999999618e+02, -3.993280000000000163e-01
9.751330000000000382e+02, 7.900120000000000475e-01
9.751499999999999773e+02, 5.142780000000000129e-01
9.751670000000000300e+02, 9.468140000000000323e-04
9.751829999999999927e+02, -1.191070000000000073e+00
9.752000000000000455e+02, 3.934250000000000247e-01
9.752169999999999845e+02, 8.882250000000000423e-01
9.752329999999999472e+02, 5.048909999999999787e-01
9.752500000000000000e+02, 2.435379999999999837e-02
9.752670000000000528e+02, -1.865669999999999940e+00
9.752830000000000155e+02, -7.951840000000000019e-01
9.752999999999999545e+02, -1.218709999999999960e+00
9.753170000000000073e+02, 1.683570000000000011e+00
9.753329999999999700e+02, 6.823280000000000456e-01
9.753500000000000227e+02, 9.344879999999999853e-01
9.753669999999999618e+02, -4.472780000000000089e-01
9.753830000000000382e+02, -6.855790000000000495e-02
9.753999999999999773e+02, -1.034459999999999935e+00
9.754170000000000300e+02, -2.719380000000000130e-01
9.754329999999999927e+02, -4.396240000000000148e-01
9.754500000000000455e+02, -1.072859999999999925e+00
9.754669999999999845e+02, -1.356989999999999919e+00
9.754829999999999472e+02, 1.118989999999999929e+00
9.755000000000000000e+02, 1.324019999999999975e+00
9.755170000000000528e+02, 1.311660000000000048e+00
9.755330000000000155e+02, 2.342990000000000073e-01
9.755499999999999545e+02, -2.423160000000000036e-01
9.755670000000000073e+02, -5.725810000000000066e-01
9.755829999999999700e+02, -1.393960000000000088e+00
9.756000000000000227e+02, -1.237400000000000055e+00
9.756169999999999618e+02, -3.768819999999999948e-01
9.756330000000000382e+02, 6.225510000000000072e-02
9.756499999999999773e+02, 2.462629999999999875e+00
9.756670000000000300e+02, 9.364719999999999711e-01
9.756829999999999927e+02, -8.769059999999999633e-01
9.757000000000000455e+02, -3.483919999999999795e-01
9.757169999999999845e+02, -4.197690000000000032e-01
9.757329999999999472e+02, 2.072940000000000060e-01
9.757500000000000000e+02, 1.294579999999999897e-01
9.757670000000000528e+02, 7.455720000000000125e-01
9.757830000000000155e+02, 2.900769999999999738e-01
9.757999999999999545e+02, 3.047099999999999809e-01
9.758170000000000073e+02, -5.168139999999999956e-01
9.758329999999999700e+02, 6.611019999999999675e-01
9.758500000000000227e+02, 2.988000000000000100e-01
9.758669999999999618e+02, 1.672649999999999970e+00
9.758830000000000382e+02, -6.536300000000000443e-01
9.758999999999999773e+02, -4.336139999999999994e-01
9.759170000000000300e+02, -3.086630000000000207e-01
9.759329999999999927e+02, -4.184080000000000021e-01
9.759500000000000455e+02, 1.298990000000000040e-02
9.759669999999999845e+02, -1.475499999999999867e-01
9.759829999999999472e+02, 2.633010000000000073e-01
9.760000000000000000e+02, 3.924349999999999783e-01
9.760170000000000528e+02, -3.965870000000000228e-01
9.760330000000000155e+02, -1.040899999999999936e+00
9.760499999999999545e+02, -7.857929999999999637e-01
9.760670000000000073e+02, -3.128509999999999902e-01
9.760829999999999700e+02, -2.099100000000000132e-01
9.761000000000000227e+02, 4.697780000000000011e-02
9.761169999999999618e+02, 4.554179999999999895e-01
9.761330000000000382e+02, 1.840430000000000121e-01
9.761499999999999773e+02, 6.703360000000000429e-01
9.761670000000000300e+02, -7.837629999999999875e-01
9.761829999999999927e+02, 1.547109999999999985e+00
9.762000000000000455e+02, 7.156310000000000171e-01
9.762169999999999845e+02, 2.013549999999999951e+00
9.762329999999999472e+02, -5.665839999999999765e-01
9.762500000000000000e+02, -8.258529999999999482e-01
9.762670000000000528e+02, -2.275119999999999809e+00
9.762830000000000155e+02, -4.274060000000000081e-01
9.762999999999999545e+02, 7.905750000000000277e-01
9.763170000000000073e+02, 4.121219999999999883e-01
9.763329999999999700e+02, 1.321909999999999918e+00
9.763500000000000227e+02, 5.723129999999999606e-01
9.763669999999999618e+02, 6.175519999999999898e-01
9.763830000000000382e+02, -1.851420000000000010e-01
9.763999999999999773e+02, -5.002600000000000380e-01
9.764170000000000300e+02, 4.915719999999999812e-02
9.764329999999999927e+02, 2.127050000000000052e-01
9.764500000000000455e+02, 3.567819999999999880e-01
9.764669999999999845e+02, 1.578699999999999992e+00
9.764829999999999472e+02, -2.902669999999999903e-02
9.765000000000000000e+02, -1.597199999999999953e+00
9.765170000000000528e+02, -1.324449999999999905e+00
9.765330000000000155e+02, 7.196240000000000414e-01
9.765499999999999545e+02, 1.243479999999999919e+00
9.765670000000000073e+02, 1.214539999999999953e+00
9.765829999999999700e+02, -1.028210000000000068e+00
9.766000000000000227e+02, -2.352390000000000037e-01
9.766169999999999618e+02, -8.985379999999999479e-01
9.766330000000000382e+02, 7.570740000000000247e-01
9.766499999999999773e+02, 6.319820000000000437e-01
9.766670000000000300e+02, 1.253409999999999913e+00
9.766829999999999927e+02, 5.192710000000000381e-01
9.767000000000000455e+02, -1.246950000000000003e+00
9.767169999999999845e+02, -1.772820000000000062e+00
9.767329999999999472e+02, -1.575420000000000043e+00
9.767500000000000000e+02, -1.553339999999999999e-01
9.767670000000000528e+02, 3.777499999999999747e-01
9.767830000000000155e+02, -6.090780000000000083e-01
9.767999999999999545e+02, -2.354040000000000021e-01
9.768170000000000073e+02, -8.211530000000000218e-01
9.768329999999999700e+02, -9.252510000000000456e-01
9.768500000000000227e+02, -1.401410000000000045e+00
9.768669999999999618e+02, 5.139390000000000347e-01
9.768830000000000382e+02, -4.997159999999999935e-01
9.768999999999999773e+02, 1.333860000000000046e+00
9.769170000000000300e+02, 1.773430000000000006e-01
9.769329999999999927e+02, -3.951109999999999900e-01
9.769500000000000455e+02, 1.780089999999999950e+00
9.769669999999999845e+02, 2.462560000000000027e-01
9.769829999999999472e+02, 6.678079999999999572e-01
9.770000000000000000e+02, -6.497169999999999335e-02
9.770170000000000528e+02, 1.230249999999999955e-01
9.770330000000000155e+02, -7.387420000000000098e-01
9.770499999999999545e+02, -2.054860000000000020e-01
9.770670000000000073e+02, 4.369220000000000048e-02
9.770829999999999700e+02, 4.358620000000000272e-01
9.771000000000000227e+02, 9.877289999999999681e-01
9.771169999999999618e+02, -9.553090000000000193e-02
9.771330000000000382e+02, 1.122449999999999948e+00
9.771499999999999773e+02, -6.293579999999999730e-01
9.771670000000000300e+02, -6.396429999999999616e-01
9.771829999999999927e+02, -2.783439999999999803e-01
9.772000000000000455e+02, -3.024989999999999971e-02
9.772169999999999845e+02, -6.892749999999999710e-01
9.772329999999999472e+02, -8.057029999999999470e-01
9.772500000000000000e+02, -6.656609999999999472e-01
9.772670000000000528e+02, -5.815099999999999714e-01
9.772830000000000155e+02, 5.081839999999999691e-01
9.772999999999999545e+02, -2.140229999999999910e-01
9.773170000000000073e+02, 3.057590000000000030e-01
9.773329999999999700e+02, -3.986179999999999723e-01
9.773500000000000227e+02, 8.163489999999999913e-01
9.773669999999999618e+02, 1.149950000000000028e+00
9.773830000000000382e+02, 7.846640000000000281e-01
9.773999999999999773e+02, 5.688800000000000523e-01
9.774170000000000300e+02, -3.147079999999999878e-01
9.774329999999999927e+02, -1.434850000000000014e-01
9.774500000000000455e+02, 5.298680000000000057e-02
9.774669999999999845e+02, 9.980849999999999445e-02
9.774829999999999472e+02, -7.067639999999999478e-01
9.775000000000000000e+02, 4.627260000000000262e-01
9.775170000000000528e+02, -1.139820000000000000e-01
9.775330000000000155e+02, 1.592230000000000034e+00
9.775499999999999545e+02, 8.471579999999999666e-01
9.775670000000000073e+02, 2.262800000000000089e-01
9.775829999999999700e+02, -5.552510000000000501e-01
9.776000000000000227e+02, 1.165620000000000100e+00
9.776169999999999618e+02, 2.592070000000000207e-01
9.776330000000000382e+02, 2.318560000000000065e-01
9.776499999999999773e+02, 1.579780000000000073e-02
9.776670000000000300e+02, 1.186660000000000048e+00
9.776829999999999927e+02, -1.056529999999999969e+00
9.777000000000000455e+02, -6.993230000000000279e-02
9.777169999999999845e+02, -3.010959999999999748e-01
9.777329999999999472e+02, 1.468659999999999966e-01
9.777500000000000000e+02, -1.331569999999999920e+00
9.777670000000000528e+02, -3.723799999999999888e-01
9.777830000000000155e+02, -5.225959999999999495e-01
9.777999999999999545e+02, 1.612510000000000110e+00
9.778170000000000073e+02, 7.659989999999999855e-01
9.778329999999999700e+02, 1.406509999999999927e+00
9.778500000000000227e+02, -3.474599999999999911e-01
9.778669999999999618e+02, 9.089909999999999934e-01
9.778830000000000382e+02, 2.579729999999999870e-02
9.778999999999999773e+02, -1.907920000000000060e+00
9.779170000000000300e+02, -2.272869999999999890e-01
9.779329999999999927e+02, 2.328500000000000014e-01
9.779500000000000455e+02, 2.562619999999999898e-01
9.779669999999999845e+02, 9.120359999999999578e-01
9.779829999999999472e+02, 5.071660000000000057e-01
9.780000000000000000e+02, -1.239789999999999948e+00
9.780170000000000528e+02, -6.738020000000000120e-01
9.780330000000000155e+02, -1.230730000000000102e+00
9.780499999999999545e+02, 1.041430000000000078e+00
9.780670000000000073e+02, -2.877270000000000105e-01
9.780829999999999700e+02, 5.417579999999999618e-01
9.781000000000000227e+02, -6.762819999999999943e-02
9.781169999999999618e+02, -1.045129999999999892e+00
9.781330000000000382e+02, -3.697650000000000103e-01
9.781499999999999773e+02, 3.441919999999999980e-01
9.781670000000000300e+02, -4.302549999999999986e-01
9.781829999999999927e+02, -5.687029999999999585e-01
9.782000000000000455e+02, -1.564780000000000060e-01
9.782169999999999845e+02, -5.678520000000000234e-01
9.782329999999999472e+02, 2.982739999999999836e-01
9.782500000000000000e+02, 7.354819999999999691e-01
9.782670000000000528e+02, -6.024340000000000250e-01
9.782830000000000155e+02, 4.822980000000000045e-01
9.782999999999999545e+02, -1.717339999999999978e-01
9.783170000000000073e+02, 6.825820000000000221e-01
9.783329999999999700e+02, -4.490589999999999860e-02
9.783500000000000227e+02, 1.838740000000000041e+00
9.783669999999999618e+02, 1.211619999999999919e+00
9.783830000000000382e+02, 5.340260000000000007e-01
9.783999999999999773e+02, 7.298649999999999860e-01
9.784170000000000300e+02, 8.221079999999999499e-01
9.784329999999999927e+02, -1.050450000000000106e+00
9.784500000000000455e+02, -4.438119999999999843e-01
9.784669999999999845e+02, -6.089579999999999993e-01
9.784829999999999472e+02, -1.139180000000000054e-01
9.785000000000000000e+02, 1.438089999999999924e-01
9.785170000000000528e+02, 8.118680000000000341e-01
9.785330000000000155e+02, 2.800340000000000051e-01
9.785499999999999545e+02, -8.971769999999999745e-02
9.785670000000000073e+02, 6.605560000000000320e-01
9.785829999999999700e+02, 5.005650000000000377e-01
9.786000000000000227e+02, 5.924430000000000529e-01
9.786169999999999618e+02, 1.229719999999999924e+00
9.786330000000000382e+02, 6.966940000000000355e-01
9.786499999999999773e+02, 3.516630000000000034e-01
9.786670000000000300e+02, -8.793229999999999658e-01
9.786829999999999927e+02, -1.106140000000000040e-01
9.787000000000000455e+02, 9.193030000000000646e-02
9.787169999999999845e+02, 1.333529999999999993e-01
9.787329999999999472e+02, -1.316270000000000051e+00
9.787500000000000000e+02, 1.530459999999999876e-01
9.787670000000000528e+02, 4.435069999999999846e-01
9.787830000000000155e+02, 1.236199999999999966e+00
9.787999999999999545e+02, 5.190029999999999921e-01
9.788170000000000073e+02, 1.568729999999999958e+00
9.788329999999999700e+02, -1.675030000000000130e-01
9.788500000000000227e+02, -5.463630000000000431e-01
9.788669999999999618e+02, -1.279789999999999983e+00
9.788830000000000382e+02, 1.092470000000000052e+00
9.788999999999999773e+02, 1.101900000000000102e+00
9.789170000000000300e+02, 3.176749999999999852e-01
9.789329999999999927e+02, -2.265169999999999906e+00
9.789500000000000455e+02, -6.216379999999999822e-02
9.789669999999999845e+02, 8.179980000000000029e-01
9.789829999999999472e+02, 2.114010000000000056e-01
9.790000000000000000e+02, 1.168779999999999958e-01
9.790170000000000528e+02, 1.006729999999999903e+00
9.790330000000000155e+02, 6.690819999999999546e-01
9.790499999999999545e+02, -5.433440000000000492e-01
9.790670000000000073e+02, -4.415410000000000168e-01
9.790829999999999700e+02, 7.891559999999999686e-01
9.791000000000000227e+02, 5.284130000000000216e-01
9.791169999999999618e+02, 9.362249999999999739e-02
9.791330000000000382e+02, 4.110710000000000197e-01
9.791499999999999773e+02, -3.671780000000000183e-02
9.791670000000000300e+02, -3.128710000000000102e-01
9.791829999999999927e+02, 3.745800000000000241e-01
9.792000000000000455e+02, -4.169030000000000236e-01
9.792169999999999845e+02, -1.246150000000000035e-01
9.792329999999999472e+02, -5.181210000000000537e-01
9.792500000000000000e+02, 2.336880000000000068e-01
9.792670000000000528e+02, 4.624170000000000225e-01
9.792830000000000155e+02, -6.900380000000000402e-01
9.792999999999999545e+02, 2.685580000000000189e-01
9.793170000000000073e+02, 3.309840000000000004e-02
9.793329999999999700e+02, -5.272850000000000037e-01
9.793500000000000227e+02, 5.677419999999999689e-01
9.793669999999999618e+02, -4.686009999999999898e-01
9.793830000000000382e+02, -1.241130000000000011e-01
9.793999999999999773e+02, -3.047429999999999861e-01
9.794170000000000300e+02, 2.548019999999999730e-01
9.794329999999999927e+02, 6.705179999999999474e-02
9.794500000000000455e+02, 1.078410000000000091e+00
9.794669999999999845e+02, -9.871109999999999607e-01
9.794829999999999472e+02, 4.613499999999999823e-01
9.795000000000000000e+02, 4.919660000000000144e-01
9.795170000000000528e+02, -1.514089999999999936e+00
9.795330000000000155e+02, -5.548999999999999488e-01
9.795499999999999545e+02, -1.728869999999999907e+00
9.795670000000000073e+02, -5.190209999999999546e-01
9.795829999999999700e+02, 4.022470000000000212e-01
9.796000000000000227e+02, 1.337200000000000055e-01
9.796169999999999618e+02, 2.229589999999999961e+00
9.796330000000000382e+02, 1.267730000000000024e+00
9.796499999999999773e+02, -1.331269999999999953e+00
9.796670000000000300e+02, 3.054040000000000088e-01
9.796829999999999927e+02, -1.261810000000000098e+00
9.797000000000000455e+02, 1.029859999999999942e-01
9.797169999999999845e+02, 4.946280000000000121e-02
9.797329999999999472e+02, 1.332100000000000062e+00
9.797500000000000000e+02, 3.394329999999999847e-01
9.797670000000000528e+02, -4.214100000000000068e-01
9.797830000000000155e+02, -4.623789999999999845e-02
9.797999999999999545e+02, 1.034140000000000059e+00
9.798170000000000073e+02, 1.383369999999999989e+00
9.798329999999999700e+02, 1.643569999999999975e+00
9.798500000000000227e+02, 1.317369999999999930e+00
9.798669999999999618e+02, -4.499639999999999751e-01
9.798830000000000382e+02, -7.300689999999999680e-01
9.798999999999999773e+02, -7.933230000000000004e-01
9.799170000000000300e+02, 3.935359999999999969e-01
9.799329999999999927e+02, 1.540850000000000053e+00
9.799500000000000455e+02, -7.939960000000000351e-01
9.799669999999999845e+02, -4.483650000000000135e-01
9.799829999999999472e+02, 3.505389999999999895e-01
9.800000000000000000e+02, -1.555630000000000068e-01
9.800170000000000528e+02, 1.116980000000000084e+00
9.800330000000000155e+02, 5.338359999999999772e-01
9.800499999999999545e+02, 7.852510000000000046e-02
9.800670000000000073e+02, 1.691000000000000003e-01
9.800829999999999700e+02, -3.422399999999999887e-01
9.801000000000000227e+02, -9.784040000000000514e-01
9.801169999999999618e+02, -5.331529999999999880e-01
9.801330000000000382e+02, -2.597700000000000009e-02
9.801499999999999773e+02, -5.900410000000000377e-01
9.801670000000000300e+02, -3.956720000000000237e-01
9.801829999999999927e+02, 7.204629999999999646e-01
9.802000000000000455e+02, 6.023899999999999810e-01
9.802169999999999845e+02, 1.506359999999999921e+00
9.802329999999999472e+02, -7.349419999999999842e-01
9.802500000000000000e+02, 2.239629999999999954e-01
9.802670000000000528e+02, 1.044920000000000071e+00
9.802830000000000155e+02, 1.250599999999999934e+00
9.802999999999999545e+02, 1.768790000000000084e+00
9.803170000000000073e+02, 7.695990000000000331e-01
9.803329999999999700e+02, 5.952160000000000090e-02
9.803500000000000227e+02, -3.937100000000000044e-01
9.803669999999999618e+02, -4.643010000000000193e-01
9.803830000000000382e+02, 6.004479999999999817e-01
9.803999999999999773e+02, -7.467730000000000201e-02
9.804170000000000300e+02, 8.553389999999999604e-01
9.804329999999999927e+02, 2.077249999999999930e-01
9.804500000000000455e+02, 1.983219999999999983e-01
9.804669999999999845e+02, -2.197460000000000038e-02
9.804829999999999472e+02, 1.235260000000000025e+00
9.805000000000000000e+02, 2.372929999999999831e-02
9.805170000000000528e+02, -1.112889999999999990e-01
9.805330000000000155e+02, 1.112840000000000051e+00
9.805499999999999545e+02, 2.414320000000000022e+00
9.805670000000000073e+02, -7.662600000000000522e-01
9.805829999999999700e+02, 1.071839999999999904e+00
9.806000000000000227e+02, -1.287279999999999980e+00
9.806169999999999618e+02, 6.175399999999999778e-01
9.806330000000000382e+02, 7.331849999999999756e-01
9.806499999999999773e+02, 7.342720000000000358e-01
9.806670000000000300e+02, 1.519949999999999912e-01
9.806829999999999927e+02, -4.962840000000000307e-02
9.807000000000000455e+02, -8.311309999999999532e-01
9.807169999999999845e+02, 1.098530000000000006e+00
9.807329999999999472e+02, -7.240550000000000042e-01
9.807500000000000000e+02, 6.851690000000000280e-01
9.807670000000000528e+02, 2.040859999999999896e+00
9.807830000000000155e+02, -6.861199999999999521e-01
9.807999999999999545e+02, -4.352239999999999998e-01
9.808170000000000073e+02, -6.953639999999999821e-01
9.808329999999999700e+02, 4.217370000000000146e-02
9.808500000000000227e+02, 9.490960000000000507e-01
9.808669999999999618e+02, -8.792389999999999928e-01
9.808830000000000382e+02, -5.487410000000000343e-01
9.808999999999999773e+02, 9.146129999999999538e-02
9.809170000000000300e+02, 7.906809999999999672e-01
9.809329999999999927e+02, 1.260440000000000005e+00
9.809500000000000455e+02, -1.614480000000000082e-01
9.809669999999999845e+02, -3.002549999999999941e-01
9.809829999999999472e+02, 2.348360000000000003e+00
9.810000000000000000e+02, -9.089960000000000262e-01
9.810170000000000528e+02, 1.806719999999999993e-01
9.810330000000000155e+02, -7.595220000000000304e-01
9.810499999999999545e+02, -1.139700000000000019e-01
9.810670000000000073e+02, -5.072090000000000209e-01
9.810829999999999700e+02, 7.229399999999999715e-02
9.811000000000000227e+02, -3.291979999999999906e-01
9.811169999999999618e+02, -4.199390000000000067e-01
9.811330000000000382e+02, 6.677870000000000195e-01
9.811499999999999773e+02, 1.777030000000000109e+00
9.811670000000000300e+02, 7.828640000000000598e-02
9.811829999999999927e+02, 3.341089999999999893e-01
9.812000000000000455e+02, -4.632029999999999759e-01
9.812169999999999845e+02, 3.289179999999999882e-02
9.812329999999999472e+02, 1.199810000000000043e+00
9.812500000000000000e+02, -1.239259999999999945e-01
9.812670000000000528e+02, -1.133129999999999971e+00
9.812830000000000155e+02, -5.057129999999999681e-01
9.812999999999999545e+02, -1.325550000000000006e+00
9.813170000000000073e+02, -8.806319999999999704e-01
9.813329999999999700e+02, 1.968719999999999914e-01
9.813500000000000227e+02, 4.392610000000000126e-01
9.813669999999999618e+02, 4.943110000000000004e-01
9.813830000000000382e+02, -1.723150000000000029e-02
9.813999999999999773e+02, -6.941000000000000503e-01
9.814170000000000300e+02, -8.442009999999999792e-01
9.814329999999999927e+02, -9.448760000000000492e-01
9.814500000000000455e+02, 5.047279999999999545e-01
9.814669999999999845e+02, 5.505120000000000013e-01
9.814829999999999472e+02, 7.904700000000000060e-01
9.815000000000000000e+02, 4.403650000000000064e-01
9.815170000000000528e+02, -2.300490000000000035e-01
9.815330000000000155e+02, -6.089210000000000456e-01
9.815499999999999545e+02, -1.032329999999999970e+00
9.815670000000000073e+02, -6.071359999999999951e-02
9.815829999999999700e+02, -4.079540000000000249e-02
9.816000000000000227e+02, -4.173580000000000068e-01
9.816169999999999618e+02, 7.447669999999999568e-01
9.816330000000000382e+02, -5.177640000000000020e-02
9.816499999999999773e+02, -9.982529999999999459e-01
9.816670000000000300e+02, 1.271209999999999951e+00
9.816829999999999927e+02, -1.130899999999999961e-01
9.817000000000000455e+02, -9.848900000000000432e-01
9.817169999999999845e+02, -1.394279999999999964e-01
9.817329999999999472e+02, -1.060080000000000050e-02
9.817500000000000000e+02, 2.257470000000000032e-01
9.817670000000000528e+02, 4.295470000000000121e-01
9.817830000000000155e+02, -6.025430000000000508e-01
9.817999999999999545e+02, -6.961650000000000338e-01
9.818170000000000073e+02, -1.601499999999999924e+00
9.818329999999999700e+02, -2.524879999999999902e-01
9.818500000000000227e+02, 5.369979999999999754e-01
9.818669999999999618e+02, -6.529260000000000064e-01
9.818830000000000382e+02, -1.551870000000000083e+00
9.818999999999999773e+02, 3.855580000000000118e-01
9.819170000000000300e+02, -4.008999999999999786e-01
9.819329999999999927e+02, -6.063690000000000468e-01
9.819500000000000455e+02, 6.338719999999999910e-01
9.819669999999999845e+02, 3.356029999999999847e-01
9.819829999999999472e+02, -6.700639999999999930e-01
9.820000000000000000e+02, -6.391009999999999747e-02
9.820170000000000528e+02, -1.259540000000000104e-01
9.820330000000000155e+02, -7.535239999999999716e-01
9.820499999999999545e+02, 8.390149999999999553e-01
9.820670000000000073e+02, 1.219279999999999919e+00
9.820829999999999700e+02, -5.924610000000000154e-01
9.821000000000000227e+02, -3.893909999999999871e-01
9.821169999999999618e+02, -4.065039999999999765e-01
9.821330000000000382e+02, -1.787579999999999947e+00
9.821499999999999773e+02, -9.890729999999999800e-01
9.821670000000000300e+02, 7.997800000000000464e-01
9.821829999999999927e+02, 5.810349999999999682e-01
9.822000000000000455e+02, 1.306430000000000091e-01
9.822169999999999845e+02, -6.665320000000000134e-01
9.822329999999999472e+02, -5.830720000000000347e-01
9.822500000000000000e+02, -4.507970000000000033e-01
9.822670000000000528e+02, 1.723489999999999966e+00
9.822830000000000155e+02, -5.381879999999999997e-01
9.822999999999999545e+02, -5.481359999999999566e-01
9.823170000000000073e+02, 8.789829999999999866e-02
9.823329999999999700e+02, 8.179680000000000284e-01
9.823500000000000227e+02, -6.556049999999999378e-02
9.823669999999999618e+02, -7.756279999999999841e-01
9.823830000000000382e+02, -4.570699999999999590e-03
9.823999999999999773e+02, -8.117830000000000323e-01
9.824170000000000300e+02, 8.818049999999999500e-01
9.824329999999999927e+02, 5.189589999999999481e-01
9.824500000000000455e+02, -2.656120000000000148e-01
9.824669999999999845e+02, 2.254670000000000007e-01
9.824829999999999472e+02, -4.357260000000000022e-01
9.825000000000000000e+02, -5.297579999999999512e-01
9.825170000000000528e+02, -1.079690000000000039e+00
9.825330000000000155e+02, 3.161999999999999811e-01
9.825499999999999545e+02, 5.507549999999999946e-01
9.825670000000000073e+02, 6.138209999999999500e-01
9.825829999999999700e+02, -1.076030000000000042e-01
9.826000000000000227e+02, 5.351120000000000321e-01
9.826169999999999618e+02, 4.166679999999999828e-01
9.826330000000000382e+02, 1.423159999999999981e-01
9.826499999999999773e+02, 2.229470000000000063e-01
9.826670000000000300e+02, -4.716170000000000084e-01
9.826829999999999927e+02, 9.061280000000000445e-01
9.827000000000000455e+02, 1.741149999999999975e+00
9.827169999999999845e+02, 1.097099999999999964e+00
9.827329999999999472e+02, 2.322730000000000072e-01
9.827500000000000000e+02, -8.237809999999999855e-01
9.827670000000000528e+02, -4.629220000000000002e-01
9.827830000000000155e+02, 1.195969999999999950e-01
9.827999999999999545e+02, -1.455889999999999906e+00
9.828170000000000073e+02, -1.767670000000000075e-01
9.828329999999999700e+02, 1.078060000000000018e+00
9.828500000000000227e+02, 7.800869999999999749e-01
9.828669999999999618e+02, 1.637810000000000099e-01
9.828830000000000382e+02, -1.189789999999999903e+00
9.828999999999999773e+02, 3.198920000000000236e-02
9.829170000000000300e+02, -4.670980000000000132e-01
9.829329999999999927e+02, 9.863650000000000195e-02
9.829500000000000455e+02, -1.597320000000000073e+00
9.829669999999999845e+02, 5.847070000000000045e-02
9.829829999999999472e+02, -3.354329999999999812e-02
9.830000000000000000e+02, 6.666299999999999448e-01
9.830170000000000528e+02, 3.733850000000000224e-01
9.830330000000000155e+02, 1.166520000000000001e+00
9.830499999999999545e+02, -6.205629999999999757e-01
9.830670000000000073e+02, 1.505540000000000100e+00
9.830829999999999700e+02, 1.041430000000000078e+00
9.831000000000000227e+02, 3.022190000000000154e-01
9.831169999999999618e+02, -5.588769999999999571e-01
9.831330000000000382e+02, -2.104560000000000042e-01
9.831499999999999773e+02, -5.432799999999999851e-01
9.831670000000000300e+02, -3.854869999999999824e-03
9.831829999999999927e+02, -2.656740000000000212e-01
9.832000000000000455e+02, 1.158649999999999958e-01
9.832169999999999845e+02, 7.067830000000000501e-01
9.832329999999999472e+02, -2.116310000000000136e-01
9.832500000000000000e+02, 1.498780000000000112e-01
9.832670000000000528e+02, -9.270639999999999992e-01
9.832830000000000155e+02, -8.347869999999999457e-01
9.832999999999999545e+02, -1.845839999999999925e+00
9.833170000000000073e+02, -8.688070000000000861e-03
9.833329999999999700e+02, 3.594460000000000016e-02
9.833500000000000227e+02, 1.283709999999999907e+00
9.833669999999999618e+02, -2.521459999999999813e-01
9.833830000000000382e+02, 1.927639999999999909e-01
9.833999999999999773e+02, 2.685969999999999747e-01
9.834170000000000300e+02, 7.570529999999999760e-01
9.834329999999999927e+02, 1.486699999999999910e+00
9.834500000000000455e+02, -1.460120000000000029e-01
9.834669999999999845e+02, -2.707189999999999874e-01
9.834829999999999472e+02, 3.782510000000000039e-01
9.835000000000000000e+02, -1.408419999999999950e-01
9.835170000000000528e+02, 1.162230000000000096e+00
9.835330000000000155e+02, 1.021349999999999980e+00
9.835499999999999545e+02, 2.399739999999999929e-01
9.835670000000000073e+02, -5.702450000000000019e-01
9.835829999999999700e+02, -2.406929999999999903e-01
9.836000000000000227e+02, -1.256839999999999957e+00
9.836169999999999618e+02, -5.171459999999999946e-02
9.836330000000000382e+02, -5.855939999999999479e-01
9.836499999999999773e+02, 2.242090000000000138e+00
9.836670000000000300e+02, 3.305250000000000132e-01
9.836829999999999927e+02, -2.219099999999999892e-02
9.837000000000000455e+02, -2.132210000000000161e+00
9.837169999999999845e+02, -1.116400000000000059e+00
9.837329999999999472e+02, 1.002639999999999976e+00
9.837500000000000000e+02, 8.438839999999999675e-01
9.837670000000000528e+02, -2.956090000000000106e-01
9.837830000000000155e+02, -4.048570000000000224e-01
9.837999999999999545e+02, -1.038030000000000008e+00
9.838170000000000073e+02, -6.559570000000000123e-01
9.838329999999999700e+02, 6.938729999999999620e-01
9.838500000000000227e+02, 7.546439999999999815e-01
9.838669999999999618e+02, 2.820650000000000102e-01
9.838830000000000382e+02, 3.518680000000000141e-01
9.838999999999999773e+02, 9.452390000000000514e-01
9.839170000000000300e+02, -2.666780000000000261e-01
9.839329999999999927e+02, -2.394820000000000004e-01
9.839500000000000455e+02, -3.641130000000000200e-01
9.839669999999999845e+02, -6.245889999999999498e-01
9.839829999999999472e+02, 1.463510000000000089e-01
9.840000000000000000e+02, 1.574470000000000036e+00
9.840170000000000528e+02, 4.034380000000000188e-01
9.840330000000000155e+02, 4.836719999999999908e-01
9.840499999999999545e+02, -5.634980000000000544e-01
9.840670000000000073e+02, -1.548459999999999948e+00
9.840829999999999700e+02, 6.747369999999999757e-02
9.841000000000000227e+02, 1.060769999999999991e+00
9.841169999999999618e+02, 3.806889999999999996e-01
9.841330000000000382e+02, -6.292280000000000095e-01
9.841499999999999773e+02, -8.176980000000000359e-01
9.841670000000000300e+02, 1.235480000000000050e-01
9.841829999999999927e+02, 9.841889999999999805e-01
9.842000000000000455e+02, 1.288540000000000019e+00
9.842169999999999845e+02, 8.227219999999999533e-01
9.842329999999999472e+02, 4.217130000000000045e-01
9.842500000000000000e+02, 3.513369999999999688e-02
9.842670000000000528e+02, -4.835400000000000253e-01
9.842830000000000155e+02, 2.988970000000000238e-01
9.842999999999999545e+02, 5.048799999999999955e-01
9.843170000000000073e+02, -3.656949999999999923e-01
9.843329999999999700e+02, -1.704390000000000072e-01
9.843500000000000227e+02, -3.886410000000000142e-01
9.843669999999999618e+02, 1.096470000000000056e+00
9.843830000000000382e+02, 7.881730000000000125e-01
9.843999999999999773e+02, 1.670409999999999950e+00
9.844170000000000300e+02, -2.661200000000000232e-01
9.844329999999999927e+02, 6.447629999999999750e-01
9.844500000000000455e+02, -1.183300000000000018e+00
9.844669999999999845e+02, -8.001719999999999944e-01
9.844829999999999472e+02, -5.222989999999999577e-01
9.845000000000000000e+02, 1.047930000000000028e+00
9.845170000000000528e+02, -1.646080000000000043e-01
9.845330000000000155e+02, 6.251459999999999795e-01
9.845499999999999545e+02, 5.900739999999999874e-01
9.845670000000000073e+02, -4.625310000000000255e-01
9.845829999999999700e+02, -1.340810000000000057e+00
9.846000000000000227e+02, 1.939870000000000136e-02
9.846169999999999618e+02, -3.267550000000000177e-01
9.846330000000000382e+02, -7.473030000000000506e-01
9.846499999999999773e+02, -6.766299999999999537e-01
9.846670000000000300e+02, 1.196979999999999933e+00
9.846829999999999927e+02, 8.094700000000000228e-01
9.847000000000000455e+02, 1.973090000000000122e-01
9.847169999999999845e+02, -6.781610000000000138e-01
9.847329999999999472e+02, 6.045380000000000198e-01
9.847500000000000000e+02, 2.280439999999999967e-01
9.847670000000000528e+02, -4.791360000000000063e-01
9.847830000000000155e+02, 6.543839999999999657e-01
9.847999999999999545e+02, 8.061709999999999710e-01
9.848170000000000073e+02, -6.098740000000000272e-01
9.848329999999999700e+02, 1.695429999999999993e+00
9.848500000000000227e+02, -9.988529999999999909e-01
9.848669999999999618e+02, 1.028119999999999923e+00
9.848830000000000382e+02, -1.916899999999999993e-01
9.848999999999999773e+02, -1.102260000000000018e+00
9.849170000000000300e+02, -4.713289999999999980e-01
9.849329999999999927e+02, -3.183099999999999818e-01
9.849500000000000455e+02, -1.487379999999999924e+00
9.849669999999999845e+02, 8.323589999999999600e-01
9.849829999999999472e+02, -2.064890000000000059e-01
9.850000000000000000e+02, -9.856730000000000214e-01
9.850170000000000528e+02, 1.029150000000000009e+00
9.850330000000000155e+02, 9.169739999999999835e-02
9.850499999999999545e+02, 7.876100000000000323e-01
9.850670000000000073e+02, 4.597140000000000115e-01
9.850829999999999700e+02, 2.361709999999999920e-01
9.851000000000000227e+02, 4.085640000000000105e-02
9.851169999999999618e+02, 2.144310000000000105e-01
9.851330000000000382e+02, 1.025399999999999923e-02
9.851499999999999773e+02, -1.825029999999999986e-01
9.851670000000000300e+02, 3.709230000000000166e-02
9.851829999999999927e+02, 1.676640000000000075e-01
9.852000000000000455e+02, 9.950229999999999908e-01
9.852169999999999845e+02, 5.011170000000000346e-01
9.852329999999999472e+02, 8.392669999999999852e-01
9.852500000000000000e+02, -1.341360000000000108e+00
9.852670000000000528e+02, 3.734160000000000257e-01
9.852830000000000155e+02, -1.331010000000000026e+00
9.852999999999999545e+02, 8.829000000000000181e-01
9.853170000000000073e+02, -9.898090000000000499e-01
9.853329999999999700e+02, 3.345540000000000180e-01
9.853500000000000227e+02, 8.111909999999999954e-02
9.853669999999999618e+02, -5.022520000000000318e-01
9.853830000000000382e+02, -8.879960000000000075e-01
9.853999999999999773e+02, 6.266880000000000228e-01
9.854170000000000300e+02, -2.836600000000000232e-01
9.854329999999999927e+02, 8.346360000000000584e-03
9.854500000000000455e+02, -3.131389999999999868e-02
9.854669999999999845e+02, 1.773099999999999954e-01
9.854829999999999472e+02, 3.908229999999999760e-01
9.855000000000000000e+02, -3.390259999999999940e-01
9.855170000000000528e+02, -4.061250000000000138e-01
9.855330000000000155e+02, 2.336669999999999893e-03
9.855499999999999545e+02, 7.573489999999999389e-02
9.855670000000000073e+02, 4.444930000000000270e-01
9.855829999999999700e+02, -9.718590000000000562e-02
9.856000000000000227e+02, 1.620630000000000126e-01
9.856169999999999618e+02, -6.602209999999999468e-01
9.856330000000000382e+02, -2.406739999999999990e-01
9.856499999999999773e+02, 5.155159999999999743e-01
9.856670000000000300e+02, 1.590270000000000072e+00
9.856829999999999927e+02, -7.068020000000000413e-01
9.857000000000000455e+02, -9.144280000000000186e-01
9.857169999999999845e+02, -9.950109999999999788e-01
9.857329999999999472e+02, -1.531389999999999973e-01
9.857500000000000000e+02, 6.419589999999999463e-01
9.857670000000000528e+02, 2.177860000000000074e-01
9.857830000000000155e+02, 1.260329999999999950e+00
9.857999999999999545e+02, 4.348420000000000063e-01
9.858170000000000073e+02, -1.029490000000000016e+00
9.858329999999999700e+02, -5.997149999999999981e-01
9.858500000000000227e+02, 3.765419999999999878e-01
9.858669999999999618e+02, 1.036089999999999955e+00
9.858830000000000382e+02, 6.653449999999999642e-01
9.858999999999999773e+02, 5.259629999999999583e-01
9.859170000000000300e+02, 3.463910000000000045e-01
9.859329999999999927e+02, -1.131110000000000032e-01
9.859500000000000455e+02, -6.449350000000000360e-01
9.859669999999999845e+02, -8.749149999999999983e-01
9.859829999999999472e+02, 7.997410000000000352e-01
9.860000000000000000e+02, 8.337590000000000279e-01
9.860170000000000528e+02, 1.386870000000000047e+00
9.860330000000000155e+02, 8.363190000000000346e-01
9.860499999999999545e+02, -1.040599999999999969e+00
9.860670000000000073e+02, -1.317509999999999959e+00
9.860829999999999700e+02, -2.245649999999999868e-01
9.861000000000000227e+02, 1.054410000000000069e+00
9.861169999999999618e+02, 9.889879999999999782e-01
9.861330000000000382e+02, 3.025189999999999824e-01
9.861499999999999773e+02, 5.208110000000000239e-01
9.861670000000000300e+02, 6.402989999999999515e-01
9.861829999999999927e+02, 8.604380000000000361e-01
9.862000000000000455e+02, 1.079169999999999963e+00
9.862169999999999845e+02, 6.706370000000000386e-02
9.862329999999999472e+02, -1.725289999999999990e+00
9.862500000000000000e+02, -6.566410000000000302e-02
9.862670000000000528e+02, -6.496359999999999912e-01
9.862830000000000155e+02, 5.021470000000000100e-01
9.862999999999999545e+02, 4.456660000000000066e-01
9.863170000000000073e+02, 4.128370000000000095e-01
9.863329999999999700e+02, 3.018469999999999764e-01
9.863500000000000227e+02, 2.527289999999999814e-01
9.863669999999999618e+02, -3.625779999999999975e-02
9.863830000000000382e+02, 3.564629999999999743e-01
9.863999999999999773e+02, -1.021490000000000009e+00
9.864170000000000300e+02, -2.103250000000000119e-01
9.864329999999999927e+02, 1.464070000000000094e-01
9.864500000000000455e+02, -3.003839999999999844e-01
9.864669999999999845e+02, -1.347299999999999942e+00
9.864829999999999472e+02, -4.854049999999999754e-01
9.865000000000000000e+02, -1.931350000000000011e-01
9.865170000000000528e+02, -1.106329999999999952e-01
9.865330000000000155e+02, 2.903029999999999777e-01
9.865499999999999545e+02, 8.323080000000000478e-01
9.865670000000000073e+02, -1.003730000000000039e-01
9.865829999999999700e+02, 9.944519999999999749e-02
9.866000000000000227e+02, -5.309090000000000337e-02
9.866169999999999618e+02, -1.031660000000000021e+00
9.866330000000000382e+02, -1.420420000000000016e-01
9.866499999999999773e+02, -5.849090000000000122e-01
9.866670000000000300e+02, 3.276840000000000308e-02
9.866829999999999927e+02, 3.148630000000000040e-01
9.867000000000000455e+02, 2.968950000000000200e-01
9.867169999999999845e+02, 7.862909999999999622e-01
9.867329999999999472e+02, 4.586140000000000216e-01
9.867500000000000000e+02, 8.314909999999999801e-01
9.867670000000000528e+02, 1.466500000000000026e-01
9.867830000000000155e+02, -1.952469999999999900e-02
9.867999999999999545e+02, 1.479219999999999979e-01
9.868170000000000073e+02, -4.978609999999999980e-01
9.868329999999999700e+02, 5.392489999999999783e-01
9.868500000000000227e+02, 5.146519999999999984e-01
9.868669999999999618e+02, 2.786420000000000008e-01
9.868830000000000382e+02, -3.221200000000000174e-01
9.868999999999999773e+02, 1.019519999999999982e+00
9.869170000000000300e+02, -3.322559999999999958e-01
9.869329999999999927e+02, 1.353869999999999907e+00
9.869500000000000455e+02, 2.241509999999999891e-01
9.869669999999999845e+02, -8.964800000000000546e-01
9.869829999999999472e+02, -9.299380000000000424e-01
9.870000000000000000e+02, 2.821409999999999751e-01
9.870170000000000528e+02, 9.143350000000000088e-02
9.870330000000000155e+02, -9.944600000000000106e-01
9.870499999999999545e+02, 5.012969999999999926e-01
9.870670000000000073e+02, -4.337230000000000252e-01
9.870829999999999700e+02, -9.178269999999999484e-01
9.871000000000000227e+02, 3.855620000000000158e-01
9.871169999999999618e+02, -4.220539999999999847e-01
9.871330000000000382e+02, 2.440100000000000047e-01
9.871499999999999773e+02, -4.364819999999999811e-01
9.871670000000000300e+02, 4.801929999999999810e-01
9.871829999999999927e+02, 5.034729999999999761e-02
9.872000000000000455e+02, 5.371029999999999971e-01
9.872169999999999845e+02, 7.530019999999999492e-01
9.872329999999999472e+02, 8.208300000000000318e-02
9.872500000000000000e+02, 7.089530000000000554e-01
9.872670000000000528e+02, 6.479369999999999852e-01
9.872830000000000155e+02, -1.453609999999999902e-01
9.872999999999999545e+02, -4.487880000000000202e-01
9.873170000000000073e+02, 2.751339999999999897e-01
9.873329999999999700e+02, -4.008970000000000034e-01
9.873500000000000227e+02, -5.062020000000000408e-01
9.873669999999999618e+02, 6.299609999999999932e-01
9.873830000000000382e+02, 1.454800000000000093e+00
9.873999999999999773e+02, 4.091600000000000237e-01
9.874170000000000300e+02, 8.105010000000000270e-01
9.874329999999999927e+02, 3.663919999999999955e-01
9.874500000000000455e+02, -2.210409999999999986e+00
9.874669999999999845e+02, -3.647320000000000007e-01
9.874829999999999472e+02, -8.118689999999999518e-01
9.875000000000000000e+02, 9.383129999999999526e-01
9.875170000000000528e+02, 1.147259999999999946e+00
9.875330000000000155e+02, 3.068609999999999949e-01
9.875499999999999545e+02, 5.680619999999999559e-01
9.875670000000000073e+02, -7.055099999999999705e-01
9.875829999999999700e+02, 1.295270000000000032e-01
9.876000000000000227e+02, 1.108770000000000033e-01
9.876169999999999618e+02, 6.939030000000000475e-01
9.876330000000000382e+02, -1.009509999999999907e+00
9.876499999999999773e+02, -1.349920000000000009e+00
9.876670000000000300e+02, -3.855629999999999891e-01
9.876829999999999927e+02, -6.041119999999999823e-01
9.877000000000000455e+02, -8.451109999999999456e-01
9.877169999999999845e+02, -1.057960000000000012e+00
9.877329999999999472e+02, -1.483609999999999929e-01
9.877500000000000000e+02, -6.383039999999999825e-01
9.877670000000000528e+02, 6.659899999999999709e-01
9.877830000000000155e+02, -1.778880000000000017e+00
9.877999999999999545e+02, 4.541450000000000209e-01
9.878170000000000073e+02, -1.180479999999999974e+00
9.878329999999999700e+02, 5.127230000000000398e-01
9.878500000000000227e+02, -3.208250000000000268e-01
9.878669999999999618e+02, 2.026169999999999916e-01
9.878830000000000382e+02, -3.114939999999999931e-01
9.878999999999999773e+02, 8.331979999999999942e-01
9.879170000000000300e+02, -6.772930000000000339e-01
9.879329999999999927e+02, -6.986289999999999445e-01
9.879500000000000455e+02, -8.692819999999999991e-01
9.879669999999999845e+02, -9.047119999999999607e-01
9.879829999999999472e+02, -1.604440000000000033e-01
9.880000000000000000e+02, 1.437960000000000071e-01
9.880170000000000528e+02, 2.386469999999999980e-01
9.880330000000000155e+02, -2.347629999999999995e-01
9.880499999999999545e+02, 1.024230000000000002e-01
9.880670000000000073e+02, -4.909129999999999883e-01
9.880829999999999700e+02, 6.201079999999999925e-01
9.881000000000000227e+02, -4.563809999999999811e-01
9.881169999999999618e+02, -2.999990000000000157e-01
9.881330000000000382e+02, 1.475749999999999895e+00
9.881499999999999773e+02, 3.634439999999999893e-01
9.881670000000000300e+02, 2.305619999999999781e+00
9.881829999999999927e+02, 6.027460000000000040e-01
9.882000000000000455e+02, -1.306000000000000050e+00
9.882169999999999845e+02, 9.496910000000000074e-02
9.882329999999999472e+02, -1.741699999999999915e-01
9.882500000000000000e+02, 2.836359999999999992e-01
9.882670000000000528e+02, 1.185519999999999907e+00
9.882830000000000155e+02, 2.355319999999999914e-01
9.882999999999999545e+02, 5.504250000000000531e-01
9.883170000000000073e+02, -2.981189999999999882e-02
9.883329999999999700e+02, -1.214220000000000022e-01
9.883500000000000227e+02, -5.449249999999999927e-01
9.883669999999999618e+02, -4.374469999999999748e-02
9.883830000000000382e+02, -3.484869999999999912e-01
9.883999999999999773e+02, -3.181229999999999891e-01
9.884170000000000300e+02, -3.472229999999999761e-02
9.884329999999999927e+02, 4.572189999999999865e-01
9.884500000000000455e+02, 1.183499999999999996e+00
9.884669999999999845e+02, 9.885649999999999993e-02
9.884829999999999472e+02, -9.759179999999999522e-01
9.885000000000000000e+02, 7.705710000000000059e-01
9.885170000000000528e+02, -1.837590000000000057e-01
9.885330000000000155e+02, 1.370689999999999964e+00
9.885499999999999545e+02, 1.008769999999999945e+00
9.885670000000000073e+02, 1.087139999999999995e+00
9.885829999999999700e+02, 1.073870000000000102e+00
9.886000000000000227e+02, 4.633990000000000054e-01
9.886169999999999618e+02, 2.483849999999999947e-01
9.886330000000000382e+02, -8.520459999999999701e-01
9.886499999999999773e+02, -1.622370000000000090e+00
9.886670000000000300e+02, -3.565389999999999948e-01
9.886829999999999927e+02, 5.033290000000000264e-01
9.887000000000000455e+02, -3.688770000000000104e-01
9.887169999999999845e+02, -1.327089999999999936e-01
9.887329999999999472e+02, 6.256030000000000202e-01
9.887500000000000000e+02, 1.019329999999999958e-01
9.887670000000000528e+02, -1.391360000000000097e-01
9.887830000000000155e+02, -3.365429999999999811e-01
9.887999999999999545e+02, -6.050959999999999672e-01
9.888170000000000073e+02, 6.288850000000000273e-01
9.888329999999999700e+02, 7.515509999999999691e-01
9.888500000000000227e+02, -2.026300000000000046e-01
9.888669999999999618e+02, -4.130960000000000187e-01
9.888830000000000382e+02, -5.940499999999999670e-01
9.888999999999999773e+02, -5.837160000000000126e-01
9.889170000000000300e+02, 1.119629999999999903e+00
9.889329999999999927e+02, 4.655580000000000274e-01
9.889500000000000455e+02, 6.168630000000000502e-01
9.889669999999999845e+02, -7.186819999999999320e-02
9.889829999999999472e+02, -2.028530000000000055e-01
9.890000000000000000e+02, -4.292929999999999802e-01
9.890170000000000528e+02, -9.492300000000000182e-01
9.890330000000000155e+02, -1.152030000000000109e+00
9.890499999999999545e+02, -1.734370000000000078e-01
9.890670000000000073e+02, 1.310079999999999911e+00
9.890829999999999700e+02, -1.436479999999999979e-01
9.891000000000000227e+02, 5.688499999999999668e-01
9.891169999999999618e+02, 1.287930000000000119e-04
9.891330000000000382e+02, -2.672370000000000023e-01
9.891499999999999773e+02, 1.057320000000000038e+00
9.891670000000000300e+02, 1.083569999999999922e+00
9.891829999999999927e+02, -1.852149999999999963e+00
9.892000000000000455e+02, -1.003509999999999902e+00
9.892169999999999845e+02, -8.176469999999999919e-03
9.892329999999999472e+02, 5.615890000000000049e-01
9.892500000000000000e+02, -8.926599999999999813e-02
9.892670000000000528e+02, 5.436780000000000085e-02
9.892830000000000155e+02, 2.787589999999999790e-01
9.892999999999999545e+02, 8.699780000000000291e-01
9.893170000000000073e+02, 2.513799999999999923e-01
9.893329999999999700e+02, 6.045160000000000533e-01
9.893500000000000227e+02, -3.709529999999999772e-01
9.893669999999999618e+02, -1.437270000000000048e+00
9.893830000000000382e+02, -1.033150000000000013e+00
9.893999999999999773e+02, -1.224650000000000016e+00
9.894170000000000300e+02, -9.771199999999999886e-01
9.894329999999999927e+02, 1.385490000000000110e+00
9.894500000000000455e+02, 1.034249999999999892e+00
9.894669999999999845e+02, 2.279589999999999783e+00
9.894829999999999472e+02, 9.833570000000000366e-01
9.895000000000000000e+02, 6.991640000000000077e-01
9.895170000000000528e+02, -1.584929999999999950e+00
9.895330000000000155e+02, -1.742089999999999916e+00
9.895499999999999545e+02, -1.211949999999999972e-01
9.895670000000000073e+02, 9.538389999999999924e-01
9.895829999999999700e+02, -4.346240000000000103e-01
9.896000000000000227e+02, 2.955269999999999841e-01
9.896169999999999618e+02, -6.572160000000000224e-01
9.896330000000000382e+02, -7.281630000000000047e-01
9.896499999999999773e+02, 7.352929999999999744e-01
9.896670000000000300e+02, 1.487759999999999971e+00
9.896829999999999927e+02, 6.454760000000000497e-01
9.897000000000000455e+02, -1.579450000000000021e+00
9.897169999999999845e+02, -1.727430000000000021e+00
9.897329999999999472e+02, 2.413470000000000060e-01
9.897500000000000000e+02, -6.248770000000000158e-01
9.897670000000000528e+02, -5.060360000000000413e-01
9.897830000000000155e+02, -2.559919999999999973e-01
9.897999999999999545e+02, -1.504959999999999909e-01
9.898170000000000073e+02, -1.202339999999999937e-01
9.898329999999999700e+02, 1.317890000000000006e+00
9.898500000000000227e+02, -9.680729999999999613e-01
