9.898669999999999618e+02, 1.088709999999999956e-01
9.898830000000000382e+02, -4.372369999999999868e-01
9.898999999999999773e+02, -5.825430000000000330e-01
9.899170000000000300e+02, -5.204940000000000122e-01
9.899329999999999927e+02, 1.724249999999999949e-01
9.899500000000000455e+02, 1.001889999999999947e+00
9.899669999999999845e+02, 1.143659999999999899e+00
9.899829999999999472e+02, -1.057360000000000078e+00
9.900000000000000000e+02, 4.087819999999999787e-01
9.900170000000000528e+02, 2.579219999999999846e-01
9.900330000000000155e+02, 1.815700000000000092e+00
9.900499999999999545e+02, 5.907090000000000396e-01
9.900670000000000073e+02, 2.061420000000000030e+00
9.900829999999999700e+02, -1.439300000000000024e-01
9.901000000000000227e+02, -5.488950000000000218e-01
9.901169999999999618e+02, -1.530869999999999953e+00
9.901330000000000382e+02, -1.397720000000000073e+00
9.901499999999999773e+02, -3.569629999999999748e-01
9.901670000000000300e+02, 4.684640000000000332e-02
9.901829999999999927e+02, -4.438949999999999840e-01
9.902000000000000455e+02, -1.042940000000000013e-02
9.902169999999999845e+02, 1.959889999999999965e-01
9.902329999999999472e+02, -2.157749999999999946e-01
9.902500000000000000e+02, 4.809189999999999854e-01
9.902670000000000528e+02, 7.959509999999999641e-01
9.902830000000000155e+02, -9.557440000000000380e-01
9.902999999999999545e+02, -4.533920000000000172e-01
9.903170000000000073e+02, -6.707920000000000549e-01
9.903329999999999700e+02, -7.710789999999999589e-01
9.903500000000000227e+02, -2.242010000000000114e-01
9.903669999999999618e+02, 3.805509999999999726e-01
9.903830000000000382e+02, -5.140620000000000189e-01
9.903999999999999773e+02, -3.071169999999999733e-01
9.904170000000000300e+02, -8.871510000000000229e-01
9.904329999999999927e+02, -1.227759999999999962e-01
9.904500000000000455e+02, -1.218299999999999939e-01
9.904669999999999845e+02, 1.477070000000000105e+00
9.904829999999999472e+02, 1.711340000000000083e+00
9.905000000000000000e+02, -5.869159999999999933e-01
9.905170000000000528e+02, 5.495120000000000005e-01
9.905330000000000155e+02, -6.647049999999999903e-01
9.905499999999999545e+02, -5.195330000000000226e-01
9.905670000000000073e+02, -7.054329999999999767e-01
9.905829999999999700e+02, -1.497370000000000090e-01
9.906000000000000227e+02, -6.275160000000000460e-02
9.906169999999999618e+02, -8.506129999999999525e-01
9.906330000000000382e+02, -2.576829999999999954e-01
9.906499999999999773e+02, -1.492330000000000045e-01
9.906670000000000300e+02, -4.062640000000000001e-02
9.906829999999999927e+02, 5.389589999999999659e-01
9.907000000000000455e+02, 6.704280000000000239e-01
9.907169999999999845e+02, 1.121259999999999923e+00
9.907329999999999472e+02, 8.275390000000000246e-01
9.907500000000000000e+02, 5.596320000000000183e-01
9.907670000000000528e+02, -4.507829999999999893e-01
9.907830000000000155e+02, -3.192380000000000217e-01
9.907999999999999545e+02, 1.009909999999999974e-01
9.908170000000000073e+02, 1.197279999999999900e+00
9.908329999999999700e+02, -1.456959999999999922e-01
9.908500000000000227e+02, -3.004299999999999748e-01
9.908669999999999618e+02, 6.369730000000000114e-01
9.908830000000000382e+02, -1.826530000000000098e-01
9.908999999999999773e+02, 3.933840000000000114e-01
9.909170000000000300e+02, 1.367210000000000036e+00
9.909329999999999927e+02, 9.548090000000000188e-01
9.909500000000000455e+02, 1.200209999999999999e+00
9.909669999999999845e+02, -1.863980000000000151e-02
9.909829999999999472e+02, 4.483199999999999963e-01
9.910000000000000000e+02, -3.232430000000000025e-01
9.910170000000000528e+02, 1.141609999999999986e-01
9.910330000000000155e+02, 2.185809999999999975e-01
9.910499999999999545e+02, 5.742920000000000247e-01
9.910670000000000073e+02, 1.624409999999999910e+00
9.910829999999999700e+02, 1.576289999999999913e-01
9.911000000000000227e+02, 6.492550000000000265e-01
9.911169999999999618e+02, 1.128349999999999964e+00
9.911330000000000382e+02, -5.350370000000000126e-03
9.911499999999999773e+02, 3.169529999999999847e-01
9.911670000000000300e+02, -1.292550000000000088e+00
9.911829999999999927e+02, -2.059740000000000126e+00
9.912000000000000455e+02, -1.714150000000000063e+00
9.912169999999999845e+02, -1.422120000000000051e+00
9.912329999999999472e+02, 3.597670000000000035e-01
9.912500000000000000e+02, -6.696610000000000062e-02
9.912670000000000528e+02, -2.748169999999999780e-01
9.912830000000000155e+02, 9.206780000000000519e-02
9.912999999999999545e+02, 8.449419999999999709e-01
9.913170000000000073e+02, 4.100190000000000223e-01
9.913329999999999700e+02, -9.772509999999999530e-02
9.913500000000000227e+02, -8.006370000000000431e-01
9.913669999999999618e+02, -4.413860000000000006e-01
9.913830000000000382e+02, -4.339600000000000124e-01
9.913999999999999773e+02, 1.171140000000000070e+00
9.914170000000000300e+02, 1.856479999999999908e+00
9.914329999999999927e+02, 3.598489999999999744e-01
9.914500000000000455e+02, -4.244310000000000027e-01
9.914669999999999845e+02, -1.272270000000000012e+00
9.914829999999999472e+02, 6.634879999999999667e-01
9.915000000000000000e+02, -9.097349999999999881e-02
9.915170000000000528e+02, -1.494129999999999903e-01
9.915330000000000155e+02, 3.338059999999999916e-01
9.915499999999999545e+02, 3.582830000000000181e-01
9.915670000000000073e+02, 1.204900000000000082e+00
9.915829999999999700e+02, 1.847679999999999989e+00
9.916000000000000227e+02, 8.161779999999999591e-01
9.916169999999999618e+02, -6.184189999999999826e-02
9.916330000000000382e+02, 1.330229999999999954e-02
9.916499999999999773e+02, -9.288490000000000357e-01
9.916670000000000300e+02, -6.598060000000000036e-01
9.916829999999999927e+02, -1.753889999999999894e-01
9.917000000000000455e+02, -7.221270000000000466e-02
9.917169999999999845e+02, 1.609539999999999971e+00
9.917329999999999472e+02, -9.508490000000000553e-01
9.917500000000000000e+02, -6.036660000000000359e-01
9.917670000000000528e+02, 2.587470000000000048e-01
9.917830000000000155e+02, 4.617589999999999750e-01
9.917999999999999545e+02, 7.350510000000000099e-01
9.918170000000000073e+02, -4.700329999999999786e-02
9.918329999999999700e+02, -2.765679999999999805e-01
9.918500000000000227e+02, -1.029449999999999948e-01
9.918669999999999618e+02, -4.489489999999999870e-01
9.918830000000000382e+02, -1.072780000000000067e+00
9.918999999999999773e+02, 3.534599999999999964e-01
9.919170000000000300e+02, -1.065939999999999943e-01
9.919329999999999927e+02, -2.766310000000000158e-01
9.919500000000000455e+02, -4.872650000000000037e-01
9.919669999999999845e+02, 5.613249999999999629e-01
9.919829999999999472e+02, 1.288659999999999917e+00
9.920000000000000000e+02, 2.337409999999999835e-02
9.920170000000000528e+02, -6.476979999999999960e-01
9.920330000000000155e+02, 3.449900000000000189e-01
9.920499999999999545e+02, 8.474099999999999688e-02
9.920670000000000073e+02, 3.775319999999999787e-01
9.920829999999999700e+02, -5.927729999999999944e-01
9.921000000000000227e+02, 2.038870000000000127e-01
9.921169999999999618e+02, -3.940629999999999966e-01
9.921330000000000382e+02, -6.660249999999999782e-01
9.921499999999999773e+02, -1.535069999999999935e+00
9.921670000000000300e+02, -2.019299999999999914e-02
9.921829999999999927e+02, 1.088459999999999983e+00
9.922000000000000455e+02, 1.701410000000000089e+00
9.922169999999999845e+02, 8.350140000000000340e-01
9.922329999999999472e+02, -8.121519999999999850e-01
9.922500000000000000e+02, -1.188809999999999922e+00
9.922670000000000528e+02, 7.169230000000000047e-02
9.922830000000000155e+02, -1.156660000000000021e+00
9.922999999999999545e+02, -4.165490000000000026e-01
9.923170000000000073e+02, 1.530390000000000084e-01
9.923329999999999700e+02, -2.823320000000000274e-01
9.923500000000000227e+02, -1.353010000000000046e+00
9.923669999999999618e+02, -1.167899999999999938e+00
9.923830000000000382e+02, -6.922270000000000367e-01
9.923999999999999773e+02, 3.846060000000000034e-01
9.924170000000000300e+02, 1.313460000000000072e+00
9.924329999999999927e+02, 1.366950000000000109e+00
9.924500000000000455e+02, 9.314029999999999809e-01
9.924669999999999845e+02, -4.197029999999999927e-01
9.924829999999999472e+02, 4.379390000000000227e-01
9.925000000000000000e+02, -1.261940000000000062e+00
9.925170000000000528e+02, -3.776349999999999985e-01
9.925330000000000155e+02, -3.130580000000000029e-01
9.925499999999999545e+02, 2.905200000000000005e-01
9.925670000000000073e+02, -2.704469999999999930e-01
9.925829999999999700e+02, 4.708629999999999760e-01
9.926000000000000227e+02, -3.385670000000000068e-01
9.926169999999999618e+02, 7.230450000000000488e-01
9.926330000000000382e+02, 1.131099999999999994e+00
9.926499999999999773e+02, 1.992230000000000112e-01
9.926670000000000300e+02, 1.235009999999999941e+00
9.926829999999999927e+02, -2.341330000000000133e+00
9.927000000000000455e+02, -5.616170000000000329e-01
9.927169999999999845e+02, -1.677470000000000072e-01
9.927329999999999472e+02, -5.219769999999999965e-02
9.927500000000000000e+02, 2.464250000000000052e-01
9.927670000000000528e+02, -4.698060000000000014e-01
9.927830000000000155e+02, -6.028879999999999795e-01
9.927999999999999545e+02, 6.775579999999999936e-01
9.928170000000000073e+02, 1.825760000000000050e+00
9.928329999999999700e+02, -6.633820000000000272e-01
9.928500000000000227e+02, -5.687790000000000346e-01
9.928669999999999618e+02, 2.619480000000000142e-01
9.928830000000000382e+02, -2.953430000000000222e-01
9.928999999999999773e+02, -5.024409999999999987e-03
9.929170000000000300e+02, 1.546729999999999938e+00
9.929329999999999927e+02, -6.761530000000000040e-01
9.929500000000000455e+02, -9.548710000000000253e-01
9.929669999999999845e+02, -1.054000000000000048e+00
9.929829999999999472e+02, -6.994719999999999827e-01
9.930000000000000000e+02, 1.611279999999999935e-01
9.930170000000000528e+02, -2.154619999999999869e-01
9.930330000000000155e+02, -6.540709999999999580e-02
9.930499999999999545e+02, -1.015970000000000067e-02
9.930670000000000073e+02, -2.427690000000000126e-01
9.930829999999999700e+02, 7.594769999999999577e-01
9.931000000000000227e+02, 6.279810000000000114e-01
9.931169999999999618e+02, 3.430549999999999988e-01
9.931330000000000382e+02, 1.268289999999999917e+00
9.931499999999999773e+02, 1.096179999999999932e+00
9.931670000000000300e+02, 6.070029999999999593e-01
9.931829999999999927e+02, 3.647810000000000219e-01
9.932000000000000455e+02, -1.619550000000000045e+00
9.932169999999999845e+02, -7.018529999999999491e-01
9.932329999999999472e+02, 4.274689999999999879e-01
9.932500000000000000e+02, 8.099939999999999918e-01
9.932670000000000528e+02, 6.657290000000000152e-01
9.932830000000000155e+02, -4.099019999999999886e-01
9.932999999999999545e+02, 1.333040000000000058e-01
9.933170000000000073e+02, -8.639329999999999510e-01
9.933329999999999700e+02, 3.376099999999999934e-02
9.933500000000000227e+02, -2.968499999999999958e-02
9.933669999999999618e+02, -6.436840000000000339e-01
9.933830000000000382e+02, -9.120300000000000074e-01
9.933999999999999773e+02, -2.759050000000000114e-01
9.934170000000000300e+02, 9.459430000000000616e-02
9.934329999999999927e+02, -4.230990000000000029e-01
9.934500000000000455e+02, 3.067010000000000014e-01
9.934669999999999845e+02, 7.045379999999999698e-02
9.934829999999999472e+02, 2.035309999999999897e-01
9.935000000000000000e+02, 9.491150000000000420e-01
9.935170000000000528e+02, 5.858729999999999771e-01
9.935330000000000155e+02, 2.653719999999999968e-01
9.935499999999999545e+02, 6.866950000000000554e-01
9.935670000000000073e+02, 5.846479999999999733e-02
9.935829999999999700e+02, 2.951340000000000074e-01
9.936000000000000227e+02, 8.901639999999999553e-01
9.936169999999999618e+02, 8.617799999999999905e-01
9.936330000000000382e+02, 3.104330000000000145e-01
9.936499999999999773e+02, -1.876800000000000024e+00
9.936670000000000300e+02, -3.104120000000000212e-01
9.936829999999999927e+02, 3.002139999999999809e-01
9.937000000000000455e+02, -1.075030000000000013e-01
9.937169999999999845e+02, 5.364889999999999937e-01
9.937329999999999472e+02, 4.209010000000000251e-01
9.937500000000000000e+02, -7.323279999999999790e-01
9.937670000000000528e+02, 6.187759999999999927e-01
9.937830000000000155e+02, 3.589439999999999992e-02
9.937999999999999545e+02, 1.233780000000000016e-01
9.938170000000000073e+02, -1.329039999999999944e-01
9.938329999999999700e+02, 3.587969999999999771e-01
9.938500000000000227e+02, -2.736160000000000259e-01
9.938669999999999618e+02, 4.672529999999999739e-01
9.938830000000000382e+02, 5.836780000000000301e-01
9.938999999999999773e+02, 4.968319999999999959e-01
9.939170000000000300e+02, -8.229919999999999458e-01
9.939329999999999927e+02, -1.436129999999999907e+00
9.939500000000000455e+02, -1.362030000000000074e+00
9.939669999999999845e+02, -1.353220000000000089e+00
9.939829999999999472e+02, -1.461649999999999894e+00
9.940000000000000000e+02, 3.763509999999999911e-01
9.940170000000000528e+02, 2.006130000000000135e-01
9.940330000000000155e+02, -5.859010000000000051e-01
9.940499999999999545e+02, 4.125229999999999730e-01
9.940670000000000073e+02, 3.774790000000000090e-01
9.940829999999999700e+02, 4.270229999999999859e-01
9.941000000000000227e+02, -1.860580000000000012e-01
9.941169999999999618e+02, 2.250080000000000136e-01
9.941330000000000382e+02, 2.431470000000000020e-01
9.941499999999999773e+02, 1.226140000000000008e-01
9.941670000000000300e+02, 1.070710000000000051e+00
9.941829999999999927e+02, 3.012279999999999958e-01
9.942000000000000455e+02, 8.284639999999999782e-01
9.942169999999999845e+02, -1.077329999999999954e-01
9.942329999999999472e+02, -1.285060000000000091e+00
9.942500000000000000e+02, 1.208299999999999930e+00
9.942670000000000528e+02, 1.107850000000000001e+00
9.942830000000000155e+02, -1.209110000000000046e-01
9.942999999999999545e+02, 5.672530000000000072e-01
9.943170000000000073e+02, -1.093960000000000043e+00
9.943329999999999700e+02, -3.686240000000000072e-01
9.943500000000000227e+02, -1.637580000000000036e+00
9.943669999999999618e+02, 3.720370000000000066e-01
9.943830000000000382e+02, 2.494750000000000023e-01
9.943999999999999773e+02, 3.863260000000000305e-02
9.944170000000000300e+02, 3.419179999999999997e-01
9.944329999999999927e+02, 1.132830000000000004e+00
9.944500000000000455e+02, 2.592130000000000267e-01
9.944669999999999845e+02, -2.671029999999999793e-01
9.944829999999999472e+02, -2.675759999999999805e-01
9.945000000000000000e+02, -1.566189999999999971e+00
9.945170000000000528e+02, 2.759070000000000134e-01
9.945330000000000155e+02, -1.798119999999999941e+00
9.945499999999999545e+02, 3.873210000000000264e-01
9.945670000000000073e+02, 1.059269999999999934e+00
9.945829999999999700e+02, -6.386669999999999847e-01
9.946000000000000227e+02, -1.921910000000000007e-01
9.946169999999999618e+02, 4.978859999999999952e-01
9.946330000000000382e+02, 9.080719999999999903e-01
9.946499999999999773e+02, -5.532359999999999500e-01
9.946670000000000300e+02, 1.749120000000000008e+00
9.946829999999999927e+02, -1.068640000000000034e+00
9.947000000000000455e+02, -6.530089999999999506e-01
9.947169999999999845e+02, -2.455199999999999882e-01
9.947329999999999472e+02, -4.508210000000000273e-01
9.947500000000000000e+02, 5.221770000000000023e-01
9.947670000000000528e+02, 5.038359999999999506e-01
9.947830000000000155e+02, 4.799919999999999742e-01
9.947999999999999545e+02, 1.288599999999999968e+00
9.948170000000000073e+02, 3.465880000000000072e-01
9.948329999999999700e+02, 7.567180000000000017e-01
9.948500000000000227e+02, 4.143499999999999961e-01
9.948669999999999618e+02, 2.201230000000000131e-01
9.948830000000000382e+02, -9.331739999999999480e-01
9.948999999999999773e+02, 9.513560000000000072e-02
9.949170000000000300e+02, -9.986779999999999546e-01
9.949329999999999927e+02, 3.022440000000000127e-01
9.949500000000000455e+02, -3.762170000000000236e-01
9.949669999999999845e+02, -1.189740000000000020e+00
9.949829999999999472e+02, 7.873580000000000023e-01
9.950000000000000000e+02, 1.529330000000000078e+00
9.950170000000000528e+02, 1.055439999999999934e+00
9.950330000000000155e+02, -2.487629999999999786e+00
9.950499999999999545e+02, -1.284470000000000001e+00
9.950670000000000073e+02, 4.375899999999999790e-01
9.950829999999999700e+02, 1.848689999999999944e+00
9.951000000000000227e+02, 1.288370000000000015e+00
9.951169999999999618e+02, 1.577949999999999908e-01
9.951330000000000382e+02, 5.165159999999999890e-02
9.951499999999999773e+02, 2.422930000000000084e-01
9.951670000000000300e+02, -1.629650000000000043e+00
9.951829999999999927e+02, 5.092820000000000125e-01
9.952000000000000455e+02, -2.243660000000000099e-01
9.952169999999999845e+02, -1.760240000000000027e+00
9.952329999999999472e+02, -8.538480000000000514e-01
9.952500000000000000e+02, 9.337790000000000257e-01
9.952670000000000528e+02, 1.843299999999999939e+00
9.952830000000000155e+02, 6.723259999999999792e-01
9.952999999999999545e+02, -1.273889999999999967e+00
9.953170000000000073e+02, -1.108389999999999931e-01
9.953329999999999700e+02, 7.111239999999999783e-01
9.953500000000000227e+02, 2.078129999999999811e+00
9.953669999999999618e+02, -6.897109999999999630e-01
9.953830000000000382e+02, -7.156789999999999541e-01
9.953999999999999773e+02, -8.347400000000000375e-01
9.954170000000000300e+02, -7.282060000000000199e-01
9.954329999999999927e+02, -2.229140000000000121e+00
9.954500000000000455e+02, -5.735980000000000523e-01
9.954669999999999845e+02, 7.886290000000000244e-01
9.954829999999999472e+02, -9.932789999999999675e-02
9.955000000000000000e+02, 9.697299999999999809e-01
9.955170000000000528e+02, 1.176399999999999890e+00
9.955330000000000155e+02, -7.925959999999999672e-01
9.955499999999999545e+02, -1.103699999999999903e+00
9.955670000000000073e+02, -2.523670000000000080e-01
9.955829999999999700e+02, 5.198850000000000415e-01
9.956000000000000227e+02, 5.029789999999999539e-01
9.956169999999999618e+02, -1.831190000000000095e+00
9.956330000000000382e+02, -1.642870000000000053e+00
9.956499999999999773e+02, -8.937270000000000492e-01
9.956670000000000300e+02, -4.069639999999999924e-01
9.956829999999999927e+02, 1.018659999999999899e+00
9.957000000000000455e+02, 8.039520000000000000e-01
9.957169999999999845e+02, 3.938229999999999786e-01
9.957329999999999472e+02, -3.264009999999999967e-01
9.957500000000000000e+02, -1.050079999999999902e+00
9.957670000000000528e+02, 5.984939999999999705e-01
9.957830000000000155e+02, 1.646579999999999919e-02
9.957999999999999545e+02, 4.172449999999999770e-01
9.958170000000000073e+02, 7.389179999999999637e-01
9.958329999999999700e+02, 1.650840000000000085e-01
9.958500000000000227e+02, 9.667419999999999902e-01
9.958669999999999618e+02, 5.122799999999999576e-01
9.958830000000000382e+02, 4.827730000000000077e-01
9.958999999999999773e+02, -3.008739999999999748e-01
9.959170000000000300e+02, -1.680449999999999999e+00
9.959329999999999927e+02, -1.898610000000000020e-01
9.959500000000000455e+02, -4.885320000000000218e-01
9.959669999999999845e+02, 4.772680000000000256e-01
9.959829999999999472e+02, 1.426160000000000094e+00
9.960000000000000000e+02, 2.219500000000000028e+00
9.960170000000000528e+02, 2.073260000000000103e-01
9.960330000000000155e+02, -9.959369999999999612e-01
9.960499999999999545e+02, -1.761139999999999928e+00
9.960670000000000073e+02, -1.371939999999999937e+00
9.960829999999999700e+02, 5.024870000000000031e-02
9.961000000000000227e+02, 4.118290000000000006e-01
9.961169999999999618e+02, 1.091949999999999976e+00
9.961330000000000382e+02, 1.160220000000000029e+00
9.961499999999999773e+02, 1.198069999999999968e-01
9.961670000000000300e+02, 3.877499999999999836e-01
9.961829999999999927e+02, 3.086840000000000139e-01
9.962000000000000455e+02, 3.152119999999999922e-01
9.962169999999999845e+02, 3.514510000000000134e-01
9.962329999999999472e+02, -2.767310000000000048e-01
9.962500000000000000e+02, 3.512760000000000188e-02
9.962670000000000528e+02, 1.420719999999999969e-02
9.962830000000000155e+02, 1.057360000000000078e+00
9.962999999999999545e+02, -3.008210000000000051e-01
9.963170000000000073e+02, 4.313219999999999832e-01
9.963329999999999700e+02, 5.189669999999999561e-01
9.963500000000000227e+02, 6.798830000000000151e-01
9.963669999999999618e+02, -5.812139999999999668e-02
9.963830000000000382e+02, -6.718739999999999712e-01
9.963999999999999773e+02, 1.068510000000000015e-01
9.964170000000000300e+02, 7.320999999999999730e-02
9.964329999999999927e+02, -5.125239999999999796e-01
9.964500000000000455e+02, -1.642509999999999915e+00
9.964669999999999845e+02, -3.806010000000000226e-01
9.964829999999999472e+02, -1.247810000000000086e+00
9.965000000000000000e+02, -8.491680000000000339e-01
9.965170000000000528e+02, 2.897230000000000083e-01
9.965330000000000155e+02, 6.494269999999999765e-01
9.965499999999999545e+02, 1.089460000000000081e-02
9.965670000000000073e+02, 3.243219999999999992e-01
9.965829999999999700e+02, 7.695969999999999756e-01
9.966000000000000227e+02, -7.423499999999999543e-01
9.966169999999999618e+02, -8.369140000000000468e-01
9.966330000000000382e+02, -3.119879999999999876e-01
9.966499999999999773e+02, -1.058159999999999989e+00
9.966670000000000300e+02, 2.949169999999999847e-01
9.966829999999999927e+02, 1.747249999999999970e+00
9.967000000000000455e+02, 2.270960000000000090e+00
9.967169999999999845e+02, 9.730579999999999785e-01
9.967329999999999472e+02, -1.363719999999999932e-01
9.967500000000000000e+02, 1.119949999999999973e-01
9.967670000000000528e+02, 8.012420000000000653e-02
9.967830000000000155e+02, -1.281529999999999996e-02
9.967999999999999545e+02, 5.769889999999999741e-01
9.968170000000000073e+02, 1.240949999999999970e-01
9.968329999999999700e+02, 1.061050000000000049e+00
9.968500000000000227e+02, 1.590929999999999955e+00
9.968669999999999618e+02, 7.447350000000000358e-01
9.968830000000000382e+02, 9.489380000000000037e-02
9.968999999999999773e+02, -3.426969999999999739e-01
9.969170000000000300e+02, -9.310429999999999540e-01
9.969329999999999927e+02, 2.281019999999999992e-01
9.969500000000000455e+02, -4.549909999999999788e-01
9.969669999999999845e+02, 2.798599999999999977e-01
9.969829999999999472e+02, -6.324250000000000149e-01
9.970000000000000000e+02, 4.154840000000000200e-01
9.970170000000000528e+02, -6.930400000000000449e-02
9.970330000000000155e+02, -8.150190000000000490e-01
9.970499999999999545e+02, 7.552259999999999529e-01
9.970670000000000073e+02, -6.239589999999999720e-02
9.970829999999999700e+02, 2.434590000000000087e-01
9.971000000000000227e+02, 5.851690000000000502e-01
9.971169999999999618e+02, -5.743940000000000157e-02
9.971330000000000382e+02, -5.562399999999999567e-01
9.971499999999999773e+02, 4.378619999999999735e-01
9.971670000000000300e+02, 2.082140000000000102e-01
9.971829999999999927e+02, -1.249319999999999986e+00
9.972000000000000455e+02, -1.353199999999999958e+00
9.972169999999999845e+02, -1.918050000000000033e+00
9.972329999999999472e+02, 4.568559999999999982e-02
9.972500000000000000e+02, 3.785830000000000028e-01
9.972670000000000528e+02, -1.603649999999999867e-02
9.972830000000000155e+02, 2.031000000000000139e+00
9.972999999999999545e+02, 2.220959999999999879e-01
9.973170000000000073e+02, 4.605139999999999789e-01
9.973329999999999700e+02, -7.450609999999999733e-01
9.973500000000000227e+02, -3.204779999999999851e-01
9.973669999999999618e+02, 4.872850000000000237e-01
9.973830000000000382e+02, -9.770469999999999988e-01
9.973999999999999773e+02, -2.882140000000000257e-01
9.974170000000000300e+02, 7.653870000000000395e-01
9.974329999999999927e+02, -5.117179999999999819e-03
9.974500000000000455e+02, -6.754010000000000291e-01
9.974669999999999845e+02, -1.298040000000000083e+00
9.974829999999999472e+02, -2.443170000000000064e-01
9.975000000000000000e+02, -5.397089999999999943e-01
9.975170000000000528e+02, 3.483249999999999957e-01
9.975330000000000155e+02, 2.225139999999999896e-01
9.975499999999999545e+02, 9.814009999999999678e-01
9.975670000000000073e+02, 2.726999999999999980e-01
9.975829999999999700e+02, 7.157940000000000413e-01
9.976000000000000227e+02, 9.319319999999999826e-01
9.976169999999999618e+02, -8.059840000000000337e-01
9.976330000000000382e+02, -1.283320000000000016e+00
9.976499999999999773e+02, -1.749759999999999982e+00
9.976670000000000300e+02, -2.130839999999999956e-01
9.976829999999999927e+02, 2.484270000000000089e-01
9.977000000000000455e+02, 9.890989999999999505e-01
9.977169999999999845e+02, 1.046529999999999960e+00
9.977329999999999472e+02, 5.102109999999999701e-01
9.977500000000000000e+02, 6.493139999999999468e-01
9.977670000000000528e+02, -7.178600000000000536e-01
9.977830000000000155e+02, -2.912159999999999749e-01
9.977999999999999545e+02, 8.142819999999999503e-01
9.978170000000000073e+02, 1.209819999999999895e+00
9.978329999999999700e+02, 1.846570000000000045e+00
9.978500000000000227e+02, 2.379519999999999968e-01
9.978669999999999618e+02, 9.199540000000000495e-01
9.978830000000000382e+02, 6.024329999999999963e-01
9.978999999999999773e+02, 8.398299999999999654e-01
9.979170000000000300e+02, 6.514940000000000175e-01
9.979329999999999927e+02, -9.851959999999999884e-03
9.979500000000000455e+02, -8.619090000000000362e-01
9.979669999999999845e+02, 9.361730000000000329e-01
9.979829999999999472e+02, -1.022919999999999940e-01
9.980000000000000000e+02, 7.247969999999999413e-02
9.980170000000000528e+02, -1.289469999999999894e+00
9.980330000000000155e+02, 1.073509999999999964e+00
9.980499999999999545e+02, -8.652400000000000091e-01
9.980670000000000073e+02, -4.537269999999999914e-01
9.980829999999999700e+02, -1.485100000000000087e+00
9.981000000000000227e+02, 2.595149999999999957e-01
9.981169999999999618e+02, 5.439180000000000126e-01
9.981330000000000382e+02, 4.587109999999999799e-01
9.981499999999999773e+02, 1.057379999999999952e-02
9.981670000000000300e+02, -9.726439999999999531e-01
9.981829999999999927e+02, -4.056139999999999746e-01
9.982000000000000455e+02, -9.212359999999999993e-02
9.982169999999999845e+02, -1.389499999999999902e-01
9.982329999999999472e+02, 5.594780000000000308e-01
9.982500000000000000e+02, -4.841690000000000160e-01
9.982670000000000528e+02, -4.626879999999999882e-01
9.982830000000000155e+02, 6.648279999999999745e-01
9.982999999999999545e+02, -3.495119999999999894e-01
9.983170000000000073e+02, -5.115180000000000282e-01
9.983329999999999700e+02, 4.430830000000000046e-01
9.983500000000000227e+02, 1.130710000000000104e+00
9.983669999999999618e+02, 5.466720000000000468e-01
9.983830000000000382e+02, -2.132719999999999894e-01
9.983999999999999773e+02, -5.237119999999999553e-01
9.984170000000000300e+02, 2.042509999999999881e-01
9.984329999999999927e+02, 3.416580000000000172e-01
9.984500000000000455e+02, -4.291119999999999934e-01
9.984669999999999845e+02, -1.056440000000000046e+00
9.984829999999999472e+02, -7.214239999999999542e-01
9.985000000000000000e+02, -4.986720000000000041e-01
9.985170000000000528e+02, -1.491339999999999888e-01
9.985330000000000155e+02, 7.080419999999999492e-01
9.985499999999999545e+02, -3.689029999999999809e-01
9.985670000000000073e+02, -1.377860000000000085e+00
9.985829999999999700e+02, -3.345739999999999825e-01
9.986000000000000227e+02, -7.958769999999999456e-01
9.986169999999999618e+02, 9.940759999999999597e-01
9.986330000000000382e+02, -5.964810000000000251e-02
9.986499999999999773e+02, -7.853409999999999558e-01
9.986670000000000300e+02, 4.875079999999999969e-01
9.986829999999999927e+02, 1.151800000000000046e-01
9.987000000000000455e+02, -5.412170000000000175e-02
9.987169999999999845e+02, -3.942069999999999741e-01
9.987329999999999472e+02, -2.302740000000000065e-01
9.987500000000000000e+02, 1.793339999999999934e+00
9.987670000000000528e+02, -9.046990000000000309e-01
9.987830000000000155e+02, -5.781260000000000288e-01
9.987999999999999545e+02, 5.256979999999999986e-02
9.988170000000000073e+02, -5.993749999999999911e-01
9.988329999999999700e+02, -6.330949999999999633e-01
9.988500000000000227e+02, 2.203380000000000061e-01
9.988669999999999618e+02, -1.422090000000000021e-01
9.988830000000000382e+02, 7.747150000000000425e-01
9.988999999999999773e+02, 5.029500000000000082e-01
9.989170000000000300e+02, -1.804119999999999890e-01
9.989329999999999927e+02, -6.232969999999999899e-01
9.989500000000000455e+02, -4.948239999999999861e-01
9.989669999999999845e+02, -2.513670000000000071e-01
9.989829999999999472e+02, 2.042049999999999976e-01
9.990000000000000000e+02, 4.643789999999999862e-01
9.990170000000000528e+02, 8.808319999999999483e-01
9.990330000000000155e+02, 7.923480000000000523e-01
9.990499999999999545e+02, 1.102400000000000047e+00
9.990670000000000073e+02, 7.286230000000000206e-01
9.990829999999999700e+02, 1.009689999999999976e+00
9.991000000000000227e+02, 1.362879999999999925e-01
9.991169999999999618e+02, 1.091379999999999989e-01
9.991330000000000382e+02, -1.693599999999999994e+00
9.991499999999999773e+02, -1.352349999999999941e+00
9.991670000000000300e+02, -5.410070000000000157e-01
9.991829999999999927e+02, -4.376499999999999835e-01
9.992000000000000455e+02, 6.017430000000000001e-02
9.992169999999999845e+02, -4.134700000000000042e-01
9.992329999999999472e+02, -2.325059999999999905e-01
9.992500000000000000e+02, -6.531689999999999718e-03
9.992670000000000528e+02, -1.055979999999999919e+00
9.992830000000000155e+02, 1.603849999999999998e-01
9.992999999999999545e+02, 3.017009999999999970e-01
9.993170000000000073e+02, -3.930069999999999952e-01
9.993329999999999700e+02, 2.940829999999999833e-01
9.993500000000000227e+02, -1.046030000000000015e+00
9.993669999999999618e+02, -4.584440000000000182e-01
9.993830000000000382e+02, -2.121450000000000002e-01
9.993999999999999773e+02, 2.313489999999999991e-01
9.994170000000000300e+02, -3.805810000000000026e-01
9.994329999999999927e+02, 1.859520000000000062e+00
9.994500000000000455e+02, 1.845029999999999934e-02
9.994669999999999845e+02, -5.516529999999999490e-01
9.994829999999999472e+02, 8.689689999999999914e-02
9.995000000000000000e+02, -1.303260000000000085e+00
9.995170000000000528e+02, -1.921269999999999922e-01
9.995330000000000155e+02, -7.320959999999999690e-01
9.995499999999999545e+02, 5.873580000000000467e-01
9.995670000000000073e+02, -8.886410000000000142e-01
9.995829999999999700e+02, -6.945830000000000060e-02
9.996000000000000227e+02, -5.364759999999999529e-01
9.996169999999999618e+02, -1.273600000000000065e+00
9.996330000000000382e+02, -4.097040000000000126e-01
9.996499999999999773e+02, 1.485990000000000089e-01
9.996670000000000300e+02, 1.259800000000000031e+00
9.996829999999999927e+02, 1.391380000000000061e+00
9.997000000000000455e+02, -1.447209999999999989e-02
9.997169999999999845e+02, -1.890340000000000076e-01
9.997329999999999472e+02, -8.000909999999999966e-01
9.997500000000000000e+02, -1.232220000000000093e+00
9.997670000000000528e+02, -3.504619999999999957e-01
9.997830000000000155e+02, 6.469530000000000003e-01
9.997999999999999545e+02, 9.947880000000000056e-01
9.998170000000000073e+02, 9.560720000000000329e-01
9.998329999999999700e+02, 3.010189999999999810e-01
9.998500000000000227e+02, -9.072329999999999561e-01
9.998669999999999618e+02, -2.220920000000000116e-01
9.998830000000000382e+02, 1.327409999999999979e+00
9.998999999999999773e+02, 1.157500000000000057e-01
9.999170000000000300e+02, -5.381829999999999670e-01
9.999329999999999927e+02, -2.664639999999999787e-01
9.999500000000000455e+02, 1.507169999999999899e+00
9.999669999999999845e+02, 7.205939999999999568e-01
9.999829999999999472e+02, -1.777759999999999896e-01
1.000000000000000000e+03, 1.651529999999999943e-01
1.000019999999999982e+03, 5.848849999999999882e-01
1.000029999999999973e+03, 3.813889999999999780e-01
1.000049999999999955e+03, -8.056349999999999900e-01
1.000070000000000050e+03, -1.211750000000000105e+00
1.000080000000000041e+03, -2.068850000000000133e-01
1.000100000000000023e+03, 1.052880000000000038e+00
1.000120000000000005e+03, 3.906560000000000032e-01
1.000129999999999995e+03, -3.267519999999999869e-01
1.000149999999999977e+03, 2.933290000000000064e-01
1.000169999999999959e+03, 2.778439999999999799e-01
1.000179999999999950e+03, -1.128470000000000084e+00
1.000200000000000045e+03, -1.279209999999999958e+00
1.000220000000000027e+03, 2.140839999999999965e-01
1.000230000000000018e+03, 7.646889999999999521e-01
1.000250000000000000e+03, 9.250410000000000021e-01
1.000269999999999982e+03, 4.465049999999999852e-01
1.000279999999999973e+03, -3.635250000000000287e-02
1.000299999999999955e+03, -3.199960000000000027e-01
1.000320000000000050e+03, -1.665980000000000016e+00
1.000330000000000041e+03, -1.533959999999999990e+00
1.000350000000000023e+03, 4.438099999999999823e-01
1.000370000000000005e+03, 6.255810000000000537e-01
1.000379999999999995e+03, 1.330540000000000056e+00
1.000399999999999977e+03, -1.032779999999999948e-01
1.000419999999999959e+03, 1.864800000000000069e-01
1.000429999999999950e+03, -6.594790000000000374e-01
1.000450000000000045e+03, -7.397179999999999866e-01
1.000470000000000027e+03, -3.560809999999999809e-01
1.000480000000000018e+03, 9.166100000000000358e-01
1.000500000000000000e+03, 4.918420000000000014e-01
1.000519999999999982e+03, -3.029350000000000098e-01
1.000529999999999973e+03, -8.495110000000000161e-01
1.000549999999999955e+03, 6.354149999999999521e-01
1.000570000000000050e+03, -4.092509999999999759e-01
1.000580000000000041e+03, 1.099550000000000027e+00
1.000600000000000023e+03, -2.750879999999999992e-01
1.000620000000000005e+03, -3.302390000000000048e-01
1.000629999999999995e+03, -3.728150000000000075e-01
1.000649999999999977e+03, -9.194879999999999720e-02
1.000669999999999959e+03, -5.588880000000000514e-01
1.000679999999999950e+03, -3.104640000000000177e-01
1.000700000000000045e+03, -1.700619999999999910e-01
1.000720000000000027e+03, 1.698590000000000100e-01
1.000730000000000018e+03, 2.550620000000000109e-01
1.000750000000000000e+03, -2.268190000000000137e-02
1.000769999999999982e+03, -3.550630000000000175e-01
1.000779999999999973e+03, 3.961489999999999734e-01
1.000799999999999955e+03, 4.434600000000000208e-01
1.000820000000000050e+03, 2.498049999999999993e-01
1.000830000000000041e+03, -6.381759999999999655e-01
1.000850000000000023e+03, 4.305229999999999890e-01
1.000870000000000005e+03, 3.566500000000000226e-01
1.000879999999999995e+03, 8.013599999999999612e-01
1.000899999999999977e+03, 2.899080000000000101e+00
1.000919999999999959e+03, 1.197019999999999973e+00
1.000929999999999950e+03, 1.310559999999999947e+00
1.000950000000000045e+03, -1.090079999999999938e+00
1.000970000000000027e+03, -7.094789999999999708e-01
1.000980000000000018e+03, -1.643189999999999928e+00
1.001000000000000000e+03, -9.333099999999999730e-01
1.001019999999999982e+03, 1.227389999999999981e+00
1.001029999999999973e+03, 1.715240000000000098e+00
1.001049999999999955e+03, 2.269870000000000054e+00
1.001070000000000050e+03, -8.746739999999999515e-01
1.001080000000000041e+03, 1.835839999999999972e-01
1.001100000000000023e+03, -3.974980000000000180e-01
1.001120000000000005e+03, -9.886629999999999585e-01
1.001129999999999995e+03, -5.916569999999999885e-01
1.001149999999999977e+03, -3.044100000000000139e-01
1.001169999999999959e+03, -6.563769999999999882e-01
1.001179999999999950e+03, 3.287349999999999994e-01
1.001200000000000045e+03, -9.713340000000000862e-03
1.001220000000000027e+03, -1.602250000000000063e-01
1.001230000000000018e+03, -1.363210000000000033e+00
1.001250000000000000e+03, 1.476119999999999932e-01
1.001269999999999982e+03, 9.200260000000000382e-02
1.001279999999999973e+03, -5.795249999999999568e-01
1.001299999999999955e+03, 3.295779999999999821e-01
1.001320000000000050e+03, 8.682239999999999958e-01
1.001330000000000041e+03, 3.326649999999999885e-01
1.001350000000000023e+03, 3.895069999999999921e-01
1.001370000000000005e+03, -3.177490000000000175e-02
1.001379999999999995e+03, -1.082859999999999934e-01
1.001399999999999977e+03, -1.042030000000000012e+00
1.001419999999999959e+03, 2.911130000000000106e-01
1.001429999999999950e+03, -3.457919999999999883e-01
1.001450000000000045e+03, 3.618390000000000217e-01
1.001470000000000027e+03, -8.501060000000000283e-01
1.001480000000000018e+03, 4.271499999999999742e-01
1.001500000000000000e+03, 1.456309999999999993e+00
1.001519999999999982e+03, 8.953590000000000160e-01
1.001529999999999973e+03, 2.363319999999999865e-01
1.001549999999999955e+03, 1.649470000000000103e-01
1.001570000000000050e+03, -2.645739999999999759e-01
1.001580000000000041e+03, -4.690849999999999742e-01
1.001600000000000023e+03, 4.817949999999999733e-01
1.001620000000000005e+03, -1.354510000000000103e+00
1.001629999999999995e+03, -9.147800000000000376e-01
1.001649999999999977e+03, -9.809020000000000516e-01
1.001669999999999959e+03, 3.119270000000000029e-02
1.001679999999999950e+03, -1.297869999999999926e-02
1.001700000000000045e+03, 2.370099999999999985e-01
1.001720000000000027e+03, 6.446979999999999378e-02
1.001730000000000018e+03, 6.604889999999999928e-01
1.001750000000000000e+03, -4.457260000000000111e-01
1.001769999999999982e+03, -2.044729999999999881e-01
1.001779999999999973e+03, 1.786489999999999911e+00
1.001799999999999955e+03, 9.857249999999999623e-01
1.001820000000000050e+03, -4.015750000000000153e-01
1.001830000000000041e+03, -4.654989999999999961e-01
1.001850000000000023e+03, -9.805899999999999617e-01
1.001870000000000005e+03, -9.082940000000000458e-01
1.001879999999999995e+03, -7.516350000000000531e-01
1.001899999999999977e+03, -2.844360000000000221e-01
1.001919999999999959e+03, 2.873169999999999891e-01
1.001929999999999950e+03, 3.039749999999999952e-01
1.001950000000000045e+03, -4.053840000000000221e-01
1.001970000000000027e+03, 6.381879999999999775e-01
1.001980000000000018e+03, -2.502570000000000072e-01
1.002000000000000000e+03, 1.530269999999999964e-01
1.002019999999999982e+03, 1.014049999999999896e+00
1.002029999999999973e+03, -4.634880000000000111e-01
1.002049999999999955e+03, 1.171939999999999982e+00
1.002070000000000050e+03, 3.077829999999999733e-01
1.002080000000000041e+03, -4.249819999999999987e-02
1.002100000000000023e+03, -1.246099999999999985e+00
1.002120000000000005e+03, -1.288719999999999866e-01
1.002129999999999995e+03, -1.230720000000000036e+00
1.002149999999999977e+03, 2.280200000000000005e-01
1.002169999999999959e+03, -1.017400000000000082e+00
1.002179999999999950e+03, 8.760270000000000001e-01
1.002200000000000045e+03, 6.114020000000000010e-01
1.002220000000000027e+03, 5.481359999999999566e-01
1.002230000000000018e+03, 1.576869999999999994e+00
1.002250000000000000e+03, -4.398540000000000227e-01
1.002269999999999982e+03, 7.337879999999999958e-01
1.002279999999999973e+03, 9.052490000000000536e-02
1.002299999999999955e+03, 6.246469999999999627e-03
1.002320000000000050e+03, 3.362459999999999893e-01
1.002330000000000041e+03, 6.560129999999999573e-01
1.002350000000000023e+03, -1.988260000000000027e-02
1.002370000000000005e+03, -5.088679999999999870e-01
1.002379999999999995e+03, -1.158250000000000002e+00
1.002399999999999977e+03, 1.566929999999999934e+00
1.002419999999999959e+03, 9.214609999999999745e-01
1.002429999999999950e+03, -4.018229999999999857e-01
1.002450000000000045e+03, -5.728490000000000526e-01
1.002470000000000027e+03, -1.469819999999999904e+00
1.002480000000000018e+03, -1.332929999999999948e+00
1.002500000000000000e+03, 4.443960000000000132e-01
1.002519999999999982e+03, 1.131399999999999961e+00
1.002529999999999973e+03, 9.401319999999999677e-01
1.002549999999999955e+03, 9.955779999999999630e-01
1.002570000000000050e+03, 5.575839999999999685e-01
1.002580000000000041e+03, -2.673900000000000166e-01
1.002600000000000023e+03, -4.074349999999999916e-01
1.002620000000000005e+03, -6.432369999999999477e-01
1.002629999999999995e+03, -3.990580000000000238e-01
1.002649999999999977e+03, 1.254180000000000073e+00
1.002669999999999959e+03, -9.641819999999999558e-02
1.002679999999999950e+03, 1.847030000000000061e-01
1.002700000000000045e+03, 1.774010000000000031e-01
1.002720000000000027e+03, 1.160510000000000014e-01
1.002730000000000018e+03, 1.971110000000000084e-01
1.002750000000000000e+03, 1.219039999999999901e+00
1.002769999999999982e+03, 1.510900000000000021e-01
1.002779999999999973e+03, -5.794030000000000014e-01
1.002799999999999955e+03, -1.084959999999999924e+00
1.002820000000000050e+03, 5.910349999999999770e-01
1.002830000000000041e+03, 7.304610000000000269e-01
1.002850000000000023e+03, 9.676099999999999701e-01
1.002870000000000005e+03, 3.844609999999999972e-01
1.002879999999999995e+03, -1.041369999999999907e+00
1.002899999999999977e+03, -4.553980000000000250e-01
1.002919999999999959e+03, 3.996089999999999920e-01
1.002929999999999950e+03, 1.384989999999999943e+00
1.002950000000000045e+03, -5.931800000000000267e-02
1.002970000000000027e+03, 2.297869999999999913e-01
1.002980000000000018e+03, 1.078659999999999952e+00
1.003000000000000000e+03, 2.806000000000000161e-01
1.003019999999999982e+03, -1.726760000000000073e+00
1.003029999999999973e+03, 3.066320000000000157e-02
1.003049999999999955e+03, 4.101980000000000071e-01
1.003070000000000050e+03, -4.337579999999999769e-01
1.003080000000000041e+03, 1.412400000000000044e-01
1.003100000000000023e+03, -1.214499999999999913e+00
1.003120000000000005e+03, -1.073299999999999949e-01
1.003129999999999995e+03, -3.814980000000000038e-01
1.003149999999999977e+03, -6.855440000000000422e-01
1.003169999999999959e+03, -9.567949999999999511e-01
1.003179999999999950e+03, -3.033629999999999938e-01
1.003200000000000045e+03, 1.079139999999999960e-01
1.003220000000000027e+03, -3.810359999999999858e-01
1.003230000000000018e+03, -9.001970000000000249e-01
1.003250000000000000e+03, -1.488229999999999942e+00
1.003269999999999982e+03, -4.799080000000000013e-02
1.003279999999999973e+03, -2.143690000000000040e-01
1.003299999999999955e+03, 7.462999999999999634e-01
1.003320000000000050e+03, 4.768330000000000068e-01
1.003330000000000041e+03, -2.514390000000000236e-01
1.003350000000000023e+03, 6.805970000000000075e-01
1.003370000000000005e+03, 8.139389999999999681e-01
1.003379999999999995e+03, 1.554059999999999886e-01
1.003399999999999977e+03, 2.644639999999999769e-01
1.003419999999999959e+03, 9.950240000000000196e-01
1.003429999999999950e+03, -5.320380000000000109e-01
1.003450000000000045e+03, -3.778719999999999857e-01
1.003470000000000027e+03, -9.277849999999999708e-01
1.003480000000000018e+03, 4.581299999999999956e-02
1.003500000000000000e+03, -1.403989999999999960e-01
1.003519999999999982e+03, -2.066919999999999868e-02
1.003529999999999973e+03, 9.690109999999999557e-01
1.003549999999999955e+03, 4.981090000000000240e-01
1.003570000000000050e+03, -8.403589999999999671e-01
1.003580000000000041e+03, -1.080919999999999936e-01
1.003600000000000023e+03, 5.312459999999999960e-01
1.003620000000000005e+03, -2.831420000000000048e-01
1.003629999999999995e+03, -1.796959999999999891e+00
1.003649999999999977e+03, 4.215780000000000083e-01
1.003669999999999959e+03, -6.896630000000000260e-01
1.003679999999999950e+03, -9.339480000000000004e-01
1.003700000000000045e+03, 1.097150000000000070e+00
1.003720000000000027e+03, 7.894830000000000458e-01
1.003730000000000018e+03, -1.687480000000000091e-01
1.003750000000000000e+03, -2.487999999999999934e-01
1.003769999999999982e+03, -3.348020000000000163e-02
1.003779999999999973e+03, -6.715400000000000258e-01
1.003799999999999955e+03, 3.949750000000000205e-01
1.003820000000000050e+03, 9.319239999999999746e-01
1.003830000000000041e+03, -9.858970000000000233e-01
1.003850000000000023e+03, -1.749479999999999924e-01
1.003870000000000005e+03, -7.448900000000000521e-01
1.003879999999999995e+03, 9.816850000000000298e-01
1.003899999999999977e+03, 4.252639999999999754e-01
1.003919999999999959e+03, 5.807339999999999725e-01
1.003929999999999950e+03, 5.991250000000000048e-02
1.003950000000000045e+03, 6.596950000000000314e-01
1.003970000000000027e+03, -4.968290000000000206e-01
1.003980000000000018e+03, 2.686449999999999949e-02
1.004000000000000000e+03, 2.143549999999999900e-01
1.004019999999999982e+03, 1.688439999999999941e+00
1.004029999999999973e+03, 1.429059999999999997e+00
1.004049999999999955e+03, -1.765230000000000132e-01
1.004070000000000050e+03, -5.455349999999999921e-01
1.004080000000000041e+03, 1.727239999999999887e-01
1.004100000000000023e+03, -1.033930000000000016e+00
1.004120000000000005e+03, 2.373550000000000104e-01
1.004129999999999995e+03, -5.822640000000000038e-01
1.004149999999999977e+03, 1.454039999999999999e+00
1.004169999999999959e+03, 9.117390000000000216e-02
1.004179999999999950e+03, -2.436840000000000117e-01
1.004200000000000045e+03, -1.853650000000000020e+00
1.004220000000000027e+03, 3.164469999999999783e-01
1.004230000000000018e+03, 1.293840000000000101e+00
1.004250000000000000e+03, 5.578689999999999483e-01
1.004269999999999982e+03, 6.187820000000000542e-01
1.004279999999999973e+03, -3.627250000000000196e-01
1.004299999999999955e+03, -2.510890000000000066e-01
1.004320000000000050e+03, -1.931479999999999864e-01
1.004330000000000041e+03, 2.899829999999999908e-01
1.004350000000000023e+03, -1.037430000000000074e+00
1.004370000000000005e+03, 8.216290000000000537e-01
1.004379999999999995e+03, 5.050849999999999958e-03
1.004399999999999977e+03, 1.254999999999999893e+00
1.004419999999999959e+03, 5.690150000000000485e-01
1.004429999999999950e+03, 5.856259999999999938e-02
1.004450000000000045e+03, 6.130820000000000158e-01
1.004470000000000027e+03, 1.859629999999999894e-01
1.004480000000000018e+03, -1.858140000000000069e-01
1.004500000000000000e+03, 5.452270000000000172e-01
1.004519999999999982e+03, 6.637640000000000207e-01
1.004529999999999973e+03, 1.697279999999999900e+00
1.004549999999999955e+03, 2.423839999999999884e-01
1.004570000000000050e+03, 2.918990000000000126e-02
1.004580000000000041e+03, 2.337589999999999946e-01
1.004600000000000023e+03, -9.383850000000000247e-01
1.004620000000000005e+03, 3.108620000000000272e-01
1.004629999999999995e+03, 4.749439999999999773e-01
1.004649999999999977e+03, -1.344559999999999977e+00
1.004669999999999959e+03, -5.314389999999999947e-01
1.004679999999999950e+03, -3.831330000000000013e-01
1.004700000000000045e+03, -7.900949999999999918e-01
1.004720000000000027e+03, -5.129439999999999555e-01
1.004730000000000018e+03, 1.255770000000000053e+00
1.004750000000000000e+03, -4.651250000000000107e-01
1.004769999999999982e+03, 2.986010000000000053e-01
1.004779999999999973e+03, 6.385880000000000445e-01
1.004799999999999955e+03, -9.564820000000000544e-01
1.004820000000000050e+03, 1.432010000000000005e+00
1.004830000000000041e+03, 5.821899999999999853e-01
1.004850000000000023e+03, 8.473049999999999748e-01
1.004870000000000005e+03, 8.799000000000000155e-01
1.004879999999999995e+03, 2.233410000000000117e-01
1.004899999999999977e+03, 1.385750000000000037e+00
1.004919999999999959e+03, 1.560799999999999965e-01
1.004929999999999950e+03, 7.487780000000000546e-01
1.004950000000000045e+03, 2.073010000000000130e-01
1.004970000000000027e+03, -9.265210000000000390e-01
1.004980000000000018e+03, 1.373580000000000023e+00
1.005000000000000000e+03, 5.396879999999999455e-01
1.005019999999999982e+03, 2.827180000000000248e-01
1.005029999999999973e+03, 1.060699999999999976e+00
1.005049999999999955e+03, -1.742220000000000102e+00
1.005070000000000050e+03, -1.024650000000000061e+00
1.005080000000000041e+03, -3.663000000000000145e-01
1.005100000000000023e+03, -6.755630000000000246e-01
1.005120000000000005e+03, -8.061200000000000310e-02
1.005129999999999995e+03, -2.660060000000000202e-01
1.005149999999999977e+03, -5.220479999999999565e-01
1.005169999999999959e+03, 7.903069999999999817e-01
1.005179999999999950e+03, -5.317619999999999569e-01
1.005200000000000045e+03, -1.056099999999999955e-01
1.005220000000000027e+03, 3.254409999999999803e-01
1.005230000000000018e+03, -5.873159999999999492e-01
1.005250000000000000e+03, -7.116270000000000095e-01
1.005269999999999982e+03, 1.402160000000000073e+00
1.005279999999999973e+03, 7.178520000000000456e-01
1.005299999999999955e+03, -5.571340000000000181e-01
1.005320000000000050e+03, -1.254360000000000024e-02
1.005330000000000041e+03, -1.160449999999999982e+00
1.005350000000000023e+03, 7.218600000000000363e-03
1.005370000000000005e+03, 8.436890000000000223e-01
1.005379999999999995e+03, 5.581829999999999847e-01
1.005399999999999977e+03, 6.383799999999999475e-01
1.005419999999999959e+03, -1.391109999999999916e-02
1.005429999999999950e+03, 9.273959999999999981e-01
1.005450000000000045e+03, -3.598250000000000060e-01
1.005470000000000027e+03, -2.069120000000000126e-01
1.005480000000000018e+03, -1.207570000000000032e+00
1.005500000000000000e+03, 8.402739999999999654e-01
1.005519999999999982e+03, -1.879409999999999969e-01
1.005529999999999973e+03, -1.922609999999999930e+00
1.005549999999999955e+03, -1.071869999999999941e-02
1.005570000000000050e+03, 1.166590000000000016e+00
1.005580000000000041e+03, 1.239700000000000024e+00
1.005600000000000023e+03, 1.969279999999999919e+00
1.005620000000000005e+03, 3.103949999999999765e-01
1.005629999999999995e+03, -4.284020000000000050e-01
1.005649999999999977e+03, 3.350380000000000025e-01
1.005669999999999959e+03, 7.018729999999999414e-02
1.005679999999999950e+03, 9.614310000000000356e-01
1.005700000000000045e+03, 9.834359999999999769e-01
1.005720000000000027e+03, 4.032129999999999881e-01
1.005730000000000018e+03, 3.170200000000000240e-01
1.005750000000000000e+03, 3.348409999999999997e-01
1.005769999999999982e+03, -9.345069999999999766e-01
1.005779999999999973e+03, 9.354060000000000152e-02
1.005799999999999955e+03, -6.529800000000000049e-01
1.005820000000000050e+03, 7.612900000000000222e-01
1.005830000000000041e+03, -1.458450000000000024e+00
1.005850000000000023e+03, -1.633879999999999999e+00
1.005870000000000005e+03, -4.629610000000000114e-01
1.005879999999999995e+03, -2.138569999999999915e-01
1.005899999999999977e+03, -3.798539999999999989e-03
1.005919999999999959e+03, 2.033900000000000041e+00
1.005929999999999950e+03, 1.378370000000000095e+00
1.005950000000000045e+03, -4.533059999999999867e-01
1.005970000000000027e+03, 5.654839999999999867e-01
1.005980000000000018e+03, -5.997789999999999511e-01
1.006000000000000000e+03, 7.498259999999999925e-01
1.006019999999999982e+03, 5.127979999999999761e-01
1.006029999999999973e+03, 1.513500000000000068e+00
1.006049999999999955e+03, -6.508249999999999869e-01
1.006070000000000050e+03, -2.635640000000000205e-01
1.006080000000000041e+03, 3.837369999999999948e-01
1.006100000000000023e+03, 8.594819999999999682e-01
1.006120000000000005e+03, -6.158909999999999663e-01
1.006129999999999995e+03, -3.700800000000000201e-01
1.006149999999999977e+03, -2.415819999999999912e-01
1.006169999999999959e+03, -1.053609999999999935e+00
1.006179999999999950e+03, -1.077830000000000066e+00
1.006200000000000045e+03, 1.082130000000000036e-01
1.006220000000000027e+03, -9.660830000000000251e-01
1.006230000000000018e+03, 1.583790000000000031e+00
1.006250000000000000e+03, 1.063979999999999926e+00
1.006269999999999982e+03, 1.116189999999999960e-01
1.006279999999999973e+03, 1.501409999999999967e-01
1.006299999999999955e+03, -6.237549999999999484e-01
1.006320000000000050e+03, -4.733640000000000070e-01
1.006330000000000041e+03, -8.972320000000000295e-01
1.006350000000000023e+03, -2.975700000000000012e-01
1.006370000000000005e+03, 1.713419999999999943e-01
1.006379999999999995e+03, -6.902169999999999694e-01
1.006399999999999977e+03, 1.052030000000000021e+00
1.006419999999999959e+03, 2.708510000000000084e-01
1.006429999999999950e+03, -6.820760000000000156e-01
1.006450000000000045e+03, -1.129650000000000043e+00
1.006470000000000027e+03, -1.214560000000000084e+00
1.006480000000000018e+03, -4.917150000000000132e-01
1.006500000000000000e+03, -4.660130000000000106e-01
1.006519999999999982e+03, -8.684039999999999537e-01
1.006529999999999973e+03, -8.229790000000000161e-01
1.006549999999999955e+03, 1.756479999999999986e-01
1.006570000000000050e+03, -1.752859999999999974e-01
1.006580000000000041e+03, -8.885140000000000260e-01
1.006600000000000023e+03, 1.134679999999999911e+00
1.006620000000000005e+03, 7.562539999999999818e-01
1.006629999999999995e+03, -4.117779999999999774e-01
1.006649999999999977e+03, 1.027060000000000084e+00
1.006669999999999959e+03, -3.109290000000000109e-01
1.006679999999999950e+03, -1.562140000000000084e+00
1.006700000000000045e+03, -1.072210000000000107e+00
1.006720000000000027e+03, 4.077600000000000113e-01
1.006730000000000018e+03, -6.289660000000000251e-01
1.006750000000000000e+03, 1.306019999999999959e+00
1.006769999999999982e+03, 6.876640000000000530e-02
1.006779999999999973e+03, 2.029370000000000063e-01
1.006799999999999955e+03, -1.088009999999999922e+00
1.006820000000000050e+03, 3.279989999999999850e-01
1.006830000000000041e+03, -2.861119999999999775e-01
1.006850000000000023e+03, -4.270430000000000059e-02
1.006870000000000005e+03, 2.173769999999999869e-01
1.006879999999999995e+03, 1.119050000000000045e-01
1.006899999999999977e+03, -3.790350000000000108e-01
1.006919999999999959e+03, 5.381099999999999772e-01
1.006929999999999950e+03, -8.495129999999999626e-01
1.006950000000000045e+03, 9.502109999999999723e-02
1.006970000000000027e+03, 4.073559999999999959e-01
1.006980000000000018e+03, 5.774610000000000021e-01
1.007000000000000000e+03, 2.416629999999999889e-01
1.007019999999999982e+03, -8.702739999999999920e-01
1.007029999999999973e+03, 1.078489999999999949e+00
1.007049999999999955e+03, 1.236920000000000019e+00
1.007070000000000050e+03, -1.342659999999999965e+00
1.007080000000000041e+03, -1.759929999999999994e+00
1.007100000000000023e+03, -4.658869999999999956e-01
1.007120000000000005e+03, 2.056520000000000015e-01
1.007129999999999995e+03, 1.173650000000000082e+00
1.007149999999999977e+03, 3.006229999999999736e-01
1.007169999999999959e+03, -2.300520000000000065e-01
1.007179999999999950e+03, -1.453419999999999934e+00
1.007200000000000045e+03, 9.059019999999999850e-01
1.007220000000000027e+03, -8.193890000000000340e-01
1.007230000000000018e+03, 4.027569999999999761e-02
1.007250000000000000e+03, -5.496849999999999792e-01
1.007269999999999982e+03, 8.063430000000000319e-01
1.007279999999999973e+03, 6.080459999999999754e-01
1.007299999999999955e+03, 5.225649999999999740e-02
1.007320000000000050e+03, -4.026649999999999952e-01
1.007330000000000041e+03, -9.677210000000000534e-01
1.007350000000000023e+03, -1.088189999999999991e-01
1.007370000000000005e+03, 5.458560000000000079e-01
1.007379999999999995e+03, -2.816609999999999947e-01
1.007399999999999977e+03, 4.369129999999999958e-01
1.007419999999999959e+03, 9.048699999999999799e-03
1.007429999999999950e+03, -1.323050000000000059e+00
1.007450000000000045e+03, -2.638739999999999863e+00
1.007470000000000027e+03, -1.167300000000000004e+00
1.007480000000000018e+03, 1.045109999999999983e+00
1.007500000000000000e+03, 2.219079999999999941e-01
1.007519999999999982e+03, 2.036739999999999939e-01
1.007529999999999973e+03, 6.057240000000000402e-01
1.007549999999999955e+03, 1.593830000000000080e+00
1.007570000000000050e+03, -6.175789999999999891e-01
1.007580000000000041e+03, 4.497889999999999944e-01
1.007600000000000023e+03, 2.788689999999999780e-01
1.007620000000000005e+03, 8.629050000000000331e-01
1.007629999999999995e+03, 3.583950000000000191e-01
1.007649999999999977e+03, -3.098540000000000183e-01
1.007669999999999959e+03, -6.121689999999999632e-01
1.007679999999999950e+03, -3.634260000000000268e-01
1.007700000000000045e+03, 6.841660000000000519e-01
1.007720000000000027e+03, -8.606409999999999894e-01
1.007730000000000018e+03, 1.098659999999999970e+00
1.007750000000000000e+03, 1.473789999999999933e+00
1.007769999999999982e+03, 8.615059999999999940e-01
1.007779999999999973e+03, 6.021840000000000526e-01
1.007799999999999955e+03, -8.062550000000000550e-01
1.007820000000000050e+03, 3.998220000000000107e-01
1.007830000000000041e+03, 1.454339999999999966e+00
1.007850000000000023e+03, 1.884889999999999899e-01
1.007870000000000005e+03, 1.888720000000000121e-01
1.007879999999999995e+03, -3.068349999999999897e-02
1.007899999999999977e+03, -8.779360000000000497e-01
1.007919999999999959e+03, -2.165570000000000217e+00
1.007929999999999950e+03, -4.891780000000000017e-01
1.007950000000000045e+03, -8.033609999999999363e-02
1.007970000000000027e+03, 5.768379999999999619e-01
1.007980000000000018e+03, -3.775680000000000147e-01
1.008000000000000000e+03, 5.894500000000000295e-01
1.008019999999999982e+03, -6.655990000000000517e-02
1.008029999999999973e+03, 1.014489999999999892e+00
1.008049999999999955e+03, -3.007210000000000161e-01
1.008070000000000050e+03, -3.512350000000000194e-01
1.008080000000000041e+03, -1.760799999999999921e+00
1.008100000000000023e+03, -3.880129999999999968e-01
1.008120000000000005e+03, 7.567779999999999507e-01
1.008129999999999995e+03, 9.426940000000000319e-01
1.008149999999999977e+03, -1.739319999999999977e+00
1.008169999999999959e+03, 4.823930000000000162e-01
1.008179999999999950e+03, 1.605460000000000109e+00
1.008200000000000045e+03, 1.235970000000000013e+00
1.008220000000000027e+03, -1.442469999999999919e+00
1.008230000000000018e+03, 4.818120000000000180e-01
1.008250000000000000e+03, 2.085960000000000036e-01
1.008269999999999982e+03, 3.643289999999999983e-03
1.008279999999999973e+03, 1.317210000000000082e-02
1.008299999999999955e+03, 7.258560000000000012e-02
1.008320000000000050e+03, -6.906320000000000514e-02
1.008330000000000041e+03, -2.665460000000000051e-01
1.008350000000000023e+03, -6.344509999999999872e-01
1.008370000000000005e+03, 5.144849999999999701e-01
1.008379999999999995e+03, 4.598659999999999970e-01
1.008399999999999977e+03, 1.176760000000000028e-01
1.008419999999999959e+03, 1.278370000000000062e-01
1.008429999999999950e+03, 1.066540000000000044e+00
1.008450000000000045e+03, 4.636859999999999871e-01
1.008470000000000027e+03, 1.160690000000000000e+00
1.008480000000000018e+03, -2.464220000000000022e-01
1.008500000000000000e+03, -9.727479999999999460e-01
1.008519999999999982e+03, -8.722760000000000513e-01
1.008529999999999973e+03, -8.930079999999999962e-03
1.008549999999999955e+03, -1.642619999999999914e-01
1.008570000000000050e+03, -4.599879999999999941e-02
1.008580000000000041e+03, -5.036329999999999973e-01
1.008600000000000023e+03, 1.047009999999999996e+00
1.008620000000000005e+03, -1.609380000000000033e+00
1.008629999999999995e+03, -2.789869999999999850e-01
1.008649999999999977e+03, 1.720889999999999920e-01
1.008669999999999959e+03, -4.106760000000000271e-02
1.008679999999999950e+03, 3.968479999999999785e-01
1.008700000000000045e+03, -1.862030000000000074e+00
1.008720000000000027e+03, 3.513530000000000264e-01
1.008730000000000018e+03, 2.509419999999999984e-01
1.008750000000000000e+03, 1.019549999999999956e+00
1.008769999999999982e+03, -3.375969999999999804e-01
1.008779999999999973e+03, -8.152009999999999534e-01
1.008799999999999955e+03, -1.048640000000000017e+00
1.008820000000000050e+03, 6.150039999999999674e-02
1.008830000000000041e+03, -3.267420000000000047e-02
1.008850000000000023e+03, 5.598560000000000203e-01
1.008870000000000005e+03, -1.320119999999999960e+00
1.008879999999999995e+03, 2.999120000000000119e-01
1.008899999999999977e+03, -1.762400000000000078e-01
1.008919999999999959e+03, 1.964160000000000073e-01
1.008929999999999950e+03, -2.779460000000000090e-03
1.008950000000000045e+03, 2.042799999999999894e-01
1.008970000000000027e+03, 5.048080000000000345e-01
1.008980000000000018e+03, -1.446129999999999916e+00
1.009000000000000000e+03, -5.052119999999999944e-01
1.009019999999999982e+03, -3.659319999999999795e-01
1.009029999999999973e+03, -1.612409999999999954e-01
1.009049999999999955e+03, 4.525460000000000038e-01
1.009070000000000050e+03, -4.659839999999999816e-02
1.009080000000000041e+03, -1.038840000000000041e-01
1.009100000000000023e+03, 8.940219999999999834e-01
1.009120000000000005e+03, 1.895829999999999904e+00
1.009129999999999995e+03, -9.889149999999999885e-01
1.009149999999999977e+03, 2.242609999999999881e-01
1.009169999999999959e+03, -6.923719999999999875e-01
1.009179999999999950e+03, 1.350949999999999929e-01
1.009200000000000045e+03, 2.207479999999999887e+00
1.009220000000000027e+03, 1.253449999999999953e+00
1.009230000000000018e+03, -4.049479999999999746e-01
1.009250000000000000e+03, -4.288560000000000150e-01
1.009269999999999982e+03, 5.088150000000000173e-01
1.009279999999999973e+03, -3.990659999999999763e-01
1.009299999999999955e+03, -1.060340000000000060e+00
1.009320000000000050e+03, 1.157159999999999994e-01
1.009330000000000041e+03, -2.652630000000000265e-01
1.009350000000000023e+03, -2.998669999999999947e-01
1.009370000000000005e+03, 1.277570000000000094e+00
1.009379999999999995e+03, -2.065460000000000074e-01
1.009399999999999977e+03, -7.458679999999999755e-01
1.009419999999999959e+03, -2.080280000000000129e+00
1.009429999999999950e+03, 1.675339999999999885e-01
1.009450000000000045e+03, 7.510729999999999906e-01
1.009470000000000027e+03, 1.324650000000000105e+00
1.009480000000000018e+03, 2.072780000000000108e-02
1.009500000000000000e+03, -3.850459999999999994e-01
1.009519999999999982e+03, 1.203689999999999927e+00
1.009529999999999973e+03, -2.731190000000000007e-01
1.009549999999999955e+03, -2.297880000000000061e-02
1.009570000000000050e+03, 8.650970000000000049e-01
1.009580000000000041e+03, 3.441040000000000210e-01
1.009600000000000023e+03, -1.170809999999999906e+00
1.009620000000000005e+03, -4.253219999999999779e-01
1.009629999999999995e+03, -1.460059999999999913e+00
1.009649999999999977e+03, 8.079889999999999572e-01
1.009669999999999959e+03, 1.909629999999999939e+00
1.009679999999999950e+03, 4.386399999999999744e-01
1.009700000000000045e+03, -1.664269999999999916e+00
1.009720000000000027e+03, -5.772730000000000361e-01
1.009730000000000018e+03, -1.107299999999999951e+00
1.009750000000000000e+03, 1.292649999999999910e-01
1.009769999999999982e+03, 1.564529999999999976e+00
1.009779999999999973e+03, 3.767099999999999893e-01
1.009799999999999955e+03, 1.033870000000000067e+00
1.009820000000000050e+03, 7.073870000000000158e-02
1.009830000000000041e+03, 9.048100000000000032e-01
1.009850000000000023e+03, -5.563379999999999992e-01
1.009870000000000005e+03, -8.589489999999999625e-01
1.009879999999999995e+03, -3.878009999999999791e-02
1.009899999999999977e+03, -1.379070000000000018e-01
1.009919999999999959e+03, -3.486799999999999899e-01
1.009929999999999950e+03, -3.545559999999999823e-01
1.009950000000000045e+03, 9.934239999999999737e-01
1.009970000000000027e+03, -1.118119999999999947e-01
1.009980000000000018e+03, -9.642859999999999765e-01
1.010000000000000000e+03, -3.642969999999999819e-01
1.010019999999999982e+03, 8.180399999999999894e-01
1.010029999999999973e+03, -1.676449999999999885e-01
1.010049999999999955e+03, -3.273920000000000163e-01
1.010070000000000050e+03, -4.379319999999999879e-01
1.010080000000000041e+03, -1.573620000000000019e+00
1.010100000000000023e+03, -1.463430000000000009e+00
1.010120000000000005e+03, 1.268140000000000045e+00
1.010129999999999995e+03, 1.568740000000000134e-01
1.010149999999999977e+03, 1.276120000000000032e-01
1.010169999999999959e+03, -4.250929999999999986e-02
1.010179999999999950e+03, -1.558479999999999865e-01
1.010200000000000045e+03, -9.361610000000000209e-01
1.010220000000000027e+03, -2.785650000000000071e-01
1.010230000000000018e+03, 7.203580000000000226e-03
1.010250000000000000e+03, -2.089320000000000066e-01
1.010269999999999982e+03, -4.672229999999999994e-01
1.010279999999999973e+03, -6.559199999999999475e-01
1.010299999999999955e+03, 5.747870000000000479e-01
1.010320000000000050e+03, 6.792500000000000204e-01
1.010330000000000041e+03, -1.642290000000000028e+00
1.010350000000000023e+03, -1.393410000000000037e+00
1.010370000000000005e+03, -2.015159999999999840e+00
1.010379999999999995e+03, -1.473100000000000076e+00
1.010399999999999977e+03, 9.210819999999999563e-01
1.010419999999999959e+03, 1.857110000000000039e+00
1.010429999999999950e+03, 1.609830000000000094e+00
1.010450000000000045e+03, 1.411599999999999966e+00
1.010470000000000027e+03, -6.673109999999999875e-01
1.010480000000000018e+03, -8.486010000000000497e-01
1.010500000000000000e+03, -9.888660000000000228e-01
1.010519999999999982e+03, 1.009330000000000060e+00
1.010529999999999973e+03, 3.233130000000000170e-01
1.010549999999999955e+03, -4.811639999999999806e-01
1.010570000000000050e+03, 7.458919999999999995e-01
1.010580000000000041e+03, -2.046709999999999918e-01
1.010600000000000023e+03, 2.986280000000000046e-01
1.010620000000000005e+03, 9.329809999999999492e-01
1.010629999999999995e+03, -4.998160000000000103e-02
1.010649999999999977e+03, -9.921000000000000651e-02
1.010669999999999959e+03, -2.960909999999999931e-01
1.010679999999999950e+03, -8.065109999999999779e-01
1.010700000000000045e+03, 1.320629999999999971e+00
1.010720000000000027e+03, 1.207929999999999948e+00
1.010730000000000018e+03, 2.721680000000000210e-01
1.010750000000000000e+03, -1.784929999999999906e+00
1.010769999999999982e+03, 5.448759999999999715e-02
1.010779999999999973e+03, -3.907800000000000162e-01
1.010799999999999955e+03, -3.424289999999999834e-01
1.010820000000000050e+03, 3.331390000000000184e-01
1.010830000000000041e+03, -7.468500000000000139e-01
1.010850000000000023e+03, -1.212310000000000054e-01
1.010870000000000005e+03, 1.607939999999999925e-01
1.010879999999999995e+03, -2.478809999999999902e-01
1.010899999999999977e+03, 3.146030000000000215e-01
1.010919999999999959e+03, 1.591229999999999922e+00
1.010929999999999950e+03, 4.599090000000000122e-02
1.010950000000000045e+03, 5.198000000000000398e-01
1.010970000000000027e+03, -1.378870000000000096e-01
1.010980000000000018e+03, -1.220089999999999897e+00
1.011000000000000000e+03, 5.878160000000000052e-01
1.011019999999999982e+03, 1.325770000000000004e-01
1.011029999999999973e+03, 1.146970000000000045e+00
1.011049999999999955e+03, -3.212960000000000260e-01
1.011070000000000050e+03, -7.135019999999999696e-01
1.011080000000000041e+03, -6.944669999999999455e-01
1.011100000000000023e+03, 5.755050000000000443e-01
1.011120000000000005e+03, 6.822449999999999903e-01
1.011129999999999995e+03, 9.630299999999999971e-02
1.011149999999999977e+03, -7.506840000000000179e-01
1.011169999999999959e+03, 5.998940000000000383e-01
1.011179999999999950e+03, 3.054290000000000060e-01
1.011200000000000045e+03, 1.255789999999999962e+00
1.011220000000000027e+03, -1.555340000000000056e-01
1.011230000000000018e+03, 7.734320000000000084e-01
1.011250000000000000e+03, -4.278500000000000081e-01
1.011269999999999982e+03, -1.210469999999999935e+00
1.011279999999999973e+03, -1.295400000000000107e+00
1.011299999999999955e+03, -3.393660000000000010e-01
1.011320000000000050e+03, -7.782400000000000428e-01
1.011330000000000041e+03, 2.775099999999999789e-01
1.011350000000000023e+03, 7.682139999999999525e-01
1.011370000000000005e+03, 4.777339999999999920e-01
1.011379999999999995e+03, -3.762800000000000034e-01
1.011399999999999977e+03, -8.708370000000000000e-02
1.011419999999999959e+03, 3.651889999999999858e-01
1.011429999999999950e+03, -4.893589999999999884e-01
1.011450000000000045e+03, 5.260149999999999895e-03
1.011470000000000027e+03, -4.400620000000000087e-01
1.011480000000000018e+03, -3.188349999999999795e-01
1.011500000000000000e+03, 6.850530000000000230e-01
1.011519999999999982e+03, 5.002539999999999765e-01
1.011529999999999973e+03, 4.036980000000000013e-01
1.011549999999999955e+03, -1.876130000000000020e-01
1.011570000000000050e+03, 1.048119999999999941e+00
1.011580000000000041e+03, 3.429269999999999818e-01
1.011600000000000023e+03, 1.410119999999999985e-01
1.011620000000000005e+03, -7.072720000000000118e-01
1.011629999999999995e+03, 1.069439999999999946e+00
1.011649999999999977e+03, 8.257060000000000510e-01
1.011669999999999959e+03, -1.997019999999999958e-03
1.011679999999999950e+03, -7.107639999999999514e-01
1.011700000000000045e+03, -7.302410000000000290e-01
1.011720000000000027e+03, 2.616689999999999988e-02
1.011730000000000018e+03, 2.306829999999999992e-01
1.011750000000000000e+03, -1.331190000000000095e+00
1.011769999999999982e+03, -5.103259999999999463e-01
1.011779999999999973e+03, 6.502390000000000114e-01
1.011799999999999955e+03, 8.586179999999999923e-01
1.011820000000000050e+03, 6.819129999999999914e-01
1.011830000000000041e+03, -2.151200000000000057e-01
1.011850000000000023e+03, 1.147650000000000059e-02
1.011870000000000005e+03, 6.753259999999999819e-01
1.011879999999999995e+03, -6.282370000000000454e-01
1.011899999999999977e+03, -1.912160000000000082e+00
1.011919999999999959e+03, -2.884689999999999754e-01
1.011929999999999950e+03, 1.975800000000000056e-01
1.011950000000000045e+03, -5.763859999999999817e-02
1.011970000000000027e+03, -3.274409999999999821e-02
1.011980000000000018e+03, 1.521770000000000067e+00
1.012000000000000000e+03, 1.462450000000000139e-01
1.012019999999999982e+03, 3.161349999999999993e-01
1.012029999999999973e+03, -7.039609999999999479e-01
1.012049999999999955e+03, -1.004930000000000101e+00
1.012070000000000050e+03, -4.460720000000000240e-01
1.012080000000000041e+03, -7.119900000000000118e-01
1.012100000000000023e+03, 1.406430000000000069e+00
1.012120000000000005e+03, 8.402469999999999661e-01
1.012129999999999995e+03, -4.348899999999999988e-01
1.012149999999999977e+03, -9.454230000000000134e-01
1.012169999999999959e+03, -8.633260000000000378e-01
1.012179999999999950e+03, 2.107430000000000136e-01
1.012200000000000045e+03, 8.897899999999999698e-01
1.012220000000000027e+03, -7.927680000000000282e-01
1.012230000000000018e+03, -1.006720000000000059e+00
1.012250000000000000e+03, 6.291670000000000318e-01
1.012269999999999982e+03, 4.461860000000000270e-01
1.012279999999999973e+03, 7.842709999999999959e-02
1.012299999999999955e+03, -3.623460000000000014e-01
1.012320000000000050e+03, -1.532869999999999955e+00
1.012330000000000041e+03, 3.552279999999999882e-01
1.012350000000000023e+03, 1.776229999999999976e+00
1.012370000000000005e+03, 1.182150000000000034e+00
1.012379999999999995e+03, -1.524280000000000079e-01
1.012399999999999977e+03, -7.662660000000000027e-01
1.012419999999999959e+03, 1.158700000000000008e-01
1.012429999999999950e+03, -2.376309999999999881e-02
1.012450000000000045e+03, -4.227500000000000147e-01
1.012470000000000027e+03, 2.125130000000000075e-02
1.012480000000000018e+03, -1.548969999999999958e+00
1.012500000000000000e+03, -6.024869999999999948e-01
1.012519999999999982e+03, -3.256200000000000205e-01
1.012529999999999973e+03, 8.187679999999999958e-02
1.012549999999999955e+03, 2.057110000000000050e-01
1.012570000000000050e+03, 1.069730000000000070e+00
1.012580000000000041e+03, -6.339519999999999600e-01
1.012600000000000023e+03, -4.575020000000000198e-01
1.012620000000000005e+03, -1.471109999999999918e+00
1.012629999999999995e+03, 3.628549999999999831e-01
1.012649999999999977e+03, 2.757789999999999964e-01
1.012669999999999959e+03, 1.335210000000000008e+00
1.012679999999999950e+03, 8.786699999999999511e-01
1.012700000000000045e+03, -1.084620000000000029e-01
1.012720000000000027e+03, 1.874419999999999975e-01
1.012730000000000018e+03, -2.765299999999999980e-01
1.012750000000000000e+03, -1.228180000000000049e+00
1.012769999999999982e+03, -6.794609999999999816e-01
1.012779999999999973e+03, 3.959099999999999842e-01
1.012799999999999955e+03, 9.326969999999999983e-01
1.012820000000000050e+03, 1.641019999999999923e+00
1.012830000000000041e+03, 7.755750000000000144e-01
1.012850000000000023e+03, 7.212260000000000337e-01
1.012870000000000005e+03, -1.260499999999999954e+00
1.012879999999999995e+03, -1.744790000000000063e+00
1.012899999999999977e+03, -1.210229999999999917e+00
1.012919999999999959e+03, 3.760689999999999866e-01
1.012929999999999950e+03, 1.655139999999999945e-01
1.012950000000000045e+03, 9.615160000000000373e-01
1.012970000000000027e+03, -7.180250000000000243e-01
1.012980000000000018e+03, -7.374619999999999509e-01
1.013000000000000000e+03, -1.131520000000000081e+00
1.013019999999999982e+03, -1.871120000000000005e-01
1.013029999999999973e+03, 1.146130000000000093e+00
1.013049999999999955e+03, 8.354219999999999702e-02
1.013070000000000050e+03, 6.598899999999999766e-01
1.013080000000000041e+03, 8.189449999999999508e-02
1.013100000000000023e+03, 1.683640000000000025e+00
1.013120000000000005e+03, 7.020220000000000349e-01
1.013129999999999995e+03, 1.957280000000000131e-01
1.013149999999999977e+03, -5.187640000000000029e-01
1.013169999999999959e+03, -6.155490000000000128e-01
1.013179999999999950e+03, 1.476920000000000011e+00
1.013200000000000045e+03, 7.536190000000000389e-01
1.013220000000000027e+03, 6.619960000000000289e-01
1.013230000000000018e+03, 9.763249999999999984e-01
1.013250000000000000e+03, -8.494749999999999801e-01
1.013269999999999982e+03, -8.644589999999999774e-01
1.013279999999999973e+03, 4.272580000000000267e-01
1.013299999999999955e+03, 5.623110000000000053e-01
1.013320000000000050e+03, 5.739429999999999810e-01
1.013330000000000041e+03, -7.425770000000000426e-01
1.013350000000000023e+03, -7.124169999999999670e-01
1.013370000000000005e+03, -9.392559999999999798e-01
1.013379999999999995e+03, 6.664849999999999941e-01
1.013399999999999977e+03, 4.300680000000000058e-01
1.013419999999999959e+03, -7.124880000000000102e-01
1.013429999999999950e+03, 1.585229999999999972e-01
1.013450000000000045e+03, -1.265100000000000113e-01
1.013470000000000027e+03, 1.246320000000000094e+00
1.013480000000000018e+03, 1.840320000000000011e-01
1.013500000000000000e+03, -4.894499999999999962e-01
1.013519999999999982e+03, -1.062829999999999941e+00
1.013529999999999973e+03, -3.451859999999999928e-01
1.013549999999999955e+03, -7.004850000000000243e-01
1.013570000000000050e+03, -5.170000000000000151e-01
1.013580000000000041e+03, 4.606629999999999892e-01
1.013600000000000023e+03, 3.951700000000000212e-01
1.013620000000000005e+03, 5.620979999999999865e-01
1.013629999999999995e+03, 1.152330000000000021e-01
1.013649999999999977e+03, 1.047520000000000007e+00
1.013669999999999959e+03, 1.086260000000000003e+00
1.013679999999999950e+03, -1.839210000000000012e+00
1.013700000000000045e+03, -5.385980000000000212e-01
1.013720000000000027e+03, -1.374570000000000070e+00
1.013730000000000018e+03, 3.122500000000000275e-01
1.013750000000000000e+03, -4.199470000000000286e-02
1.013769999999999982e+03, 4.998879999999999990e-01
1.013779999999999973e+03, -4.249689999999999857e-01
1.013799999999999955e+03, -3.756360000000000254e-01
1.013820000000000050e+03, 8.948049999999999615e-01
1.013830000000000041e+03, 1.203400000000000025e-01
1.013850000000000023e+03, -1.579760000000000053e-01
1.013870000000000005e+03, 3.884190000000000142e-01
1.013879999999999995e+03, -1.871790000000000065e+00
1.013899999999999977e+03, -4.546160000000000201e-01
1.013919999999999959e+03, 2.048659999999999926e-01
1.013929999999999950e+03, 8.996520000000000072e-01
1.013950000000000045e+03, 1.232690000000000063e+00
1.013970000000000027e+03, 3.864630000000000010e-01
1.013980000000000018e+03, 5.591929999999999817e-02
1.014000000000000000e+03, -2.228479999999999905e-01
1.014019999999999982e+03, -1.231249999999999956e+00
1.014029999999999973e+03, -1.031259999999999954e-01
1.014049999999999955e+03, -5.020799999999999708e-01
1.014070000000000050e+03, 6.823850000000000193e-01
1.014080000000000041e+03, 9.366299999999999626e-01
1.014100000000000023e+03, 5.100299999999999834e-01
1.014120000000000005e+03, -3.934290000000000009e-02
1.014129999999999995e+03, -8.396519999999999539e-01
1.014149999999999977e+03, -2.780639999999999779e-01
1.014169999999999959e+03, -4.111239999999999895e-01
1.014179999999999950e+03, 3.517629999999999924e-01
1.014200000000000045e+03, 6.344500000000000139e-02
1.014220000000000027e+03, 3.177050000000000152e-01
1.014230000000000018e+03, 3.019370000000000109e-01
1.014250000000000000e+03, 8.640419999999999767e-01
1.014269999999999982e+03, -2.775779999999999914e-01
1.014279999999999973e+03, 1.861029999999999962e+00
1.014299999999999955e+03, 1.131039999999999962e-01
1.014320000000000050e+03, 3.768070000000000030e-01
1.014330000000000041e+03, 1.631629999999999914e+00
1.014350000000000023e+03, -3.319480000000000208e-01
1.014370000000000005e+03, 7.314709999999999823e-01
1.014379999999999995e+03, 6.199770000000000281e-02
1.014399999999999977e+03, 7.460710000000000397e-01
1.014419999999999959e+03, -8.216750000000000442e-01
1.014429999999999950e+03, -4.005899999999999739e-02
1.014450000000000045e+03, -6.114619999999999500e-01
1.014470000000000027e+03, 9.066089999999999982e-01
1.014480000000000018e+03, 5.242080000000000073e-01
1.014500000000000000e+03, 2.339179999999999870e-01
1.014519999999999982e+03, -7.339240000000000208e-01
1.014529999999999973e+03, 4.447670000000000234e-01
1.014549999999999955e+03, 7.666589999999999516e-02
1.014570000000000050e+03, -4.592999999999999861e-01
1.014580000000000041e+03, 2.083000000000000185e+00
1.014600000000000023e+03, 2.073319999999999830e+00
1.014620000000000005e+03, -1.183040000000000092e+00
1.014629999999999995e+03, -1.189140000000000058e-01
1.014649999999999977e+03, -1.318100000000000049e+00
1.014669999999999959e+03, -2.450519999999999921e-01
1.014679999999999950e+03, -3.879739999999999855e-01
1.014700000000000045e+03, -6.404990000000000405e-01
1.014720000000000027e+03, -3.540849999999999831e-01
1.014730000000000018e+03, -5.923840000000000217e-01
1.014750000000000000e+03, -9.759219999999999562e-01
1.014769999999999982e+03, 1.267830000000000013e+00
1.014779999999999973e+03, 9.607470000000000176e-01
1.014799999999999955e+03, 1.463700000000000001e+00
1.014820000000000050e+03, 8.497810000000000086e-01
1.014830000000000041e+03, -1.455929999999999946e+00
1.014850000000000023e+03, 7.036839999999999762e-01
1.014870000000000005e+03, 3.276749999999999940e-01
1.014879999999999995e+03, 4.797150000000000025e-01
1.014899999999999977e+03, -2.792930000000000135e-01
1.014919999999999959e+03, -1.733230000000000048e+00
1.014929999999999950e+03, -5.834849999999999759e-02
1.014950000000000045e+03, 1.267099999999999893e+00
1.014970000000000027e+03, 3.417660000000000142e-01
1.014980000000000018e+03, 8.619780000000000497e-02
1.015000000000000000e+03, 7.837929999999999897e-02
1.015019999999999982e+03, -3.416989999999999750e-01
1.015029999999999973e+03, -1.081050000000000066e+00
1.015049999999999955e+03, -6.433750000000000302e-01
1.015070000000000050e+03, 9.860050000000000845e-04
1.015080000000000041e+03, 6.688549999999999773e-01
1.015100000000000023e+03, -6.464940000000000131e-01
1.015120000000000005e+03, 3.243349999999999705e-02
1.015129999999999995e+03, -8.557660000000000267e-01
1.015149999999999977e+03, 9.155659999999999910e-01
1.015169999999999959e+03, -5.540069999999999717e-02
1.015179999999999950e+03, -1.152689999999999992e+00
1.015200000000000045e+03, -4.416340000000000265e-01
1.015220000000000027e+03, -2.338200000000000001e-01
1.015230000000000018e+03, 1.950369999999999937e+00
1.015250000000000000e+03, 3.839370000000000283e-02
1.015269999999999982e+03, -2.835719999999999907e-01
1.015279999999999973e+03, -1.004040000000000044e+00
1.015299999999999955e+03, -7.545760000000000245e-01
1.015320000000000050e+03, 6.086579999999999768e-02
1.015330000000000041e+03, 6.541360000000000507e-01
1.015350000000000023e+03, -2.050490000000000090e-01
1.015370000000000005e+03, -4.100790000000000268e-01
1.015379999999999995e+03, -9.069840000000000124e-01
1.015399999999999977e+03, 2.129159999999999942e-01
1.015419999999999959e+03, -4.806250000000000244e-01
1.015429999999999950e+03, -6.124789999999999957e-01
1.015450000000000045e+03, -2.225310000000000066e-01
1.015470000000000027e+03, -1.875890000000000057e-01
1.015480000000000018e+03, -6.560930000000000407e-03
1.015500000000000000e+03, -2.802810000000000024e-01
1.015519999999999982e+03, 6.124239999999999684e-01
1.015529999999999973e+03, -4.798819999999999752e-01
1.015549999999999955e+03, 6.838610000000000522e-01
1.015570000000000050e+03, -2.564100000000000060e-02
1.015580000000000041e+03, 1.925610000000000099e-01
1.015600000000000023e+03, 3.554930000000000034e-01
1.015620000000000005e+03, 2.669880000000000031e-01
1.015629999999999995e+03, -4.727469999999999728e-01
1.015649999999999977e+03, 4.883750000000000036e-01
1.015669999999999959e+03, -3.439119999999999955e-01
1.015679999999999950e+03, 2.801960000000000006e-01
1.015700000000000045e+03, -6.054009999999999669e-01
1.015720000000000027e+03, 7.240050000000000097e-01
1.015730000000000018e+03, 2.424520000000000008e-01
1.015750000000000000e+03, -3.673100000000000254e-01
1.015769999999999982e+03, 6.106449999999999934e-01
1.015779999999999973e+03, 9.039749999999999730e-01
1.015799999999999955e+03, -9.398720000000000685e-02
1.015820000000000050e+03, -5.490789999999999837e-01
1.015830000000000041e+03, -3.006659999999999888e-01
1.015850000000000023e+03, -7.056729999999999947e-01
1.015870000000000005e+03, -1.044429999999999970e+00
1.015879999999999995e+03, 8.631630000000000136e-01
1.015899999999999977e+03, 8.314409999999999856e-01
1.015919999999999959e+03, 2.109280000000000044e-01
1.015929999999999950e+03, -6.763299999999999867e-01
1.015950000000000045e+03, 1.082859999999999934e+00
1.015970000000000027e+03, -7.299459999999999837e-01
1.015980000000000018e+03, -2.573059999999999792e-01
1.016000000000000000e+03, -1.143369999999999997e+00
1.016019999999999982e+03, 1.172639999999999905e+00
1.016029999999999973e+03, -2.404139999999999888e-01
1.016049999999999955e+03, 6.398850000000000371e-01
1.016070000000000050e+03, 1.326549999999999896e+00
1.016080000000000041e+03, -1.918960000000000110e-01
1.016100000000000023e+03, 2.999820000000000264e-01
1.016120000000000005e+03, 6.252060000000000395e-01
1.016129999999999995e+03, -5.577830000000000288e-01
1.016149999999999977e+03, -1.139459999999999917e+00
1.016169999999999959e+03, -7.503969999999999807e-01
1.016179999999999950e+03, 1.207049999999999956e+00
1.016200000000000045e+03, -7.092400000000000093e-02
1.016220000000000027e+03, -2.422340000000000049e-01
1.016230000000000018e+03, -5.193999999999999728e-01
1.016250000000000000e+03, -7.697330000000000005e-01
1.016269999999999982e+03, -6.631489999999999885e-01
1.016279999999999973e+03, 6.932190000000000296e-01
1.016299999999999955e+03, 6.352200000000000069e-01
1.016320000000000050e+03, 3.226319999999999744e-01
1.016330000000000041e+03, 9.700429999999999886e-01
1.016350000000000023e+03, -3.620559999999999889e-01
1.016370000000000005e+03, 1.453309999999999880e-01
1.016379999999999995e+03, 3.143230000000000190e-01
1.016399999999999977e+03, -6.187019999999999742e-01
1.016419999999999959e+03, -2.883009999999999740e-01
1.016429999999999950e+03, -1.232380000000000031e+00
1.016450000000000045e+03, -7.182060000000000111e-01
1.016470000000000027e+03, 4.699729999999999741e-01
1.016480000000000018e+03, 6.373550000000000049e-01
1.016500000000000000e+03, 2.158640000000000114e+00
1.016519999999999982e+03, -3.666329999999999867e-01
1.016529999999999973e+03, 1.362559999999999993e+00
1.016549999999999955e+03, 1.410870000000000068e+00
1.016570000000000050e+03, 1.355639999999999970e-02
1.016580000000000041e+03, 6.043840000000000323e-01
1.016600000000000023e+03, -7.553520000000000234e-01
1.016620000000000005e+03, -2.747939999999999827e-01
1.016629999999999995e+03, 5.261010000000000408e-01
1.016649999999999977e+03, 4.523889999999999856e-01
1.016669999999999959e+03, -1.208809999999999940e+00
1.016679999999999950e+03, -1.127709999999999990e+00
1.016700000000000045e+03, -2.165550000000000086e+00
1.016720000000000027e+03, -9.936319999999999597e-01
1.016730000000000018e+03, -1.227880000000000082e+00
1.016750000000000000e+03, -8.725299999999999723e-02
1.016769999999999982e+03, 3.285009999999999875e-01
1.016779999999999973e+03, -1.974650000000000016e-01
1.016799999999999955e+03, -4.727500000000000036e-01
1.016820000000000050e+03, 7.411729999999999707e-01
1.016830000000000041e+03, -1.888640000000000041e-01
1.016850000000000023e+03, 1.001260000000000039e+00
1.016870000000000005e+03, 5.181050000000000377e-01
1.016879999999999995e+03, 1.565529999999999977e-01
1.016899999999999977e+03, -5.604909999999999615e-01
1.016919999999999959e+03, 1.156160000000000077e+00
1.016929999999999950e+03, 1.096130000000000049e+00
1.016950000000000045e+03, 8.567979999999999485e-01
1.016970000000000027e+03, -1.223929999999999962e+00
1.016980000000000018e+03, -9.274769999999999959e-01
1.017000000000000000e+03, -7.139680000000000470e-01
1.017019999999999982e+03, 8.098790000000000155e-01
1.017029999999999973e+03, -1.184049999999999964e-01
1.017049999999999955e+03, 6.172130000000000116e-01
1.017070000000000050e+03, 4.858430000000000248e-01
1.017080000000000041e+03, -8.345650000000000013e-01
1.017100000000000023e+03, -1.544909999999999894e-01
1.017120000000000005e+03, -5.276680000000000259e-02
1.017129999999999995e+03, -1.863350000000000006e-01
1.017149999999999977e+03, -1.479219999999999979e+00
1.017169999999999959e+03, -1.193049999999999944e+00
1.017179999999999950e+03, -3.484780000000000100e-01
1.017200000000000045e+03, 8.259800000000000475e-01
1.017220000000000027e+03, 1.368430000000000035e+00
1.017230000000000018e+03, 1.351480000000000015e+00
1.017250000000000000e+03, -1.821369999999999933e+00
1.017269999999999982e+03, -2.925490000000000035e-01
1.017279999999999973e+03, -1.708420000000000050e+00
1.017299999999999955e+03, 6.229770000000000030e-01
1.017320000000000050e+03, -1.148279999999999967e+00
1.017330000000000041e+03, -2.325959999999999972e-01
1.017350000000000023e+03, 8.815860000000000363e-02
1.017370000000000005e+03, -5.359140000000000015e-01
1.017379999999999995e+03, 3.468419999999999837e-01
1.017399999999999977e+03, 1.156400000000000095e+00
1.017419999999999959e+03, 2.532859999999999973e-02
1.017429999999999950e+03, 3.031479999999999730e-01
1.017450000000000045e+03, 1.186350000000000016e+00
1.017470000000000027e+03, 1.962350000000000039e+00
1.017480000000000018e+03, -1.640269999999999895e+00
1.017500000000000000e+03, 5.368150000000000421e-01
1.017519999999999982e+03, -1.545529999999999959e-01
1.017529999999999973e+03, -1.055180000000000007e-01
1.017549999999999955e+03, -2.147249999999999853e-02
1.017570000000000050e+03, -4.328380000000000005e-01
1.017580000000000041e+03, -4.688319999999999987e-02
1.017600000000000023e+03, 4.247400000000000064e-01
1.017620000000000005e+03, -1.030469999999999997e+00
1.017629999999999995e+03, 6.511719999999999731e-01
1.017649999999999977e+03, -8.599269999999999969e-01
1.017669999999999959e+03, -1.072869999999999935e-01
1.017679999999999950e+03, 1.990869999999999918e+00
1.017700000000000045e+03, 1.148840000000000083e+00
1.017720000000000027e+03, 4.788029999999999786e-01
1.017730000000000018e+03, 2.347019999999999940e-01
1.017750000000000000e+03, -4.871630000000000127e-01
1.017769999999999982e+03, -5.070540000000000047e-01
1.017779999999999973e+03, -1.255410000000000137e-01
1.017799999999999955e+03, -1.133780000000000010e+00
1.017820000000000050e+03, -9.998939999999999495e-01
1.017830000000000041e+03, -9.119890000000000496e-01
1.017850000000000023e+03, -1.004469999999999974e+00
1.017870000000000005e+03, -7.862409999999999677e-01
1.017879999999999995e+03, 9.696000000000000174e-01
1.017899999999999977e+03, 9.151049999999999462e-01
1.017919999999999959e+03, 2.499570000000000125e-01
1.017929999999999950e+03, -6.078040000000000109e-01
1.017950000000000045e+03, -1.937520000000000076e-01
1.017970000000000027e+03, 9.275799999999999601e-01
1.017980000000000018e+03, -1.341920000000000002e+00
1.018000000000000000e+03, 1.012729999999999908e+00
1.018019999999999982e+03, 8.611159999999999926e-01
1.018029999999999973e+03, -1.432789999999999897e-01
1.018049999999999955e+03, -1.278650000000000064e-01
1.018070000000000050e+03, 7.864480000000000082e-02
1.018080000000000041e+03, -8.996009999999999840e-01
1.018100000000000023e+03, -1.738329999999999875e-01
1.018120000000000005e+03, 1.361590000000000023e-01
1.018129999999999995e+03, 6.069089999999999901e-02
1.018149999999999977e+03, 7.919570000000000221e-01
1.018169999999999959e+03, -2.362450000000000105e-01
1.018179999999999950e+03, 1.343600000000000003e-02
1.018200000000000045e+03, -8.092019999999999769e-02
1.018220000000000027e+03, -6.252090000000000147e-01
1.018230000000000018e+03, 2.859909999999999952e-01
1.018250000000000000e+03, 1.613989999999999869e-01
1.018269999999999982e+03, -3.704810000000000048e-01
1.018279999999999973e+03, 4.902850000000000263e-01
1.018299999999999955e+03, 1.330249999999999932e+00
1.018320000000000050e+03, -5.795270000000000282e-02
1.018330000000000041e+03, -5.923070000000000279e-01
1.018350000000000023e+03, -6.040069999999999606e-01
1.018370000000000005e+03, -2.757709999999999884e-01
1.018379999999999995e+03, -2.829059999999999908e-01
1.018399999999999977e+03, 9.130599999999999827e-01
1.018419999999999959e+03, 1.060040000000000093e+00
1.018429999999999950e+03, 9.660640000000000338e-01
1.018450000000000045e+03, 9.691849999999999632e-01
1.018470000000000027e+03, -1.133189999999999920e+00
1.018480000000000018e+03, -1.833329999999999960e-01
1.018500000000000000e+03, -8.560240000000000071e-01
1.018519999999999982e+03, 1.763069999999999915e-01
1.018529999999999973e+03, -5.847360000000000335e-01
1.018549999999999955e+03, 2.633599999999999830e-02
1.018570000000000050e+03, 7.532619999999999594e-02
1.018580000000000041e+03, 8.357259999999999689e-01
1.018600000000000023e+03, -1.587369999999999892e-01
1.018620000000000005e+03, 1.333949999999999969e+00
1.018629999999999995e+03, 1.249719999999999942e+00
1.018649999999999977e+03, 8.549460000000000393e-02
1.018669999999999959e+03, 1.871259999999999868e-01
1.018679999999999950e+03, -3.852030000000000176e-01
1.018700000000000045e+03, 1.427299999999999958e-01
1.018720000000000027e+03, -4.710269999999999735e-01
1.018730000000000018e+03, -3.961270000000000069e-01
1.018750000000000000e+03, -5.987179999999999724e-01
1.018769999999999982e+03, -5.945960000000000134e-01
1.018779999999999973e+03, -3.895069999999999921e-01
1.018799999999999955e+03, -1.800299999999999956e-01
1.018820000000000050e+03, 2.663329999999999864e-01
1.018830000000000041e+03, 1.420639999999999903e+00
1.018850000000000023e+03, -1.083259999999999890e+00
1.018870000000000005e+03, -9.502080000000000526e-01
1.018879999999999995e+03, -2.035740000000000050e-01
1.018899999999999977e+03, -1.109320000000000028e-01
1.018919999999999959e+03, 3.739589999999999859e-01
1.018929999999999950e+03, -5.512890000000000290e-01
1.018950000000000045e+03, 1.032160000000000022e-01
1.018970000000000027e+03, -7.190360000000000085e-01
1.018980000000000018e+03, 5.576569999999999583e-01
1.019000000000000000e+03, -5.692829999999999835e-01
1.019019999999999982e+03, 1.028310000000000057e+00
1.019029999999999973e+03, 8.226250000000000506e-01
1.019049999999999955e+03, 5.586729999999999752e-01
1.019070000000000050e+03, 1.274720000000000075e+00
1.019080000000000041e+03, -3.503680000000000128e-01
1.019100000000000023e+03, -4.866030000000000078e-01
1.019120000000000005e+03, -4.462789999999999813e-01
1.019129999999999995e+03, -2.435489999999999877e-01
1.019149999999999977e+03, 1.510299999999999976e+00
1.019169999999999959e+03, 1.106389999999999985e+00
1.019179999999999950e+03, 2.761119999999999894e-02
1.019200000000000045e+03, -3.726889999999999925e-01
1.019220000000000027e+03, -1.061239999999999961e+00
1.019230000000000018e+03, -1.081620000000000026e+00
1.019250000000000000e+03, -1.379699999999999926e+00
1.019269999999999982e+03, 5.486490000000000533e-01
1.019279999999999973e+03, -5.318079999999999474e-01
1.019299999999999955e+03, 2.969969999999999902e-02
1.019320000000000050e+03, -8.237909999999999677e-02
1.019330000000000041e+03, 1.817300000000000026e-01
1.019350000000000023e+03, 4.297290000000000276e-01
1.019370000000000005e+03, -8.109859999999999847e-01
1.019379999999999995e+03, 4.989350000000000174e-01
1.019399999999999977e+03, 9.375360000000000360e-01
1.019419999999999959e+03, -3.051360000000000183e-01
1.019429999999999950e+03, 2.555930000000000146e-01
1.019450000000000045e+03, -1.041889999999999983e+00
1.019470000000000027e+03, -6.314250000000000140e-01
1.019480000000000018e+03, -1.958060000000000182e-03
1.019500000000000000e+03, -5.773470000000000546e-01
1.019519999999999982e+03, -7.070269999999999333e-02
1.019529999999999973e+03, 2.654949999999999810e-01
1.019549999999999955e+03, 7.118820000000000148e-01
1.019570000000000050e+03, 9.735580000000000345e-01
1.019580000000000041e+03, 9.348979999999999790e-03
1.019600000000000023e+03, -2.133220000000000116e+00
1.019620000000000005e+03, -4.674679999999999946e-01
1.019629999999999995e+03, -7.735990000000000366e-01
1.019649999999999977e+03, 2.351080000000000114e-01
1.019669999999999959e+03, 5.958080000000000043e-01
1.019679999999999950e+03, 6.674940000000000317e-01
1.019700000000000045e+03, -1.345979999999999920e-02
1.019720000000000027e+03, -6.553889999999999993e-01
1.019730000000000018e+03, -6.119770000000000071e-02
1.019750000000000000e+03, -3.273289999999999811e-01
1.019769999999999982e+03, -2.127209999999999934e-01
1.019779999999999973e+03, 1.404689999999999932e-02
1.019799999999999955e+03, 1.117899999999999894e+00
1.019820000000000050e+03, -2.747510000000000230e-01
1.019830000000000041e+03, 1.510559999999999903e+00
1.019850000000000023e+03, 5.829609999999999514e-01
1.019870000000000005e+03, -7.093030000000000168e-01
1.019879999999999995e+03, -1.164029999999999898e+00
1.019899999999999977e+03, -2.854269999999999863e-01
1.019919999999999959e+03, 1.560980000000000034e+00
1.019929999999999950e+03, -8.362270000000000536e-01
1.019950000000000045e+03, -2.238110000000000099e-01
1.019970000000000027e+03, -4.707390000000000185e-01
1.019980000000000018e+03, 9.679419999999999691e-01
1.020000000000000000e+03, 1.125080000000000080e+00
1.020019999999999982e+03, 1.660760000000000014e+00
1.020029999999999973e+03, 1.344840000000000035e+00
1.020049999999999955e+03, -2.470810000000000020e-02
1.020070000000000050e+03, -3.535519999999999774e-01
1.020080000000000041e+03, 5.900360000000000049e-01
1.020100000000000023e+03, 7.350130000000000274e-01
1.020120000000000005e+03, -1.617079999999999906e-02
1.020129999999999995e+03, -4.169329999999999981e-01
1.020149999999999977e+03, -4.485480000000000023e-01
1.020169999999999959e+03, -1.983439999999999925e-01
1.020179999999999950e+03, -1.410190000000000055e+00
1.020200000000000045e+03, -1.607359999999999900e-01
1.020220000000000027e+03, -4.845999999999999752e-01
1.020230000000000018e+03, -4.067200000000000260e-01
1.020250000000000000e+03, -3.672949999999999826e-02
1.020269999999999982e+03, 4.685819999999999985e-01
1.020279999999999973e+03, 6.805200000000000138e-01
1.020299999999999955e+03, -3.362649999999999806e-01
1.020320000000000050e+03, -4.149059999999999970e-01
1.020330000000000041e+03, 1.330500000000000016e-01
1.020350000000000023e+03, -1.846710000000000074e+00
1.020370000000000005e+03, -1.487069999999999892e+00
1.020379999999999995e+03, 8.818939999999999557e-01
1.020399999999999977e+03, -2.711310000000000109e-01
1.020419999999999959e+03, -8.609029999999999461e-02
1.020429999999999950e+03, 9.146459999999999591e-01
1.020450000000000045e+03, 7.299820000000000197e-01
1.020470000000000027e+03, 1.525569999999999982e-01
1.020480000000000018e+03, -1.370759999999999978e+00
1.020500000000000000e+03, 5.075199999999999712e-01
1.020519999999999982e+03, 6.519899999999999585e-01
1.020529999999999973e+03, -9.810170000000000001e-02
1.020549999999999955e+03, 3.039740000000000150e-02
1.020570000000000050e+03, -5.627849999999999797e-01
1.020580000000000041e+03, -1.779719999999999969e+00
1.020600000000000023e+03, -4.673619999999999997e-01
1.020620000000000005e+03, 5.922340000000000382e-01
1.020629999999999995e+03, 5.580049999999999732e-01
1.020649999999999977e+03, 2.344600000000000017e-01
1.020669999999999959e+03, -7.568930000000000380e-01
1.020679999999999950e+03, 3.361100000000000199e-01
1.020700000000000045e+03, -6.381959999999999855e-01
1.020720000000000027e+03, 5.868609999999999660e-01
1.020730000000000018e+03, 4.214579999999999993e-01
1.020750000000000000e+03, 3.117869999999999808e-01
1.020769999999999982e+03, -1.085519999999999957e-01
1.020779999999999973e+03, 8.524559999999999915e-01
1.020799999999999955e+03, 4.438250000000000250e-01
1.020820000000000050e+03, 1.243339999999999890e+00
1.020830000000000041e+03, 1.321869999999999989e-01
1.020850000000000023e+03, 1.460080000000000044e+00
1.020870000000000005e+03, -2.015870000000000051e+00
1.020879999999999995e+03, -7.075820000000000443e-01
1.020899999999999977e+03, -2.342639999999999834e+00
1.020919999999999959e+03, -9.081209999999999560e-01
1.020929999999999950e+03, 4.983469999999999844e-01
1.020950000000000045e+03, 3.830169999999999964e-01
1.020970000000000027e+03, 2.664219999999999922e-01
1.020980000000000018e+03, -9.199580000000000535e-01
1.021000000000000000e+03, 7.086890000000000134e-01
1.021019999999999982e+03, -6.409000000000000252e-01
1.021029999999999973e+03, -1.221769999999999939e-01
1.021049999999999955e+03, 1.513989999999999947e+00
1.021070000000000050e+03, 7.345180000000000042e-01
1.021080000000000041e+03, 1.912679999999999936e-01
1.021100000000000023e+03, -3.009709999999999885e-01
1.021120000000000005e+03, -1.255449999999999955e+00
1.021129999999999995e+03, -2.295540000000000080e-01
1.021149999999999977e+03, -9.418630000000000058e-01
1.021169999999999959e+03, 1.168390000000000040e+00
1.021179999999999950e+03, -1.308019999999999960e+00
1.021200000000000045e+03, -9.897409999999999819e-01
1.021220000000000027e+03, -1.076689999999999925e+00
1.021230000000000018e+03, -5.136730000000000462e-01
1.021250000000000000e+03, -5.829349999999999810e-01
1.021269999999999982e+03, -1.097950000000000037e-01
1.021279999999999973e+03, 1.311440000000000106e-01
1.021299999999999955e+03, -5.892990000000000173e-01
1.021320000000000050e+03, -1.924220000000000097e-01
1.021330000000000041e+03, 2.947440000000000060e-01
1.021350000000000023e+03, 1.348249999999999948e+00
1.021370000000000005e+03, 1.031789999999999985e+00
1.021379999999999995e+03, 1.162789999999999990e+00
1.021399999999999977e+03, 2.351800000000000002e-01
1.021419999999999959e+03, -1.367279999999999884e-01
1.021429999999999950e+03, 3.267049999999999815e-02
1.021450000000000045e+03, -9.380169999999999897e-01
1.021470000000000027e+03, -1.525260000000000060e+00
1.021480000000000018e+03, -9.906740000000000546e-01
1.021500000000000000e+03, -9.331190000000000317e-01
1.021519999999999982e+03, -7.389050000000000340e-01
1.021529999999999973e+03, 7.071389999999999620e-01
1.021549999999999955e+03, 3.503990000000000160e-01
1.021570000000000050e+03, 8.551830000000000265e-01
1.021580000000000041e+03, -1.337159999999999904e+00
1.021600000000000023e+03, 9.649649999999999617e-01
1.021620000000000005e+03, 9.441570000000000240e-01
1.021629999999999995e+03, 4.388150000000000106e-01
1.021649999999999977e+03, 1.566629999999999967e+00
1.021669999999999959e+03, 4.739920000000000244e-01
1.021679999999999950e+03, -5.141010000000000302e-01
1.021700000000000045e+03, -2.058679999999999954e-01
1.021720000000000027e+03, -1.252280000000000060e+00
1.021730000000000018e+03, -3.947470000000000145e-01
1.021750000000000000e+03, 1.275499999999999967e-01
1.021769999999999982e+03, 9.586789999999999479e-01
1.021779999999999973e+03, 1.241440000000000099e+00
1.021799999999999955e+03, -2.624639999999999751e-01
1.021820000000000050e+03, -6.608630000000000060e-02
1.021830000000000041e+03, -1.024799999999999933e+00
1.021850000000000023e+03, -1.344390000000000029e-01
1.021870000000000005e+03, 2.365369999999999973e-01
1.021879999999999995e+03, 1.233319999999999972e+00
1.021899999999999977e+03, 2.230330000000000090e-01
1.021919999999999959e+03, 1.245430000000000037e+00
1.021929999999999950e+03, -2.840630000000000099e-01
1.021950000000000045e+03, 1.829129999999999923e-01
1.021970000000000027e+03, -1.129839999999999955e+00
1.021980000000000018e+03, -8.125280000000000280e-01
1.022000000000000000e+03, 6.201539999999999830e-01
1.022019999999999982e+03, -4.442760000000000042e-01
1.022029999999999973e+03, 4.037089999999999845e-01
1.022049999999999955e+03, 1.139310000000000045e-01
1.022070000000000050e+03, 3.605650000000000244e-01
1.022080000000000041e+03, 3.758739999999999859e-01
1.022100000000000023e+03, 1.497940000000000105e-01
1.022120000000000005e+03, 7.678180000000000005e-01
1.022129999999999995e+03, 2.261449999999999960e+00
1.022149999999999977e+03, 8.436879999999999935e-01
1.022169999999999959e+03, 1.813559999999999894e-01
1.022179999999999950e+03, -1.184180000000000010e+00
1.022200000000000045e+03, 6.561859999999999915e-02
1.022220000000000027e+03, -1.131000000000000005e+00
1.022230000000000018e+03, -3.950730000000000075e-01
1.022250000000000000e+03, -8.284799999999999942e-01
1.022269999999999982e+03, -2.617369999999999974e-01
1.022279999999999973e+03, 2.468629999999999991e-01
1.022299999999999955e+03, 1.737389999999999990e+00
1.022320000000000050e+03, 7.080670000000000019e-01
1.022330000000000041e+03, 1.085180000000000033e+00
1.022350000000000023e+03, 3.504109999999999864e-02
1.022370000000000005e+03, -4.446990000000000109e-01
1.022379999999999995e+03, -1.033090000000000064e+00
1.022399999999999977e+03, 9.781779999999999919e-01
1.022419999999999959e+03, 4.918509999999999827e-01
1.022429999999999950e+03, -7.768669999999999742e-01
1.022450000000000045e+03, 7.168839999999999657e-01
1.022470000000000027e+03, 2.166919999999999957e-01
1.022480000000000018e+03, 3.384360000000000146e-01
1.022500000000000000e+03, -7.696260000000000323e-01
1.022519999999999982e+03, -1.450160000000000060e-01
1.022529999999999973e+03, 1.973179999999999934e-01
1.022549999999999955e+03, 1.476369999999999960e+00
1.022570000000000050e+03, -4.760889999999999844e-01
1.022580000000000041e+03, 9.279629999999999823e-01
1.022600000000000023e+03, 4.716170000000000084e-01
1.022620000000000005e+03, -2.094540000000000013e-01
1.022629999999999995e+03, 5.675860000000000349e-01
1.022649999999999977e+03, -1.077190000000000092e+00
1.022669999999999959e+03, 6.589530000000000109e-01
1.022679999999999950e+03, 1.503030000000000088e+00
1.022700000000000045e+03, 1.679559999999999942e-01
1.022720000000000027e+03, -4.032350000000000101e-01
1.022730000000000018e+03, -8.400009999999999977e-01
1.022750000000000000e+03, 2.845420000000000171e-01
1.022769999999999982e+03, 1.488010000000000055e+00
1.022779999999999973e+03, -5.865380000000000038e-01
1.022799999999999955e+03, -9.162080000000000224e-02
1.022820000000000050e+03, -6.899760000000000337e-01
1.022830000000000041e+03, -9.498569999999999514e-01
1.022850000000000023e+03, -1.741640000000000132e-01
1.022870000000000005e+03, 3.666429999999999967e-01
1.022879999999999995e+03, -1.209699999999999942e-01
1.022899999999999977e+03, 1.204870000000000108e+00
1.022919999999999959e+03, 1.229510000000000047e-01
1.022929999999999950e+03, 1.086330000000000018e+00
1.022950000000000045e+03, -6.274049999999999905e-01
1.022970000000000027e+03, 6.912690000000000223e-01
1.022980000000000018e+03, 4.748370000000000091e-01
1.023000000000000000e+03, 1.287349999999999883e-01
1.023019999999999982e+03, 6.735970000000000013e-01
1.023029999999999973e+03, 6.221309999999999896e-01
1.023049999999999955e+03, 6.211590000000000167e-01
1.023070000000000050e+03, 2.276289999999999980e-01
1.023080000000000041e+03, -3.579660000000000064e-01
1.023100000000000023e+03, -4.625569999999999959e-01
1.023120000000000005e+03, -5.507859999999999978e-01
1.023129999999999995e+03, -2.886790000000000189e-01
1.023149999999999977e+03, -2.124179999999999957e-01
1.023169999999999959e+03, -4.269530000000000269e-01
1.023179999999999950e+03, 7.400459999999999816e-01
1.023200000000000045e+03, -6.524400000000000199e-01
1.023220000000000027e+03, 8.543009999999999771e-01
1.023230000000000018e+03, 7.346370000000000677e-02
1.023250000000000000e+03, -1.827649999999999997e+00
1.023269999999999982e+03, -3.675669999999999771e-01
1.023279999999999973e+03, 4.244129999999999847e-01
1.023299999999999955e+03, -1.206910000000000066e-01
1.023320000000000050e+03, 6.332370000000000498e-01
1.023330000000000041e+03, -1.671179999999999888e-01
1.023350000000000023e+03, 8.858239999999999448e-01
1.023370000000000005e+03, 7.036620000000000374e-02
1.023379999999999995e+03, -6.832199999999999385e-02
1.023399999999999977e+03, -4.802089999999999970e-01
1.023419999999999959e+03, 2.607550000000000145e-02
1.023429999999999950e+03, 5.213680000000000536e-01
1.023450000000000045e+03, 1.988020000000000065e-01
1.023470000000000027e+03, -1.168949999999999934e+00
1.023480000000000018e+03, -7.153420000000000334e-01
1.023500000000000000e+03, 5.256060000000000176e-01
1.023519999999999982e+03, -8.242540000000000422e-01
1.023529999999999973e+03, 8.126160000000000050e-01
1.023549999999999955e+03, -7.932310000000000194e-01
1.023570000000000050e+03, -2.489530000000000076e-01
1.023580000000000041e+03, 3.383289999999999909e-01
1.023600000000000023e+03, -2.044779999999999931e-01
1.023620000000000005e+03, -1.051579999999999959e+00
1.023629999999999995e+03, -5.433390000000000164e-01
1.023649999999999977e+03, 5.644909999999999650e-01
1.023669999999999959e+03, 1.671999999999999931e+00
1.023679999999999950e+03, 6.690519999999999801e-01
1.023700000000000045e+03, -2.416369999999999907e-01
1.023720000000000027e+03, -2.414280000000000037e-01
1.023730000000000018e+03, -3.959799999999999986e-01
1.023750000000000000e+03, -2.463029999999999942e-01
1.023769999999999982e+03, 5.434240000000000181e-01
1.023779999999999973e+03, -1.939970000000000062e-03
1.023799999999999955e+03, -7.263309999999999489e-01
1.023820000000000050e+03, -5.526199999999999862e-02
1.023830000000000041e+03, 1.924440000000000039e-01
1.023850000000000023e+03, 3.951129999999999920e-01
1.023870000000000005e+03, 8.063599999999999657e-01
1.023879999999999995e+03, 6.251309999999999922e-01
1.023899999999999977e+03, 4.113510000000000222e-01
1.023919999999999959e+03, -1.042550000000000088e+00
1.023929999999999950e+03, -3.957879999999999732e-01
1.023950000000000045e+03, -8.525000000000000633e-02
1.023970000000000027e+03, -1.182339999999999947e+00
1.023980000000000018e+03, 4.311400000000000232e-01
1.024000000000000000e+03, 1.320030000000000092e-01
1.024019999999999982e+03, 1.495049999999999990e+00
1.024029999999999973e+03, 5.023790000000000200e-01
1.024049999999999955e+03, 7.516990000000000061e-01
1.024069999999999936e+03, 7.144110000000000182e-01
1.024079999999999927e+03, -1.509609999999999896e+00
1.024099999999999909e+03, -1.179840000000000000e+00
1.024119999999999891e+03, 7.588840000000000030e-01
1.024130000000000109e+03, 1.028389999999999915e+00
1.024150000000000091e+03, 5.991950000000000331e-01
1.024170000000000073e+03, 7.017459999999999809e-01
1.024180000000000064e+03, 6.661359999999999504e-01
1.024200000000000045e+03, -7.788709999999999800e-01
1.024220000000000027e+03, -8.942639999999999478e-01
1.024230000000000018e+03, -2.779440000000000244e-01
1.024250000000000000e+03, -7.277240000000000375e-01
1.024269999999999982e+03, -1.007400000000000073e+00
1.024279999999999973e+03, -7.224739999999999496e-01
1.024299999999999955e+03, 3.234090000000000020e-01
1.024319999999999936e+03, 5.759210000000000163e-01
1.024329999999999927e+03, 3.973780000000000090e-01
1.024349999999999909e+03, -4.876619999999999844e-01
1.024369999999999891e+03, 5.531519999999999770e-01
1.024380000000000109e+03, -7.626700000000000146e-03
1.024400000000000091e+03, 5.299310000000000409e-01
1.024420000000000073e+03, -4.712779999999999747e-01
1.024430000000000064e+03, -2.218920000000000059e-01
1.024450000000000045e+03, 1.002059999999999951e+00
1.024470000000000027e+03, 6.348300000000000054e-01
1.024480000000000018e+03, 6.222659999999999858e-01
1.024500000000000000e+03, 8.272730000000000361e-01
1.024519999999999982e+03, -8.981459999999999444e-02
1.024529999999999973e+03, -5.709089999999999998e-01
1.024549999999999955e+03, -1.284289999999999876e-01
1.024569999999999936e+03, 4.892699999999999827e-01
1.024579999999999927e+03, -1.283279999999999976e-01
1.024599999999999909e+03, -3.909750000000000170e-01
1.024619999999999891e+03, 8.029780000000000251e-02
1.024630000000000109e+03, -1.082680000000000087e+00
1.024650000000000091e+03, -3.115470000000000184e-01
1.024670000000000073e+03, -1.257120000000000015e+00
1.024680000000000064e+03, 1.096310000000000062e-01
1.024700000000000045e+03, -1.965219999999999967e+00
1.024720000000000027e+03, -1.317409999999999970e+00
1.024730000000000018e+03, 2.155070000000000041e-01
1.024750000000000000e+03, -7.944020000000000525e-01
1.024769999999999982e+03, -2.866619999999999932e-02
1.024779999999999973e+03, -2.722419999999999840e-01
1.024799999999999955e+03, 1.609080000000000066e+00
1.024819999999999936e+03, 2.093119999999999981e-01
1.024829999999999927e+03, 1.428169999999999960e-02
1.024849999999999909e+03, -8.859930000000000305e-01
1.024869999999999891e+03, -1.626130000000000075e+00
1.024880000000000109e+03, -1.681119999999999948e+00
1.024900000000000091e+03, -3.642210000000000170e-01
1.024920000000000073e+03, -2.351539999999999964e+00
1.024930000000000064e+03, -3.871209999999999929e-01
1.024950000000000045e+03, -4.142759999999999776e-01
1.024970000000000027e+03, 5.236650000000000471e-01
1.024980000000000018e+03, 3.680780000000000163e-01
1.025000000000000000e+03, -9.152970000000000272e-01
1.025019999999999982e+03, -7.288780000000000259e-01
1.025029999999999973e+03, 4.014759999999999995e-01
1.025049999999999955e+03, -1.212820000000000009e-01
1.025069999999999936e+03, 7.997899999999999454e-02
1.025079999999999927e+03, 7.379970000000000141e-01
1.025099999999999909e+03, 1.467249999999999943e+00
1.025119999999999891e+03, 3.129529999999999812e-01
1.025130000000000109e+03, 4.813250000000000028e-01
1.025150000000000091e+03, -1.807809999999999917e+00
1.025170000000000073e+03, -5.811070000000000402e-01
1.025180000000000064e+03, -8.997880000000000322e-01
1.025200000000000045e+03, -4.717359999999999887e-01
1.025220000000000027e+03, -7.192020000000000080e-01
1.025230000000000018e+03, 2.089490000000000069e+00
1.025250000000000000e+03, 8.325620000000000243e-01
1.025269999999999982e+03, -5.610300000000000287e-01
1.025279999999999973e+03, -4.910390000000000033e-01
1.025299999999999955e+03, -6.485959999999999503e-01
1.025319999999999936e+03, 2.109080000000000121e-01
1.025329999999999927e+03, 3.792299999999999838e-02
1.025349999999999909e+03, -4.654660000000000047e-02
1.025369999999999891e+03, 1.202790000000000026e+00
1.025380000000000109e+03, -1.110069999999999890e+00
1.025400000000000091e+03, 1.112260000000000054e-01
1.025420000000000073e+03, 5.370369999999999866e-01
1.025430000000000064e+03, 2.136979999999999991e-01
1.025450000000000045e+03, -6.767220000000000457e-01
1.025470000000000027e+03, -1.083739999999999926e+00
1.025480000000000018e+03, 1.113129999999999953e-01
1.025500000000000000e+03, 7.790460000000000163e-01
1.025519999999999982e+03, -5.521549999999999514e-01
1.025529999999999973e+03, -2.006249999999999978e-01
1.025549999999999955e+03, 6.382440000000000335e-01
1.025569999999999936e+03, -6.030240000000000045e-01
1.025579999999999927e+03, -4.441700000000000093e-01
1.025599999999999909e+03, 4.810380000000000211e-01
1.025619999999999891e+03, 1.106309999999999905e+00
1.025630000000000109e+03, -1.248439999999999994e+00
1.025650000000000091e+03, -3.294340000000000046e-01
1.025670000000000073e+03, -2.225730000000000069e-02
1.025680000000000064e+03, -4.959729999999999972e-01
1.025700000000000045e+03, -2.125140000000000085e-01
1.025720000000000027e+03, -1.554750000000000021e-01
1.025730000000000018e+03, 2.007990000000000053e-01
1.025750000000000000e+03, 1.181689999999999963e-01
1.025769999999999982e+03, 4.428119999999999834e-01
1.025779999999999973e+03, 1.526609999999999912e-01
1.025799999999999955e+03, 1.817239999999999966e-01
1.025819999999999936e+03, -4.928379999999999983e-01
1.025829999999999927e+03, 5.085250000000000048e-01
1.025849999999999909e+03, 1.841450000000000031e-01
1.025869999999999891e+03, 1.112969999999999932e-01
1.025880000000000109e+03, 8.710639999999999494e-01
1.025900000000000091e+03, 1.290249999999999897e+00
1.025920000000000073e+03, 1.430169999999999941e+00
1.025930000000000064e+03, 4.331720000000000015e-01
1.025950000000000045e+03, 9.856190000000000229e-01
1.025970000000000027e+03, -5.430040000000000422e-01
1.025980000000000018e+03, 2.505510000000000237e-01
1.026000000000000000e+03, 3.203320000000000056e-01
1.026019999999999982e+03, 7.373800000000000354e-01
1.026029999999999973e+03, 5.052529999999999522e-01
1.026049999999999955e+03, 1.593620000000000037e-01
1.026069999999999936e+03, 8.017809999999999659e-01
1.026079999999999927e+03, 1.819709999999999939e-01
1.026099999999999909e+03, -1.141979999999999995e+00
1.026119999999999891e+03, -9.734570000000000167e-01
1.026130000000000109e+03, -9.008389999999999453e-01
1.026150000000000091e+03, 6.334389999999999743e-01
1.026170000000000073e+03, 8.075849999999999973e-01
1.026180000000000064e+03, -2.670739999999999781e-01
1.026200000000000045e+03, 1.072099999999999997e-01
1.026220000000000027e+03, -3.590909999999999935e-01
1.026230000000000018e+03, 1.242920000000000025e+00
1.026250000000000000e+03, 1.379739999999999966e+00
1.026269999999999982e+03, 1.531540000000000123e-01
1.026279999999999973e+03, 6.836449999999999472e-02
1.026299999999999955e+03, -2.593110000000000137e-01
1.026319999999999936e+03, -8.158320000000000016e-01
1.026329999999999927e+03, -3.505519999999999747e-01
1.026349999999999909e+03, -6.314790000000000125e-01
1.026369999999999891e+03, 7.870359999999999578e-01
1.026380000000000109e+03, 5.112799999999999984e-02
1.026400000000000091e+03, -1.812239999999999962e-01
1.026420000000000073e+03, 4.017180000000000195e-01
1.026430000000000064e+03, -1.043109999999999982e+00
1.026450000000000045e+03, 9.944020000000000081e-01
1.026470000000000027e+03, -3.498080000000000078e-01
1.026480000000000018e+03, -6.776849999999999541e-02
1.026500000000000000e+03, -5.722589999999999621e-01
1.026519999999999982e+03, -8.658139999999999725e-01
1.026529999999999973e+03, 9.247429999999999539e-02
1.026549999999999955e+03, -4.807020000000000182e-01
1.026569999999999936e+03, 2.729210000000000247e-01
1.026579999999999927e+03, 8.355519999999999614e-01
1.026599999999999909e+03, 3.619999999999999885e-01
1.026619999999999891e+03, -1.082049999999999956e+00
1.026630000000000109e+03, -9.501810000000000533e-01
1.026650000000000091e+03, -5.742730000000000334e-01
1.026670000000000073e+03, 2.515609999999999791e-01
1.026680000000000064e+03, -1.234429999999999972e-01
1.026700000000000045e+03, -1.649809999999999999e+00
1.026720000000000027e+03, 4.275939999999999741e-01
1.026730000000000018e+03, -6.082539999999999614e-01
1.026750000000000000e+03, -3.844159999999999938e-02
1.026769999999999982e+03, 5.406710000000000127e-01
1.026779999999999973e+03, 2.119069999999999981e-02
1.026799999999999955e+03, 1.002310000000000034e+00
1.026819999999999936e+03, 2.662829999999999919e-01
1.026829999999999927e+03, -4.195010000000000128e-01
1.026849999999999909e+03, -9.792279999999999873e-01
1.026869999999999891e+03, -2.459540000000000060e-01
1.026880000000000109e+03, -3.022150000000000114e-01
1.026900000000000091e+03, -1.196069999999999967e+00
1.026920000000000073e+03, 2.077539999999999942e-02
1.026930000000000064e+03, -6.028080000000000105e-01
1.026950000000000045e+03, 1.380400000000000071e+00
1.026970000000000027e+03, 1.112649999999999917e+00
1.026980000000000018e+03, 9.583199999999999497e-01
1.027000000000000000e+03, 7.562959999999999683e-01
1.027019999999999982e+03, -6.347019999999999884e-01
1.027029999999999973e+03, -1.091099999999999959e+00
1.027049999999999955e+03, -6.077759999999999829e-01
1.027069999999999936e+03, -1.051609999999999934e+00
1.027079999999999927e+03, 7.010399999999999965e-01
1.027099999999999909e+03, -2.459580000000000100e-01
1.027119999999999891e+03, 8.071709999999999718e-01
1.027130000000000109e+03, 6.666940000000000088e-01
1.027150000000000091e+03, 1.010729999999999906e+00
1.027170000000000073e+03, -3.356720000000000259e-01
1.027180000000000064e+03, -1.143710000000000004e+00
1.027200000000000045e+03, -1.445000000000000062e+00
1.027220000000000027e+03, -3.697040000000000048e-02
1.027230000000000018e+03, 6.820979999999999821e-01
1.027250000000000000e+03, 7.444209999999999994e-01
1.027269999999999982e+03, -1.095929999999999994e-02
1.027279999999999973e+03, 8.502469999999999750e-01
1.027299999999999955e+03, -9.564599999999999491e-03
1.027319999999999936e+03, 5.862640000000000073e-01
1.027329999999999927e+03, -2.059580000000000022e-01
1.027349999999999909e+03, -1.218849999999999989e+00
1.027369999999999891e+03, -8.090120000000000644e-02
1.027380000000000109e+03, 1.104559999999999986e+00
1.027400000000000091e+03, 1.657919999999999949e-01
1.027420000000000073e+03, 8.917880000000000251e-01
1.027430000000000064e+03, 4.179269999999999929e-01
1.027450000000000045e+03, 6.455819999999999892e-01
1.027470000000000027e+03, -4.433119999999999838e-01
1.027480000000000018e+03, -6.504720000000000502e-01
1.027500000000000000e+03, 2.624500000000000097e-02
1.027519999999999982e+03, 3.546540000000000109e-02
1.027529999999999973e+03, -1.209209999999999896e+00
1.027549999999999955e+03, 3.115319999999999756e-01
1.027569999999999936e+03, -2.269559999999999911e-01
1.027579999999999927e+03, 1.025589999999999974e-01
1.027599999999999909e+03, -8.565110000000000223e-01
1.027619999999999891e+03, -8.174839999999999884e-01
1.027630000000000109e+03, -4.238720000000000265e-01
1.027650000000000091e+03, -7.063719999999999721e-02
1.027670000000000073e+03, -2.494860000000000133e-01
1.027680000000000064e+03, -9.736660000000000315e-01
1.027700000000000045e+03, -1.023189999999999933e-01
1.027720000000000027e+03, 9.904260000000000286e-01
1.027730000000000018e+03, 5.280599999999999739e-01
1.027750000000000000e+03, -6.356969999999999565e-01
1.027769999999999982e+03, -4.896039999999999837e-01
1.027779999999999973e+03, 8.691200000000000037e-01
1.027799999999999955e+03, 1.095839999999999925e+00
1.027819999999999936e+03, 3.919960000000000111e-01
1.027829999999999927e+03, 9.740029999999999522e-02
1.027849999999999909e+03, 3.528800000000000270e-01
1.027869999999999891e+03, -1.134409999999999918e+00
1.027880000000000109e+03, -3.580229999999999801e-01
1.027900000000000091e+03, 1.262549999999999957e-02
1.027920000000000073e+03, -4.946519999999999806e-01
1.027930000000000064e+03, 4.290530000000000177e-01
1.027950000000000045e+03, 3.532770000000000077e-01
1.027970000000000027e+03, -3.263429999999999942e-01
1.027980000000000018e+03, 1.264820000000000055e+00
1.028000000000000000e+03, 1.811199999999999921e+00
1.028019999999999982e+03, -2.256610000000000005e-01
1.028029999999999973e+03, -6.964339999999999420e-02
1.028049999999999955e+03, -7.782149999999999901e-01
1.028069999999999936e+03, -2.523489999999999900e-01
1.028079999999999927e+03, -3.898949999999999916e-01
1.028099999999999909e+03, 4.389870000000000161e-01
1.028119999999999891e+03, 1.013919999999999932e+00
1.028130000000000109e+03, -8.612530000000000463e-01
1.028150000000000091e+03, 2.663039999999999852e-01
1.028170000000000073e+03, -1.979980000000000073e-01
1.028180000000000064e+03, -1.000529999999999919e+00
1.028200000000000045e+03, 5.201839999999999797e-01
1.028220000000000027e+03, -1.369769999999999932e+00
1.028230000000000018e+03, 8.761529999999999596e-01
1.028250000000000000e+03, 1.421880000000000088e-01
1.028269999999999982e+03, 1.043579999999999952e+00
1.028279999999999973e+03, -4.685830000000000273e-01
1.028299999999999955e+03, -6.594710000000000294e-01
1.028319999999999936e+03, 3.375549999999999939e-01
1.028329999999999927e+03, -2.191450000000000065e-01
1.028349999999999909e+03, 8.067839999999999456e-01
1.028369999999999891e+03, 9.470220000000000304e-01
1.028380000000000109e+03, -5.139200000000000434e-01
1.028400000000000091e+03, -5.291150000000000020e-01
1.028420000000000073e+03, -2.358599999999999863e-01
1.028430000000000064e+03, 1.146829999999999933e-01
1.028450000000000045e+03, -3.766149999999999776e-01
1.028470000000000027e+03, -1.164949999999999930e+00
1.028480000000000018e+03, -1.065439999999999943e+00
1.028500000000000000e+03, 6.630070000000000130e-01
1.028519999999999982e+03, 3.151720000000000216e-02
1.028529999999999973e+03, -8.003569999999999851e-01
1.028549999999999955e+03, -5.769969999999999821e-01
1.028569999999999936e+03, 7.155650000000000066e-01
1.028579999999999927e+03, 5.057279999999999553e-01
1.028599999999999909e+03, 2.750319999999999987e-01
1.028619999999999891e+03, -1.044079999999999897e+00
1.028630000000000109e+03, -1.989329999999999987e-01
1.028650000000000091e+03, 1.646640000000000048e-01
1.028670000000000073e+03, -2.363240000000000063e-01
1.028680000000000064e+03, -5.255509999999999904e-01
1.028700000000000045e+03, 3.700439999999999979e-02
1.028720000000000027e+03, 1.175980000000000025e+00
1.028730000000000018e+03, 1.131299999999999972e+00
1.028750000000000000e+03, 7.732569999999999721e-01
1.028769999999999982e+03, -1.619329999999999936e+00
1.028779999999999973e+03, 5.121769999999999934e-01
1.028799999999999955e+03, 5.821960000000000468e-01
1.028819999999999936e+03, 3.846600000000000019e-01
1.028829999999999927e+03, -8.722999999999999643e-01
1.028849999999999909e+03, 3.965500000000000136e-01
1.028869999999999891e+03, 8.501659999999999773e-01
1.028880000000000109e+03, 1.459940000000000015e+00
1.028900000000000091e+03, 1.616800000000000015e+00
1.028920000000000073e+03, -3.770370000000000110e-01
1.028930000000000064e+03, 5.910050000000000026e-01
1.028950000000000045e+03, 1.617320000000000091e+00
1.028970000000000027e+03, 6.042880000000000473e-01
1.028980000000000018e+03, 8.763830000000000231e-01
1.029000000000000000e+03, 4.270390000000000019e-01
1.029019999999999982e+03, -1.862149999999999972e+00
1.029029999999999973e+03, -9.884330000000000060e-01
1.029049999999999955e+03, 5.935700000000000420e-01
1.029069999999999936e+03, -3.171860000000000235e-01
1.029079999999999927e+03, 9.590610000000000523e-01
1.029099999999999909e+03, 1.820950000000000069e+00
1.029119999999999891e+03, -1.804910000000000065e-03
1.029130000000000109e+03, -4.603700000000000014e-01
1.029150000000000091e+03, -5.429079999999999462e-01
1.029170000000000073e+03, -1.200660000000000061e+00
1.029180000000000064e+03, 1.399799999999999933e+00
1.029200000000000045e+03, -1.978999999999999926e-01
1.029220000000000027e+03, -8.215100000000000180e-02
1.029230000000000018e+03, -1.026890000000000081e+00
1.029250000000000000e+03, 2.474860000000000115e-01
1.029269999999999982e+03, -9.322049999999999503e-01
1.029279999999999973e+03, -2.450990000000000113e-01
1.029299999999999955e+03, 9.989059999999999606e-02
1.029319999999999936e+03, 1.560139999999999964e-02
1.029329999999999927e+03, -5.854019999999999779e-01
1.029349999999999909e+03, -7.085150000000000059e-01
1.029369999999999891e+03, 9.675440000000000429e-02
1.029380000000000109e+03, 2.183420000000000083e-01
1.029400000000000091e+03, -4.118069999999999786e-01
1.029420000000000073e+03, 6.678470000000000240e-02
1.029430000000000064e+03, -5.110559999999999548e-01
1.029450000000000045e+03, -1.965840000000000087e-01
1.029470000000000027e+03, -1.469799999999999995e+00
1.029480000000000018e+03, -1.246590000000000087e+00
1.029500000000000000e+03, -1.984279999999999933e-01
1.029519999999999982e+03, 2.802999999999999936e-01
1.029529999999999973e+03, 5.858710000000000306e-01
1.029549999999999955e+03, 6.894569999999999865e-01
1.029569999999999936e+03, 2.064459999999999906e-01
1.029579999999999927e+03, -8.222720000000000029e-01
1.029599999999999909e+03, -6.927680000000000504e-01
1.029619999999999891e+03, 6.348639999999999839e-01
1.029630000000000109e+03, -4.462209999999999788e-01
1.029650000000000091e+03, 8.208729999999999638e-01
1.029670000000000073e+03, 6.233830000000000204e-01
1.029680000000000064e+03, -3.975239999999999885e-01
1.029700000000000045e+03, -7.348599999999999577e-01
1.029720000000000027e+03, -3.493769999999999931e-01
1.029730000000000018e+03, -3.948479999999999768e-01
1.029750000000000000e+03, 3.938459999999999739e-01
1.029769999999999982e+03, 5.419340000000000268e-01
1.029779999999999973e+03, -7.797210000000000252e-02
1.029799999999999955e+03, -1.427119999999999944e+00
1.029819999999999936e+03, -6.875350000000000072e-01
1.029829999999999927e+03, 2.898010000000000169e-02
1.029849999999999909e+03, 8.187929999999999930e-01
1.029869999999999891e+03, 7.177890000000000104e-01
1.029880000000000109e+03, 1.511910000000000087e+00
1.029900000000000091e+03, -2.806319999999999926e-01
1.029920000000000073e+03, -6.263609999999999456e-01
1.029930000000000064e+03, 1.468490000000000073e+00
1.029950000000000045e+03, 7.171680000000000277e-01
1.029970000000000027e+03, -1.146130000000000065e-01
1.029980000000000018e+03, 4.121540000000000203e-01
1.030000000000000000e+03, 8.505610000000000115e-01
1.030019999999999982e+03, 1.242560000000000109e+00
1.030029999999999973e+03, 9.463070000000000093e-01
1.030049999999999955e+03, 4.959250000000000047e-01
1.030069999999999936e+03, -7.726929999999999632e-01
1.030079999999999927e+03, -8.032040000000000013e-02
1.030099999999999909e+03, 1.066210000000000102e+00
1.030119999999999891e+03, 1.906539999999999901e+00
1.030130000000000109e+03, 2.744719999999999938e-01
1.030150000000000091e+03, -1.914939999999999976e-01
1.030170000000000073e+03, -3.035679999999999976e-02
1.030180000000000064e+03, -1.432069999999999954e+00
1.030200000000000045e+03, -2.763030000000000208e-01
1.030220000000000027e+03, 2.330889999999999906e-01
1.030230000000000018e+03, 5.821920000000000428e-01
1.030250000000000000e+03, -1.042720000000000091e+00
1.030269999999999982e+03, 3.963320000000000037e-02
1.030279999999999973e+03, -8.256489999999999663e-01
1.030299999999999955e+03, 2.943930000000000158e-01
1.030319999999999936e+03, 1.241559999999999997e+00
1.030329999999999927e+03, -5.400529999999999740e-03
1.030349999999999909e+03, 4.440560000000000063e-01
1.030369999999999891e+03, 8.810740000000000238e-01
1.030380000000000109e+03, -1.589780000000000082e-01
1.030400000000000091e+03, -5.939849999999999852e-01
1.030420000000000073e+03, -2.343240000000000045e-01
1.030430000000000064e+03, -3.390449999999999853e-01
1.030450000000000045e+03, 2.270060000000000133e-01
1.030470000000000027e+03, -5.650030000000000330e-01
1.030480000000000018e+03, 7.478770000000000140e-01
1.030500000000000000e+03, -6.919600000000000195e-01
1.030519999999999982e+03, -8.194430000000000325e-01
1.030529999999999973e+03, 1.934539999999999871e-01
1.030549999999999955e+03, 8.692649999999999544e-01
1.030569999999999936e+03, -3.774410000000000265e-01
1.030579999999999927e+03, -6.368500000000000272e-01
1.030599999999999909e+03, -1.424209999999999976e+00
1.030619999999999891e+03, 1.633299999999999974e+00
1.030630000000000109e+03, -7.336620000000000363e-01
1.030650000000000091e+03, 4.597959999999999825e-01
1.030670000000000073e+03, 2.097900000000000043e-01
1.030680000000000064e+03, 1.066810000000000036e+00
1.030700000000000045e+03, -2.847839999999999816e-01
1.030720000000000027e+03, -1.388609999999999900e+00
1.030730000000000018e+03, 3.261390000000000122e-01
1.030750000000000000e+03, 1.060840000000000005e+00
1.030769999999999982e+03, 1.462769999999999904e+00
1.030779999999999973e+03, 3.992780000000000218e-01
1.030799999999999955e+03, -7.487139999999999906e-01
1.030819999999999936e+03, -5.906130000000000546e-01
1.030829999999999927e+03, 1.854169999999999985e-01
1.030849999999999909e+03, 1.214490000000000069e+00
1.030869999999999891e+03, 8.729420000000000235e-02
1.030880000000000109e+03, -4.938750000000000084e-01
1.030900000000000091e+03, -3.983579999999999899e-01
1.030920000000000073e+03, -8.526749999999999607e-01
1.030930000000000064e+03, -1.034780000000000033e+00
1.030950000000000045e+03, -1.227170000000000094e+00
1.030970000000000027e+03, -2.149250000000000049e-01
1.030980000000000018e+03, 3.521920000000000051e-01
1.031000000000000000e+03, 2.192159999999999942e-01
1.031019999999999982e+03, 5.755539999999999962e-02
1.031029999999999973e+03, -1.791600000000000137e-01
1.031049999999999955e+03, 7.282779999999999809e-01
1.031069999999999936e+03, -9.525909999999999933e-02
1.031079999999999927e+03, 3.722389999999999866e-01
1.031099999999999909e+03, -4.435200000000000253e-01
1.031119999999999891e+03, -8.464310000000000445e-01
1.031130000000000109e+03, 2.285850000000000104e-01
1.031150000000000091e+03, -4.350330000000000030e-01
1.031170000000000073e+03, -3.684470000000000245e-01
1.031180000000000064e+03, -1.827910000000000090e-01
1.031200000000000045e+03, -5.743019999999999792e-01
1.031220000000000027e+03, -5.147380000000000289e-01
1.031230000000000018e+03, -4.806270000000000264e-01
1.031250000000000000e+03, -5.753789999999999738e-01
1.031269999999999982e+03, 6.063579999999999665e-02
1.031279999999999973e+03, 1.043949999999999934e+00
1.031299999999999955e+03, 9.651859999999999884e-01
1.031319999999999936e+03, -2.275060000000000138e-01
1.031329999999999927e+03, -8.179640000000000244e-01
1.031349999999999909e+03, -3.848849999999999771e-01
1.031369999999999891e+03, 5.607900000000000107e-01
1.031380000000000109e+03, -3.773070000000000035e-01
1.031400000000000091e+03, -4.790849999999999970e-02
1.031420000000000073e+03, 8.541529999999999956e-02
1.031430000000000064e+03, -1.025910000000000016e-01
1.031450000000000045e+03, -7.570639999999999592e-01
1.031470000000000027e+03, 6.861499999999999544e-02
1.031480000000000018e+03, -7.116670000000000496e-01
1.031500000000000000e+03, 2.448200000000000098e-01
1.031519999999999982e+03, -7.763010000000000188e-01
1.031529999999999973e+03, -1.103949999999999987e+00
1.031549999999999955e+03, 9.045290000000000274e-02
1.031569999999999936e+03, 2.697629999999999750e-01
1.031579999999999927e+03, 9.091099999999999737e-01
1.031599999999999909e+03, 4.508210000000000273e-01
1.031619999999999891e+03, -9.679749999999999466e-02
1.031630000000000109e+03, -7.564469999999999805e-01
1.031650000000000091e+03, 5.818330000000000446e-01
1.031670000000000073e+03, -4.090170000000000194e-01
1.031680000000000064e+03, 2.311439999999999884e-01
1.031700000000000045e+03, 9.111819999999999642e-02
1.031720000000000027e+03, 1.050499999999999989e+00
1.031730000000000018e+03, -4.742390000000000216e-01
1.031750000000000000e+03, 4.088769999999999905e-01
1.031769999999999982e+03, -2.474139999999999950e-01
1.031779999999999973e+03, -1.272119999999999918e+00
1.031799999999999955e+03, -4.570159999999999778e-01
1.031819999999999936e+03, -9.983240000000000169e-02
1.031829999999999927e+03, 7.264559999999999906e-01
1.031849999999999909e+03, -1.005789999999999962e+00
1.031869999999999891e+03, -3.819600000000000217e-01
1.031880000000000109e+03, 1.069800000000000084e+00
1.031900000000000091e+03, 3.655829999999999913e-01
1.031920000000000073e+03, 1.284609999999999919e-01
1.031930000000000064e+03, -6.902749999999999719e-01
1.031950000000000045e+03, -9.283430000000000293e-01
1.031970000000000027e+03, 4.267290000000000250e-01
1.031980000000000018e+03, 9.547689999999999788e-01
1.032000000000000000e+03, -1.968850000000000044e-01
1.032019999999999982e+03, -2.277460000000000040e-01
1.032029999999999973e+03, -1.044890000000000096e+00
1.032049999999999955e+03, -7.095150000000000068e-01
1.032069999999999936e+03, 4.511890000000000067e-01
1.032079999999999927e+03, -3.087190000000000212e-01
1.032099999999999909e+03, 1.332780000000000076e-01
1.032119999999999891e+03, 1.018199999999999994e+00
1.032130000000000109e+03, 3.693580000000000196e-01
1.032150000000000091e+03, -3.167719999999999980e-01
1.032170000000000073e+03, -1.194999999999999951e-01
1.032180000000000064e+03, -4.666759999999999797e-01
1.032200000000000045e+03, 1.288050000000000028e-01
1.032220000000000027e+03, 2.331860000000000044e-01
1.032230000000000018e+03, 1.294689999999999896e+00
1.032250000000000000e+03, 4.024579999999999824e-01
1.032269999999999982e+03, 9.873669999999999947e-01
1.032279999999999973e+03, -3.114580000000000126e-02
1.032299999999999955e+03, 2.117870000000000030e-01
1.032319999999999936e+03, -5.058610000000000190e-02
1.032329999999999927e+03, 1.206739999999999924e+00
1.032349999999999909e+03, 8.753009999999999957e-01
1.032369999999999891e+03, 5.656379999999999741e-01
1.032380000000000109e+03, -5.354010000000000158e-01
1.032400000000000091e+03, -9.194400000000000350e-01
1.032420000000000073e+03, 1.253409999999999913e+00
1.032430000000000064e+03, 4.622640000000000082e-01
1.032450000000000045e+03, -1.730609999999999926e-01
1.032470000000000027e+03, 3.724259999999999793e-01
1.032480000000000018e+03, 8.005170000000000341e-01
1.032500000000000000e+03, 2.202820000000000000e+00
1.032519999999999982e+03, -6.244370000000000198e-01
1.032529999999999973e+03, -8.413079999999999448e-01
1.032549999999999955e+03, -6.351400000000000379e-01
1.032569999999999936e+03, 1.210439999999999988e-01
1.032579999999999927e+03, -5.609709999999999974e-01
1.032599999999999909e+03, -2.181939999999999991e-01
1.032619999999999891e+03, -6.352449999999999486e-01
1.032630000000000109e+03, 3.927399999999999780e-01
1.032650000000000091e+03, 7.688359999999999639e-01
1.032670000000000073e+03, 1.196949999999999958e+00
1.032680000000000064e+03, -4.125130000000000186e-01
1.032700000000000045e+03, 1.437319999999999987e-01
1.032720000000000027e+03, -5.713960000000000150e-01
1.032730000000000018e+03, -3.776010000000000200e-01
1.032750000000000000e+03, 5.799499999999999655e-01
1.032769999999999982e+03, 5.752990000000000048e-01
1.032779999999999973e+03, -1.711750000000000105e+00
1.032799999999999955e+03, -1.892779999999999907e+00
1.032819999999999936e+03, -1.595730000000000093e+00
1.032829999999999927e+03, -8.875480000000000036e-01
1.032849999999999909e+03, -1.174489999999999978e-01
1.032869999999999891e+03, 1.023779999999999912e+00
1.032880000000000109e+03, -1.112589999999999968e-01
1.032900000000000091e+03, -4.097009999999999819e-01
1.032920000000000073e+03, -3.040220000000000145e-01
1.032930000000000064e+03, -1.241189999999999932e-01
1.032950000000000045e+03, 5.925789999999999669e-01
1.032970000000000027e+03, 4.863399999999999945e-01
1.032980000000000018e+03, -9.151299999999999990e-01
1.033000000000000000e+03, -1.024659999999999904e+00
1.033019999999999982e+03, 9.005950000000000344e-01
1.033029999999999973e+03, 4.253379999999999939e-01
1.033049999999999955e+03, 3.542259999999999853e-01
1.033069999999999936e+03, -4.267239999999999922e-01
1.033079999999999927e+03, -5.088989999999999903e-01
1.033099999999999909e+03, -5.723380000000000134e-01
1.033119999999999891e+03, 7.819000000000000394e-01
1.033130000000000109e+03, -4.060770000000000213e-01
1.033150000000000091e+03, -5.250190000000000135e-01
1.033170000000000073e+03, 8.317600000000000549e-01
1.033180000000000064e+03, 1.246930000000000094e+00
1.033200000000000045e+03, 3.472770000000000024e-01
1.033220000000000027e+03, 2.913169999999999926e-01
1.033230000000000018e+03, -1.479980000000000073e+00
1.033250000000000000e+03, 8.541659999999999808e-01
1.033269999999999982e+03, 2.819499999999999784e-01
1.033279999999999973e+03, -1.980470000000000008e-01
1.033299999999999955e+03, 1.801749999999999963e+00
1.033319999999999936e+03, 8.812670000000000226e-01
1.033329999999999927e+03, 2.548349999999999782e-01
1.033349999999999909e+03, -5.817489999999999606e-01
1.033369999999999891e+03, -1.684410000000000074e-01
1.033380000000000109e+03, 8.353699999999999459e-01
1.033400000000000091e+03, -3.414789999999999770e-01
1.033420000000000073e+03, -1.119089999999999918e+00
1.033430000000000064e+03, -1.185840000000000005e+00
1.033450000000000045e+03, 1.646889999999999965e+00
1.033470000000000027e+03, -7.577580000000000426e-01
1.033480000000000018e+03, 2.378699999999999981e-01
1.033500000000000000e+03, 3.281780000000000252e-01
1.033519999999999982e+03, -8.814079999999999693e-01
1.033529999999999973e+03, -3.071869999999999878e-01
1.033549999999999955e+03, -9.764080000000000537e-01
1.033569999999999936e+03, -8.033369999999999678e-01
1.033579999999999927e+03, -1.424209999999999976e+00
1.033599999999999909e+03, -5.203590000000000160e-01
1.033619999999999891e+03, 8.205729999999999968e-01
1.033630000000000109e+03, -4.569929999999999826e-01
1.033650000000000091e+03, 1.058200000000000029e+00
1.033670000000000073e+03, -3.842220000000000080e-01
1.033680000000000064e+03, 8.174909999999999677e-01
1.033700000000000045e+03, -8.659649999999999639e-03
1.033720000000000027e+03, -6.470339999999999980e-01
1.033730000000000018e+03, 8.265859999999999874e-02
1.033750000000000000e+03, -1.245949999999999891e+00
1.033769999999999982e+03, 1.354950000000000099e+00
1.033779999999999973e+03, -6.556309999999999638e-01
1.033799999999999955e+03, 2.607519999999999838e-01
1.033819999999999936e+03, -1.081820000000000004e+00
1.033829999999999927e+03, -8.998119999999999452e-01
1.033849999999999909e+03, 2.457620000000000082e-01
1.033869999999999891e+03, 5.391540000000000221e-01
1.033880000000000109e+03, -4.398079999999999767e-01
1.033900000000000091e+03, -5.815019999999999634e-01
1.033920000000000073e+03, -7.871169999999999556e-01
1.033930000000000064e+03, -3.875899999999999901e-01
1.033950000000000045e+03, -6.792299999999999727e-02
1.033970000000000027e+03, -4.958049999999999957e-01
1.033980000000000018e+03, 3.235750000000000015e-01
1.034000000000000000e+03, 2.199010000000000131e-01
1.034019999999999982e+03, 1.233330000000000037e+00
1.034029999999999973e+03, 2.023179999999999978e-01
1.034049999999999955e+03, -7.292480000000000073e-01
1.034069999999999936e+03, -4.261229999999999740e-01
1.034079999999999927e+03, 1.537449999999999983e+00
1.034099999999999909e+03, 1.139410000000000034e+00
1.034119999999999891e+03, 7.370959999999999734e-01
1.034130000000000109e+03, 6.046899999999999498e-01
1.034150000000000091e+03, -1.242609999999999965e-01
1.034170000000000073e+03, -3.824230000000000129e-01
1.034180000000000064e+03, 9.417069999999999608e-01
1.034200000000000045e+03, 1.138449999999999962e+00
1.034220000000000027e+03, -1.643629999999999924e+00
1.034230000000000018e+03, -4.925640000000000018e-01
1.034250000000000000e+03, -7.936699999999999866e-01
1.034269999999999982e+03, -7.377099999999999769e-01
1.034279999999999973e+03, 2.119440000000000213e-03
1.034299999999999955e+03, -4.496569999999999734e-01
1.034319999999999936e+03, -2.834519999999999817e-01
1.034329999999999927e+03, -4.351479999999999793e-01
1.034349999999999909e+03, -4.534060000000000173e-02
1.034369999999999891e+03, -5.288650000000000295e-01
1.034380000000000109e+03, -7.358839999999999826e-02
1.034400000000000091e+03, -4.072060000000000263e-02
1.034420000000000073e+03, -2.141430000000000000e-01
1.034430000000000064e+03, -1.125130000000000019e-01
1.034450000000000045e+03, 1.500129999999999963e+00
1.034470000000000027e+03, -4.547039999999999971e-01
1.034480000000000018e+03, -5.110949999999999660e-01
1.034500000000000000e+03, -1.382649999999999990e-01
1.034519999999999982e+03, -1.295639999999999903e+00
1.034529999999999973e+03, -4.670480000000000187e-01
1.034549999999999955e+03, -1.260299999999999976e+00
1.034569999999999936e+03, -2.070380000000000109e+00
1.034579999999999927e+03, -3.104469999999999730e-01
1.034599999999999909e+03, 1.352289999999999881e-01
1.034619999999999891e+03, 9.615010000000000501e-01
1.034630000000000109e+03, 9.570440000000000058e-01
1.034650000000000091e+03, 3.985099999999999754e-01
1.034670000000000073e+03, 1.552189999999999959e-01
1.034680000000000064e+03, 7.386030000000000095e-01
1.034700000000000045e+03, -5.397560000000000136e-01
1.034720000000000027e+03, 1.554210000000000036e-01
1.034730000000000018e+03, -7.823440000000000394e-01
1.034750000000000000e+03, -8.165609999999999535e-02
1.034769999999999982e+03, 6.974609999999999976e-01
1.034779999999999973e+03, -6.112800000000000455e-01
1.034799999999999955e+03, 8.409569999999999546e-01
1.034819999999999936e+03, 6.366469999999999629e-01
1.034829999999999927e+03, 1.348459999999999992e+00
1.034849999999999909e+03, 9.317809999999999704e-01
1.034869999999999891e+03, -7.107219999999999649e-01
1.034880000000000109e+03, 5.071320000000000272e-01
1.034900000000000091e+03, -4.190710000000000268e-02
1.034920000000000073e+03, 5.301580000000000181e-01
1.034930000000000064e+03, 2.574569999999999914e-01
1.034950000000000045e+03, -2.261279999999999957e-01
1.034970000000000027e+03, -1.061830000000000052e+00
1.034980000000000018e+03, 8.418170000000000375e-01
1.035000000000000000e+03, 9.371459999999999513e-02
1.035019999999999982e+03, -4.763439999999999896e-01
1.035029999999999973e+03, -1.910789999999999988e-01
1.035049999999999955e+03, 7.128010000000000179e-01
1.035069999999999936e+03, 4.134840000000000182e-01
1.035079999999999927e+03, -2.249229999999999841e+00
1.035099999999999909e+03, 9.140209999999999724e-01
1.035119999999999891e+03, -1.043889999999999957e-01
1.035130000000000109e+03, 1.051030000000000020e-01
1.035150000000000091e+03, -4.654130000000000211e-01
1.035170000000000073e+03, -4.353119999999999767e-01
1.035180000000000064e+03, -1.454739999999999922e+00
1.035200000000000045e+03, -9.688149999999999817e-01
1.035220000000000027e+03, -3.440940000000000110e-01
1.035230000000000018e+03, 1.190909999999999913e+00
1.035250000000000000e+03, 1.571020000000000083e+00
1.035269999999999982e+03, -3.790799999999999725e-01
1.035279999999999973e+03, -6.413240000000000052e-01
1.035299999999999955e+03, -2.101379999999999915e-01
1.035319999999999936e+03, -3.640669999999999740e-01
1.035329999999999927e+03, 4.864789999999999913e-03
1.035349999999999909e+03, 4.424299999999999899e-01
1.035369999999999891e+03, 1.208679999999999977e+00
1.035380000000000109e+03, 1.793190000000000062e-02
1.035400000000000091e+03, -1.554480000000000028e-01
1.035420000000000073e+03, -4.879539999999999988e-01
1.035430000000000064e+03, -2.454089999999999883e-01
1.035450000000000045e+03, 1.121769999999999934e+00
1.035470000000000027e+03, 1.999579999999999913e+00
1.035480000000000018e+03, 2.239130000000000009e-01
1.035500000000000000e+03, -2.092039999999999900e+00
1.035519999999999982e+03, -5.373470000000000191e-01
1.035529999999999973e+03, -9.834570000000000256e-01
1.035549999999999955e+03, 8.134879999999999889e-01
1.035569999999999936e+03, 2.547349999999999962e-02
1.035579999999999927e+03, 5.092989999999999462e-01
1.035599999999999909e+03, 2.273930000000000118e-01
1.035619999999999891e+03, 2.250849999999999795e+00
1.035630000000000109e+03, 8.436590000000000478e-01
1.035650000000000091e+03, -1.610260000000000025e-01
1.035670000000000073e+03, -1.876740000000000075e-01
1.035680000000000064e+03, 6.752710000000000656e-02
1.035700000000000045e+03, -7.299320000000000253e-01
1.035720000000000027e+03, -6.912350000000000438e-02
1.035730000000000018e+03, -5.437079999999999691e-01
1.035750000000000000e+03, 1.014950000000000019e+00
1.035769999999999982e+03, 1.116840000000000055e+00
1.035779999999999973e+03, 6.630599999999999827e-01
1.035799999999999955e+03, 3.979680000000000023e-02
1.035819999999999936e+03, -1.448560000000000125e-01
1.035829999999999927e+03, 7.853109999999999813e-01
1.035849999999999909e+03, 8.463370000000000060e-01
1.035869999999999891e+03, 7.253389999999999560e-01
1.035880000000000109e+03, -8.102909999999999835e-01
1.035900000000000091e+03, 1.200769999999999893e+00
1.035920000000000073e+03, -2.821389999999999731e-01
1.035930000000000064e+03, -1.316410000000000080e+00
1.035950000000000045e+03, -7.540599999999999525e-01
1.035970000000000027e+03, 3.580459999999999754e-01
1.035980000000000018e+03, 6.660979999999999679e-02
1.036000000000000000e+03, 7.626190000000000468e-01
1.036019999999999982e+03, 6.972009999999999597e-01
1.036029999999999973e+03, -1.072300000000000031e+00
1.036049999999999955e+03, 2.761089999999999933e-01
1.036069999999999936e+03, -1.045549999999999952e-01
1.036079999999999927e+03, 1.941379999999999842e-02
1.036099999999999909e+03, 7.265820000000000611e-02
1.036119999999999891e+03, -4.495859999999999856e-01
1.036130000000000109e+03, -4.856440000000000201e-01
1.036150000000000091e+03, -1.384740000000000082e+00
1.036170000000000073e+03, 1.380989999999999995e-02
1.036180000000000064e+03, -4.036469999999999780e-01
1.036200000000000045e+03, -1.453949999999999965e-01
1.036220000000000027e+03, 1.658550000000000024e-01
1.036230000000000018e+03, -9.665000000000000258e-01
1.036250000000000000e+03, -9.658090000000000286e-01
1.036269999999999982e+03, -1.730019999999999891e+00
1.036279999999999973e+03, -2.047910000000000008e-01
1.036299999999999955e+03, 3.931780000000000275e-01
1.036319999999999936e+03, -1.280370000000000119e-01
1.036329999999999927e+03, -1.610320000000000085e-01
1.036349999999999909e+03, -2.051409999999999900e-01
1.036369999999999891e+03, 5.853500000000000369e-01
1.036380000000000109e+03, 5.264820000000000055e-01
1.036400000000000091e+03, 9.543930000000000469e-01
1.036420000000000073e+03, -6.123359999999999914e-01
1.036430000000000064e+03, -7.718880000000000186e-01
1.036450000000000045e+03, 6.508469999999999533e-01
1.036470000000000027e+03, -3.465579999999999772e-01
1.036480000000000018e+03, 4.518460000000000254e-01
1.036500000000000000e+03, -1.804199999999999901e-02
1.036519999999999982e+03, 2.921250000000000235e-01
1.036529999999999973e+03, -8.298389999999999933e-01
1.036549999999999955e+03, 2.684659999999999824e-01
1.036569999999999936e+03, 1.012210000000000054e+00
1.036579999999999927e+03, 1.639480000000000104e-01
1.036599999999999909e+03, -1.467100000000000071e-01
1.036619999999999891e+03, -3.541059999999999763e-01
1.036630000000000109e+03, -4.838799999999999768e-01
1.036650000000000091e+03, 2.535229999999999984e-01
1.036670000000000073e+03, 6.179130000000000456e-01
1.036680000000000064e+03, 9.109770000000000367e-02
1.036700000000000045e+03, -4.468010000000000037e-01
1.036720000000000027e+03, -5.772410000000000041e-01
1.036730000000000018e+03, -9.287910000000000332e-01
1.036750000000000000e+03, 2.480529999999999957e-01
1.036769999999999982e+03, 2.913720000000000199e-01
1.036779999999999973e+03, -4.842299999999999938e-01
1.036799999999999955e+03, 1.327490000000000059e+00
1.036819999999999936e+03, 1.118849999999999900e+00
1.036829999999999927e+03, 4.863830000000000098e-01
1.036849999999999909e+03, -8.813549999999999995e-01
1.036869999999999891e+03, -1.514350000000000085e+00
1.036880000000000109e+03, -5.747370000000000256e-02
1.036900000000000091e+03, 3.756189999999999807e-01
1.036920000000000073e+03, -1.010270000000000001e+00
1.036930000000000064e+03, 7.744659999999999878e-01
1.036950000000000045e+03, 1.611809999999999965e+00
1.036970000000000027e+03, -2.348459999999999992e-01
1.036980000000000018e+03, 4.125209999999999988e-02
1.037000000000000000e+03, -6.628450000000000175e-01
1.037019999999999982e+03, 5.455990000000000145e-02
1.037029999999999973e+03, 1.053690000000000015e+00
1.037049999999999955e+03, -1.601980000000000071e-01
1.037069999999999936e+03, 2.403129999999999850e-02
1.037079999999999927e+03, -1.927449999999999997e-01
1.037099999999999909e+03, 6.343020000000000325e-01
1.037119999999999891e+03, 1.039250000000000007e+00
1.037130000000000109e+03, 6.075319999999999609e-01
1.037150000000000091e+03, -4.514889999999999737e-01
1.037170000000000073e+03, -3.968050000000000188e-01
1.037180000000000064e+03, 6.921439999999999815e-01
1.037200000000000045e+03, 5.176760000000000250e-01
1.037220000000000027e+03, 3.208460000000000201e-01
1.037230000000000018e+03, -9.019409999999999927e-01
1.037250000000000000e+03, -9.906409999999999938e-01
1.037269999999999982e+03, -1.090760000000000063e-01
1.037279999999999973e+03, 8.768249999999999655e-01
1.037299999999999955e+03, 1.152409999999999934e+00
1.037319999999999936e+03, 9.669020000000000392e-01
1.037329999999999927e+03, -1.061020000000000074e+00
1.037349999999999909e+03, -1.041250000000000009e+00
1.037369999999999891e+03, 5.301919999999999966e-01
1.037380000000000109e+03, 3.591610000000000080e-01
1.037400000000000091e+03, -3.076679999999999970e-01
1.037420000000000073e+03, 5.270479999999999610e-01
1.037430000000000064e+03, 4.107609999999999872e-01
1.037450000000000045e+03, -3.898400000000000198e-01
1.037470000000000027e+03, -2.275770000000000015e-01
1.037480000000000018e+03, 1.795179999999999998e+00
1.037500000000000000e+03, 7.359390000000000098e-01
1.037519999999999982e+03, 1.390200000000000102e+00
1.037529999999999973e+03, -2.771609999999999907e-01
1.037549999999999955e+03, 7.198870000000000269e-02
1.037569999999999936e+03, -1.373310000000000031e+00
1.037579999999999927e+03, -9.774580000000000490e-01
1.037599999999999909e+03, 8.079129999999999923e-01
1.037619999999999891e+03, -5.805869999999999781e-02
1.037630000000000109e+03, 2.010979999999999990e-01
1.037650000000000091e+03, 2.509489999999999985e-02
1.037670000000000073e+03, 1.399850000000000039e+00
1.037680000000000064e+03, -1.858319999999999972e-01
1.037700000000000045e+03, 1.015160000000000062e+00
1.037720000000000027e+03, 1.017579999999999929e+00
1.037730000000000018e+03, -4.737040000000000139e-01
1.037750000000000000e+03, 4.130980000000000207e-01
1.037769999999999982e+03, 2.911389999999999811e-01
1.037779999999999973e+03, 6.797790000000000221e-01
1.037799999999999955e+03, -1.351960000000000051e+00
1.037819999999999936e+03, -1.242369999999999974e+00
1.037829999999999927e+03, -3.907240000000000157e-01
1.037849999999999909e+03, 1.418299999999999894e+00
1.037869999999999891e+03, 1.107920000000000016e+00
1.037880000000000109e+03, 1.019539999999999891e+00
1.037900000000000091e+03, 1.569959999999999967e-01
1.037920000000000073e+03, -6.784580000000000055e-01
1.037930000000000064e+03, 1.891349999999999976e-01
1.037950000000000045e+03, 5.006840000000000179e-01
1.037970000000000027e+03, 1.348850000000000049e-01
1.037980000000000018e+03, 6.022060000000000191e-01
1.038000000000000000e+03, 1.008869999999999933e+00
1.038019999999999982e+03, 3.282189999999999830e-01
1.038029999999999973e+03, -6.432569999999999677e-01
1.038049999999999955e+03, 4.030790000000000206e-01
1.038069999999999936e+03, -1.442919999999999980e+00
1.038079999999999927e+03, -3.302599999999999980e-01
1.038099999999999909e+03, 1.023519999999999985e-01
1.038119999999999891e+03, -1.768020000000000008e-02
1.038130000000000109e+03, 1.087669999999999915e+00
1.038150000000000091e+03, -9.195919999999999650e-01
1.038170000000000073e+03, -8.695690000000000364e-01
1.038180000000000064e+03, -2.109399999999999886e-01
1.038200000000000045e+03, -6.845670000000000366e-01
1.038220000000000027e+03, 4.054490000000000038e-01
1.038230000000000018e+03, 7.150389999999999802e-01
1.038250000000000000e+03, 5.345689999999999609e-01
1.038269999999999982e+03, 3.438939999999999775e-01
1.038279999999999973e+03, 6.047810000000000130e-01
1.038299999999999955e+03, -1.317220000000000057e-01
1.038319999999999936e+03, -1.850399999999999961e-02
1.038329999999999927e+03, 2.782589999999999786e-01
1.038349999999999909e+03, 6.999919999999999476e-01
1.038369999999999891e+03, 6.573550000000000226e-01
1.038380000000000109e+03, 1.476500000000000035e-01
1.038400000000000091e+03, -1.714839999999999975e-01
1.038420000000000073e+03, -9.951529999999999543e-01
1.038430000000000064e+03, -1.546839999999999993e+00
1.038450000000000045e+03, 3.094029999999999836e-01
1.038470000000000027e+03, 7.184700000000000530e-01
1.038480000000000018e+03, -1.223929999999999962e+00
1.038500000000000000e+03, -1.107809999999999961e+00
1.038519999999999982e+03, -3.568870000000000098e-01
1.038529999999999973e+03, 1.241950000000000109e+00
1.038549999999999955e+03, 2.220000000000000195e+00
1.038569999999999936e+03, 7.935860000000000136e-01
1.038579999999999927e+03, 1.166379999999999972e+00
1.038599999999999909e+03, -5.981619999999999715e-01
1.038619999999999891e+03, 6.447469999999999590e-01
1.038630000000000109e+03, -3.253800000000000026e-01
1.038650000000000091e+03, 8.016199999999999715e-02
1.038670000000000073e+03, -1.222089999999999899e+00
1.038680000000000064e+03, 2.661890000000000089e-01
1.038700000000000045e+03, 6.461770000000000014e-01
1.038720000000000027e+03, -2.486589999999999981e-02
1.038730000000000018e+03, -1.645649999999999891e-01
1.038750000000000000e+03, 1.004750000000000032e+00
1.038769999999999982e+03, 4.575080000000000258e-01
1.038779999999999973e+03, 4.785659999999999914e-01
1.038799999999999955e+03, -3.698859999999999926e-01
1.038819999999999936e+03, -1.037709999999999910e+00
1.038829999999999927e+03, -4.083950000000000080e-01
1.038849999999999909e+03, -1.254459999999999908e+00
1.038869999999999891e+03, -1.229009999999999936e+00
1.038880000000000109e+03, 9.454079999999999429e-02
1.038900000000000091e+03, -6.052539999999999587e-01
1.038920000000000073e+03, -1.650979999999999948e-01
1.038930000000000064e+03, -8.126240000000000130e-01
1.038950000000000045e+03, 2.892190000000000039e-01
1.038970000000000027e+03, 5.159040000000000292e-01
1.038980000000000018e+03, 1.510650000000000048e+00
1.039000000000000000e+03, -2.931779999999999942e-01
1.039019999999999982e+03, -1.324160000000000004e+00
1.039029999999999973e+03, -2.571580000000000046e-02
1.039049999999999955e+03, -2.225769999999999804e+00
1.039069999999999936e+03, -1.022450000000000081e+00
1.039079999999999927e+03, 5.466379999999999573e-01
1.039099999999999909e+03, 1.212329999999999908e+00
1.039119999999999891e+03, -2.568219999999999947e-01
1.039130000000000109e+03, 7.837020000000000097e-01
1.039150000000000091e+03, -6.322809999999999819e-01
1.039170000000000073e+03, -1.053790000000000004e+00
1.039180000000000064e+03, -5.212820000000000231e-01
1.039200000000000045e+03, -6.111210000000000253e-01
1.039220000000000027e+03, -3.071860000000000146e-01
1.039230000000000018e+03, 8.415139999999999842e-01
1.039250000000000000e+03, 1.385639999999999983e+00
1.039269999999999982e+03, 4.331110000000000237e-01
1.039279999999999973e+03, -5.145889999999999631e-01
1.039299999999999955e+03, 1.393389999999999906e+00
1.039319999999999936e+03, 1.661529999999999951e+00
1.039329999999999927e+03, 2.673700000000000188e+00
1.039349999999999909e+03, 9.845110000000000250e-01
1.039369999999999891e+03, 7.926300000000000012e-02
1.039380000000000109e+03, -1.396239999999999926e+00
1.039400000000000091e+03, -1.155110000000000081e+00
1.039420000000000073e+03, -5.276539999999999564e-01
1.039430000000000064e+03, 4.060070000000000068e-01
1.039450000000000045e+03, -2.928749999999999964e-01
1.039470000000000027e+03, -8.036889999999999867e-01
1.039480000000000018e+03, 4.926439999999999986e-02
1.039500000000000000e+03, -1.687309999999999921e-01
1.039519999999999982e+03, -3.405440000000000134e-01
1.039529999999999973e+03, -4.709420000000000273e-01
1.039549999999999955e+03, 2.806980000000000031e-01
1.039569999999999936e+03, -8.123190000000000133e-01
1.039579999999999927e+03, -1.737970000000000015e+00
1.039599999999999909e+03, -1.009849999999999914e+00
1.039619999999999891e+03, 8.402610000000000356e-01
1.039630000000000109e+03, -2.576939999999999786e-01
1.039650000000000091e+03, 3.747679999999999900e-01
1.039670000000000073e+03, -7.219340000000000479e-02
1.039680000000000064e+03, 5.811560000000000059e-01
1.039700000000000045e+03, 2.833930000000000060e-01
1.039720000000000027e+03, 8.617369999999999752e-01
1.039730000000000018e+03, 1.362750000000000072e-01
1.039750000000000000e+03, -4.010219999999999896e-01
1.039769999999999982e+03, 4.526709999999999900e-01
1.039779999999999973e+03, 4.528309999999999835e-01
1.039799999999999955e+03, 1.511670000000000069e+00
1.039819999999999936e+03, 7.797290000000000054e-01
1.039829999999999927e+03, -3.624510000000000232e-01
1.039849999999999909e+03, 1.592259999999999856e-02
1.039869999999999891e+03, 9.789550000000000196e-01
1.039880000000000109e+03, 6.913169999999999593e-01
1.039900000000000091e+03, 1.116859999999999964e+00
1.039920000000000073e+03, 2.328490000000000004e-01
1.039930000000000064e+03, -3.260680000000000245e-01
1.039950000000000045e+03, 2.032329999999999970e-01
1.039970000000000027e+03, -1.413240000000000052e+00
1.039980000000000018e+03, -1.518180000000000085e+00
1.040000000000000000e+03, -9.337170000000000192e-01
1.040019999999999982e+03, -8.820880000000000387e-02
1.040029999999999973e+03, -1.392420000000000047e-01
1.040049999999999955e+03, -4.491169999999999884e-01
1.040069999999999936e+03, -4.614980000000000193e-01
1.040079999999999927e+03, 1.853279999999999927e-01
1.040099999999999909e+03, 6.922580000000000400e-01
1.040119999999999891e+03, 8.843669999999999309e-02
1.040130000000000109e+03, 1.307960000000000012e+00
1.040150000000000091e+03, 5.636980000000000324e-01
1.040170000000000073e+03, 2.635620000000000185e-01
1.040180000000000064e+03, 6.212769999999999682e-01
1.040200000000000045e+03, -8.098459999999999548e-01
1.040220000000000027e+03, -5.705299999999999816e-01
1.040230000000000018e+03, -2.182389999999999886e-01
1.040250000000000000e+03, -3.844819999999999904e-01
1.040269999999999982e+03, -1.783269999999999911e+00
1.040279999999999973e+03, 3.347580000000000000e-01
1.040299999999999955e+03, 3.829790000000000139e-01
1.040319999999999936e+03, 1.832379999999999898e+00
1.040329999999999927e+03, 1.120819999999999927e+00
1.040349999999999909e+03, -8.114719999999999711e-01
1.040369999999999891e+03, -6.611019999999999675e-01
1.040380000000000109e+03, -1.010920000000000041e+00
1.040400000000000091e+03, -8.339010000000000034e-01
1.040420000000000073e+03, -6.538469999999999560e-01
1.040430000000000064e+03, -1.584369999999999945e-01
1.040450000000000045e+03, 1.815569999999999962e-01
1.040470000000000027e+03, 2.707680000000000069e-03
1.040480000000000018e+03, 7.005050000000000443e-01
1.040500000000000000e+03, 1.371390000000000109e+00
1.040519999999999982e+03, 7.686399999999999899e-01
1.040529999999999973e+03, -5.548939999999999984e-01
1.040549999999999955e+03, -1.141510000000000025e+00
1.040569999999999936e+03, -9.164339999999999709e-01
1.040579999999999927e+03, 7.275909999999999878e-01
1.040599999999999909e+03, 9.867709999999999537e-01
1.040619999999999891e+03, 1.922739999999999894e+00
1.040630000000000109e+03, 2.577869999999999884e-01
1.040650000000000091e+03, -5.421660000000000368e-01
1.040670000000000073e+03, -1.421689999999999898e+00
1.040680000000000064e+03, -2.302810000000000135e-01
1.040700000000000045e+03, -1.004629999999999912e+00
1.040720000000000027e+03, -1.633659999999999890e+00
1.040730000000000018e+03, -2.444880000000000109e-01
1.040750000000000000e+03, 6.903690000000000104e-01
1.040769999999999982e+03, 2.568770000000000220e-01
1.040779999999999973e+03, 7.915010000000000101e-01
1.040799999999999955e+03, 5.741049999999999764e-01
1.040819999999999936e+03, -1.304629999999999956e+00
1.040829999999999927e+03, -1.018159999999999954e+00
1.040849999999999909e+03, -1.113310000000000022e+00
1.040869999999999891e+03, 8.575270000000000115e-02
1.040880000000000109e+03, -4.667890000000000095e-01
1.040900000000000091e+03, -1.690830000000000055e+00
1.040920000000000073e+03, -1.347779999999999978e+00
1.040930000000000064e+03, 2.594089999999999938e-02
1.040950000000000045e+03, 4.122730000000000006e-01
1.040970000000000027e+03, 4.593160000000000021e-01
1.040980000000000018e+03, 6.618760000000000199e-01
1.041000000000000000e+03, -1.077420000000000044e+00
1.041019999999999982e+03, -7.144620000000000415e-01
1.041029999999999973e+03, -4.549130000000000118e-01
1.041049999999999955e+03, -1.002269999999999994e+00
1.041069999999999936e+03, 2.261180000000000134e-01
1.041079999999999927e+03, 6.029740000000000100e-01
1.041099999999999909e+03, -5.359300000000000175e-02
1.041119999999999891e+03, 1.088780000000000081e+00
1.041130000000000109e+03, 2.030629999999999935e-01
1.041150000000000091e+03, 2.351419999999999899e-02
1.041170000000000073e+03, -2.250580000000000080e-01
1.041180000000000064e+03, -8.025029999999999664e-01
1.041200000000000045e+03, -8.445179999999999909e-01
1.041220000000000027e+03, 1.080310000000000104e+00
1.041230000000000018e+03, 3.903429999999999955e-01
1.041250000000000000e+03, 7.252990000000000270e-01
1.041269999999999982e+03, 1.026850000000000041e+00
1.041279999999999973e+03, 1.082750000000000101e+00
1.041299999999999955e+03, -3.461799999999999877e-01
1.041319999999999936e+03, 9.264989999999999615e-01
1.041329999999999927e+03, 1.811099999999999932e+00
1.041349999999999909e+03, 7.187350000000000128e-01
1.041369999999999891e+03, -7.738599999999999923e-01
1.041380000000000109e+03, -4.279709999999999764e-02
1.041400000000000091e+03, -1.459300000000000007e-02
1.041420000000000073e+03, 1.120789999999999953e+00
1.041430000000000064e+03, 1.017560000000000020e+00
1.041450000000000045e+03, -1.656140000000000112e-01
1.041470000000000027e+03, -1.706239999999999979e+00
1.041480000000000018e+03, 2.982119999999999910e-02
1.041500000000000000e+03, 9.313720000000000332e-02
1.041519999999999982e+03, -2.006000000000000005e-01
1.041529999999999973e+03, 4.672669999999999879e-01
1.041549999999999955e+03, -8.968559999999999865e-01
1.041569999999999936e+03, -2.653400000000000203e-01
1.041579999999999927e+03, 8.946840000000000348e-01
1.041599999999999909e+03, 1.649019999999999930e+00
1.041619999999999891e+03, -3.179690000000000016e-01
1.041630000000000109e+03, -6.280040000000000622e-02
1.041650000000000091e+03, 3.092070000000000096e-01
1.041670000000000073e+03, -8.302829999999999933e-01
1.041680000000000064e+03, 3.987189999999999901e-01
1.041700000000000045e+03, -5.669040000000000190e-03
1.041720000000000027e+03, 5.498300000000000409e-01
1.041730000000000018e+03, -1.607099999999999973e+00
1.041750000000000000e+03, -2.059769999999999879e+00
1.041769999999999982e+03, -1.138050000000000006e+00
1.041779999999999973e+03, -3.002099999999999769e-01
1.041799999999999955e+03, 1.478310000000000013e+00
1.041819999999999936e+03, 1.391680000000000028e+00
1.041829999999999927e+03, -4.004380000000000162e-01
1.041849999999999909e+03, 8.947030000000000260e-01
1.041869999999999891e+03, -6.900119999999999587e-01
1.041880000000000109e+03, -1.545030000000000014e-01
1.041900000000000091e+03, 6.723500000000000032e-01
1.041920000000000073e+03, -1.387349999999999972e-01
1.041930000000000064e+03, -1.693650000000000100e+00
1.041950000000000045e+03, -7.687110000000000332e-01
1.041970000000000027e+03, 5.991630000000000011e-01
1.041980000000000018e+03, 1.146919999999999940e+00
1.042000000000000000e+03, 8.389450000000000518e-01
1.042019999999999982e+03, -1.081089999999999968e-01
1.042029999999999973e+03, -4.652040000000000064e-01
1.042049999999999955e+03, -1.949619999999999964e-01
1.042069999999999936e+03, 8.486320000000000530e-01
1.042079999999999927e+03, 5.063640000000000363e-01
1.042099999999999909e+03, -4.658099999999999741e-02
1.042119999999999891e+03, 1.266250000000000098e+00
1.042130000000000109e+03, 1.009600000000000053e+00
1.042150000000000091e+03, -1.865829999999999989e-01
1.042170000000000073e+03, 1.414350000000000052e-01
1.042180000000000064e+03, -4.106060000000000265e-01
1.042200000000000045e+03, -2.505410000000000137e-01
1.042220000000000027e+03, 2.198299999999999976e-01
1.042230000000000018e+03, -7.747300000000000297e-01
1.042250000000000000e+03, -9.110719999999999930e-01
1.042269999999999982e+03, 3.518780000000000241e-01
1.042279999999999973e+03, -6.895430000000000170e-01
1.042299999999999955e+03, -2.359690000000000121e-01
1.042319999999999936e+03, -1.863559999999999939e-01
1.042329999999999927e+03, 6.198879999999999946e-01
1.042349999999999909e+03, -4.922860000000000014e-01
1.042369999999999891e+03, -8.398130000000000317e-01
1.042380000000000109e+03, 3.324449999999999905e-01
1.042400000000000091e+03, -1.133429999999999993e-01
1.042420000000000073e+03, 9.048249999999999904e-01
1.042430000000000064e+03, 6.446359999999999868e-01
1.042450000000000045e+03, -5.795020000000000032e-02
1.042470000000000027e+03, -2.361370000000000136e-01
1.042480000000000018e+03, 3.287169999999999814e-01
1.042500000000000000e+03, -9.536390000000000144e-02
1.042519999999999982e+03, -1.094090000000000007e+00
1.042529999999999973e+03, 7.390379999999999727e-01
1.042549999999999955e+03, 2.013530000000000042e-01
1.042569999999999936e+03, -1.258089999999999931e+00
1.042579999999999927e+03, -9.269779999999999687e-01
1.042599999999999909e+03, 2.195199999999999929e-01
1.042619999999999891e+03, 2.624259999999999926e-01
1.042630000000000109e+03, 4.028010000000000201e-01
1.042650000000000091e+03, -7.552839999999999554e-01
1.042670000000000073e+03, 8.203749999999999654e-01
1.042680000000000064e+03, 1.863370000000000026e-01
1.042700000000000045e+03, -4.030480000000000174e-01
1.042720000000000027e+03, -3.089459999999999984e-01
1.042730000000000018e+03, -5.721490000000000187e-01
1.042750000000000000e+03, -1.008529999999999927e+00
1.042769999999999982e+03, -1.133440000000000003e+00
1.042779999999999973e+03, 1.245789999999999953e-01
1.042799999999999955e+03, 6.534189999999999721e-01
1.042819999999999936e+03, -1.269679999999999920e+00
1.042829999999999927e+03, -2.080670000000000019e+00
1.042849999999999909e+03, -1.906960000000000044e-01
1.042869999999999891e+03, -1.019709999999999894e+00
1.042880000000000109e+03, -7.027240000000000153e-01
1.042900000000000091e+03, 1.552529999999999966e+00
1.042920000000000073e+03, 1.259740000000000082e+00
1.042930000000000064e+03, 7.541299999999999670e-01
1.042950000000000045e+03, -1.016969999999999930e+00
1.042970000000000027e+03, -1.814969999999999972e+00
1.042980000000000018e+03, -3.784410000000000274e-01
1.043000000000000000e+03, -9.753840000000000288e-01
1.043019999999999982e+03, 5.326379999999999448e-01
1.043029999999999973e+03, 1.824629999999999863e-01
1.043049999999999955e+03, 1.015879999999999894e+00
1.043069999999999936e+03, -6.344569999999999897e-03
1.043079999999999927e+03, 1.480309999999999959e-01
1.043099999999999909e+03, -1.195799999999999974e+00
1.043119999999999891e+03, -6.387529999999999597e-02
1.043130000000000109e+03, -6.317960000000000242e-01
1.043150000000000091e+03, -7.187740000000000240e-01
1.043170000000000073e+03, -1.001439999999999969e-01
1.043180000000000064e+03, 1.857229999999999992e-01
1.043200000000000045e+03, -9.332740000000000480e-02
1.043220000000000027e+03, -9.165579999999999838e-01
1.043230000000000018e+03, 7.946870000000000323e-01
1.043250000000000000e+03, -2.028649999999999898e-01
1.043269999999999982e+03, 1.011660000000000004e+00
1.043279999999999973e+03, 4.761529999999999929e-01
1.043299999999999955e+03, 2.302700000000000191e+00
1.043319999999999936e+03, 2.008239999999999803e+00
1.043329999999999927e+03, 1.725410000000000110e+00
1.043349999999999909e+03, -1.503929999999999989e-01
1.043369999999999891e+03, 4.976220000000000088e-01
1.043380000000000109e+03, -2.518889999999999740e-01
1.043400000000000091e+03, -1.986040000000000028e+00
1.043420000000000073e+03, -1.627769999999999939e+00
1.043430000000000064e+03, -8.733159999999999812e-01
1.043450000000000045e+03, 6.889539999999999553e-02
1.043470000000000027e+03, 4.479099999999999748e-01
1.043480000000000018e+03, 3.584389999999999799e-02
1.043500000000000000e+03, 5.669319999999999915e-01
1.043519999999999982e+03, -6.339770000000000127e-02
1.043529999999999973e+03, 1.032519999999999966e-01
1.043549999999999955e+03, -2.291680000000000106e-01
1.043569999999999936e+03, 5.314330000000000442e-01
1.043579999999999927e+03, -1.561590000000000034e+00
1.043599999999999909e+03, 7.630759999999999765e-01
1.043619999999999891e+03, -1.382649999999999990e-01
1.043630000000000109e+03, -7.509470000000000312e-01
1.043650000000000091e+03, -4.250149999999999761e-02
1.043670000000000073e+03, 2.913970000000000171e-01
1.043680000000000064e+03, 3.024160000000000043e-02
1.043700000000000045e+03, 1.193820000000000103e+00
1.043720000000000027e+03, 8.673429999999999751e-01
1.043730000000000018e+03, -2.464000000000000079e-01
1.043750000000000000e+03, -4.999870000000000148e-01
1.043769999999999982e+03, -6.264899999999999913e-01
1.043779999999999973e+03, 5.439190000000000413e-01
1.043799999999999955e+03, 6.624179999999999513e-01
1.043819999999999936e+03, 1.171570000000000000e+00
1.043829999999999927e+03, 4.549909999999999788e-01
1.043849999999999909e+03, 6.424560000000000271e-01
1.043869999999999891e+03, 3.157429999999999959e-01
1.043880000000000109e+03, -1.394020000000000037e+00
1.043900000000000091e+03, -1.071299999999999919e+00
1.043920000000000073e+03, -9.314080000000000137e-01
1.043930000000000064e+03, -1.318610000000000060e+00
1.043950000000000045e+03, -1.028939999999999966e+00
1.043970000000000027e+03, 2.923000000000000043e-01
1.043980000000000018e+03, -4.306809999999999805e-01
1.044000000000000000e+03, -3.049800000000000080e-02
1.044019999999999982e+03, 5.644980000000000553e-01
1.044029999999999973e+03, 4.793049999999999811e-01
1.044049999999999955e+03, 2.415130000000000141e-03
1.044069999999999936e+03, 1.149450000000000055e-01
1.044079999999999927e+03, 5.186600000000000099e-01
1.044099999999999909e+03, -3.193949999999999845e-01
1.044119999999999891e+03, 1.431590000000000085e-01
1.044130000000000109e+03, -7.991920000000000135e-01
1.044150000000000091e+03, -5.158270000000000355e-01
1.044170000000000073e+03, -1.471430000000000016e+00
1.044180000000000064e+03, -7.199600000000000444e-02
1.044200000000000045e+03, 4.829879999999999729e-01
1.044220000000000027e+03, -4.221019999999999772e-01
1.044230000000000018e+03, 1.311289999999999956e-01
1.044250000000000000e+03, -1.113730000000000109e+00
1.044269999999999982e+03, 7.509949999999999681e-01
1.044279999999999973e+03, -1.593279999999999974e-01
1.044299999999999955e+03, 6.900070000000000370e-01
1.044319999999999936e+03, -1.146509999999999918e+00
1.044329999999999927e+03, -6.318399999999999572e-01
1.044349999999999909e+03, 1.561299999999999910e+00
1.044369999999999891e+03, 7.073810000000000375e-01
1.044380000000000109e+03, 1.892830000000000068e-01
1.044400000000000091e+03, -5.669920000000000515e-01
1.044420000000000073e+03, -1.001609999999999889e+00
1.044430000000000064e+03, -4.929439999999999933e-01
1.044450000000000045e+03, -2.432549999999999990e-01
1.044470000000000027e+03, -2.137120000000000131e-01
1.044480000000000018e+03, -9.912729999999999597e-01
1.044500000000000000e+03, 1.715899999999999925e-01
1.044519999999999982e+03, -4.264539999999999997e-01
1.044529999999999973e+03, 2.164059999999999942e-02
1.044549999999999955e+03, 4.602640000000000065e-01
1.044569999999999936e+03, 1.667170000000000041e+00
1.044579999999999927e+03, 5.446060000000000345e-01
1.044599999999999909e+03, 8.823990000000000444e-01
1.044619999999999891e+03, 5.948649999999999771e-02
1.044630000000000109e+03, -4.489969999999999795e-01
1.044650000000000091e+03, -7.073650000000000215e-01
1.044670000000000073e+03, 6.084639999999999667e-03
1.044680000000000064e+03, 4.624079999999999857e-01
1.044700000000000045e+03, 3.146680000000000033e-01
1.044720000000000027e+03, 1.520319999999999894e+00
1.044730000000000018e+03, 2.801339999999999941e-01
1.044750000000000000e+03, -1.257100000000000106e+00
1.044769999999999982e+03, -4.214490000000000181e-01
1.044779999999999973e+03, -8.282049999999999690e-01
1.044799999999999955e+03, 1.336640000000000050e+00
1.044819999999999936e+03, 1.454360000000000097e+00
1.044829999999999927e+03, 1.562610000000000054e+00
1.044849999999999909e+03, -1.063900000000000068e+00
1.044869999999999891e+03, 2.454349999999999865e-01
1.044880000000000109e+03, 1.731619999999999937e+00
1.044900000000000091e+03, 1.051919999999999966e+00
1.044920000000000073e+03, 6.000349999999999850e-01
1.044930000000000064e+03, 3.258150000000000213e-01
1.044950000000000045e+03, -8.524790000000000145e-02
1.044970000000000027e+03, -7.622460000000000173e-03
1.044980000000000018e+03, 9.973490000000000133e-02
1.045000000000000000e+03, 9.739790000000000392e-01
1.045019999999999982e+03, -7.928579999999999517e-01
1.045029999999999973e+03, -1.110680000000000001e-01
1.045049999999999955e+03, 2.818359999999999754e-01
1.045069999999999936e+03, 6.475300000000000500e-01
1.045079999999999927e+03, 1.370440000000000103e+00
1.045099999999999909e+03, -4.281890000000000002e-03
1.045119999999999891e+03, 2.207240000000000091e+00
1.045130000000000109e+03, -1.253049999999999997e+00
1.045150000000000091e+03, -2.198650000000000215e+00
1.045170000000000073e+03, 3.419939999999999786e-02
1.045180000000000064e+03, -5.309920000000000195e-01
1.045200000000000045e+03, -2.891389999999999794e-01
1.045220000000000027e+03, 3.266600000000000059e-01
1.045230000000000018e+03, -1.521519999999999984e+00
1.045250000000000000e+03, 9.384439999999999449e-01
1.045269999999999982e+03, -1.005419999999999980e+00
1.045279999999999973e+03, -1.071080000000000032e+00
1.045299999999999955e+03, 4.102330000000000143e-01
1.045319999999999936e+03, 4.098479999999999901e-01
1.045329999999999927e+03, 7.196099999999999719e-01
1.045349999999999909e+03, 2.228150000000000130e-01
1.045369999999999891e+03, 1.321439999999999948e+00
1.045380000000000109e+03, -3.563720000000000221e-01
1.045400000000000091e+03, -4.041130000000000000e-01
1.045420000000000073e+03, -2.332210000000000116e-01
1.045430000000000064e+03, 6.336580000000000545e-01
1.045450000000000045e+03, 2.951159999999999894e-01
1.045470000000000027e+03, -8.128229999999999622e-01
1.045480000000000018e+03, 1.512709999999999888e-01
1.045500000000000000e+03, -1.675300000000000011e+00
1.045519999999999982e+03, -3.463010000000000255e-01
1.045529999999999973e+03, 1.836319999999999897e-01
1.045549999999999955e+03, -1.041040000000000021e-01
1.045569999999999936e+03, 1.348489999999999966e+00
1.045579999999999927e+03, -1.200469999999999926e+00
1.045599999999999909e+03, -4.611080000000000179e-01
1.045619999999999891e+03, 1.365939999999999932e+00
1.045630000000000109e+03, 5.169080000000000341e-01
1.045650000000000091e+03, 6.289379999999999971e-01
1.045670000000000073e+03, 7.564800000000000690e-02
1.045680000000000064e+03, -4.864559999999999995e-01
1.045700000000000045e+03, -1.043770000000000087e+00
1.045720000000000027e+03, 1.026999999999999913e+00
1.045730000000000018e+03, 2.497959999999999903e-01
1.045750000000000000e+03, 3.245429999999999843e-02
1.045769999999999982e+03, 4.086359999999999992e-01
1.045779999999999973e+03, -5.623930000000000318e-01
1.045799999999999955e+03, 7.386239999999999473e-01
1.045819999999999936e+03, 5.685499999999999998e-01
1.045829999999999927e+03, -3.671789999999999776e-01
1.045849999999999909e+03, 1.539570000000000105e+00
1.045869999999999891e+03, 1.236150000000000027e-01
1.045880000000000109e+03, -8.500130000000000186e-01
1.045900000000000091e+03, 1.128910000000000080e+00
1.045920000000000073e+03, -4.660340000000000038e-01
1.045930000000000064e+03, -1.884269999999999889e+00
1.045950000000000045e+03, -1.124910000000000077e+00
1.045970000000000027e+03, -1.743829999999999991e+00
1.045980000000000018e+03, 7.862740000000000284e-01
1.046000000000000000e+03, -4.753700000000000148e-01
1.046019999999999982e+03, -1.895999999999999908e-01
1.046029999999999973e+03, -2.375309999999999921e-01
1.046049999999999955e+03, -3.310580000000000189e-01
1.046069999999999936e+03, -9.017589999999999772e-01
1.046079999999999927e+03, 9.509099999999999497e-02
1.046099999999999909e+03, -1.546919999999999962e-01
1.046119999999999891e+03, 1.828710000000000058e+00
1.046130000000000109e+03, 1.064170000000000060e+00
1.046150000000000091e+03, 7.136329999999999618e-01
1.046170000000000073e+03, -1.638149999999999995e+00
1.046180000000000064e+03, 6.849920000000000453e-01
1.046200000000000045e+03, 5.465039999999999898e-01
1.046220000000000027e+03, -1.137550000000000061e+00
1.046230000000000018e+03, -1.484850000000000003e+00
1.046250000000000000e+03, -1.817190000000000083e+00
1.046269999999999982e+03, -5.410190000000000277e-01
1.046279999999999973e+03, 8.192409999999999970e-02
1.046299999999999955e+03, 2.209550000000000125e-01
1.046319999999999936e+03, 2.645109999999999961e-01
1.046329999999999927e+03, 6.873040000000000260e-01
1.046349999999999909e+03, -6.654090000000000282e-01
1.046369999999999891e+03, -4.380010000000000153e-02
1.046380000000000109e+03, -6.902289999999999814e-01
1.046400000000000091e+03, 4.450049999999999839e-01
1.046420000000000073e+03, 1.282310000000000061e+00
1.046430000000000064e+03, 8.498459999999999903e-01
1.046450000000000045e+03, -2.495190000000000019e+00
1.046470000000000027e+03, 9.288119999999999710e-01
1.046480000000000018e+03, -1.009360000000000035e+00
1.046500000000000000e+03, -6.635080000000000144e-02
1.046519999999999982e+03, 9.982330000000000370e-01
1.046529999999999973e+03, -1.092780000000000085e+00
1.046549999999999955e+03, -1.243530000000000024e+00
1.046569999999999936e+03, -6.102640000000000287e-01
1.046579999999999927e+03, -6.248829999999999663e-01
1.046599999999999909e+03, -8.450400000000000134e-01
1.046619999999999891e+03, 6.837229999999999697e-01
1.046630000000000109e+03, 4.948429999999999773e-01
1.046650000000000091e+03, 1.001609999999999889e+00
1.046670000000000073e+03, 7.341290000000000315e-02
1.046680000000000064e+03, -6.901599999999999957e-01
1.046700000000000045e+03, 8.374639999999999862e-01
1.046720000000000027e+03, -6.292839999999999545e-01
1.046730000000000018e+03, 8.170990000000000197e-01
1.046750000000000000e+03, 1.791900000000000048e+00
1.046769999999999982e+03, -1.716090000000000115e-01
1.046779999999999973e+03, -2.979820000000000246e-01
1.046799999999999955e+03, -3.263759999999999994e-01
1.046819999999999936e+03, -2.833990000000000120e-01
1.046829999999999927e+03, -1.249819999999999931e+00
1.046849999999999909e+03, -5.745109999999999939e-01
1.046869999999999891e+03, -1.518730000000000080e-01
1.046880000000000109e+03, -3.158719999999999861e-01
1.046900000000000091e+03, -7.083589999999999609e-01
1.046920000000000073e+03, 1.982659999999999978e-01
1.046930000000000064e+03, 8.306879999999999820e-01
1.046950000000000045e+03, 5.591660000000000519e-01
1.046970000000000027e+03, 1.395359999999999934e-01
1.046980000000000018e+03, 7.029100000000000348e-01
1.047000000000000000e+03, 9.124970000000000303e-02
1.047019999999999982e+03, 1.904160000000000075e+00
1.047029999999999973e+03, 8.848819999999999464e-01
1.047049999999999955e+03, -1.015930000000000000e+00
1.047069999999999936e+03, -2.215429999999999899e-01
1.047079999999999927e+03, -8.729019999999999557e-01
1.047099999999999909e+03, -1.037570000000000103e+00
1.047119999999999891e+03, 7.316139999999999866e-01
1.047130000000000109e+03, -7.221330000000000249e-01
1.047150000000000091e+03, 1.258529999999999927e-01
1.047170000000000073e+03, 1.514920000000000044e+00
1.047180000000000064e+03, 7.824250000000000371e-01
1.047200000000000045e+03, 2.805289999999999728e-01
1.047220000000000027e+03, 6.010910000000000419e-01
1.047230000000000018e+03, -7.366840000000000055e-01
1.047250000000000000e+03, -1.174129999999999896e+00
1.047269999999999982e+03, -7.045350000000000223e-01
1.047279999999999973e+03, -9.768909999999999538e-01
1.047299999999999955e+03, -2.582699999999999996e-01
1.047319999999999936e+03, 8.946429999999999660e-01
1.047329999999999927e+03, 4.122469999999999746e-01
1.047349999999999909e+03, -2.522670000000000190e-01
1.047369999999999891e+03, -2.090730000000000199e+00
1.047380000000000109e+03, -2.673490000000000033e-01
1.047400000000000091e+03, -1.926239999999999897e-01
1.047420000000000073e+03, -8.105099999999999527e-01
1.047430000000000064e+03, -1.348819999999999908e+00
1.047450000000000045e+03, -6.416379999999999306e-02
1.047470000000000027e+03, -8.924130000000000118e-01
1.047480000000000018e+03, -1.554129999999999956e-01
1.047500000000000000e+03, -1.147019999999999929e+00
1.047519999999999982e+03, 1.163550000000000084e+00
1.047529999999999973e+03, -1.159599999999999964e+00
1.047549999999999955e+03, 3.285410000000000275e-01
1.047569999999999936e+03, 4.053289999999999949e-01
1.047579999999999927e+03, 7.209029999999999605e-01
1.047599999999999909e+03, -7.220100000000000129e-02
1.047619999999999891e+03, 8.658890000000000198e-01
1.047630000000000109e+03, -1.901560000000000056e-02
1.047650000000000091e+03, -4.249550000000000272e-01
1.047670000000000073e+03, -7.045019999999999616e-01
1.047680000000000064e+03, 2.338459999999999983e-01
1.047700000000000045e+03, 1.215159999999999990e-01
1.047720000000000027e+03, 5.589359999999999884e-01
1.047730000000000018e+03, 1.177030000000000021e+00
1.047750000000000000e+03, -1.089809999999999945e+00
1.047769999999999982e+03, 2.085710000000000064e-01
1.047779999999999973e+03, -1.405219999999999914e+00
1.047799999999999955e+03, -5.793549999999999534e-01
1.047819999999999936e+03, -1.250590000000000035e-01
1.047829999999999927e+03, -1.631350000000000022e-01
1.047849999999999909e+03, 7.278569999999999485e-02
1.047869999999999891e+03, 1.075550000000000006e+00
1.047880000000000109e+03, 7.228409999999999558e-01
1.047900000000000091e+03, -8.103019999999999667e-01
1.047920000000000073e+03, 7.206860000000000488e-01
1.047930000000000064e+03, 5.692180000000000017e-01
1.047950000000000045e+03, 6.541219999999999812e-01
1.047970000000000027e+03, 8.773069999999999480e-01
1.047980000000000018e+03, 5.719469999999999832e-01
1.048000000000000000e+03, -1.177820000000000089e+00
1.048019999999999982e+03, -8.784239999999999826e-01
1.048029999999999973e+03, -8.757639999999999869e-01
1.048049999999999955e+03, -7.401720000000000521e-01
1.048069999999999936e+03, -1.206690000000000040e+00
1.048079999999999927e+03, -6.700430000000000552e-01
1.048099999999999909e+03, 2.321989999999999998e+00
1.048119999999999891e+03, 5.390720000000000234e-02
1.048130000000000109e+03, -3.610459999999999781e-01
1.048150000000000091e+03, 1.034739999999999993e+00
1.048170000000000073e+03, -2.547690000000000232e-01
1.048180000000000064e+03, -1.508820000000000050e+00
1.048200000000000045e+03, -4.154930000000000012e-01
1.048220000000000027e+03, -6.135450000000000070e-01
1.048230000000000018e+03, 5.811840000000000062e-02
1.048250000000000000e+03, -3.619080000000000075e-01
1.048269999999999982e+03, 1.513039999999999941e+00
1.048279999999999973e+03, 4.925249999999999906e-01
1.048299999999999955e+03, 1.103210000000000024e+00
1.048319999999999936e+03, -1.406910000000000105e-01
1.048329999999999927e+03, -5.772739999999999538e-01
1.048349999999999909e+03, -1.206769999999999898e+00
1.048369999999999891e+03, -2.370449999999999988e-02
1.048380000000000109e+03, -5.301730000000000054e-01
1.048400000000000091e+03, 1.574589999999999934e+00
1.048420000000000073e+03, 1.443959999999999910e+00
1.048430000000000064e+03, 4.847030000000000088e-02
1.048450000000000045e+03, 9.221629999999999550e-01
1.048470000000000027e+03, -1.070109999999999895e+00
1.048480000000000018e+03, -3.200160000000000227e-01
1.048500000000000000e+03, 2.508449999999999847e-01
1.048519999999999982e+03, 1.858410000000000062e-01
1.048529999999999973e+03, 1.725770000000000082e-01
1.048549999999999955e+03, -2.541240000000000165e-01
1.048569999999999936e+03, -6.927020000000000399e-01
1.048579999999999927e+03, -1.173290000000000027e-01
1.048599999999999909e+03, -1.033499999999999974e-01
1.048619999999999891e+03, -4.615750000000000131e-01
1.048630000000000109e+03, -3.477899999999999880e-01
1.048650000000000091e+03, -1.128880000000000106e+00
1.048670000000000073e+03, -1.413219999999999921e+00
1.048680000000000064e+03, -2.069670000000000121e-01
1.048700000000000045e+03, 3.703350000000000253e-01
1.048720000000000027e+03, 6.232469999999999954e-01
1.048730000000000018e+03, -5.535949999999999482e-01
1.048750000000000000e+03, -5.636139999999999484e-01
1.048769999999999982e+03, -1.078189999999999982e+00
1.048779999999999973e+03, -1.580739999999999923e-01
1.048799999999999955e+03, 6.192769999999999664e-01
1.048819999999999936e+03, -6.211510000000000087e-01
1.048829999999999927e+03, -4.231170000000000070e-02
1.048849999999999909e+03, -3.652819999999999956e-01
1.048869999999999891e+03, -4.253529999999999811e-01
1.048880000000000109e+03, -1.396479999999999944e+00
1.048900000000000091e+03, -8.320739999999999803e-01
1.048920000000000073e+03, 1.987970000000000015e+00
1.048930000000000064e+03, 1.388530000000000042e+00
1.048950000000000045e+03, 3.735479999999999912e-01
1.048970000000000027e+03, -9.070470000000000477e-01
1.048980000000000018e+03, -3.908170000000000255e-01
1.049000000000000000e+03, -1.334279999999999911e+00
1.049019999999999982e+03, 5.411780000000000479e-01
1.049029999999999973e+03, -1.609680000000000138e-02
1.049049999999999955e+03, 1.237649999999999917e+00
1.049069999999999936e+03, -1.676719999999999988e+00
1.049079999999999927e+03, -1.171030000000000015e+00
1.049099999999999909e+03, -2.180960000000000121e-01
1.049119999999999891e+03, 1.149860000000000104e+00
1.049130000000000109e+03, 7.292849999999999611e-01
1.049150000000000091e+03, 9.637240000000000251e-01
1.049170000000000073e+03, 9.534690000000000110e-01
1.049180000000000064e+03, -2.301850000000000007e-01
1.049200000000000045e+03, -8.952940000000000342e-01
1.049220000000000027e+03, 5.735919999999999908e-01
1.049230000000000018e+03, 6.804089999999999618e-03
1.049250000000000000e+03, 3.178980000000000139e-01
1.049269999999999982e+03, -1.211089999999999944e-01
1.049279999999999973e+03, -1.189859999999999918e+00
1.049299999999999955e+03, -5.120689999999999964e-01
1.049319999999999936e+03, 3.710479999999999889e-01
1.049329999999999927e+03, 1.779300000000000104e+00
1.049349999999999909e+03, 4.026870000000000172e-01
1.049369999999999891e+03, 3.492290000000000116e-01
1.049380000000000109e+03, 1.488939999999999986e-01
1.049400000000000091e+03, 1.987959999999999949e+00
1.049420000000000073e+03, -1.497479999999999922e+00
1.049430000000000064e+03, -4.768299999999999761e-01
1.049450000000000045e+03, 7.396249999999999769e-01
1.049470000000000027e+03, 6.010550000000000059e-01
1.049480000000000018e+03, -5.893549999999999622e-01
1.049500000000000000e+03, -4.296699999999999964e-01
1.049519999999999982e+03, 7.827220000000000288e-01
1.049529999999999973e+03, 1.916120000000000045e-01
1.049549999999999955e+03, 1.914829999999999866e-01
1.049569999999999936e+03, 2.173650000000000061e-03
1.049579999999999927e+03, -7.333560000000000079e-02
1.049599999999999909e+03, -4.309290000000000065e-01
1.049619999999999891e+03, -2.644320000000000004e-01
1.049630000000000109e+03, -1.402509999999999868e-01
1.049650000000000091e+03, 8.252729999999999788e-02
1.049670000000000073e+03, 8.389060000000000406e-01
1.049680000000000064e+03, 8.524819999999999620e-01
1.049700000000000045e+03, -7.360719999999999485e-01
1.049720000000000027e+03, -3.438030000000000252e-01
1.049730000000000018e+03, -3.755140000000000144e-01
1.049750000000000000e+03, -1.155980000000000028e-02
1.049769999999999982e+03, 1.130730000000000013e+00
1.049779999999999973e+03, 2.393689999999999984e-01
1.049799999999999955e+03, -4.616460000000000008e-01
1.049819999999999936e+03, -1.414999999999999869e-01
1.049829999999999927e+03, 1.932389999999999941e-01
1.049849999999999909e+03, 6.370349999999999624e-02
1.049869999999999891e+03, -8.276869999999999505e-01
1.049880000000000109e+03, -4.047649999999999859e-01
1.049900000000000091e+03, -4.571589999999999820e-01
1.049920000000000073e+03, -1.671019999999999950e+00
1.049930000000000064e+03, 1.327709999999999946e+00
1.049950000000000045e+03, 2.411750000000000060e+00
1.049970000000000027e+03, 9.810680000000000511e-01
1.049980000000000018e+03, -4.026370000000000227e-01
1.050000000000000000e+03, -1.412169999999999925e+00
1.050019999999999982e+03, -1.983679999999999888e-01
1.050029999999999973e+03, 7.356319999999999526e-01
1.050049999999999955e+03, -5.199989999999999890e-01
1.050069999999999936e+03, -1.015460000000000029e+00
1.050079999999999927e+03, -3.584499999999999909e-01
1.050099999999999909e+03, 7.255500000000000282e-01
1.050119999999999891e+03, 6.106190000000000229e-01
1.050130000000000109e+03, -3.539070000000000271e-01
1.050150000000000091e+03, 1.899969999999999992e-01
1.050170000000000073e+03, 1.276279999999999915e-01
1.050180000000000064e+03, -5.469230000000000480e-01
1.050200000000000045e+03, 4.918130000000000002e-01
1.050220000000000027e+03, 1.004480000000000040e+00
1.050230000000000018e+03, 1.367150000000000087e+00
1.050250000000000000e+03, 6.882279999999999509e-01
1.050269999999999982e+03, -3.021599999999999842e-01
1.050279999999999973e+03, -1.234739999999999949e+00
1.050299999999999955e+03, -9.513019999999999810e-01
1.050319999999999936e+03, 1.136630000000000001e-01
1.050329999999999927e+03, -2.988469999999999738e-01
1.050349999999999909e+03, 4.955040000000000000e-01
1.050369999999999891e+03, 1.388830000000000064e-01
1.050380000000000109e+03, -6.961880000000000290e-01
1.050400000000000091e+03, -5.099949999999999761e-01
1.050420000000000073e+03, -6.338030000000000053e-01
1.050430000000000064e+03, 4.121020000000000238e-01
1.050450000000000045e+03, -3.777969999999999939e-01
1.050470000000000027e+03, 3.401150000000000007e-01
1.050480000000000018e+03, -3.645249999999999879e-01
1.050500000000000000e+03, 7.023310000000000386e-01
1.050519999999999982e+03, 4.533280000000000087e-01
1.050529999999999973e+03, 8.490649999999999586e-01
1.050549999999999955e+03, -8.560330000000000439e-01
1.050569999999999936e+03, -9.734199999999999520e-01
1.050579999999999927e+03, -1.672909999999999953e-01
1.050599999999999909e+03, -3.120049999999999768e-01
1.050619999999999891e+03, -6.346990000000000132e-01
1.050630000000000109e+03, -2.135489999999999888e-01
1.050650000000000091e+03, -1.511120000000000019e+00
1.050670000000000073e+03, 1.877240000000000159e-02
1.050680000000000064e+03, 2.108810000000000073e+00
1.050700000000000045e+03, 1.380300000000000082e+00
1.050720000000000027e+03, 1.513249999999999873e-01
1.050730000000000018e+03, -9.589300000000000601e-02
1.050750000000000000e+03, -1.000869999999999926e+00
1.050769999999999982e+03, -6.231830000000000425e-01
1.050779999999999973e+03, 4.082709999999999950e-01
1.050799999999999955e+03, 1.017679999999999918e+00
1.050819999999999936e+03, 1.284799999999999942e+00
1.050829999999999927e+03, 5.167370000000000296e-02
1.050849999999999909e+03, -1.515670000000000073e+00
1.050869999999999891e+03, -8.840639999999999610e-01
1.050880000000000109e+03, -4.211639999999999828e-01
1.050900000000000091e+03, 1.030159999999999965e+00
1.050920000000000073e+03, 2.635140000000000260e-01
1.050930000000000064e+03, 1.497049999999999992e+00
1.050950000000000045e+03, 2.254700000000000037e-01
1.050970000000000027e+03, 6.878250000000000197e-01
1.050980000000000018e+03, -1.313420000000000032e+00
1.051000000000000000e+03, -1.371359999999999912e+00
1.051019999999999982e+03, -1.119870000000000032e-01
1.051029999999999973e+03, 4.086699999999999777e-01
1.051049999999999955e+03, 2.076639999999999875e-01
1.051069999999999936e+03, 1.306380000000000097e+00
1.051079999999999927e+03, -6.837149999999999617e-01
1.051099999999999909e+03, -1.092479999999999896e+00
1.051119999999999891e+03, 1.136729999999999963e-01
1.051130000000000109e+03, -1.146320000000000006e+00
1.051150000000000091e+03, 1.486709999999999976e+00
1.051170000000000073e+03, -2.288640000000000119e-01
1.051180000000000064e+03, -1.012569999999999998e-01
1.051200000000000045e+03, 1.828230000000000133e-01
1.051220000000000027e+03, -1.062550000000000106e+00
1.051230000000000018e+03, -4.354879999999999862e-02
1.051250000000000000e+03, 4.222520000000000162e-01
1.051269999999999982e+03, 1.351369999999999960e+00
1.051279999999999973e+03, 5.831749999999999989e-01
1.051299999999999955e+03, -7.174209999999999754e-01
1.051319999999999936e+03, -3.820959999999999912e-01
1.051329999999999927e+03, 5.766890000000000072e-01
1.051349999999999909e+03, -7.061610000000000387e-01
1.051369999999999891e+03, 6.344339999999999702e-02
1.051380000000000109e+03, 1.344899999999999984e+00
1.051400000000000091e+03, -6.702360000000000262e-02
1.051420000000000073e+03, 2.667840000000000211e-01
1.051430000000000064e+03, 7.122770000000000490e-01
1.051450000000000045e+03, 3.957479999999999887e-01
1.051470000000000027e+03, 5.210139999999999771e-01
1.051480000000000018e+03, -6.264929999999999666e-01
1.051500000000000000e+03, -4.665179999999999882e-01
1.051519999999999982e+03, -9.921219999999999484e-01
1.051529999999999973e+03, 8.830750000000000544e-01
1.051549999999999955e+03, -4.822380000000000000e-01
1.051569999999999936e+03, 2.851779999999999871e-01
1.051579999999999927e+03, 4.435490000000000266e-02
1.051599999999999909e+03, -7.463400000000000034e-01
1.051619999999999891e+03, -1.526629999999999932e-01
1.051630000000000109e+03, -3.894750000000000156e-01
1.051650000000000091e+03, 3.436569999999999903e-01
1.051670000000000073e+03, -2.107060000000000044e-01
1.051680000000000064e+03, 3.373019999999999907e-01
1.051700000000000045e+03, -8.418029999999999680e-01
1.051720000000000027e+03, 7.406209999999999738e-01
1.051730000000000018e+03, 7.444159999999999666e-01
1.051750000000000000e+03, -1.126390000000000002e+00
1.051769999999999982e+03, 1.307330000000000103e+00
1.051779999999999973e+03, 8.028870000000000173e-01
1.051799999999999955e+03, -5.970290000000000319e-01
1.051819999999999936e+03, -8.050140000000000073e-01
1.051829999999999927e+03, -1.349699999999999900e+00
1.051849999999999909e+03, -1.236980000000000024e-01
1.051869999999999891e+03, -6.208489999999999842e-01
1.051880000000000109e+03, 9.822560000000000180e-01
1.051900000000000091e+03, 3.908090000000000175e-01
1.051920000000000073e+03, 1.331079999999999893e-03
1.051930000000000064e+03, -6.254229999999999512e-01
1.051950000000000045e+03, -3.684649999999999870e-01
1.051970000000000027e+03, -1.906309999999999949e-01
1.051980000000000018e+03, -1.566330000000000153e-02
1.052000000000000000e+03, 6.617439999999999989e-01
1.052019999999999982e+03, -4.004730000000000234e-01
1.052029999999999973e+03, 1.074240000000000084e+00
1.052049999999999955e+03, 2.243609999999999882e+00
1.052069999999999936e+03, 3.934110000000000107e-01
1.052079999999999927e+03, -5.206110000000000460e-01
1.052099999999999909e+03, 6.846339999999999648e-01
1.052119999999999891e+03, -6.463210000000000344e-01
1.052130000000000109e+03, -1.022829999999999906e+00
1.052150000000000091e+03, 6.585030000000000050e-02
1.052170000000000073e+03, 7.775519999999999654e-02
1.052180000000000064e+03, -3.794529999999999847e-01
1.052200000000000045e+03, -9.951410000000000533e-01
1.052220000000000027e+03, 3.613990000000000258e-01
1.052230000000000018e+03, -1.309199999999999919e+00
1.052250000000000000e+03, 4.541220000000000256e-01
1.052269999999999982e+03, -1.176320000000000032e+00
1.052279999999999973e+03, 1.225470000000000059e+00
1.052299999999999955e+03, 9.307800000000000518e-01
1.052319999999999936e+03, -1.181119999999999948e+00
1.052329999999999927e+03, -1.200469999999999926e+00
1.052349999999999909e+03, -6.409070000000000045e-01
1.052369999999999891e+03, -5.471430000000000460e-01
1.052380000000000109e+03, 1.574699999999999989e+00
1.052400000000000091e+03, 6.814379999999999882e-01
1.052420000000000073e+03, -1.183929999999999982e-01
1.052430000000000064e+03, 4.498110000000000303e-02
1.052450000000000045e+03, -1.887000000000000066e-01
1.052470000000000027e+03, 4.767500000000000071e-01
1.052480000000000018e+03, 2.563190000000000190e-01
1.052500000000000000e+03, -6.700089999999999657e-01
1.052519999999999982e+03, -6.178919999999999968e-01
1.052529999999999973e+03, 1.420239999999999947e+00
1.052549999999999955e+03, 1.177799999999999958e+00
1.052569999999999936e+03, 5.293689999999999785e-01
1.052579999999999927e+03, 5.245480000000000143e-01
1.052599999999999909e+03, 8.055299999999999683e-01
1.052619999999999891e+03, 1.392930000000000001e+00
1.052630000000000109e+03, -8.755929999999999547e-01
1.052650000000000091e+03, -1.781679999999999930e+00
1.052670000000000073e+03, -4.348609999999999975e-01
1.052680000000000064e+03, -1.070009999999999989e-01
1.052700000000000045e+03, 1.699379999999999891e+00
1.052720000000000027e+03, 2.667769999999999864e-01
1.052730000000000018e+03, -8.728099999999999747e-01
1.052750000000000000e+03, -2.383959999999999968e-01
1.052769999999999982e+03, -8.048189999999999511e-01
1.052779999999999973e+03, -2.687990000000000101e-01
1.052799999999999955e+03, 1.404330000000000023e-01
1.052819999999999936e+03, 1.214220000000000022e-01
1.052829999999999927e+03, 8.104299999999999837e-01
1.052849999999999909e+03, 4.884160000000000168e-01
1.052869999999999891e+03, -1.710210000000000008e+00
1.052880000000000109e+03, 6.417040000000000521e-01
1.052900000000000091e+03, -5.019540000000000113e-01
1.052920000000000073e+03, 2.081630000000000091e+00
1.052930000000000064e+03, 6.494870000000000365e-01
1.052950000000000045e+03, -6.545189999999999342e-02
1.052970000000000027e+03, 1.157580000000000053e+00
1.052980000000000018e+03, 3.910259999999999847e-01
1.053000000000000000e+03, -4.484799999999999898e-01
1.053019999999999982e+03, 1.169480000000000075e+00
1.053029999999999973e+03, 5.979440000000000310e-01
1.053049999999999955e+03, -1.856990000000000030e-01
1.053069999999999936e+03, -7.373220000000000329e-01
1.053079999999999927e+03, 1.546500000000000097e-01
1.053099999999999909e+03, 9.994269999999999543e-01
1.053119999999999891e+03, -3.309489999999999932e-01
1.053130000000000109e+03, 3.932159999999999822e-02
1.053150000000000091e+03, 1.061120000000000063e+00
1.053170000000000073e+03, -2.946520000000000250e-01
1.053180000000000064e+03, -8.417959999999999887e-01
1.053200000000000045e+03, -8.669210000000000527e-01
1.053220000000000027e+03, -1.567970000000000086e+00
1.053230000000000018e+03, -1.694180000000000130e-01
1.053250000000000000e+03, 2.787060000000000093e-01
1.053269999999999982e+03, -2.284960000000000116e-02
1.053279999999999973e+03, 1.697179999999999911e+00
1.053299999999999955e+03, 1.480920000000000014e+00
1.053319999999999936e+03, -2.260570000000000079e-01
1.053329999999999927e+03, -1.801299999999999901e+00
1.053349999999999909e+03, -1.048659999999999926e+00
1.053369999999999891e+03, -5.798809999999999798e-01
1.053380000000000109e+03, -1.646810000000000107e+00
1.053400000000000091e+03, 4.781929999999999792e-01
1.053420000000000073e+03, 4.169539999999999913e-01
1.053430000000000064e+03, 7.376099999999999879e-01
1.053450000000000045e+03, 1.599049999999999916e-01
1.053470000000000027e+03, 5.803639999999999910e-01
1.053480000000000018e+03, 6.248720000000000142e-03
1.053500000000000000e+03, 4.462119999999999975e-01
1.053519999999999982e+03, -4.155280000000000085e-01
1.053529999999999973e+03, 3.677000000000000268e-01
1.053549999999999955e+03, -8.321809999999999485e-01
1.053569999999999936e+03, -6.963240000000000540e-01
1.053579999999999927e+03, 1.326119999999999965e+00
1.053599999999999909e+03, -4.696690000000000031e-01
1.053619999999999891e+03, 1.724030000000000007e-01
1.053630000000000109e+03, -1.361439999999999872e-01
1.053650000000000091e+03, -6.662240000000000384e-01
1.053670000000000073e+03, 1.325359999999999872e-01
1.053680000000000064e+03, 1.348300000000000054e-01
1.053700000000000045e+03, 4.893660000000000232e-01
1.053720000000000027e+03, -2.670439999999999967e-02
1.053730000000000018e+03, -6.218639999999999723e-01
1.053750000000000000e+03, -8.293819999999999526e-01
1.053769999999999982e+03, -1.261940000000000062e+00
1.053779999999999973e+03, 1.052329999999999932e-01
1.053799999999999955e+03, 6.341459999999999875e-01
1.053819999999999936e+03, 2.735909999999999731e-01
1.053829999999999927e+03, 4.466390000000000082e-01
1.053849999999999909e+03, -2.140610000000000013e-01
1.053869999999999891e+03, 1.062820000000000098e+00
1.053880000000000109e+03, -4.867460000000000120e-01
1.053900000000000091e+03, -3.995970000000000077e-02
1.053920000000000073e+03, 6.828400000000000025e-01
1.053930000000000064e+03, 8.005219999999999558e-01
1.053950000000000045e+03, -2.966980000000000173e-01
1.053970000000000027e+03, -1.767600000000000060e+00
1.053980000000000018e+03, 5.374459999999999793e-01
1.054000000000000000e+03, -8.788179999999999603e-02
1.054019999999999982e+03, 2.465910000000000046e-01
1.054029999999999973e+03, -5.457659999999999734e-01
1.054049999999999955e+03, 9.741509999999999891e-01
1.054069999999999936e+03, 3.845819999999999794e-01
1.054079999999999927e+03, -3.433069999999999733e-01
1.054099999999999909e+03, -3.509530000000000149e-01
1.054119999999999891e+03, -4.638260000000000161e-01
1.054130000000000109e+03, -6.064479999999999871e-01
1.054150000000000091e+03, -2.773209999999999842e-01
1.054170000000000073e+03, -6.152800000000000491e-01
1.054180000000000064e+03, -1.048919999999999991e-01
1.054200000000000045e+03, -7.856739999999999557e-02
1.054220000000000027e+03, 6.020240000000000036e-01
1.054230000000000018e+03, 1.777859999999999996e-01
1.054250000000000000e+03, 1.482189999999999896e+00
1.054269999999999982e+03, -4.811059999999999781e-01
1.054279999999999973e+03, -4.653749999999999831e-01
1.054299999999999955e+03, 6.457989999999999564e-02
1.054319999999999936e+03, 5.374379999999999713e-01
1.054329999999999927e+03, 1.384789999999999965e+00
1.054349999999999909e+03, 1.180139999999999967e+00
1.054369999999999891e+03, -5.395959999999999646e-01
1.054380000000000109e+03, -8.497799999999999798e-01
1.054400000000000091e+03, -7.524100000000000232e-01
1.054420000000000073e+03, -2.174870000000000136e-01
1.054430000000000064e+03, -6.802979999999999583e-01
1.054450000000000045e+03, 6.983010000000000432e-03
1.054470000000000027e+03, 9.384959999999999969e-01
1.054480000000000018e+03, 4.660650000000000071e-01
1.054500000000000000e+03, -3.363450000000000051e-01
1.054519999999999982e+03, -5.952539999999999915e-02
1.054529999999999973e+03, -1.647039999999999893e-01
1.054549999999999955e+03, -3.095999999999999863e-01
1.054569999999999936e+03, 8.172960000000000225e-01
1.054579999999999927e+03, -1.205640000000000045e+00
1.054599999999999909e+03, -3.457999999999999963e-01
1.054619999999999891e+03, -6.307209999999999761e-01
1.054630000000000109e+03, 2.320689999999999975e-01
1.054650000000000091e+03, 4.869559999999999861e-02
1.054670000000000073e+03, -1.282069999999999876e-01
1.054680000000000064e+03, 3.672799999999999954e-01
1.054700000000000045e+03, 1.049889999999999990e+00
1.054720000000000027e+03, 9.005440000000000111e-01
1.054730000000000018e+03, 2.148509999999999864e-01
1.054750000000000000e+03, -2.314350000000000018e-01
1.054769999999999982e+03, 2.295210000000000028e-01
1.054779999999999973e+03, 5.436670000000000114e-01
1.054799999999999955e+03, 1.022729999999999917e+00
1.054819999999999936e+03, 1.233119999999999994e+00
1.054829999999999927e+03, -3.489249999999999852e-01
1.054849999999999909e+03, -2.835289999999999755e-01
1.054869999999999891e+03, -1.321360000000000035e-01
1.054880000000000109e+03, 8.757920000000000149e-01
1.054900000000000091e+03, -6.248890000000000000e-02
1.054920000000000073e+03, 5.512310000000000265e-01
1.054930000000000064e+03, -1.144919999999999938e+00
1.054950000000000045e+03, -7.513050000000000006e-01
1.054970000000000027e+03, -1.032820000000000071e+00
1.054980000000000018e+03, -8.738799999999999901e-01
1.055000000000000000e+03, -1.181870000000000004e-01
1.055019999999999982e+03, 1.026089999999999947e+00
1.055029999999999973e+03, 7.167959999999999887e-01
1.055049999999999955e+03, 1.037249999999999978e-01
1.055069999999999936e+03, 7.229950000000000543e-01
1.055079999999999927e+03, -2.998040000000000149e-01
1.055099999999999909e+03, -3.856299999999999728e-01
1.055119999999999891e+03, -9.051130000000000286e-02
1.055130000000000109e+03, -1.839189999999999992e-01
1.055150000000000091e+03, 6.266829999999999901e-01
1.055170000000000073e+03, 3.026429999999999954e-01
1.055180000000000064e+03, 2.562240000000000073e-01
1.055200000000000045e+03, 1.418299999999999894e+00
1.055220000000000027e+03, 1.315139999999999920e-01
1.055230000000000018e+03, -9.986199999999999521e-01
1.055250000000000000e+03, 2.736189999999999890e-03
1.055269999999999982e+03, -7.423889999999999656e-01
1.055279999999999973e+03, -5.207880000000000287e-01
1.055299999999999955e+03, 5.770140000000000269e-01
1.055319999999999936e+03, -3.613910000000000178e-01
1.055329999999999927e+03, 1.025079999999999991e+00
1.055349999999999909e+03, 3.999010000000000065e-01
1.055369999999999891e+03, 4.778020000000000045e-01
1.055380000000000109e+03, -3.516920000000000046e-01
1.055400000000000091e+03, -5.674390000000000267e-01
1.055420000000000073e+03, -8.743779999999999886e-01
1.055430000000000064e+03, -6.982859999999999623e-01
1.055450000000000045e+03, 1.837350000000000039e+00
1.055470000000000027e+03, 2.020250000000000101e-01
1.055480000000000018e+03, -3.808720000000000161e-02
1.055500000000000000e+03, 6.506800000000000361e-01
1.055519999999999982e+03, 1.575800000000000117e-02
1.055529999999999973e+03, -4.428070000000000062e-01
1.055549999999999955e+03, -2.132799999999999974e-01
1.055569999999999936e+03, -4.077060000000000128e-01
1.055579999999999927e+03, 3.949219999999999953e-01
1.055599999999999909e+03, -2.443240000000000134e-01
1.055619999999999891e+03, 5.828699999999999992e-01
1.055630000000000109e+03, 7.512440000000000229e-01
1.055650000000000091e+03, 4.585560000000000191e-01
1.055670000000000073e+03, -1.255679999999999907e+00
1.055680000000000064e+03, 9.301310000000000133e-02
1.055700000000000045e+03, -1.355059999999999931e+00
1.055720000000000027e+03, -1.099099999999999966e+00
1.055730000000000018e+03, -6.302809999999999802e-01
1.055750000000000000e+03, 5.405250000000000332e-01
1.055769999999999982e+03, 1.084629999999999983e+00
1.055779999999999973e+03, -8.267430000000000612e-02
1.055799999999999955e+03, 3.809119999999999728e-01
1.055819999999999936e+03, 5.179110000000000102e-01
1.055829999999999927e+03, 1.206579999999999986e+00
1.055849999999999909e+03, 1.328290000000000026e-01
1.055869999999999891e+03, -1.014180000000000081e+00
1.055880000000000109e+03, 2.206059999999999965e-01
1.055900000000000091e+03, 2.317460000000000075e-01
1.055920000000000073e+03, 9.288910000000000222e-01
1.055930000000000064e+03, -8.607780000000000431e-01
1.055950000000000045e+03, -2.553650000000000087e-01
1.055970000000000027e+03, -6.009309999999999929e-01
1.055980000000000018e+03, -1.304300000000000015e+00
1.056000000000000000e+03, 1.310280000000000056e-01
1.056019999999999982e+03, 8.413279999999999648e-01
1.056029999999999973e+03, -5.204600000000000337e-01
1.056049999999999955e+03, -1.082859999999999934e+00
1.056069999999999936e+03, 3.505280000000000062e-01
1.056079999999999927e+03, 3.057719999999999883e-01
1.056099999999999909e+03, 2.681820000000000037e-02
1.056119999999999891e+03, -4.032399999999999873e-01
1.056130000000000109e+03, -1.152090000000000058e+00
1.056150000000000091e+03, 1.708109999999999837e-02
1.056170000000000073e+03, 4.527450000000000224e-02
1.056180000000000064e+03, 3.398269999999999902e-01
1.056200000000000045e+03, 6.267719999999999958e-01
1.056220000000000027e+03, 1.563130000000000075e-01
1.056230000000000018e+03, 1.100249999999999950e+00
1.056250000000000000e+03, -1.434130000000000127e-01
1.056269999999999982e+03, 2.431989999999999985e-01
1.056279999999999973e+03, -9.560589999999999922e-01
1.056299999999999955e+03, 4.682939999999999880e-01
1.056319999999999936e+03, -1.027119999999999977e-01
1.056329999999999927e+03, -1.217370000000000063e+00
1.056349999999999909e+03, 1.155670000000000031e-01
1.056369999999999891e+03, -8.946969999999999645e-01
1.056380000000000109e+03, 1.635869999999999989e-03
1.056400000000000091e+03, 3.348340000000000205e-01
1.056420000000000073e+03, 5.563439999999999497e-01
1.056430000000000064e+03, 5.798950000000000493e-01
1.056450000000000045e+03, 1.597949999999999982e+00
1.056470000000000027e+03, 5.545879999999999699e-01
1.056480000000000018e+03, -2.678200000000000025e-02
1.056500000000000000e+03, -5.126089999999999813e-01
1.056519999999999982e+03, -8.574880000000000280e-01
1.056529999999999973e+03, 2.731469999999999732e-01
1.056549999999999955e+03, -4.003619999999999957e-01
1.056569999999999936e+03, 1.741049999999999986e+00
1.056579999999999927e+03, 8.700590000000000268e-01
1.056599999999999909e+03, -4.998580000000000245e-01
1.056619999999999891e+03, 8.357799999999999674e-01
1.056630000000000109e+03, -9.328189999999999538e-01
1.056650000000000091e+03, -1.198619999999999963e-01
1.056670000000000073e+03, 7.507960000000000189e-01
1.056680000000000064e+03, -3.524240000000000150e-01
1.056700000000000045e+03, -1.214210000000000012e+00
1.056720000000000027e+03, -8.552389999999999715e-01
1.056730000000000018e+03, -9.513369999999999882e-01
1.056750000000000000e+03, 2.462459999999999927e-01
1.056769999999999982e+03, 3.194660000000000277e-01
1.056779999999999973e+03, -3.234259999999999913e-01
1.056799999999999955e+03, 9.331660000000000510e-01
1.056819999999999936e+03, 1.470990000000000020e+00
1.056829999999999927e+03, 7.108510000000000106e-01
1.056849999999999909e+03, 1.097400000000000042e-01
1.056869999999999891e+03, 1.611380000000000035e-01
1.056880000000000109e+03, -9.014999999999999680e-01
1.056900000000000091e+03, -1.898900000000000032e+00
1.056920000000000073e+03, -1.362239999999999895e+00
1.056930000000000064e+03, -2.655080000000000218e-01
1.056950000000000045e+03, -8.203709999999999614e-01
1.056970000000000027e+03, 1.678190000000000071e+00
1.056980000000000018e+03, 5.519600000000000062e-01
1.057000000000000000e+03, -4.311889999999999890e-01
1.057019999999999982e+03, -6.299379999999999979e-01
1.057029999999999973e+03, -1.233829999999999982e+00
1.057049999999999955e+03, 1.962170000000000025e-01
1.057069999999999936e+03, -9.756749999999999590e-01
1.057079999999999927e+03, -9.212209999999999843e-02
1.057099999999999909e+03, 8.603629999999999889e-01
1.057119999999999891e+03, 3.540280000000000094e-01
1.057130000000000109e+03, 1.204049999999999981e-01
1.057150000000000091e+03, -1.378860000000000086e-01
1.057170000000000073e+03, -1.699340000000000073e+00
1.057180000000000064e+03, -4.991849999999999898e-01
1.057200000000000045e+03, 8.760000000000000009e-01
1.057220000000000027e+03, 4.728499999999999925e-01
1.057230000000000018e+03, 5.249709999999999654e-01
1.057250000000000000e+03, 1.409640000000000004e+00
1.057269999999999982e+03, 8.928020000000000400e-02
1.057279999999999973e+03, -1.277349999999999874e-01
1.057299999999999955e+03, 9.022160000000000180e-01
1.057319999999999936e+03, -3.992029999999999745e-01
1.057329999999999927e+03, -1.113310000000000022e+00
1.057349999999999909e+03, 1.076870000000000049e-01
1.057369999999999891e+03, -2.532669999999999977e+00
1.057380000000000109e+03, 4.114260000000000139e-01
1.057400000000000091e+03, -2.578409999999999869e-01
1.057420000000000073e+03, 4.750920000000000143e-01
1.057430000000000064e+03, 5.572489999999999943e-01
1.057450000000000045e+03, 6.519509999999999472e-01
1.057470000000000027e+03, -1.007139999999999924e+00
1.057480000000000018e+03, -1.623639999999999972e+00
1.057500000000000000e+03, -1.141929999999999890e+00
1.057519999999999982e+03, -3.982870000000000021e-01
1.057529999999999973e+03, -5.383029999999999760e-01
1.057549999999999955e+03, -8.079779999999999740e-01
1.057569999999999936e+03, -1.573490000000000055e+00
1.057579999999999927e+03, -5.431989999999999874e-01
1.057599999999999909e+03, 2.264819999999999889e-01
1.057619999999999891e+03, 1.209640000000000049e+00
1.057630000000000109e+03, 8.924670000000000103e-01
1.057650000000000091e+03, -1.358199999999999963e-01
1.057670000000000073e+03, -3.206390000000000073e-01
1.057680000000000064e+03, 5.496579999999999799e-01
1.057700000000000045e+03, 1.217009999999999925e+00
1.057720000000000027e+03, 4.360450000000000159e-01
1.057730000000000018e+03, -3.985000000000000209e-01
1.057750000000000000e+03, 7.307489999999999819e-02
1.057769999999999982e+03, -2.678559999999999830e-01
1.057779999999999973e+03, -5.275729999999999587e-01
1.057799999999999955e+03, -1.547709999999999919e+00
1.057819999999999936e+03, -1.333150000000000057e+00
1.057829999999999927e+03, 4.668559999999999932e-01
1.057849999999999909e+03, 2.592470000000000052e+00
1.057869999999999891e+03, 1.950569999999999915e+00
1.057880000000000109e+03, 2.819429999999999992e-01
1.057900000000000091e+03, -2.013599999999999834e+00
1.057920000000000073e+03, 7.332499999999999574e-01
1.057930000000000064e+03, 2.494770000000000043e-01
1.057950000000000045e+03, 6.621029999999999971e-01
1.057970000000000027e+03, 1.970609999999999973e+00
1.057980000000000018e+03, 3.180979999999999919e-01
1.058000000000000000e+03, -4.194229999999999903e-01
1.058019999999999982e+03, -9.857080000000000286e-01
1.058029999999999973e+03, -8.719989999999999686e-01
1.058049999999999955e+03, -1.822899999999999965e+00
1.058069999999999936e+03, -4.901079999999999881e-01
1.058079999999999927e+03, 3.981729999999999992e-02
1.058099999999999909e+03, 1.122959999999999958e+00
1.058119999999999891e+03, 6.598850000000000549e-01
1.058130000000000109e+03, 1.257079999999999975e+00
1.058150000000000091e+03, 5.451099999999999834e-01
1.058170000000000073e+03, -1.432870000000000088e+00
1.058180000000000064e+03, -7.700110000000000010e-01
1.058200000000000045e+03, 7.289360000000000284e-01
1.058220000000000027e+03, 2.886139999999999817e-01
1.058230000000000018e+03, -4.896140000000000214e-02
1.058250000000000000e+03, -2.786930000000000240e-01
1.058269999999999982e+03, -3.620530000000000137e-01
1.058279999999999973e+03, 1.149880000000000013e+00
1.058299999999999955e+03, 1.114309999999999912e+00
1.058319999999999936e+03, -3.475420000000000176e-01
1.058329999999999927e+03, 5.529259999999999731e-02
1.058349999999999909e+03, -2.716099999999999959e+00
1.058369999999999891e+03, -3.525190000000000268e-01
1.058380000000000109e+03, -7.077120000000000077e-01
1.058400000000000091e+03, 1.089660000000000073e+00
1.058420000000000073e+03, 6.716669999999999585e-02
1.058430000000000064e+03, -8.359880000000000089e-02
1.058450000000000045e+03, -9.559199999999999919e-01
1.058470000000000027e+03, 2.408150000000000013e-01
1.058480000000000018e+03, -1.644539999999999891e+00
1.058500000000000000e+03, -2.474310000000000009e+00
1.058519999999999982e+03, 5.423710000000000336e-02
1.058529999999999973e+03, 5.888160000000000061e-01
1.058549999999999955e+03, 1.273030000000000106e+00
1.058569999999999936e+03, 1.867639999999999967e+00
1.058579999999999927e+03, 9.409340000000000481e-01
1.058599999999999909e+03, -1.071939999999999893e+00
1.058619999999999891e+03, -7.628190000000000248e-01
1.058630000000000109e+03, -4.895459999999999812e-01
1.058650000000000091e+03, 2.410259999999999903e-01
1.058670000000000073e+03, -9.849250000000000504e-01
1.058680000000000064e+03, -3.577429999999999777e-01
1.058700000000000045e+03, 1.945550000000000057e-01
1.058720000000000027e+03, 8.386740000000000306e-01
1.058730000000000018e+03, 7.745210000000000150e-01
1.058750000000000000e+03, 7.829369999999999941e-01
1.058769999999999982e+03, -1.786960000000000104e+00
1.058779999999999973e+03, 2.662019999999999942e-01
1.058799999999999955e+03, 1.022399999999999975e+00
1.058819999999999936e+03, 4.374939999999999940e-01
1.058829999999999927e+03, -4.819339999999999735e-01
1.058849999999999909e+03, 1.570279999999999898e+00
1.058869999999999891e+03, 1.680869999999999934e-02
1.058880000000000109e+03, -1.984580000000000011e+00
1.058900000000000091e+03, -1.578910000000000036e+00
1.058920000000000073e+03, -1.037460000000000049e+00
1.058930000000000064e+03, 1.424860000000000015e+00
1.058950000000000045e+03, -4.008590000000000209e-01
1.058970000000000027e+03, -1.363590000000000080e-01
1.058980000000000018e+03, -8.183840000000000003e-01
1.059000000000000000e+03, 8.030089999999999728e-01
1.059019999999999982e+03, 5.963389999999999525e-01
1.059029999999999973e+03, 3.572029999999999927e-01
1.059049999999999955e+03, -7.293110000000000426e-01
1.059069999999999936e+03, -1.226849999999999996e+00
1.059079999999999927e+03, 1.056659999999999933e+00
1.059099999999999909e+03, 1.215759999999999952e+00
1.059119999999999891e+03, -4.223219999999999752e-01
1.059130000000000109e+03, 1.736439999999999928e-01
1.059150000000000091e+03, 9.181920000000000082e-01
1.059170000000000073e+03, -8.836910000000000043e-01
1.059180000000000064e+03, 9.616059999999999885e-02
1.059200000000000045e+03, 1.215370000000000061e+00
1.059220000000000027e+03, 1.216769999999999935e-01
1.059230000000000018e+03, 3.633580000000000143e-01
1.059250000000000000e+03, 4.154709999999999792e-01
1.059269999999999982e+03, -7.423720000000000319e-01
1.059279999999999973e+03, 2.675770000000000093e-01
1.059299999999999955e+03, 1.794540000000000024e-01
1.059319999999999936e+03, -3.222149999999999737e-01
1.059329999999999927e+03, 1.869869999999999866e-01
1.059349999999999909e+03, 9.897129999999999539e-01
1.059369999999999891e+03, 2.143249999999999877e-01
1.059380000000000109e+03, -1.714250000000000052e+00
1.059400000000000091e+03, -1.565220000000000056e+00
1.059420000000000073e+03, 1.340419999999999945e-01
1.059430000000000064e+03, 2.249599999999999864e-02
1.059450000000000045e+03, 8.145400000000000418e-01
1.059470000000000027e+03, -8.382100000000000106e-01
1.059480000000000018e+03, -1.208059999999999912e+00
1.059500000000000000e+03, -2.162360000000000115e-01
1.059519999999999982e+03, -6.696060000000000345e-01
1.059529999999999973e+03, 4.139800000000000146e-01
1.059549999999999955e+03, 2.402800000000000075e-02
1.059569999999999936e+03, -4.503539999999999766e-01
1.059579999999999927e+03, -9.189669999999999783e-01
1.059599999999999909e+03, -5.644649999999999945e-01
1.059619999999999891e+03, 2.741210000000000035e-01
1.059630000000000109e+03, 3.217840000000000145e-01
1.059650000000000091e+03, -1.039729999999999960e-01
1.059670000000000073e+03, -1.194879999999999942e+00
1.059680000000000064e+03, -9.596249999999999503e-01
1.059700000000000045e+03, -1.407559999999999922e+00
1.059720000000000027e+03, -4.456209999999999893e-01
1.059730000000000018e+03, 1.200239999999999974e+00
1.059750000000000000e+03, 1.029770000000000074e+00
1.059769999999999982e+03, 5.139540000000000219e-01
1.059779999999999973e+03, 7.903719999999999635e-01
1.059799999999999955e+03, 4.997530000000000028e-01
1.059819999999999936e+03, 5.600770000000000470e-01
1.059829999999999927e+03, 2.087759999999999894e-01
1.059849999999999909e+03, 2.653769999999999740e-01
1.059869999999999891e+03, 2.949660000000000060e-01
1.059880000000000109e+03, 4.787609999999999921e-01
1.059900000000000091e+03, -3.149950000000000250e-01
1.059920000000000073e+03, -4.852400000000000047e-01
1.059930000000000064e+03, -7.380330000000000501e-01
1.059950000000000045e+03, -8.009220000000000228e-01
1.059970000000000027e+03, -1.087670000000000026e-01
1.059980000000000018e+03, -3.324360000000000093e-01
1.060000000000000000e+03, 8.892500000000000404e-02
1.060019999999999982e+03, -4.489420000000000077e-01
1.060029999999999973e+03, 5.195469999999999811e-01
1.060049999999999955e+03, -1.005100000000000104e+00
1.060069999999999936e+03, 2.506119999999999876e-02
1.060079999999999927e+03, -4.055349999999999788e-01
1.060099999999999909e+03, -3.849319999999999964e-01
1.060119999999999891e+03, -1.658209999999999962e-01
1.060130000000000109e+03, 1.237219999999999986e+00
1.060150000000000091e+03, 9.923020000000000174e-01
1.060170000000000073e+03, -3.246240000000000236e-01
1.060180000000000064e+03, -4.750550000000000050e-01
1.060200000000000045e+03, -5.404830000000000467e-01
1.060220000000000027e+03, -7.415990000000000082e-02
1.060230000000000018e+03, -8.449410000000000531e-01
1.060250000000000000e+03, 3.893470000000000264e-02
1.060269999999999982e+03, 4.045619999999999772e-01
1.060279999999999973e+03, 2.615439999999999987e-01
1.060299999999999955e+03, -1.929899999999999949e-01
1.060319999999999936e+03, 1.764539999999999997e-01
1.060329999999999927e+03, -2.364939999999999820e+00
1.060349999999999909e+03, -1.994760000000000089e+00
1.060369999999999891e+03, -1.327250000000000041e+00
1.060380000000000109e+03, -1.956170000000000131e-01
1.060400000000000091e+03, -1.173249999999999987e-02
1.060420000000000073e+03, 3.895190000000000041e-01
1.060430000000000064e+03, -3.699189999999999978e-01
1.060450000000000045e+03, -8.658190000000000053e-01
1.060470000000000027e+03, -8.021739999999999426e-02
1.060480000000000018e+03, -1.113879999999999981e+00
1.060500000000000000e+03, -1.036580000000000001e-01
1.060519999999999982e+03, 2.576350000000000140e+00
1.060529999999999973e+03, 9.537459999999999827e-01
1.060549999999999955e+03, 9.681680000000000286e-01
1.060569999999999936e+03, -5.108629999999999560e-01
1.060579999999999927e+03, 8.070009999999999684e-02
1.060599999999999909e+03, 2.352760000000000129e-01
1.060619999999999891e+03, 5.057490000000000041e-01
1.060630000000000109e+03, -1.581249999999999878e-01
1.060650000000000091e+03, -8.091760000000000064e-01
1.060670000000000073e+03, -1.129359999999999919e+00
1.060680000000000064e+03, -5.889490000000000003e-02
1.060700000000000045e+03, 2.784550000000000081e-01
1.060720000000000027e+03, 9.827260000000000162e-02
1.060730000000000018e+03, -8.646800000000000319e-02
1.060750000000000000e+03, -8.940719999999999779e-01
1.060769999999999982e+03, -1.296410000000000062e+00
1.060779999999999973e+03, 1.912210000000000021e-01
1.060799999999999955e+03, -2.162000000000000033e-01
1.060819999999999936e+03, 5.976470000000000393e-01
1.060829999999999927e+03, -3.493089999999999806e-01
1.060849999999999909e+03, -8.006670000000000176e-01
1.060869999999999891e+03, 5.257659999999999556e-01
1.060880000000000109e+03, 1.159419999999999895e+00
1.060900000000000091e+03, 3.452800000000000313e-02
1.060920000000000073e+03, -8.729449999999999710e-02
1.060930000000000064e+03, 2.220850000000000046e-01
1.060950000000000045e+03, 6.702329999999999677e-01
1.060970000000000027e+03, 1.195920000000000094e+00
1.060980000000000018e+03, 7.639110000000000067e-01
1.061000000000000000e+03, -6.684809999999999919e-01
1.061019999999999982e+03, -1.554529999999999967e+00
1.061029999999999973e+03, -1.220820000000000016e+00
1.061049999999999955e+03, -2.587559999999999860e-01
1.061069999999999936e+03, 9.394709999999999450e-01
1.061079999999999927e+03, 1.530940000000000079e-01
1.061099999999999909e+03, -6.273269999999999680e-01
1.061119999999999891e+03, 1.364630000000000010e+00
1.061130000000000109e+03, -2.340959999999999985e-01
1.061150000000000091e+03, 1.650230000000000086e+00
1.061170000000000073e+03, -8.044829999999999481e-01
1.061180000000000064e+03, -9.143170000000000464e-01
1.061200000000000045e+03, -3.457640000000000158e-01
1.061220000000000027e+03, -1.911839999999999928e-01
1.061230000000000018e+03, -6.270620000000000083e-01
1.061250000000000000e+03, -7.276129999999999542e-01
1.061269999999999982e+03, 1.084130000000000038e+00
1.061279999999999973e+03, 1.255200000000000093e+00
1.061299999999999955e+03, 5.689319999999999933e-01
1.061319999999999936e+03, -3.299230000000000218e-01
1.061329999999999927e+03, 3.920950000000000130e-02
1.061349999999999909e+03, 1.783160000000000023e-01
1.061369999999999891e+03, 3.531889999999999752e-01
1.061380000000000109e+03, 9.287739999999999885e-01
1.061400000000000091e+03, -4.932929999999999815e-01
1.061420000000000073e+03, 3.768930000000000197e-02
1.061430000000000064e+03, -1.463780000000000081e-01
1.061450000000000045e+03, -7.738380000000000258e-01
1.061470000000000027e+03, -1.341229999999999922e+00
1.061480000000000018e+03, 1.906209999999999849e-02
1.061500000000000000e+03, 4.571859999999999813e-01
1.061519999999999982e+03, 6.950130000000000197e-02
1.061529999999999973e+03, 9.017600000000000060e-01
1.061549999999999955e+03, 5.065089999999999870e-01
1.061569999999999936e+03, 5.992250000000000076e-01
1.061579999999999927e+03, 2.357269999999999921e-01
1.061599999999999909e+03, 1.709950000000000081e-01
1.061619999999999891e+03, 1.583909999999999929e+00
1.061630000000000109e+03, 8.045949999999999491e-01
1.061650000000000091e+03, -1.252899999999999903e+00
1.061670000000000073e+03, -1.100349999999999939e+00
1.061680000000000064e+03, -5.721609999999999890e-02
1.061700000000000045e+03, 8.211030000000000273e-01
1.061720000000000027e+03, 1.278419999999999890e+00
1.061730000000000018e+03, 1.386689999999999978e+00
1.061750000000000000e+03, -1.491460000000000008e-01
1.061769999999999982e+03, -5.890570000000000528e-01
1.061779999999999973e+03, -1.079990000000000006e+00
1.061799999999999955e+03, -1.083029999999999937e+00
1.061819999999999936e+03, 6.448009999999999575e-01
1.061829999999999927e+03, -1.167679999999999968e-01
1.061849999999999909e+03, 1.008569999999999967e+00
1.061869999999999891e+03, -5.424339999999999717e-01
1.061880000000000109e+03, -8.304949999999999832e-01
1.061900000000000091e+03, 1.636670000000000069e-01
1.061920000000000073e+03, 2.364330000000000043e-01
1.061930000000000064e+03, 7.720850000000000213e-01
1.061950000000000045e+03, 4.039690000000000225e-01
1.061970000000000027e+03, -3.420110000000000094e-01
1.061980000000000018e+03, -3.529820000000000180e-01
1.062000000000000000e+03, 4.834669999999999940e-02
1.062019999999999982e+03, 3.831260000000000221e-02
1.062029999999999973e+03, 1.059870000000000090e+00
1.062049999999999955e+03, 7.665829999999999866e-02
1.062069999999999936e+03, -8.157989999999999686e-02
1.062079999999999927e+03, -2.385690000000000033e-01
1.062099999999999909e+03, 1.106239999999999890e+00
1.062119999999999891e+03, 1.128930000000000038e-02
1.062130000000000109e+03, -1.479330000000000034e+00
1.062150000000000091e+03, -1.392810000000000104e+00
1.062170000000000073e+03, -8.151770000000000405e-01
1.062180000000000064e+03, 6.293369999999999520e-02
1.062200000000000045e+03, -3.748079999999999745e-01
1.062220000000000027e+03, -3.124009999999999843e-01
1.062230000000000018e+03, 1.077359999999999984e-01
1.062250000000000000e+03, -3.718259999999999899e-01
1.062269999999999982e+03, 1.067160000000000108e+00
1.062279999999999973e+03, 8.446320000000000494e-01
1.062299999999999955e+03, 8.596350000000000380e-01
1.062319999999999936e+03, -1.286880000000000024e+00
1.062329999999999927e+03, -7.817639999999999312e-02
1.062349999999999909e+03, 1.757740000000000136e-01
1.062369999999999891e+03, -9.584489999999999954e-01
1.062380000000000109e+03, 1.857580000000000009e+00
1.062400000000000091e+03, 6.178609999999999935e-01
1.062420000000000073e+03, -5.342599999999999572e-01
1.062430000000000064e+03, 9.977610000000000090e-01
1.062450000000000045e+03, -8.941660000000000164e-01
1.062470000000000027e+03, -6.706969999999999876e-01
1.062480000000000018e+03, 5.414470000000000220e-03
1.062500000000000000e+03, 9.379920000000000480e-01
1.062519999999999982e+03, -1.489049999999999985e+00
1.062529999999999973e+03, 9.368020000000000236e-01
1.062549999999999955e+03, 2.015039999999999942e+00
1.062569999999999936e+03, 1.017859999999999987e+00
1.062579999999999927e+03, -8.961949999999999639e-01
1.062599999999999909e+03, -8.813119999999999843e-01
1.062619999999999891e+03, -1.292399999999999993e+00
1.062630000000000109e+03, -8.062019999999999742e-01
1.062650000000000091e+03, -6.883730000000000127e-01
1.062670000000000073e+03, -1.062710000000000043e+00
1.062680000000000064e+03, 1.521349999999999925e-01
1.062700000000000045e+03, -1.935449999999999948e-01
1.062720000000000027e+03, 5.152970000000000050e-01
1.062730000000000018e+03, 1.172730000000000050e+00
1.062750000000000000e+03, 8.411779999999999813e-01
1.062769999999999982e+03, 1.155270000000000019e+00
1.062779999999999973e+03, 1.508219999999999894e+00
1.062799999999999955e+03, -8.261730000000000462e-01
1.062819999999999936e+03, -5.708189999999999653e-01
1.062829999999999927e+03, -7.434150000000000480e-01
1.062849999999999909e+03, -2.336600000000000066e-01
1.062869999999999891e+03, 5.615700000000000136e-01
1.062880000000000109e+03, -4.738859999999999739e-01
1.062900000000000091e+03, -1.940790000000000015e-01
1.062920000000000073e+03, -3.701300000000000145e-01
1.062930000000000064e+03, -1.131050000000000111e+00
1.062950000000000045e+03, -1.217130000000000045e+00
1.062970000000000027e+03, -2.535740000000000216e-01
1.062980000000000018e+03, 1.834079999999999877e-01
1.063000000000000000e+03, 4.629090000000000149e-01
1.063019999999999982e+03, 4.591819999999999791e-01
1.063029999999999973e+03, -5.981640000000000290e-01
1.063049999999999955e+03, 3.076269999999999838e-01
1.063069999999999936e+03, 8.317350000000000021e-01
1.063079999999999927e+03, 8.432579999999999520e-01
1.063099999999999909e+03, 4.013900000000000245e-01
1.063119999999999891e+03, -4.396760000000000113e-01
1.063130000000000109e+03, 5.706179999999999586e-01
1.063150000000000091e+03, 3.349390000000000006e-02
1.063170000000000073e+03, 2.569549999999999890e-01
1.063180000000000064e+03, 6.073450000000000237e-01
1.063200000000000045e+03, -2.261569999999999900e-02
1.063220000000000027e+03, -3.785459999999999936e-01
1.063230000000000018e+03, 1.051369999999999943e-01
1.063250000000000000e+03, 3.366649999999999920e-01
1.063269999999999982e+03, -2.468220000000000136e-01
1.063279999999999973e+03, 5.813749999999999751e-01
1.063299999999999955e+03, 4.584590000000000054e-01
1.063319999999999936e+03, -1.846460000000000046e-01
1.063329999999999927e+03, 4.617109999999999825e-01
1.063349999999999909e+03, -1.830739999999999867e-01
1.063369999999999891e+03, 4.512939999999999729e-01
1.063380000000000109e+03, 1.534850000000000048e+00
1.063400000000000091e+03, -3.171140000000000070e-01
1.063420000000000073e+03, -1.571569999999999911e-01
1.063430000000000064e+03, 2.601800000000000224e-01
1.063450000000000045e+03, 4.341400000000000259e-01
1.063470000000000027e+03, -5.871809999999999530e-01
1.063480000000000018e+03, -9.056619999999999671e-01
1.063500000000000000e+03, -8.966969999999999663e-01
1.063519999999999982e+03, 7.814600000000000435e-01
1.063529999999999973e+03, 1.892730000000000024e+00
1.063549999999999955e+03, 7.003319999999999546e-01
1.063569999999999936e+03, 3.070169999999999844e-01
1.063579999999999927e+03, -2.581479999999999997e+00
1.063599999999999909e+03, 8.524340000000000250e-01
1.063619999999999891e+03, 1.547880000000000089e-01
1.063630000000000109e+03, 8.176290000000000502e-01
1.063650000000000091e+03, 1.800110000000000099e+00
1.063670000000000073e+03, 6.841099999999999959e-01
1.063680000000000064e+03, 1.513660000000000005e+00
1.063700000000000045e+03, -6.701319999999999499e-01
1.063720000000000027e+03, -4.408960000000000101e-01
1.063730000000000018e+03, -1.976279999999999981e-01
1.063750000000000000e+03, -1.362069999999999892e+00
1.063769999999999982e+03, -3.856020000000000003e-01
1.063779999999999973e+03, -3.126039999999999930e-01
1.063799999999999955e+03, -2.930989999999999984e-01
1.063819999999999936e+03, 1.235689999999999955e+00
1.063829999999999927e+03, 1.155350000000000099e+00
1.063849999999999909e+03, -4.543289999999999829e-01
1.063869999999999891e+03, -2.387570000000000192e+00
1.063880000000000109e+03, 1.433399999999999952e-01
1.063900000000000091e+03, -7.216099999999999737e-01
1.063920000000000073e+03, 9.424550000000000427e-01
1.063930000000000064e+03, 7.849080000000000501e-01
1.063950000000000045e+03, -1.604440000000000088e+00
1.063970000000000027e+03, -9.769320000000000226e-01
1.063980000000000018e+03, -7.668449999999999989e-01
1.064000000000000000e+03, 2.574080000000000257e-01
1.064019999999999982e+03, 1.050410000000000066e+00
1.064029999999999973e+03, 7.892909999999999648e-01
1.064049999999999955e+03, -8.026360000000000161e-01
1.064069999999999936e+03, 2.656089999999999840e-01
1.064079999999999927e+03, -4.448179999999999912e-01
1.064099999999999909e+03, 3.163610000000000033e-01
1.064119999999999891e+03, 7.573760000000000492e-01
1.064130000000000109e+03, 3.044499999999999984e-02
1.064150000000000091e+03, -1.232919999999999988e-01
1.064170000000000073e+03, 4.708879999999999733e-01
1.064180000000000064e+03, -1.275369999999999893e+00
1.064200000000000045e+03, -7.799939999999999651e-01
1.064220000000000027e+03, -1.349939999999999918e+00
1.064230000000000018e+03, -1.676479999999999915e-01
1.064250000000000000e+03, -2.974240000000000217e-01
1.064269999999999982e+03, -5.248169999999999780e-01
1.064279999999999973e+03, -8.096940000000000248e-01
1.064299999999999955e+03, -3.118099999999999761e-01
1.064319999999999936e+03, 7.172629999999999839e-01
1.064329999999999927e+03, 7.175850000000000284e-01
1.064349999999999909e+03, 4.981900000000000217e-01
1.064369999999999891e+03, 1.157080000000000053e-01
1.064380000000000109e+03, -2.716609999999999858e-01
1.064400000000000091e+03, -5.053339999999999499e-01
1.064420000000000073e+03, 7.745990000000000375e-01
1.064430000000000064e+03, 2.122449999999999892e-01
1.064450000000000045e+03, 1.019740000000000091e+00
1.064470000000000027e+03, 1.928700000000000137e-01
1.064480000000000018e+03, -4.815230000000000204e-02
1.064500000000000000e+03, 1.752459999999999907e+00
1.064519999999999982e+03, 1.473679999999999999e-03
1.064529999999999973e+03, 4.652879999999999794e-01
1.064549999999999955e+03, -7.053239999999999510e-01
1.064569999999999936e+03, 4.013229999999999575e-03
1.064579999999999927e+03, 4.549710000000000143e-01
1.064599999999999909e+03, 4.505230000000000345e-02
1.064619999999999891e+03, 5.266769999999999508e-01
1.064630000000000109e+03, -7.529219999999999802e-01
1.064650000000000091e+03, -6.638629999999999531e-02
1.064670000000000073e+03, -2.111740000000000006e-01
1.064680000000000064e+03, 1.271940000000000071e+00
1.064700000000000045e+03, 3.520929999999999893e-01
1.064720000000000027e+03, -2.031670000000000087e+00
1.064730000000000018e+03, -1.623029999999999973e+00
1.064750000000000000e+03, 5.421390000000000237e-02
1.064769999999999982e+03, 4.075179999999999914e-01
1.064779999999999973e+03, 2.163879999999999804e+00
1.064799999999999955e+03, 4.712069999999999870e-01
1.064819999999999936e+03, 1.255649999999999933e+00
1.064829999999999927e+03, 6.844289999999999541e-01
1.064849999999999909e+03, -1.933819999999999983e-01
1.064869999999999891e+03, -9.171219999999999928e-01
1.064880000000000109e+03, 9.585690000000000044e-01
1.064900000000000091e+03, -3.822909999999999919e-01
1.064920000000000073e+03, -1.442039999999999988e-01
1.064930000000000064e+03, -2.777200000000000224e-01
1.064950000000000045e+03, -8.656139999999999946e-01
1.064970000000000027e+03, -2.056759999999999977e-01
1.064980000000000018e+03, -2.259200000000000097e-01
1.065000000000000000e+03, -1.511619999999999964e+00
1.065019999999999982e+03, -7.665610000000000479e-01
1.065029999999999973e+03, -1.685259999999999883e-02
1.065049999999999955e+03, 2.465600000000000014e-01
1.065069999999999936e+03, 6.647420000000000551e-01
1.065079999999999927e+03, 5.293839999999999657e-01
1.065099999999999909e+03, 5.955049999999999510e-01
1.065119999999999891e+03, 7.025230000000000086e-01
1.065130000000000109e+03, -3.352840000000000265e-01
1.065150000000000091e+03, 9.405590000000000339e-01
1.065170000000000073e+03, 1.597930000000000073e+00
1.065180000000000064e+03, 3.022619999999999751e-01
1.065200000000000045e+03, -8.548820000000000308e-01
1.065220000000000027e+03, -6.038160000000000194e-01
1.065230000000000018e+03, -8.932999999999999829e-01
1.065250000000000000e+03, -2.262129999999999974e-01
1.065269999999999982e+03, 6.875799999999999690e-01
1.065279999999999973e+03, -1.016729999999999912e+00
1.065299999999999955e+03, 2.052690000000000126e+00
1.065319999999999936e+03, 4.291639999999999899e-01
1.065329999999999927e+03, 1.151140000000000052e+00
1.065349999999999909e+03, 2.061240000000000017e-01
1.065369999999999891e+03, -2.197850000000000081e-01
1.065380000000000109e+03, 1.615769999999999929e+00
1.065400000000000091e+03, 1.440090000000000092e+00
1.065420000000000073e+03, 1.752430000000000099e-01
1.065430000000000064e+03, -2.191699999999999982e+00
1.065450000000000045e+03, 3.098159999999999803e-01
1.065470000000000027e+03, -6.191719999999999446e-01
1.065480000000000018e+03, 2.473930000000000018e-01
1.065500000000000000e+03, 3.739729999999999999e-01
1.065519999999999982e+03, 6.049879999999999841e-02
1.065529999999999973e+03, 1.090479999999999894e+00
1.065549999999999955e+03, -3.563529999999999753e-01
1.065569999999999936e+03, -8.306329999999999547e-01
1.065579999999999927e+03, -7.365199999999999525e-01
1.065599999999999909e+03, -9.061980000000000035e-02
1.065619999999999891e+03, 1.719199999999999895e-01
1.065630000000000109e+03, 2.250030000000000086e-01
1.065650000000000091e+03, 6.724550000000000249e-01
1.065670000000000073e+03, 1.754870000000000041e-01
1.065680000000000064e+03, 1.310380000000000100e+00
1.065700000000000045e+03, 6.378530000000000033e-01
1.065720000000000027e+03, 7.696960000000000468e-01
1.065730000000000018e+03, -5.565809999999999924e-01
1.065750000000000000e+03, 1.392670000000000075e+00
1.065769999999999982e+03, 8.138300000000000534e-01
1.065779999999999973e+03, 9.712089999999999890e-01
1.065799999999999955e+03, 1.165599999999999969e+00
1.065819999999999936e+03, 4.177179999999999782e-01
1.065829999999999927e+03, 6.978870000000000351e-01
1.065849999999999909e+03, -1.411859999999999893e+00
1.065869999999999891e+03, -7.863350000000000062e-01
1.065880000000000109e+03, -1.875010000000000066e+00
1.065900000000000091e+03, -3.120009999999999728e-01
1.065920000000000073e+03, 2.061320000000000097e-01
1.065930000000000064e+03, 1.295330000000000092e-01
1.065950000000000045e+03, 1.239079999999999959e+00
1.065970000000000027e+03, 2.075839999999999977e-02
1.065980000000000018e+03, -6.022269999999999568e-01
1.066000000000000000e+03, -1.778879999999999906e-01
1.066019999999999982e+03, 3.877090000000000258e-01
1.066029999999999973e+03, 9.509309999999999707e-01
1.066049999999999955e+03, 2.869220000000000104e-01
1.066069999999999936e+03, 1.589860000000000051e+00
1.066079999999999927e+03, 1.058289999999999925e-02
1.066099999999999909e+03, -7.785649999999999515e-01
1.066119999999999891e+03, -5.755339999999999900e-01
1.066130000000000109e+03, 2.311050000000000049e-01
1.066150000000000091e+03, 4.624570000000000070e-01
1.066170000000000073e+03, 1.439310000000000089e+00
1.066180000000000064e+03, 1.762080000000000035e-01
1.066200000000000045e+03, 7.496419999999999473e-02
1.066220000000000027e+03, 4.372610000000000108e-01
1.066230000000000018e+03, 4.058809999999999918e-01
1.066250000000000000e+03, 7.792839999999999767e-01
1.066269999999999982e+03, 6.541000000000000147e-01
1.066279999999999973e+03, -2.240229999999999999e-01
1.066299999999999955e+03, 5.800290000000000168e-01
1.066319999999999936e+03, 1.099849999999999994e-01
1.066329999999999927e+03, -1.750390000000000001e-01
1.066349999999999909e+03, 8.801029999999999687e-01
1.066369999999999891e+03, -1.668129999999999891e+00
1.066380000000000109e+03, 5.048129999999999978e-02
1.066400000000000091e+03, -9.472749999999999782e-01
1.066420000000000073e+03, -8.765540000000000553e-01
1.066430000000000064e+03, -3.778610000000000024e-01
1.066450000000000045e+03, -9.845049999999999635e-01
1.066470000000000027e+03, 9.627019999999999467e-01
1.066480000000000018e+03, 1.165580000000000060e+00
1.066500000000000000e+03, 6.676389999999999825e-01
1.066519999999999982e+03, 7.119469999999999965e-02
1.066529999999999973e+03, 9.255919999999999703e-01
1.066549999999999955e+03, -2.891460000000000141e-01
1.066569999999999936e+03, 3.488519999999999954e-01
1.066579999999999927e+03, -1.127459999999999990e-01
1.066599999999999909e+03, -2.555169999999999941e-01
1.066619999999999891e+03, 4.123999999999999888e-01
1.066630000000000109e+03, 5.088329999999999798e-01
1.066650000000000091e+03, 1.178050000000000069e-01
1.066670000000000073e+03, -4.697189999999999976e-01
1.066680000000000064e+03, -1.627959999999999963e-01
1.066700000000000045e+03, 1.188490000000000046e+00
1.066720000000000027e+03, 2.104010000000000047e-01
1.066730000000000018e+03, -1.243880000000000097e+00
1.066750000000000000e+03, -9.137999999999999456e-01
1.066769999999999982e+03, 9.750510000000000010e-01
1.066779999999999973e+03, 6.364929999999999755e-01
1.066799999999999955e+03, 5.921070000000000499e-01
1.066819999999999936e+03, 1.505449999999999955e+00
1.066829999999999927e+03, -1.059409999999999963e+00
1.066849999999999909e+03, -7.733480000000000354e-01
1.066869999999999891e+03, -7.704170000000000185e-01
1.066880000000000109e+03, 1.486310000000000131e-01
1.066900000000000091e+03, -1.047600000000000087e+00
1.066920000000000073e+03, -9.591039999999999566e-01
1.066930000000000064e+03, -1.121869999999999923e+00
1.066950000000000045e+03, 2.728499999999999814e-01
1.066970000000000027e+03, 1.221769999999999939e-01
1.066980000000000018e+03, -3.235160000000000258e-01
1.067000000000000000e+03, 2.532430000000000098e-02
1.067019999999999982e+03, -1.544580000000000120e-01
1.067029999999999973e+03, 1.169049999999999950e-01
1.067049999999999955e+03, 4.410889999999999950e-02
1.067069999999999936e+03, 1.981060000000000043e+00
1.067079999999999927e+03, 5.928209999999999730e-02
1.067099999999999909e+03, 1.388510000000000022e-01
1.067119999999999891e+03, -1.770079999999999987e-01
1.067130000000000109e+03, 1.656849999999999934e+00
1.067150000000000091e+03, 5.165940000000000115e-02
1.067170000000000073e+03, -1.056629999999999958e+00
1.067180000000000064e+03, -3.182070000000000176e-01
1.067200000000000045e+03, -2.917150000000000021e-01
1.067220000000000027e+03, 5.784129999999999550e-01
1.067230000000000018e+03, -6.643209999999999393e-02
1.067250000000000000e+03, 7.185829999999999718e-01
1.067269999999999982e+03, 2.911869999999999736e-01
1.067279999999999973e+03, -7.110720000000000374e-01
1.067299999999999955e+03, -4.206280000000000019e-01
1.067319999999999936e+03, 2.783470000000000111e-01
1.067329999999999927e+03, 4.579070000000000085e-01
1.067349999999999909e+03, 3.842749999999999777e-01
1.067369999999999891e+03, 5.462540000000000173e-01
1.067380000000000109e+03, -4.140690000000000204e-01
1.067400000000000091e+03, -5.900800000000000489e-01
1.067420000000000073e+03, 3.531509999999999927e-01
1.067430000000000064e+03, -3.587420000000000053e-01
1.067450000000000045e+03, 8.125609999999999777e-01
1.067470000000000027e+03, 1.038839999999999986e+00
1.067480000000000018e+03, -3.290330000000000199e-01
1.067500000000000000e+03, 8.461950000000000305e-01
1.067519999999999982e+03, 7.102659999999999529e-01
1.067529999999999973e+03, -9.078939999999999788e-01
1.067549999999999955e+03, -4.223230000000000040e-02
1.067569999999999936e+03, 6.101879999999999526e-01
1.067579999999999927e+03, 2.199520000000000142e+00
1.067599999999999909e+03, -1.113850000000000007e+00
1.067619999999999891e+03, -2.944529999999999870e+00
1.067630000000000109e+03, -1.177130000000000010e+00
1.067650000000000091e+03, -9.208469999999999711e-01
1.067670000000000073e+03, 6.247169999999999668e-01
1.067680000000000064e+03, 6.725929999999999964e-01
1.067700000000000045e+03, 2.672880000000000145e+00
1.067720000000000027e+03, 2.145630000000000148e+00
1.067730000000000018e+03, 1.291029999999999900e+00
1.067750000000000000e+03, -1.866230000000000055e+00
1.067769999999999982e+03, -1.511730000000000018e+00
1.067779999999999973e+03, 7.454260000000000330e-01
1.067799999999999955e+03, 1.947200000000000042e-01
1.067819999999999936e+03, 1.022140000000000049e+00
1.067829999999999927e+03, 1.014909999999999979e+00
1.067849999999999909e+03, -1.611839999999999939e-01
1.067869999999999891e+03, 1.543460000000000110e-01
1.067880000000000109e+03, -9.804819999999999647e-01
1.067900000000000091e+03, 7.719930000000000403e-01
1.067920000000000073e+03, 5.400829999999999798e-01
1.067930000000000064e+03, 3.063949999999999729e-01
1.067950000000000045e+03, -1.148609999999999909e+00
1.067970000000000027e+03, -1.204609999999999959e+00
1.067980000000000018e+03, -1.376989999999999936e+00
1.068000000000000000e+03, -6.358940000000000425e-02
1.068019999999999982e+03, 7.089870000000000339e-01
1.068029999999999973e+03, 8.658799999999999830e-01
1.068049999999999955e+03, 1.787819999999999965e-01
1.068069999999999936e+03, 1.526440000000000019e+00
1.068079999999999927e+03, 1.084649999999999892e+00
1.068099999999999909e+03, -2.921460000000000168e-01
1.068119999999999891e+03, -2.859019999999999895e-01
1.068130000000000109e+03, -4.438280000000000003e-01
1.068150000000000091e+03, -7.830749999999999655e-01
1.068170000000000073e+03, -2.835570000000000035e-01
1.068180000000000064e+03, -9.455560000000000354e-02
1.068200000000000045e+03, 3.431939999999999991e-01
1.068220000000000027e+03, 7.253910000000000080e-01
1.068230000000000018e+03, -9.809210000000000429e-01
1.068250000000000000e+03, -2.844400000000000053e-02
1.068269999999999982e+03, 5.585799999999999793e-02
1.068279999999999973e+03, -3.152510000000000034e-01
1.068299999999999955e+03, -1.440499999999999892e+00
1.068319999999999936e+03, -9.273919999999999941e-01
1.068329999999999927e+03, -6.901169999999999805e-01
1.068349999999999909e+03, -1.246499999999999941e+00
1.068369999999999891e+03, 2.486620000000000150e-02
1.068380000000000109e+03, -3.812670000000000226e-01
1.068400000000000091e+03, 6.329730000000000079e-01
1.068420000000000073e+03, 1.077800000000000008e-01
1.068430000000000064e+03, -6.650119999999999643e-02
1.068450000000000045e+03, -3.391799999999999815e-01
1.068470000000000027e+03, -6.453680000000000527e-01
1.068480000000000018e+03, 1.899929999999999897e+00
1.068500000000000000e+03, 1.036210000000000075e+00
1.068519999999999982e+03, -1.307640000000000018e-02
1.068529999999999973e+03, 1.242029999999999967e+00
1.068549999999999955e+03, -4.563420000000000254e-01
1.068569999999999936e+03, 2.422440000000000010e-02
1.068579999999999927e+03, -2.550399999999999889e-01
1.068599999999999909e+03, -3.202729999999999744e-01
1.068619999999999891e+03, 1.520489999999999897e-01
1.068630000000000109e+03, 7.552780000000000604e-02
1.068650000000000091e+03, 1.939079999999999915e+00
1.068670000000000073e+03, 7.516920000000000268e-01
1.068680000000000064e+03, -2.221390000000000031e-01
1.068700000000000045e+03, 3.170609999999999817e-01
1.068720000000000027e+03, -6.838509999999999867e-01
1.068730000000000018e+03, -2.036369999999999791e+00
1.068750000000000000e+03, 7.646749999999999936e-01
1.068769999999999982e+03, -6.230170000000000430e-01
1.068779999999999973e+03, 2.584339999999999971e-01
1.068799999999999955e+03, -6.035719999999999974e-01
1.068819999999999936e+03, -5.810020000000000184e-01
1.068829999999999927e+03, 1.020640000000000019e-01
1.068849999999999909e+03, -9.279640000000000111e-01
1.068869999999999891e+03, -5.202430000000000110e-01
1.068880000000000109e+03, -3.378050000000000219e-01
1.068900000000000091e+03, 7.301239999999999952e-01
1.068920000000000073e+03, -1.965119999999999922e-01
1.068930000000000064e+03, -3.122050000000000103e-01
1.068950000000000045e+03, 2.759409999999999918e-01
1.068970000000000027e+03, -1.116970000000000046e-01
1.068980000000000018e+03, 6.951840000000000241e-01
1.069000000000000000e+03, 4.281579999999999830e-01
1.069019999999999982e+03, 2.374489999999999934e-01
1.069029999999999973e+03, 6.071440000000000170e-01
1.069049999999999955e+03, -3.129089999999999927e-01
1.069069999999999936e+03, 2.635560000000000125e-01
1.069079999999999927e+03, 3.270629999999999926e-01
1.069099999999999909e+03, 4.503940000000000166e-01
1.069119999999999891e+03, -1.434669999999999890e+00
1.069130000000000109e+03, -1.064119999999999955e+00
1.069150000000000091e+03, 6.436169999999999947e-01
1.069170000000000073e+03, 2.507260000000000044e-01
1.069180000000000064e+03, 1.395210000000000061e+00
1.069200000000000045e+03, 1.392500000000000071e+00
1.069220000000000027e+03, 5.858189999999999786e-01
1.069230000000000018e+03, 1.191340000000000038e-01
1.069250000000000000e+03, -5.875860000000000527e-01
1.069269999999999982e+03, -1.571720000000000061e-01
1.069279999999999973e+03, -9.274999999999999911e-01
1.069299999999999955e+03, -3.952950000000000075e-01
1.069319999999999936e+03, -1.263350000000000029e-01
1.069329999999999927e+03, 1.482620000000000049e+00
1.069349999999999909e+03, 1.834070000000000089e+00
1.069369999999999891e+03, 1.430630000000000068e+00
1.069380000000000109e+03, -1.277300000000000102e+00
1.069400000000000091e+03, 1.676870000000000027e-01
1.069420000000000073e+03, 5.142130000000000312e-01
1.069430000000000064e+03, -2.456280000000000130e-01
1.069450000000000045e+03, -7.769939999999999625e-01
1.069470000000000027e+03, -1.430530000000000079e+00
1.069480000000000018e+03, -5.760899999999999910e-01
1.069500000000000000e+03, -2.036159999999999914e-01
1.069519999999999982e+03, 5.850800000000000445e-01
1.069529999999999973e+03, 8.981679999999999664e-01
1.069549999999999955e+03, 1.010229999999999961e+00
1.069569999999999936e+03, -5.536560000000000370e-01
1.069579999999999927e+03, -4.995299999999999740e-01
1.069599999999999909e+03, -1.261479999999999935e+00
1.069619999999999891e+03, -6.188879999999999937e-01
1.069630000000000109e+03, 5.875369999999999759e-01
1.069650000000000091e+03, 1.771930000000000005e+00
1.069670000000000073e+03, 5.518129999999999979e-01
1.069680000000000064e+03, 5.757250000000000423e-01
1.069700000000000045e+03, 5.311540000000000150e-01
1.069720000000000027e+03, -8.097919999999999563e-01
1.069730000000000018e+03, -2.542960000000000220e-01
1.069750000000000000e+03, -1.652440000000000020e-01
1.069769999999999982e+03, -9.188490000000000546e-02
1.069779999999999973e+03, 1.205100000000000060e+00
1.069799999999999955e+03, -9.506099999999999550e-01
1.069819999999999936e+03, 1.117390000000000105e+00
1.069829999999999927e+03, 7.479879999999999862e-02
1.069849999999999909e+03, 1.042110000000000092e+00
1.069869999999999891e+03, -1.309960000000000013e+00
1.069880000000000109e+03, -5.613930000000000309e-01
1.069900000000000091e+03, -6.957489999999999508e-01
1.069920000000000073e+03, -3.218989999999999907e-01
1.069930000000000064e+03, 4.035719999999999863e-01
1.069950000000000045e+03, -8.443040000000000544e-01
1.069970000000000027e+03, 6.694010000000000238e-01
1.069980000000000018e+03, -4.942880000000000051e-01
1.070000000000000000e+03, 3.685300000000000242e-01
1.070019999999999982e+03, -5.283010000000000206e-01
1.070029999999999973e+03, 6.822669999999999568e-01
1.070049999999999955e+03, -6.479850000000000332e-01
1.070069999999999936e+03, 1.366770000000000040e+00
1.070079999999999927e+03, -1.638209999999999944e-01
1.070099999999999909e+03, 1.977339999999999931e-01
1.070119999999999891e+03, 2.119240000000000013e-02
1.070130000000000109e+03, -1.253309999999999924e+00
1.070150000000000091e+03, 5.535349999999999993e-01
1.070170000000000073e+03, 7.867640000000000189e-01
1.070180000000000064e+03, 8.621820000000000039e-01
1.070200000000000045e+03, -2.411889999999999867e-01
1.070220000000000027e+03, -6.995839999999999836e-01
1.070230000000000018e+03, -2.803869999999999973e-01
1.070250000000000000e+03, 5.263439999999999785e-02
1.070269999999999982e+03, -1.044240000000000057e+00
1.070279999999999973e+03, -4.823399999999999910e-01
1.070299999999999955e+03, -4.606810000000000072e-01
1.070319999999999936e+03, -8.586850000000000038e-02
1.070329999999999927e+03, -2.386689999999999923e-01
1.070349999999999909e+03, 3.454740000000000033e-01
1.070369999999999891e+03, -7.193270000000000497e-01
1.070380000000000109e+03, -6.422619999999999996e-01
1.070400000000000091e+03, -1.086590000000000056e-01
1.070420000000000073e+03, 4.818149999999999933e-01
1.070430000000000064e+03, -5.301150000000000029e-01
1.070450000000000045e+03, -6.142830000000000235e-01
1.070470000000000027e+03, -4.110320000000000085e-01
1.070480000000000018e+03, 2.596080000000000054e-01
1.070500000000000000e+03, 1.148269999999999902e+00
1.070519999999999982e+03, 8.986730000000000551e-01
1.070529999999999973e+03, 1.821129999999999916e+00
1.070549999999999955e+03, 3.482609999999999872e-02
1.070569999999999936e+03, -5.185549999999999882e-01
1.070579999999999927e+03, 2.347600000000000034e-02
1.070599999999999909e+03, 9.431319999999999704e-01
1.070619999999999891e+03, 5.376579999999999693e-01
1.070630000000000109e+03, 7.304110000000000325e-01
1.070650000000000091e+03, 7.096620000000000150e-01
1.070670000000000073e+03, 1.623729999999999896e-01
1.070680000000000064e+03, -4.847939999999999888e-02
1.070700000000000045e+03, 1.058880000000000043e+00
1.070720000000000027e+03, 8.528839999999999755e-01
1.070730000000000018e+03, 9.484559999999999658e-01
1.070750000000000000e+03, -9.495040000000000147e-01
1.070769999999999982e+03, 1.128009999999999985e-01
1.070779999999999973e+03, 1.072829999999999950e+00
1.070799999999999955e+03, -1.120819999999999976e-02
1.070819999999999936e+03, -2.276960000000000095e-01
1.070829999999999927e+03, -3.022880000000000011e-01
1.070849999999999909e+03, 1.017669999999999964e-01
1.070869999999999891e+03, -7.218109999999999804e-01
1.070880000000000109e+03, -1.091690000000000049e+00
1.070900000000000091e+03, -5.905219999999999914e-01
1.070920000000000073e+03, -1.078940000000000010e+00
1.070930000000000064e+03, 1.504189999999999916e+00
1.070950000000000045e+03, 6.681190000000000184e-01
1.070970000000000027e+03, -2.952219999999999844e-01
1.070980000000000018e+03, -7.910369999999999902e-01
1.071000000000000000e+03, -4.579059999999999797e-01
1.071019999999999982e+03, -5.439159999999999551e-01
1.071029999999999973e+03, 1.000110000000000054e+00
1.071049999999999955e+03, 7.635720000000000007e-02
1.071069999999999936e+03, 2.032589999999999952e-01
1.071079999999999927e+03, 1.077649999999999997e+00
1.071099999999999909e+03, -9.108079999999999510e-01
1.071119999999999891e+03, -1.865110000000000046e+00
1.071130000000000109e+03, -1.970239999999999991e+00
1.071150000000000091e+03, -2.986249999999999738e-01
1.071170000000000073e+03, -2.672039999999999971e-01
1.071180000000000064e+03, -2.681109999999999882e-01
1.071200000000000045e+03, -5.026329999999999965e-01
1.071220000000000027e+03, -1.503949999999999898e+00
1.071230000000000018e+03, -1.095529999999999893e+00
1.071250000000000000e+03, 1.705299999999999871e-01
1.071269999999999982e+03, 1.613050000000000095e+00
1.071279999999999973e+03, 2.293149999999999911e-01
1.071299999999999955e+03, 6.694560000000000510e-01
1.071319999999999936e+03, -1.033530000000000060e+00
1.071329999999999927e+03, -6.390620000000000189e-01
1.071349999999999909e+03, -1.337660000000000071e+00
1.071369999999999891e+03, -7.617859999999999909e-02
1.071380000000000109e+03, 2.955450000000000021e-01
1.071400000000000091e+03, 5.228800000000000114e-01
1.071420000000000073e+03, 5.260270000000000223e-01
1.071430000000000064e+03, 5.899059999999999720e-02
1.071450000000000045e+03, -3.321850000000000080e-01
1.071470000000000027e+03, 1.365709999999999980e-01
1.071480000000000018e+03, 1.057020000000000071e+00
1.071500000000000000e+03, 1.341529999999999889e+00
1.071519999999999982e+03, 1.276250000000000107e+00
1.071529999999999973e+03, 5.484820000000000251e-01
1.071549999999999955e+03, 3.842419999999999863e-02
1.071569999999999936e+03, -1.563369999999999926e+00
1.071579999999999927e+03, -1.999190000000000134e-01
1.071599999999999909e+03, -9.909249999999999448e-01
1.071619999999999891e+03, -1.273989999999999956e+00
1.071630000000000109e+03, 2.688039999999999874e-01
1.071650000000000091e+03, -1.792680000000000107e-01
1.071670000000000073e+03, -1.053700000000000081e+00
1.071680000000000064e+03, -4.348309999999999675e-02
1.071700000000000045e+03, 4.942250000000000254e-01
1.071720000000000027e+03, 1.022469999999999990e+00
1.071730000000000018e+03, 1.692110000000000003e+00
1.071750000000000000e+03, 4.141190000000000149e-01
1.071769999999999982e+03, -7.491299999999999348e-02
1.071779999999999973e+03, 2.050069999999999837e+00
1.071799999999999955e+03, -4.126099999999999768e-01
1.071819999999999936e+03, -1.278270000000000017e+00
1.071829999999999927e+03, -1.519719999999999960e+00
1.071849999999999909e+03, -2.880710000000000215e-01
1.071869999999999891e+03, -5.374830000000000441e-01
1.071880000000000109e+03, 6.113669999999999938e-01
1.071900000000000091e+03, 1.411249999999999893e+00
1.071920000000000073e+03, -1.942470000000000030e-01
1.071930000000000064e+03, -7.264869999999999939e-01
1.071950000000000045e+03, -7.299330000000000540e-01
1.071970000000000027e+03, -9.249239999999999684e-01
1.071980000000000018e+03, -1.112929999999999975e+00
1.072000000000000000e+03, -4.673329999999999984e-01
1.072019999999999982e+03, -7.679120000000000390e-01
1.072029999999999973e+03, -1.141119999999999912e+00
1.072049999999999955e+03, -5.790619999999999656e-01
1.072069999999999936e+03, -1.187440000000000023e-01
1.072079999999999927e+03, 7.418919999999999959e-01
1.072099999999999909e+03, -1.232550000000000034e-01
1.072119999999999891e+03, 1.766949999999999910e-01
1.072130000000000109e+03, -1.198870000000000102e+00
1.072150000000000091e+03, 5.576750000000000318e-01
1.072170000000000073e+03, 1.828410000000000091e+00
1.072180000000000064e+03, 9.711049999999999960e-01
1.072200000000000045e+03, 1.542939999999999978e+00
1.072220000000000027e+03, 1.430239999999999956e+00
1.072230000000000018e+03, -2.524919999999999942e-01
1.072250000000000000e+03, -1.558619999999999894e+00
1.072269999999999982e+03, -7.856330000000000258e-01
1.072279999999999973e+03, -6.537290000000000045e-01
1.072299999999999955e+03, -9.155029999999999557e-01
1.072319999999999936e+03, -7.475400000000000100e-02
1.072329999999999927e+03, 7.447009999999999463e-01
1.072349999999999909e+03, -5.120139999999999691e-01
1.072369999999999891e+03, 1.267580000000000096e-01
1.072380000000000109e+03, 4.231829999999999758e-01
1.072400000000000091e+03, -2.117539999999999978e-01
1.072420000000000073e+03, 3.988349999999999951e-01
1.072430000000000064e+03, -9.523319999999999563e-01
1.072450000000000045e+03, -1.415059999999999985e+00
1.072470000000000027e+03, -6.486340000000000439e-01
1.072480000000000018e+03, 8.837390000000000523e-02
1.072500000000000000e+03, 1.148310000000000025e-01
1.072519999999999982e+03, 1.008490000000000109e+00
1.072529999999999973e+03, 7.688070000000000181e-01
1.072549999999999955e+03, -2.222069999999999879e-01
1.072569999999999936e+03, -1.126739999999999964e-01
1.072579999999999927e+03, -9.510870000000000157e-01
1.072599999999999909e+03, 3.448200000000000154e-01
1.072619999999999891e+03, 9.380619999999999514e-01
1.072630000000000109e+03, 1.072009999999999907e+00
1.072650000000000091e+03, -8.618890000000000162e-01
1.072670000000000073e+03, -1.604880000000000084e+00
1.072680000000000064e+03, -1.395199999999999996e+00
1.072700000000000045e+03, -1.492790000000000061e+00
1.072720000000000027e+03, -4.089679999999999982e-01
1.072730000000000018e+03, 6.962009999999999588e-01
1.072750000000000000e+03, 1.264259999999999939e+00
1.072769999999999982e+03, 5.554459999999999953e-01
1.072779999999999973e+03, 6.518880000000000230e-01
1.072799999999999955e+03, -7.307129999999999459e-01
1.072819999999999936e+03, 4.252679999999999794e-01
1.072829999999999927e+03, -1.527589999999999894e-03
1.072849999999999909e+03, -7.652769999999999850e-01
1.072869999999999891e+03, 4.526399999999999868e-01
1.072880000000000109e+03, 5.151900000000000368e-01
1.072900000000000091e+03, 4.108439999999999870e-01
1.072920000000000073e+03, 2.528329999999999966e+00
1.072930000000000064e+03, -3.395650000000000057e-01
1.072950000000000045e+03, -5.894789999999999752e-01
1.072970000000000027e+03, -5.493270000000000097e-01
1.072980000000000018e+03, -2.033280000000000087e-01
1.073000000000000000e+03, 3.848710000000000325e-02
1.073019999999999982e+03, 7.186259999999999870e-02
1.073029999999999973e+03, -1.736399999999999944e+00
1.073049999999999955e+03, -4.302699999999999858e-01
1.073069999999999936e+03, -6.537460000000000493e-01
1.073079999999999927e+03, 1.174779999999999935e+00
1.073099999999999909e+03, 2.677760000000000140e-01
1.073119999999999891e+03, -4.587510000000000199e-02
1.073130000000000109e+03, -3.381580000000000141e-01
1.073150000000000091e+03, -4.941909999999999914e-01
1.073170000000000073e+03, -3.842140000000000138e-02
1.073180000000000064e+03, -5.551070000000000171e-01
1.073200000000000045e+03, 4.070840000000000014e-01
1.073220000000000027e+03, -2.058339999999999836e+00
1.073230000000000018e+03, -1.215919999999999890e+00
1.073250000000000000e+03, 1.235740000000000061e+00
1.073269999999999982e+03, 1.078840000000000021e+00
1.073279999999999973e+03, 1.374900000000000011e+00
1.073299999999999955e+03, 8.316040000000000099e-01
1.073319999999999936e+03, -6.437840000000000229e-01
1.073329999999999927e+03, -1.037600000000000078e+00
1.073349999999999909e+03, -9.481939999999999813e-01
1.073369999999999891e+03, 4.267340000000000022e-02
1.073380000000000109e+03, 8.443730000000000402e-01
1.073400000000000091e+03, 2.263380000000000114e-01
1.073420000000000073e+03, 1.692800000000000082e+00
1.073430000000000064e+03, -3.293039999999999856e-01
1.073450000000000045e+03, 1.521990000000000010e-01
1.073470000000000027e+03, 5.937670000000000448e-01
1.073480000000000018e+03, -9.063830000000000497e-01
1.073500000000000000e+03, 9.332359999999999545e-01
1.073519999999999982e+03, 1.773869999999999891e-01
1.073529999999999973e+03, -6.765579999999999927e-01
1.073549999999999955e+03, 6.009900000000000242e-01
1.073569999999999936e+03, 7.447880000000000056e-01
1.073579999999999927e+03, -8.178159999999999596e-02
1.073599999999999909e+03, 2.449939999999999896e-01
1.073619999999999891e+03, -1.484760000000000080e+00
1.073630000000000109e+03, -7.857610000000000428e-01
1.073650000000000091e+03, 4.433719999999999883e-01
1.073670000000000073e+03, -1.556810000000000138e-01
1.073680000000000064e+03, 2.365079999999999960e-01
1.073700000000000045e+03, -5.639319999999999888e-01
1.073720000000000027e+03, 1.084410000000000096e+00
1.073730000000000018e+03, 1.008299999999999974e+00
1.073750000000000000e+03, 6.702939999999999454e-01
1.073769999999999982e+03, -1.870610000000000051e-01
1.073779999999999973e+03, -1.272559999999999913e+00
1.073799999999999955e+03, -1.401350000000000096e+00
1.073819999999999936e+03, 7.411959999999999660e-01
1.073829999999999927e+03, 7.284759999999999847e-02
1.073849999999999909e+03, 3.340130000000000043e-01
1.073869999999999891e+03, 2.182469999999999966e-01
1.073880000000000109e+03, -5.264259999999999495e-01
1.073900000000000091e+03, -1.029989999999999933e-01
1.073920000000000073e+03, 1.276820000000000066e+00
1.073930000000000064e+03, 1.786820000000000075e+00
1.073950000000000045e+03, 7.779890000000000416e-01
1.073970000000000027e+03, 3.707119999999999860e-02
1.073980000000000018e+03, -6.642960000000000531e-02
1.074000000000000000e+03, -2.926570000000000005e-01
1.074019999999999982e+03, 6.685489999999999489e-01
1.074029999999999973e+03, 1.251089999999999980e-01
1.074049999999999955e+03, 1.385699999999999987e-01
1.074069999999999936e+03, 1.300880000000000092e-01
1.074079999999999927e+03, 2.680230000000000112e-01
1.074099999999999909e+03, -3.443700000000000094e-01
1.074119999999999891e+03, -2.318069999999999853e-02
1.074130000000000109e+03, -2.833990000000000120e-01
1.074150000000000091e+03, 9.637430000000000163e-01
1.074170000000000073e+03, 6.703259999999999774e-01
1.074180000000000064e+03, 2.285220000000000029e-01
1.074200000000000045e+03, 4.459060000000000246e-01
1.074220000000000027e+03, -1.868819999999999926e+00
1.074230000000000018e+03, -1.532189999999999941e+00
1.074250000000000000e+03, 3.453260000000000218e-01
1.074269999999999982e+03, 1.285649999999999959e+00
1.074279999999999973e+03, -5.642740000000000533e-01
1.074299999999999955e+03, 1.011399999999999938e-01
1.074319999999999936e+03, -1.324670000000000014e+00
1.074329999999999927e+03, 1.195459999999999967e+00
1.074349999999999909e+03, 2.882390000000000230e-01
1.074369999999999891e+03, -6.343539999999999734e-01
1.074380000000000109e+03, 6.784980000000000455e-01
1.074400000000000091e+03, -2.956220000000000028e-02
1.074420000000000073e+03, -8.833849999999999758e-01
1.074430000000000064e+03, -5.704709999999999503e-01
1.074450000000000045e+03, 5.924770000000000314e-01
1.074470000000000027e+03, 1.640549999999999953e+00
1.074480000000000018e+03, 5.118219999999999992e-01
1.074500000000000000e+03, 2.138359999999999983e-01
1.074519999999999982e+03, -7.020380000000000509e-01
1.074529999999999973e+03, 2.968990000000000240e-01
1.074549999999999955e+03, 6.789840000000000320e-01
1.074569999999999936e+03, 9.481469999999999620e-01
1.074579999999999927e+03, 1.032280000000000086e+00
1.074599999999999909e+03, -1.015439999999999898e+00
1.074619999999999891e+03, -7.387299999999999978e-01
1.074630000000000109e+03, -3.574840000000000240e-01
1.074650000000000091e+03, -4.884279999999999733e-01
1.074670000000000073e+03, -5.066220000000000168e-01
1.074680000000000064e+03, -1.311679999999999957e+00
1.074700000000000045e+03, 1.954639999999999989e-01
1.074720000000000027e+03, 8.241279999999999439e-02
1.074730000000000018e+03, 7.705450000000000355e-01
1.074750000000000000e+03, -5.160489999999999799e-01
1.074769999999999982e+03, 2.407779999999999920e-01
1.074779999999999973e+03, -4.078729999999999856e-01
1.074799999999999955e+03, 9.162379999999999969e-01
1.074819999999999936e+03, 1.558289999999999953e-01
1.074829999999999927e+03, 8.375430000000000375e-01
1.074849999999999909e+03, 3.057559999999999722e-01
1.074869999999999891e+03, -1.878819999999999935e-01
1.074880000000000109e+03, -4.742299999999999849e-01
1.074900000000000091e+03, -1.491949999999999943e-01
1.074920000000000073e+03, -2.382309999999999983e-01
1.074930000000000064e+03, -3.168569999999999720e-02
1.074950000000000045e+03, 2.457310000000000050e-01
1.074970000000000027e+03, 1.118149999999999977e+00
1.074980000000000018e+03, 1.307719999999999994e+00
1.075000000000000000e+03, -1.931499999999999884e-01
1.075019999999999982e+03, -9.421309999999999407e-02
1.075029999999999973e+03, 2.175650000000000084e-01
1.075049999999999955e+03, -2.190770000000000106e+00
1.075069999999999936e+03, -1.303350000000000064e-01
1.075079999999999927e+03, -4.953230000000000133e-01
1.075099999999999909e+03, 1.583229999999999915e-01
1.075119999999999891e+03, -4.145219999999999808e-03
1.075130000000000109e+03, 1.238329999999999986e-01
1.075150000000000091e+03, 7.814489999999999492e-01
1.075170000000000073e+03, -1.815569999999999906e+00
1.075180000000000064e+03, -5.063229999999999675e-01
1.075200000000000045e+03, 4.362600000000000332e-03
1.075220000000000027e+03, 1.048620000000000108e+00
1.075230000000000018e+03, 4.405919999999999837e-01
1.075250000000000000e+03, 1.115899999999999892e+00
1.075269999999999982e+03, 3.678710000000000035e-01
1.075279999999999973e+03, 3.405980000000000119e-02
1.075299999999999955e+03, -5.895120000000000360e-01
1.075319999999999936e+03, -6.914320000000000466e-01
1.075329999999999927e+03, -1.751470000000000082e+00
1.075349999999999909e+03, -5.036850000000000493e-01
1.075369999999999891e+03, 6.653320000000000345e-01
1.075380000000000109e+03, 2.359809999999999963e+00
1.075400000000000091e+03, 2.271019999999999983e-01
1.075420000000000073e+03, 7.115430000000000366e-01
1.075430000000000064e+03, 4.223620000000000152e-01
1.075450000000000045e+03, -4.962190000000000212e-01
1.075470000000000027e+03, -1.201359999999999983e+00
1.075480000000000018e+03, -1.541479999999999961e+00
1.075500000000000000e+03, -2.531779999999999919e+00
1.075519999999999982e+03, -6.906830000000000469e-01
1.075529999999999973e+03, -1.289779999999999927e+00
1.075549999999999955e+03, -6.801039999999999863e-02
1.075569999999999936e+03, -6.989100000000000312e-01
1.075579999999999927e+03, -3.143909999999999760e-01
1.075599999999999909e+03, 8.397759999999999669e-01
1.075619999999999891e+03, 2.062130000000000074e-01
1.075630000000000109e+03, -9.066509999999999847e-02
1.075650000000000091e+03, -3.057620000000000129e-02
1.075670000000000073e+03, -2.123120000000000007e-01
1.075680000000000064e+03, -9.834979999999999833e-01
1.075700000000000045e+03, 8.110370000000000426e-03
1.075720000000000027e+03, 3.989369999999999861e-01
1.075730000000000018e+03, 3.489900000000000224e-01
1.075750000000000000e+03, 4.099900000000000211e-01
1.075769999999999982e+03, -5.090320000000000400e-01
1.075779999999999973e+03, 4.973730000000000095e-01
1.075799999999999955e+03, -2.235179999999999945e-01
1.075819999999999936e+03, -2.651839999999999753e-01
1.075829999999999927e+03, -1.572689999999999921e-01
1.075849999999999909e+03, 8.248440000000000216e-01
1.075869999999999891e+03, -7.752590000000000314e-01
1.075880000000000109e+03, -7.427319999999999478e-01
1.075900000000000091e+03, -1.089380000000000015e+00
1.075920000000000073e+03, -3.280879999999999908e-01
1.075930000000000064e+03, 2.698650000000000215e+00
1.075950000000000045e+03, 6.266310000000000491e-01
1.075970000000000027e+03, -8.335230000000000139e-01
1.075980000000000018e+03, -9.295320000000000249e-01
1.076000000000000000e+03, -9.895299999999999929e-02
1.076019999999999982e+03, 2.527699999999999947e-01
1.076029999999999973e+03, 8.741010000000000169e-01
1.076049999999999955e+03, -3.193550000000000000e-01
1.076069999999999936e+03, 6.585640000000000382e-01
1.076079999999999927e+03, 9.464050000000000240e-02
1.076099999999999909e+03, 6.870600000000000318e-02
1.076119999999999891e+03, 1.109499999999999931e+00
1.076130000000000109e+03, -7.856499999999999595e-02
1.076150000000000091e+03, 8.682239999999999958e-01
1.076170000000000073e+03, -6.955219999999999736e-01
1.076180000000000064e+03, -1.921200000000000019e+00
1.076200000000000045e+03, -5.370340000000000114e-01
1.076220000000000027e+03, 7.944290000000000518e-01
1.076230000000000018e+03, -7.841280000000000472e-01
1.076250000000000000e+03, -6.911770000000000413e-01
1.076269999999999982e+03, -1.584980000000000000e-01
1.076279999999999973e+03, -1.651320000000000010e-01
1.076299999999999955e+03, 8.305700000000000305e-01
1.076319999999999936e+03, -5.974760000000000071e-01
1.076329999999999927e+03, -5.409880000000000244e-01
1.076349999999999909e+03, -1.135469999999999979e+00
1.076369999999999891e+03, 1.780790000000000095e+00
1.076380000000000109e+03, 1.637100000000000000e+00
1.076400000000000091e+03, 1.134560000000000013e+00
1.076420000000000073e+03, 1.087270000000000042e-01
1.076430000000000064e+03, -1.451919999999999947e-02
1.076450000000000045e+03, -2.344860000000000000e-01
1.076470000000000027e+03, -1.087029999999999941e+00
1.076480000000000018e+03, -1.440609999999999946e+00
1.076500000000000000e+03, 3.824540000000000162e-01
1.076519999999999982e+03, 9.490260000000000362e-01
1.076529999999999973e+03, 7.905619999999999870e-01
1.076549999999999955e+03, 8.150309999999999500e-02
1.076569999999999936e+03, 5.534039999999999793e-02
1.076579999999999927e+03, -1.464739999999999931e+00
1.076599999999999909e+03, -3.581590000000000051e-01
1.076619999999999891e+03, -1.886410000000000031e-01
1.076630000000000109e+03, -1.946130000000000082e-01
1.076650000000000091e+03, 9.627869999999999484e-01
1.076670000000000073e+03, 1.367390000000000105e+00
1.076680000000000064e+03, 3.043029999999999902e-01
1.076700000000000045e+03, -6.012939999999999952e-01
1.076720000000000027e+03, -1.084150000000000044e-02
1.076730000000000018e+03, -1.034000000000000030e+00
1.076750000000000000e+03, 7.486369999999999969e-01
1.076769999999999982e+03, -9.940470000000000139e-01
1.076779999999999973e+03, -1.413040000000000074e+00
1.076799999999999955e+03, -1.826950000000000074e+00
1.076819999999999936e+03, -1.837360000000000104e+00
1.076829999999999927e+03, 1.035959999999999992e+00
1.076849999999999909e+03, 7.039870000000000294e-01
1.076869999999999891e+03, 6.272870000000000390e-01
1.076880000000000109e+03, 1.951160000000000116e-01
1.076900000000000091e+03, 7.357839999999999936e-01
1.076920000000000073e+03, -4.157390000000000252e-01
1.076930000000000064e+03, -3.921609999999999818e-01
1.076950000000000045e+03, 9.345759999999999831e-03
1.076970000000000027e+03, 1.385480000000000045e+00
1.076980000000000018e+03, 1.944290000000000074e+00
1.077000000000000000e+03, 5.585449999999999582e-01
1.077019999999999982e+03, 9.849350000000000049e-01
1.077029999999999973e+03, -1.756409999999999916e-01
1.077049999999999955e+03, -7.365099999999999980e-01
1.077069999999999936e+03, -1.126649999999999929e+00
1.077079999999999927e+03, 3.389130000000000198e-01
1.077099999999999909e+03, 4.614880000000000093e-01
1.077119999999999891e+03, 4.313029999999999919e-01
1.077130000000000109e+03, -7.645290000000000141e-01
1.077150000000000091e+03, -8.412840000000000318e-01
1.077170000000000073e+03, -5.423409999999999620e-01
1.077180000000000064e+03, 2.378039999999999876e-01
1.077200000000000045e+03, -3.290629999999999944e-01
1.077220000000000027e+03, -5.085349999999999593e-01
1.077230000000000018e+03, 5.452879999999999949e-01
1.077250000000000000e+03, 3.046050000000000146e-01
1.077269999999999982e+03, -1.026149999999999896e+00
1.077279999999999973e+03, -2.907069999999999932e-01
1.077299999999999955e+03, -1.336819999999999897e+00
1.077319999999999936e+03, -5.905569999999999986e-01
1.077329999999999927e+03, 8.592619999999999703e-01
1.077349999999999909e+03, 6.131039999999999823e-01
1.077369999999999891e+03, -8.875250000000000083e-01
1.077380000000000109e+03, 2.945590000000000153e-01
1.077400000000000091e+03, -9.901260000000000616e-02
1.077420000000000073e+03, 3.798090000000000060e-03
1.077430000000000064e+03, 2.478569999999999940e-01
1.077450000000000045e+03, -1.059320000000000039e+00
1.077470000000000027e+03, -8.729430000000000245e-01
1.077480000000000018e+03, 2.663570000000000104e-01
1.077500000000000000e+03, 1.827900000000000080e+00
1.077519999999999982e+03, 2.288340000000000096e-01
1.077529999999999973e+03, -8.361610000000000431e-01
1.077549999999999955e+03, -2.000149999999999983e-01
1.077569999999999936e+03, 5.091670000000000362e-01
1.077579999999999927e+03, -1.447740000000000027e+00
1.077599999999999909e+03, -1.028089999999999976e-01
1.077619999999999891e+03, 5.903859999999999664e-01
1.077630000000000109e+03, -3.377689999999999859e-01
1.077650000000000091e+03, 9.882039999999999713e-01
1.077670000000000073e+03, -1.073420000000000041e+00
1.077680000000000064e+03, -2.216130000000000044e-01
1.077700000000000045e+03, -6.100630000000000219e-01
1.077720000000000027e+03, 1.885559999999999903e+00
1.077730000000000018e+03, 5.499319999999999764e-01
1.077750000000000000e+03, -2.597599999999999822e-03
1.077769999999999982e+03, -1.586700000000000055e-01
1.077779999999999973e+03, 4.906760000000000010e-01
1.077799999999999955e+03, -1.436399999999999899e-01
1.077819999999999936e+03, -6.172910000000000341e-01
1.077829999999999927e+03, -1.530860000000000110e+00
1.077849999999999909e+03, -9.768980000000000441e-01
1.077869999999999891e+03, -1.401960000000000095e+00
1.077880000000000109e+03, -1.445770000000000000e+00
1.077900000000000091e+03, -1.138649999999999940e+00
1.077920000000000073e+03, -7.643199999999999994e-01
1.077930000000000064e+03, 1.545779999999999932e-01
1.077950000000000045e+03, 2.177149999999999919e-01
1.077970000000000027e+03, -6.971529999999999394e-02
1.077980000000000018e+03, 6.409799999999999942e-01
1.078000000000000000e+03, -8.373969999999999470e-01
1.078019999999999982e+03, -3.404659999999999909e-01
1.078029999999999973e+03, 3.809819999999999873e-01
1.078049999999999955e+03, 4.813520000000000298e-02
1.078069999999999936e+03, -2.888399999999999856e-01
1.078079999999999927e+03, -8.468080000000000052e-01
1.078099999999999909e+03, 8.508419999999999872e-01
1.078119999999999891e+03, 9.311549999999999550e-01
1.078130000000000109e+03, 9.042259999999999742e-01
1.078150000000000091e+03, -7.106400000000000217e-02
1.078170000000000073e+03, 2.151339999999999919e-01
1.078180000000000064e+03, 8.383159999999999501e-01
1.078200000000000045e+03, 8.311079999999999579e-01
1.078220000000000027e+03, -7.233920000000000350e-01
1.078230000000000018e+03, 2.617499999999999827e-01
1.078250000000000000e+03, -2.740820000000000149e-03
1.078269999999999982e+03, -2.674219999999999930e-01
1.078279999999999973e+03, 2.376860000000000084e-01
1.078299999999999955e+03, 7.292319999999999358e-02
1.078319999999999936e+03, 8.055710000000000370e-01
1.078329999999999927e+03, 1.166679999999999939e+00
1.078349999999999909e+03, 6.849370000000000180e-01
1.078369999999999891e+03, 2.375249999999999861e-01
1.078380000000000109e+03, 1.749100000000000099e-01
1.078400000000000091e+03, -1.681920000000000082e-01
1.078420000000000073e+03, 2.872620000000000173e-01
1.078430000000000064e+03, 7.104779999999999429e-02
1.078450000000000045e+03, -1.590289999999999981e+00
1.078470000000000027e+03, 1.009959999999999969e+00
1.078480000000000018e+03, -7.828699999999999548e-01
1.078500000000000000e+03, -6.089470000000000161e-01
1.078519999999999982e+03, -1.609599999999999920e-02
1.078529999999999973e+03, 4.747399999999999953e-01
1.078549999999999955e+03, 3.360190000000000121e-01
1.078569999999999936e+03, 7.824010000000000131e-01
1.078579999999999927e+03, 1.487709999999999866e-01
1.078599999999999909e+03, -5.493689999999999962e-01
1.078619999999999891e+03, 5.036699999999999511e-01
1.078630000000000109e+03, 9.299090000000000134e-02
1.078650000000000091e+03, 5.405900000000000150e-01
1.078670000000000073e+03, -3.541929999999999801e-01
1.078680000000000064e+03, 8.431809999999999583e-01
1.078700000000000045e+03, 1.322170000000000067e+00
1.078720000000000027e+03, -8.344290000000000040e-02
1.078730000000000018e+03, 1.289639999999999898e+00
1.078750000000000000e+03, 1.785310000000000022e-02
1.078769999999999982e+03, -4.797100000000000253e-01
1.078779999999999973e+03, 6.323379999999999557e-01
1.078799999999999955e+03, -4.345760000000000178e-01
1.078819999999999936e+03, -4.536620000000000097e-01
1.078829999999999927e+03, -5.041989999999999528e-01
1.078849999999999909e+03, -5.541469999999999452e-01
1.078869999999999891e+03, -1.082689999999999930e+00
1.078880000000000109e+03, -1.146779999999999911e+00
1.078900000000000091e+03, -1.867020000000000138e-02
1.078920000000000073e+03, 1.080710000000000004e-01
1.078930000000000064e+03, 1.121050000000000102e+00
1.078950000000000045e+03, -3.048629999999999951e-01
1.078970000000000027e+03, -7.579500000000000126e-01
1.078980000000000018e+03, 1.996910000000000074e-01
1.079000000000000000e+03, 8.777099999999999902e-01
1.079019999999999982e+03, 5.694110000000000005e-01
1.079029999999999973e+03, 5.854460000000000219e-02
1.079049999999999955e+03, -2.571910000000000029e-01
1.079069999999999936e+03, -7.005510000000000348e-01
1.079079999999999927e+03, -1.131279999999999959e-02
1.079099999999999909e+03, 3.596409999999999885e-01
1.079119999999999891e+03, -1.612639999999999907e-01
1.079130000000000109e+03, -4.753180000000000183e-01
1.079150000000000091e+03, -2.986579999999999790e-01
1.079170000000000073e+03, 3.303559999999999830e-01
1.079180000000000064e+03, 4.234220000000000345e-02
1.079200000000000045e+03, 1.096449999999999925e+00
1.079220000000000027e+03, 8.055819999999999648e-02
1.079230000000000018e+03, 5.605980000000000407e-01
1.079250000000000000e+03, 5.937620000000000120e-01
1.079269999999999982e+03, -2.967870000000000230e-01
1.079279999999999973e+03, -9.962149999999999617e-01
1.079299999999999955e+03, -3.940210000000000101e-01
1.079319999999999936e+03, 5.600819999999999688e-01
1.079329999999999927e+03, -1.388050000000000117e-01
1.079349999999999909e+03, -6.340489999999999737e-01
1.079369999999999891e+03, -6.262080000000000424e-02
1.079380000000000109e+03, -3.143859999999999988e-01
1.079400000000000091e+03, 8.418740000000000112e-01
1.079420000000000073e+03, 8.465570000000000039e-01
1.079430000000000064e+03, 2.923410000000000175e-01
1.079450000000000045e+03, 3.475599999999999801e-01
1.079470000000000027e+03, -1.266069999999999973e-01
1.079480000000000018e+03, -1.145459999999999950e-01
1.079500000000000000e+03, 1.343129999999999935e+00
1.079519999999999982e+03, 4.058220000000000161e-01
1.079529999999999973e+03, 8.806680000000000064e-02
1.079549999999999955e+03, -4.744959999999999734e-01
1.079569999999999936e+03, 1.430060000000000109e+00
1.079579999999999927e+03, 2.177219999999999989e-01
1.079599999999999909e+03, 5.786319999999999658e-02
1.079619999999999891e+03, -1.141909999999999981e+00
1.079630000000000109e+03, -1.842999999999999972e+00
1.079650000000000091e+03, 8.900130000000000541e-02
1.079670000000000073e+03, -1.305709999999999926e+00
1.079680000000000064e+03, 4.320269999999999944e-01
1.079700000000000045e+03, 1.232359999999999983e-01
1.079720000000000027e+03, -7.417839999999999989e-01
1.079730000000000018e+03, -6.598880000000000301e-01
1.079750000000000000e+03, 4.991399999999999726e-01
1.079769999999999982e+03, -4.202230000000000132e-01
1.079779999999999973e+03, 5.283980000000000343e-01
1.079799999999999955e+03, -5.934540000000000370e-01
1.079819999999999936e+03, -6.492360000000000353e-01
1.079829999999999927e+03, -1.298999999999999932e+00
1.079849999999999909e+03, -4.640550000000000230e-02
1.079869999999999891e+03, 2.255260000000000042e-01
1.079880000000000109e+03, -9.714390000000000525e-01
1.079900000000000091e+03, 7.466720000000000024e-01
1.079920000000000073e+03, 1.240160000000000012e-01
1.079930000000000064e+03, 6.035199999999999454e-01
1.079950000000000045e+03, -1.075550000000000006e+00
1.079970000000000027e+03, -5.875179999999999986e-02
1.079980000000000018e+03, -5.728450000000000486e-01
1.080000000000000000e+03, 8.010430000000000328e-02
1.080019999999999982e+03, -8.902619999999999978e-01
1.080029999999999973e+03, 8.168050000000000033e-01
1.080049999999999955e+03, -6.687939999999999996e-01
1.080069999999999936e+03, 8.426759999999999806e-01
1.080079999999999927e+03, 9.755170000000000508e-02
1.080099999999999909e+03, -1.572750000000000092e+00
1.080119999999999891e+03, -2.705339999999999967e-01
1.080130000000000109e+03, 5.389930000000000554e-01
1.080150000000000091e+03, -3.056610000000000160e-01
1.080170000000000073e+03, -7.305929999999999369e-02
1.080180000000000064e+03, -2.222750000000000004e-01
1.080200000000000045e+03, -1.359490000000000087e+00
1.080220000000000027e+03, 7.257040000000000157e-01
1.080230000000000018e+03, 2.367150000000000087e-01
1.080250000000000000e+03, 5.358450000000000157e-01
1.080269999999999982e+03, 7.781940000000000524e-01
1.080279999999999973e+03, 7.161680000000000268e-01
1.080299999999999955e+03, -7.822649999999999881e-01
1.080319999999999936e+03, 4.914919999999999844e-01
1.080329999999999927e+03, -9.010690000000000088e-01
1.080349999999999909e+03, 2.210670000000000135e-01
1.080369999999999891e+03, -3.454849999999999866e-01
1.080380000000000109e+03, -7.432579999999999742e-01
1.080400000000000091e+03, -9.327379999999999560e-01
1.080420000000000073e+03, -8.923200000000000021e-01
1.080430000000000064e+03, 1.019369999999999998e-01
1.080450000000000045e+03, -1.210190000000000099e+00
1.080470000000000027e+03, -1.724009999999999987e-01
1.080480000000000018e+03, -4.958230000000000137e-01
1.080500000000000000e+03, 6.525389999999999802e-01
1.080519999999999982e+03, 1.016899999999999915e+00
1.080529999999999973e+03, 3.283670000000000200e-01
1.080549999999999955e+03, -1.680080000000000018e+00
1.080569999999999936e+03, -2.229649999999999910e+00
1.080579999999999927e+03, -2.456619999999999915e-01
1.080599999999999909e+03, -9.076859999999999928e-01
1.080619999999999891e+03, -8.230800000000000338e-01
1.080630000000000109e+03, 7.652879999999999405e-02
1.080650000000000091e+03, 8.883240000000000025e-01
1.080670000000000073e+03, 6.709659999999999513e-01
1.080680000000000064e+03, 1.883450000000000069e+00
1.080700000000000045e+03, 1.077730000000000077e+00
1.080720000000000027e+03, 4.189120000000000066e-01
1.080730000000000018e+03, 1.556079999999999963e-01
1.080750000000000000e+03, 1.330559999999999965e+00
1.080769999999999982e+03, 2.373619999999999841e+00
1.080779999999999973e+03, 1.236299999999999955e+00
1.080799999999999955e+03, -4.110240000000000005e-01
1.080819999999999936e+03, -1.510320000000000107e+00
1.080829999999999927e+03, -1.337239999999999984e+00
1.080849999999999909e+03, -1.703880000000000061e+00
1.080869999999999891e+03, -1.239060000000000050e+00
1.080880000000000109e+03, -1.172979999999999912e+00
1.080900000000000091e+03, -1.143150000000000069e-02
1.080920000000000073e+03, 8.337759999999999616e-01
1.080930000000000064e+03, -3.361609999999999876e-01
1.080950000000000045e+03, -1.837270000000000014e-01
1.080970000000000027e+03, 2.242860000000000131e-01
1.080980000000000018e+03, -3.105959999999999832e-01
1.081000000000000000e+03, 1.011970000000000036e+00
1.081019999999999982e+03, -3.077900000000000080e-02
1.081029999999999973e+03, -1.326469999999999871e-01
1.081049999999999955e+03, 1.645369999999999888e-01
1.081069999999999936e+03, -1.825350000000000028e-01
1.081079999999999927e+03, 3.439829999999999832e-01
1.081099999999999909e+03, 6.259510000000000352e-01
1.081119999999999891e+03, 1.379070000000000018e+00
1.081130000000000109e+03, 3.153540000000000232e-01
1.081150000000000091e+03, 2.486930000000000043e-02
1.081170000000000073e+03, -9.017779999999999685e-01
1.081180000000000064e+03, -1.434560000000000057e+00
1.081200000000000045e+03, 2.417489999999999917e-01
1.081220000000000027e+03, 5.015200000000000213e-02
1.081230000000000018e+03, 1.795789999999999886e-01
1.081250000000000000e+03, 3.503359999999999808e-01
1.081269999999999982e+03, -2.628940000000000166e-01
1.081279999999999973e+03, -1.736550000000000038e+00
1.081299999999999955e+03, -1.617429999999999923e+00
1.081319999999999936e+03, 4.459130000000000038e-01
1.081329999999999927e+03, -7.043960000000000221e-01
1.081349999999999909e+03, -1.490339999999999998e-01
1.081369999999999891e+03, -5.244039999999999813e-01
1.081380000000000109e+03, -9.829409999999999537e-01
1.081400000000000091e+03, -1.453580000000000094e+00
1.081420000000000073e+03, -1.933690000000000131e-01
1.081430000000000064e+03, 4.077529999999999766e-01
1.081450000000000045e+03, 8.860050000000000425e-01
1.081470000000000027e+03, -2.976980000000000182e-01
1.081480000000000018e+03, 3.299210000000000198e-01
1.081500000000000000e+03, 1.610210000000000113e-02
1.081519999999999982e+03, -1.839129999999999932e-01
1.081529999999999973e+03, -1.289710000000000023e-01
1.081549999999999955e+03, 1.297350000000000003e+00
1.081569999999999936e+03, 4.608809999999999851e-01
1.081579999999999927e+03, 1.257970000000000033e+00
1.081599999999999909e+03, -5.197230000000000461e-01
1.081619999999999891e+03, 1.353729999999999933e-01
1.081630000000000109e+03, 1.109480000000000049e-01
1.081650000000000091e+03, 3.966910000000000158e-01
1.081670000000000073e+03, 2.962400000000000033e-01
1.081680000000000064e+03, -1.782429999999999959e+00
1.081700000000000045e+03, -3.460889999999999800e-01
1.081720000000000027e+03, 3.982959999999999834e-01
1.081730000000000018e+03, 7.366880000000000095e-01
1.081750000000000000e+03, -4.490910000000000180e-01
1.081769999999999982e+03, -5.211890000000000134e-01
1.081779999999999973e+03, 1.669019999999999948e-01
1.081799999999999955e+03, -2.643269999999999786e-01
1.081819999999999936e+03, -6.854329999999999590e-01
1.081829999999999927e+03, 7.314960000000000351e-01
1.081849999999999909e+03, 6.563160000000000105e-01
1.081869999999999891e+03, 1.335919999999999996e+00
1.081880000000000109e+03, 1.299430000000000085e+00
1.081900000000000091e+03, 6.992270000000000429e-01
1.081920000000000073e+03, -2.327420000000000044e-01
1.081930000000000064e+03, -6.258099999999999774e-01
1.081950000000000045e+03, -1.065090000000000092e+00
1.081970000000000027e+03, 6.266739999999999533e-01
1.081980000000000018e+03, 1.147129999999999983e+00
1.082000000000000000e+03, 2.980450000000000044e-01
1.082019999999999982e+03, -8.623269999999999547e-01
1.082029999999999973e+03, -1.438329999999999886e-01
1.082049999999999955e+03, -8.690820000000000212e-01
1.082069999999999936e+03, 8.796140000000000070e-01
1.082079999999999927e+03, 9.971029999999999616e-01
1.082099999999999909e+03, 2.952060000000000239e-01
1.082119999999999891e+03, -8.405949999999999811e-01
1.082130000000000109e+03, -1.155359999999999943e+00
1.082150000000000091e+03, -5.234410000000000451e-01
1.082170000000000073e+03, 6.033549999999999747e-01
1.082180000000000064e+03, -7.908169999999999922e-01
1.082200000000000045e+03, 2.857979999999999965e-01
1.082220000000000027e+03, -7.267439999999999456e-01
1.082230000000000018e+03, -4.584710000000000174e-01
1.082250000000000000e+03, 2.899249999999999883e-01
1.082269999999999982e+03, 1.013439999999999896e+00
1.082279999999999973e+03, 2.474129999999999940e-01
1.082299999999999955e+03, -3.239210000000000006e-02
1.082319999999999936e+03, -1.724890000000000034e+00
1.082329999999999927e+03, -1.330179999999999918e+00
1.082349999999999909e+03, -4.788990000000000191e-01
1.082369999999999891e+03, -6.152140000000000386e-01
1.082380000000000109e+03, 1.426819999999999977e+00
1.082400000000000091e+03, -1.056210000000000065e-01
1.082420000000000073e+03, 1.458809999999999940e+00
1.082430000000000064e+03, 2.870050000000000101e-01
1.082450000000000045e+03, 1.988699999999999912e+00
1.082470000000000027e+03, -8.107919999999999572e-01
1.082480000000000018e+03, -7.316519999999999690e-01
1.082500000000000000e+03, -2.710000000000000187e-01
1.082519999999999982e+03, 8.230760000000000298e-01
1.082529999999999973e+03, -3.724310000000000120e-01
1.082549999999999955e+03, 6.113640000000000185e-01
1.082569999999999936e+03, -1.846599999999999908e-01
1.082579999999999927e+03, -4.751980000000000093e-01
1.082599999999999909e+03, 2.070379999999999998e-01
1.082619999999999891e+03, 5.980959999999999749e-02
1.082630000000000109e+03, 9.896929999999999616e-02
1.082650000000000091e+03, -4.477659999999999973e-01
1.082670000000000073e+03, -5.939900000000000180e-01
1.082680000000000064e+03, -4.123480000000000201e-02
1.082700000000000045e+03, -1.812419999999999920e+00
1.082720000000000027e+03, -1.083530000000000104e+00
1.082730000000000018e+03, -8.034099999999999575e-01
1.082750000000000000e+03, 1.706940000000000124e-01
1.082769999999999982e+03, -2.864160000000000039e-01
1.082779999999999973e+03, 1.940379999999999994e+00
1.082799999999999955e+03, -2.479449999999999987e-01
1.082819999999999936e+03, 5.345180000000000486e-01
1.082829999999999927e+03, -8.744309999999999583e-01
1.082849999999999909e+03, -3.867189999999999794e-01
1.082869999999999891e+03, 3.572609999999999952e-01
1.082880000000000109e+03, 1.163429999999999964e+00
1.082900000000000091e+03, 9.406139999999999501e-01
1.082920000000000073e+03, -4.188089999999999868e-01
1.082930000000000064e+03, -1.521619999999999973e+00
1.082950000000000045e+03, -3.964379999999999793e+00
1.082970000000000027e+03, -7.339290000000000536e-01
1.082980000000000018e+03, 1.346479999999999899e-01
1.083000000000000000e+03, -7.069959999999999578e-01
1.083019999999999982e+03, 2.033139999999999947e-01
1.083029999999999973e+03, 3.945600000000000218e-01
1.083049999999999955e+03, 1.602880000000000082e+00
1.083069999999999936e+03, -3.866999999999999882e-01
1.083079999999999927e+03, -1.253670000000000062e+00
1.083099999999999909e+03, -1.668959999999999999e+00
1.083119999999999891e+03, -6.881099999999999994e-01
1.083130000000000109e+03, 1.013020000000000032e+00
1.083150000000000091e+03, -5.367159999999999709e-01
1.083170000000000073e+03, -2.683180000000000009e-01
1.083180000000000064e+03, -9.804399999999999782e-01
1.083200000000000045e+03, -1.121399999999999952e+00
1.083220000000000027e+03, 6.713379999999999903e-01
1.083230000000000018e+03, -3.676349999999999896e-01
1.083250000000000000e+03, -3.503879999999999773e-01
1.083269999999999982e+03, 7.491109999999999713e-01
1.083279999999999973e+03, 1.621240000000000014e+00
1.083299999999999955e+03, 1.938880000000000048e-01
1.083319999999999936e+03, -4.711989999999999928e-02
1.083329999999999927e+03, 8.671219999999999484e-01
1.083349999999999909e+03, 1.248940000000000050e-01
1.083369999999999891e+03, -9.498439999999999661e-02
1.083380000000000109e+03, -1.080880000000000063e+00
1.083400000000000091e+03, -4.340939999999999799e-01
1.083420000000000073e+03, 1.498170000000000057e-01
1.083430000000000064e+03, 8.883219999999999450e-01
1.083450000000000045e+03, 1.413180000000000103e+00
1.083470000000000027e+03, -4.298569999999999891e-01
1.083480000000000018e+03, 6.859100000000000197e-01
1.083500000000000000e+03, 1.416340000000000099e-01
1.083519999999999982e+03, 2.247139999999999971e-01
1.083529999999999973e+03, -6.568070000000000297e-01
1.083549999999999955e+03, -2.376399999999999846e+00
1.083569999999999936e+03, 9.796289999999999720e-01
1.083579999999999927e+03, 3.801920000000000299e-02
1.083599999999999909e+03, 9.399769999999999515e-01
1.083619999999999891e+03, -9.669900000000000162e-01
1.083630000000000109e+03, 8.030019999999999936e-01
1.083650000000000091e+03, -3.049529999999999741e-01
1.083670000000000073e+03, 1.318189999999999917e-01
1.083680000000000064e+03, -2.902339999999999920e-01
1.083700000000000045e+03, -1.779230000000000089e+00
1.083720000000000027e+03, -2.803359999999999741e-01
1.083730000000000018e+03, -3.846339999999999759e-01
1.083750000000000000e+03, -2.160160000000000136e-01
1.083769999999999982e+03, 1.837169999999999914e-01
1.083779999999999973e+03, -8.008899999999999908e-01
1.083799999999999955e+03, 1.989350000000000007e-01
1.083819999999999936e+03, -1.797660000000000036e+00
1.083829999999999927e+03, 8.585930000000000506e-01
1.083849999999999909e+03, 6.008529999999999704e-01
1.083869999999999891e+03, 4.020270000000000232e-01
1.083880000000000109e+03, -1.954700000000000049e-01
1.083900000000000091e+03, 6.376779999999999671e-01
1.083920000000000073e+03, 1.385010000000000130e-01
1.083930000000000064e+03, 2.166500000000000092e-01
1.083950000000000045e+03, -1.247049999999999992e+00
1.083970000000000027e+03, -1.005149999999999988e+00
1.083980000000000018e+03, -9.255130000000000301e-01
1.084000000000000000e+03, 8.452650000000000441e-01
1.084019999999999982e+03, 6.309580000000000188e-01
1.084029999999999973e+03, 6.189719999999999667e-01
1.084049999999999955e+03, -8.427080000000000681e-02
1.084069999999999936e+03, -7.733060000000000489e-01
1.084079999999999927e+03, -1.534520000000000106e+00
1.084099999999999909e+03, -5.062339999999999618e-01
1.084119999999999891e+03, -5.144830000000000236e-01
1.084130000000000109e+03, 3.663960000000000133e-02
1.084150000000000091e+03, 6.293659999999999810e-01
1.084170000000000073e+03, 1.500559999999999894e+00
1.084180000000000064e+03, 3.543229999999999991e-01
1.084200000000000045e+03, 4.384190000000000031e-01
1.084220000000000027e+03, -8.453099999999999850e-03
1.084230000000000018e+03, -1.224279999999999952e-01
1.084250000000000000e+03, -6.058189999999999964e-01
1.084269999999999982e+03, -3.946170000000000233e-02
1.084279999999999973e+03, 3.686599999999999877e-01
1.084299999999999955e+03, -5.790610000000000479e-01
1.084319999999999936e+03, -3.000999999999999779e-01
1.084329999999999927e+03, 4.406749999999999834e-01
1.084349999999999909e+03, 1.620170000000000110e+00
1.084369999999999891e+03, 1.058010000000000062e-01
1.084380000000000109e+03, 1.929579999999999906e-01
1.084400000000000091e+03, -1.100249999999999950e+00
1.084420000000000073e+03, -7.652949999999999475e-01
1.084430000000000064e+03, -9.493319999999999537e-02
1.084450000000000045e+03, 3.099649999999999905e-01
1.084470000000000027e+03, 7.940890000000000448e-01
1.084480000000000018e+03, 9.953999999999999515e-01
1.084500000000000000e+03, 4.513130000000000197e-01
1.084519999999999982e+03, -6.244490000000000318e-01
1.084529999999999973e+03, 3.616840000000000055e-01
1.084549999999999955e+03, -1.190860000000000030e+00
1.084569999999999936e+03, -8.173510000000000497e-02
1.084579999999999927e+03, -2.722350000000000048e-01
1.084599999999999909e+03, 1.507969999999999866e-01
1.084619999999999891e+03, -1.907939999999999969e+00
1.084630000000000109e+03, -1.106149999999999967e+00
1.084650000000000091e+03, 1.117890000000000050e+00
1.084670000000000073e+03, 8.117609999999999548e-01
1.084680000000000064e+03, 6.345699999999999952e-02
1.084700000000000045e+03, -4.691429999999999767e-01
1.084720000000000027e+03, 8.253920000000000146e-01
1.084730000000000018e+03, 1.075769999999999893e+00
1.084750000000000000e+03, -4.513159999999999950e-01
1.084769999999999982e+03, 5.155809999999999560e-01
1.084779999999999973e+03, 6.450599999999999667e-01
1.084799999999999955e+03, -2.250560000000000060e-01
1.084819999999999936e+03, -4.276300000000000101e-01
1.084829999999999927e+03, 3.520510000000000028e-01
1.084849999999999909e+03, 2.191180000000000072e-01
1.084869999999999891e+03, -1.436119999999999897e-01
1.084880000000000109e+03, 9.095750000000000224e-01
1.084900000000000091e+03, -1.570709999999999884e-01
1.084920000000000073e+03, 1.157019999999999937e+00
1.084930000000000064e+03, -8.447310000000000096e-01
1.084950000000000045e+03, 2.459129999999999927e-01
1.084970000000000027e+03, 1.787140000000000117e-01
1.084980000000000018e+03, -1.046050000000000035e-01
1.085000000000000000e+03, 4.411669999999999758e-01
1.085019999999999982e+03, 1.255150000000000016e-02
1.085029999999999973e+03, -7.027239999999999875e-02
1.085049999999999955e+03, 4.986459999999999781e-01
1.085069999999999936e+03, 1.999829999999999941e-01
1.085079999999999927e+03, -1.983590000000000075e-01
1.085099999999999909e+03, 9.298239999999999839e-01
1.085119999999999891e+03, -7.079020000000000312e-01
1.085130000000000109e+03, -3.782220000000000026e-01
1.085150000000000091e+03, 1.064599999999999991e+00
1.085170000000000073e+03, 4.058189999999999853e-01
1.085180000000000064e+03, 1.211279999999999912e+00
1.085200000000000045e+03, 1.021889999999999965e+00
1.085220000000000027e+03, 3.532959999999999989e-01
1.085230000000000018e+03, -9.400330000000000075e-01
1.085250000000000000e+03, -2.565100000000000158e-01
1.085269999999999982e+03, -3.630990000000000051e-01
1.085279999999999973e+03, 4.441089999999999760e-01
1.085299999999999955e+03, -6.662050000000000471e-01
1.085319999999999936e+03, 3.800270000000000037e-01
1.085329999999999927e+03, 9.431739999999999569e-01
1.085349999999999909e+03, -3.588930000000000176e-01
1.085369999999999891e+03, -2.073059999999999903e-01
1.085380000000000109e+03, 6.832700000000000440e-01
1.085400000000000091e+03, -2.767330000000000068e-01
1.085420000000000073e+03, 1.610499999999999987e-01
1.085430000000000064e+03, -5.937860000000000360e-01
1.085450000000000045e+03, 6.263379999999999816e-03
1.085470000000000027e+03, 1.598100000000000076e-01
1.085480000000000018e+03, -4.267380000000000062e-01
1.085500000000000000e+03, -5.740250000000000075e-01
1.085519999999999982e+03, 4.968409999999999771e-01
1.085529999999999973e+03, 1.437940000000000051e-01
1.085549999999999955e+03, 2.922370000000000245e-01
1.085569999999999936e+03, -2.169230000000000047e-01
1.085579999999999927e+03, 1.239260000000000028e+00
1.085599999999999909e+03, 4.207449999999999801e-01
1.085619999999999891e+03, -2.017799999999999816e+00
1.085630000000000109e+03, -1.373639999999999972e+00
1.085650000000000091e+03, -6.122429999999999817e-01
1.085670000000000073e+03, -2.662349999999999994e-01
1.085680000000000064e+03, 7.907009999999999872e-01
1.085700000000000045e+03, -1.119110000000000049e+00
1.085720000000000027e+03, 8.022890000000000577e-02
1.085730000000000018e+03, 6.567309999999999537e-01
1.085750000000000000e+03, 1.135899999999999965e-01
1.085769999999999982e+03, -4.749630000000000241e-01
1.085779999999999973e+03, 1.610790000000000000e-01
1.085799999999999955e+03, -3.557190000000000074e-01
1.085819999999999936e+03, 2.497890000000000110e-01
1.085829999999999927e+03, -3.184540000000000148e-01
1.085849999999999909e+03, 6.508770000000000389e-01
1.085869999999999891e+03, -1.595999999999999849e-02
1.085880000000000109e+03, -3.976600000000000135e-01
1.085900000000000091e+03, 8.997900000000000342e-02
1.085920000000000073e+03, 5.133069999999999578e-01
1.085930000000000064e+03, -8.639930000000000110e-01
1.085950000000000045e+03, -1.230499999999999927e+00
1.085970000000000027e+03, -6.495830000000000215e-01
1.085980000000000018e+03, -4.853009999999999963e-02
1.086000000000000000e+03, -1.359100000000000065e-02
1.086019999999999982e+03, -4.530689999999999995e-01
1.086029999999999973e+03, 7.863820000000000254e-01
1.086049999999999955e+03, 9.121789999999999621e-01
1.086069999999999936e+03, -5.809140000000000414e-01
1.086079999999999927e+03, 3.768389999999999795e-01
1.086099999999999909e+03, 6.800960000000000338e-02
1.086119999999999891e+03, 2.212039999999999840e-02
1.086130000000000109e+03, 1.165869999999999962e+00
1.086150000000000091e+03, -1.603239999999999943e-01
1.086170000000000073e+03, 8.239589999999999970e-01
1.086180000000000064e+03, 1.290759999999999907e+00
1.086200000000000045e+03, -2.716790000000000038e-01
1.086220000000000027e+03, -2.090920000000000001e-01
1.086230000000000018e+03, -7.177550000000000319e-01
1.086250000000000000e+03, -1.158570000000000100e+00
1.086269999999999982e+03, 7.075770000000000670e-02
1.086279999999999973e+03, 1.849990000000000023e+00
1.086299999999999955e+03, 4.555699999999999750e-01
1.086319999999999936e+03, 1.180749999999999966e+00
1.086329999999999927e+03, 5.303809999999999775e-02
1.086349999999999909e+03, 4.751790000000000180e-01
1.086369999999999891e+03, -7.253840000000000288e-01
1.086380000000000109e+03, -4.631040000000000156e-02
1.086400000000000091e+03, -5.612409999999999899e-01
1.086420000000000073e+03, -9.543089999999999629e-01
1.086430000000000064e+03, -1.036000000000000032e+00
1.086450000000000045e+03, 3.285719999999999752e-01
1.086470000000000027e+03, -3.914949999999999819e-01
1.086480000000000018e+03, -4.375479999999999925e-01
1.086500000000000000e+03, 5.900309999999999722e-01
1.086519999999999982e+03, -1.014310000000000045e+00
1.086529999999999973e+03, -3.832999999999999741e-01
1.086549999999999955e+03, 6.365499999999999492e-01
1.086569999999999936e+03, 8.625380000000000269e-01
1.086579999999999927e+03, 1.991269999999999984e-01
1.086599999999999909e+03, -1.369019999999999904e+00
1.086619999999999891e+03, -9.409100000000000241e-01
1.086630000000000109e+03, 2.966690000000000160e-01
1.086650000000000091e+03, 1.974390000000000089e+00
1.086670000000000073e+03, -7.339059999999999473e-01
1.086680000000000064e+03, 6.305479999999999974e-01
1.086700000000000045e+03, -2.167930000000000135e-01
1.086720000000000027e+03, 1.443699999999999983e+00
1.086730000000000018e+03, 4.203259999999999774e-01
1.086750000000000000e+03, -6.138510000000000355e-01
1.086769999999999982e+03, -1.126829999999999998e+00
1.086779999999999973e+03, 6.421879999999999811e-01
1.086799999999999955e+03, 8.335479999999999556e-01
1.086819999999999936e+03, 1.177149999999999919e+00
1.086829999999999927e+03, -5.371460000000000123e-01
1.086849999999999909e+03, 1.697859999999999925e-01
1.086869999999999891e+03, -1.200080000000000036e+00
1.086880000000000109e+03, -6.029799999999999605e-01
1.086900000000000091e+03, 1.880979999999999874e-01
1.086920000000000073e+03, 8.338449999999999473e-01
1.086930000000000064e+03, 3.393909999999999982e-01
1.086950000000000045e+03, 1.671970000000000123e-01
1.086970000000000027e+03, -9.423140000000000682e-02
1.086980000000000018e+03, -2.467050000000000076e-01
1.087000000000000000e+03, 5.753519999999999746e-01
1.087019999999999982e+03, -8.848470000000000502e-01
1.087029999999999973e+03, 8.909139999999999837e-01
1.087049999999999955e+03, -4.747109999999999941e-01
1.087069999999999936e+03, -1.025400000000000089e+00
1.087079999999999927e+03, -4.379580000000000140e-01
1.087099999999999909e+03, -3.209670000000000023e-01
1.087119999999999891e+03, -9.953060000000000240e-01
1.087130000000000109e+03, 1.237749999999999961e-02
1.087150000000000091e+03, -1.133119999999999905e+00
1.087170000000000073e+03, -7.265789999999999749e-01
1.087180000000000064e+03, -6.874919999999999920e-01
1.087200000000000045e+03, 2.000879999999999881e-01
1.087220000000000027e+03, -5.144050000000000011e-01
1.087230000000000018e+03, -1.133949999999999958e-01
1.087250000000000000e+03, -8.149830000000000130e-01
1.087269999999999982e+03, -3.811660000000000048e-01
1.087279999999999973e+03, 3.833670000000000133e-01
1.087299999999999955e+03, -4.724489999999999940e-02
1.087319999999999936e+03, -2.719880000000000075e-01
1.087329999999999927e+03, -3.965640000000000276e-01
1.087349999999999909e+03, 4.260120000000000018e-01
1.087369999999999891e+03, 1.720480000000000065e-01
1.087380000000000109e+03, 6.731920000000000126e-01
1.087400000000000091e+03, 9.631359999999999921e-01
1.087420000000000073e+03, 1.054659999999999931e+00
1.087430000000000064e+03, 2.771080000000000210e-01
1.087450000000000045e+03, -7.222330000000000139e-01
1.087470000000000027e+03, -1.141010000000000080e+00
1.087480000000000018e+03, 7.610719999999999708e-01
1.087500000000000000e+03, 2.132030000000000036e-01
1.087519999999999982e+03, 1.072640000000000038e+00
1.087529999999999973e+03, -4.520049999999999762e-02
1.087549999999999955e+03, -2.709250000000000269e-01
1.087569999999999936e+03, 2.626399999999999846e-01
1.087579999999999927e+03, 4.041759999999999797e-01
1.087599999999999909e+03, -3.114540000000000086e-01
1.087619999999999891e+03, -1.966099999999999959e+00
1.087630000000000109e+03, 4.420600000000000085e-01
1.087650000000000091e+03, 6.119350000000000067e-01
1.087670000000000073e+03, 5.686890000000000001e-01
1.087680000000000064e+03, 5.929330000000000434e-01
1.087700000000000045e+03, -3.344239999999999990e-01
1.087720000000000027e+03, 1.069539999999999935e-01
1.087730000000000018e+03, 1.199759999999999993e-01
1.087750000000000000e+03, 1.725659999999999972e+00
1.087769999999999982e+03, 9.111920000000000019e-01
1.087779999999999973e+03, -9.805270000000000374e-01
1.087799999999999955e+03, -1.153899999999999926e+00
1.087819999999999936e+03, 5.795129999999999448e-01
1.087829999999999927e+03, 1.142560000000000020e+00
1.087849999999999909e+03, 1.210229999999999917e+00
1.087869999999999891e+03, -4.621830000000000105e-01
1.087880000000000109e+03, -1.528129999999999988e+00
1.087900000000000091e+03, -4.718539999999999957e-01
1.087920000000000073e+03, -2.369650000000000090e-01
1.087930000000000064e+03, 4.773379999999999845e-01
1.087950000000000045e+03, 8.421170000000000044e-01
1.087970000000000027e+03, 1.240040000000000031e+00
1.087980000000000018e+03, 1.975389999999999924e-01
1.088000000000000000e+03, -7.044439999999999591e-01
1.088019999999999982e+03, -4.493800000000000017e-01
1.088029999999999973e+03, -5.077979999999999716e-01
1.088049999999999955e+03, 5.714029999999999943e-01
1.088069999999999936e+03, 5.045220000000000260e-01
1.088079999999999927e+03, 1.430609999999999937e+00
1.088099999999999909e+03, 3.552950000000000275e-01
1.088119999999999891e+03, 1.845070000000000043e-01
1.088130000000000109e+03, -6.059839999999999671e-02
1.088150000000000091e+03, -2.242319999999999869e+00
1.088170000000000073e+03, -5.195089999999999986e-01
1.088180000000000064e+03, 2.908290000000000042e-01
1.088200000000000045e+03, 2.410299999999999887e+00
1.088220000000000027e+03, 7.032860000000000500e-02
1.088230000000000018e+03, -2.112759999999999916e-01
1.088250000000000000e+03, -5.077169999999999739e-01
1.088269999999999982e+03, -6.842380000000000129e-01
1.088279999999999973e+03, 6.559439999999999715e-01
1.088299999999999955e+03, -1.077320000000000055e+00
1.088319999999999936e+03, 1.116910000000000069e+00
1.088329999999999927e+03, 6.967330000000000467e-01
1.088349999999999909e+03, 1.203950000000000020e-01
1.088369999999999891e+03, -6.593879999999999741e-01
1.088380000000000109e+03, 4.888859999999999872e-01
1.088400000000000091e+03, -5.462759999999999838e-01
1.088420000000000073e+03, -1.358779999999999988e-01
1.088430000000000064e+03, 3.027099999999999791e-01
1.088450000000000045e+03, -1.524459999999999926e+00
1.088470000000000027e+03, 2.644659999999999789e-01
1.088480000000000018e+03, -7.866159999999999819e-01
1.088500000000000000e+03, -1.174269999999999925e+00
1.088519999999999982e+03, -1.312119999999999953e+00
1.088529999999999973e+03, 6.257949999999999902e-01
1.088549999999999955e+03, -4.952559999999999740e-01
1.088569999999999936e+03, 5.039590000000000458e-01
1.088579999999999927e+03, -1.083609999999999990e-01
1.088599999999999909e+03, -7.891289999999999694e-01
1.088619999999999891e+03, 7.456930000000000502e-02
1.088630000000000109e+03, 8.511720000000000397e-01
1.088650000000000091e+03, -1.523090000000000055e+00
1.088670000000000073e+03, 4.706989999999999785e-01
1.088680000000000064e+03, 7.006090000000000373e-01
1.088700000000000045e+03, 5.997360000000000468e-01
1.088720000000000027e+03, -5.492150000000000087e-01
1.088730000000000018e+03, -1.877650000000000041e+00
1.088750000000000000e+03, -1.428160000000000096e+00
1.088769999999999982e+03, -4.880059999999999953e-01
1.088779999999999973e+03, 3.692119999999999846e-01
1.088799999999999955e+03, 1.825140000000000096e-01
1.088819999999999936e+03, 6.077740000000000226e-02
1.088829999999999927e+03, 9.556780000000000275e-01
1.088849999999999909e+03, 5.395090000000000163e-01
1.088869999999999891e+03, 8.553079999999999572e-01
1.088880000000000109e+03, 3.822629999999999778e-02
1.088900000000000091e+03, -1.191789999999999905e+00
1.088920000000000073e+03, -1.524909999999999988e+00
1.088930000000000064e+03, 6.065819999999999546e-01
1.088950000000000045e+03, -1.009509999999999907e+00
1.088970000000000027e+03, -5.880520000000000191e-02
1.088980000000000018e+03, -1.693149999999999933e+00
1.089000000000000000e+03, -1.065469999999999917e+00
1.089019999999999982e+03, -4.047410000000000174e-01
1.089029999999999973e+03, 2.428980000000000028e-01
1.089049999999999955e+03, 9.307499999999999662e-01
1.089069999999999936e+03, 2.707200000000000162e-01
1.089079999999999927e+03, 2.275510000000000033e-01
1.089099999999999909e+03, 9.014469999999999983e-01
1.089119999999999891e+03, 9.685570000000000013e-01
1.089130000000000109e+03, 9.329420000000000490e-01
1.089150000000000091e+03, 8.864099999999999757e-02
1.089170000000000073e+03, -1.948030000000000039e-01
1.089180000000000064e+03, -2.610950000000000215e-01
1.089200000000000045e+03, 2.604380000000000028e-01
1.089220000000000027e+03, 3.732059999999999822e-01
1.089230000000000018e+03, -2.720350000000000268e-01
1.089250000000000000e+03, -5.240899999999999448e-01
1.089269999999999982e+03, -5.309789999999999788e-01
1.089279999999999973e+03, 2.470120000000000093e-01
1.089299999999999955e+03, 1.113429999999999920e+00
1.089319999999999936e+03, -6.332060000000000466e-01
1.089329999999999927e+03, 1.319379999999999997e-01
1.089349999999999909e+03, 1.305930000000000035e+00
1.089369999999999891e+03, 4.041370000000000240e-01
1.089380000000000109e+03, 6.267350000000000421e-01
1.089400000000000091e+03, -9.685310000000000308e-01
1.089420000000000073e+03, -9.443209999999999660e-01
1.089430000000000064e+03, 5.802150000000000363e-01
1.089450000000000045e+03, 1.261379999999999946e+00
1.089470000000000027e+03, 1.537349999999999994e+00
1.089480000000000018e+03, 1.151680000000000037e+00
1.089500000000000000e+03, -7.728479999999999794e-01
1.089519999999999982e+03, -9.608590000000000186e-01
1.089529999999999973e+03, -9.425289999999999502e-01
1.089549999999999955e+03, -4.420839999999999770e-01
1.089569999999999936e+03, 6.058040000000000092e-01
1.089579999999999927e+03, 2.753619999999999957e-01
1.089599999999999909e+03, -1.249969999999999970e-01
1.089619999999999891e+03, 1.786529999999999951e+00
1.089630000000000109e+03, 7.674269999999999703e-01
1.089650000000000091e+03, -3.508149999999999880e-01
1.089670000000000073e+03, -1.674199999999999910e+00
1.089680000000000064e+03, 1.141389999999999939e-03
1.089700000000000045e+03, -3.187419999999999837e-02
1.089720000000000027e+03, -1.276499999999999968e+00
1.089730000000000018e+03, 9.874109999999999832e-02
1.089750000000000000e+03, 1.471030000000000115e-01
1.089769999999999982e+03, 1.953259999999999996e-01
1.089779999999999973e+03, 8.038509999999999822e-01
1.089799999999999955e+03, -1.024199999999999999e+00
1.089819999999999936e+03, 3.376000000000000112e-01
1.089829999999999927e+03, -5.865529999999999911e-01
1.089849999999999909e+03, -8.153420000000000112e-01
1.089869999999999891e+03, -3.818500000000000227e-01
1.089880000000000109e+03, 1.844330000000000136e-01
1.089900000000000091e+03, 7.501179999999999515e-01
1.089920000000000073e+03, -4.874439999999999884e-01
1.089930000000000064e+03, 3.157030000000000114e-01
1.089950000000000045e+03, 7.065900000000000514e-01
1.089970000000000027e+03, -4.444600000000000217e-01
1.089980000000000018e+03, -1.331990000000000118e-01
1.090000000000000000e+03, -2.475449999999999873e-01
1.090019999999999982e+03, -2.158130000000000048e-01
1.090029999999999973e+03, -5.713529999999999998e-01
1.090049999999999955e+03, 9.740839999999999499e-01
1.090069999999999936e+03, -2.749010000000000065e-01
1.090079999999999927e+03, -3.366079999999999767e-02
1.090099999999999909e+03, 1.166479999999999961e+00
1.090119999999999891e+03, 9.885930000000000550e-01
1.090130000000000109e+03, 1.641459999999999919e+00
1.090150000000000091e+03, 2.445390000000000064e-01
1.090170000000000073e+03, -1.419529999999999959e+00
1.090180000000000064e+03, -1.709670000000000023e+00
1.090200000000000045e+03, -3.936990000000000212e-01
1.090220000000000027e+03, -9.287839999999999985e-02
1.090230000000000018e+03, 6.362870000000000470e-01
1.090250000000000000e+03, 9.087079999999999602e-01
1.090269999999999982e+03, 5.265370000000000328e-01
1.090279999999999973e+03, 7.558160000000000434e-01
1.090299999999999955e+03, 2.871870000000000256e-01
1.090319999999999936e+03, -1.309209999999999985e+00
1.090329999999999927e+03, 5.964289999999999869e-01
1.090349999999999909e+03, 1.263360000000000039e+00
1.090369999999999891e+03, -7.952839999999999909e-01
1.090380000000000109e+03, -1.753579999999999917e+00
1.090400000000000091e+03, -1.082570000000000032e+00
1.090420000000000073e+03, 7.832209999999999450e-01
1.090430000000000064e+03, 1.592430000000000012e+00
1.090450000000000045e+03, 1.157599999999999962e+00
1.090470000000000027e+03, 1.351350000000000051e+00
1.090480000000000018e+03, -4.644289999999999807e-01
1.090500000000000000e+03, -7.904400000000000315e-01
1.090519999999999982e+03, -9.022540000000000004e-01
1.090529999999999973e+03, 1.088329999999999992e-01
1.090549999999999955e+03, 5.027279999999999527e-01
1.090569999999999936e+03, -8.461659999999999737e-01
1.090579999999999927e+03, -2.742910000000000070e-01
1.090599999999999909e+03, -3.884569999999999967e-01
1.090619999999999891e+03, 1.429340000000000055e+00
1.090630000000000109e+03, -2.255959999999999910e-01
1.090650000000000091e+03, 6.249299999999999855e-01
1.090670000000000073e+03, 6.867660000000000431e-02
1.090680000000000064e+03, -1.245870000000000033e-01
1.090700000000000045e+03, -1.101490000000000080e+00
1.090720000000000027e+03, 3.695039999999999991e-01
1.090730000000000018e+03, -8.186449999999999561e-01
1.090750000000000000e+03, -1.222059999999999952e-01
1.090769999999999982e+03, 6.393029999999999546e-01
1.090779999999999973e+03, 2.343250000000000055e-01
1.090799999999999955e+03, 2.198489999999999889e-01
1.090819999999999936e+03, 3.904839999999999978e-01
1.090829999999999927e+03, 3.155620000000000092e-01
1.090849999999999909e+03, 1.194100000000000023e-01
1.090869999999999891e+03, -2.762809999999999988e-01
1.090880000000000109e+03, -4.124369999999999981e-01
1.090900000000000091e+03, 9.091939999999999744e-02
1.090920000000000073e+03, -7.315130000000000243e-02
1.090930000000000064e+03, 1.200139999999999985e+00
1.090950000000000045e+03, 4.576009999999999800e-01
1.090970000000000027e+03, -2.906170000000000142e-01
1.090980000000000018e+03, 2.952819999999999889e-01
1.091000000000000000e+03, 5.965040000000000342e-01
1.091019999999999982e+03, 5.569460000000000521e-01
1.091029999999999973e+03, 1.979569999999999941e-01
1.091049999999999955e+03, 1.656859999999999999e-01
1.091069999999999936e+03, -6.760329999999999950e-01
1.091079999999999927e+03, -8.303289999999999837e-01
1.091099999999999909e+03, -3.484829999999999872e-01
1.091119999999999891e+03, -3.932120000000000060e-01
1.091130000000000109e+03, -1.419819999999999971e-01
1.091150000000000091e+03, -8.797660000000000480e-01
1.091170000000000073e+03, -7.538460000000000161e-01
1.091180000000000064e+03, -4.208379999999999899e-01
1.091200000000000045e+03, 1.369950000000000001e+00
1.091220000000000027e+03, 1.428869999999999862e-01
1.091230000000000018e+03, 1.631380000000000052e-01
1.091250000000000000e+03, 6.013319999999999776e-01
1.091269999999999982e+03, -2.630750000000000033e-01
1.091279999999999973e+03, 1.020189999999999930e+00
1.091299999999999955e+03, 1.124320000000000042e-01
1.091319999999999936e+03, -1.652979999999999894e+00
1.091329999999999927e+03, -1.116069999999999895e+00
1.091349999999999909e+03, -9.019840000000000080e-01
1.091369999999999891e+03, -2.896429999999999838e-01
1.091380000000000109e+03, -7.953550000000000342e-01
1.091400000000000091e+03, -4.627649999999999819e-01
1.091420000000000073e+03, 2.961710000000000176e-01
1.091430000000000064e+03, 1.824620000000000131e-01
1.091450000000000045e+03, 7.951310000000000322e-01
1.091470000000000027e+03, 4.615120000000000333e-02
1.091480000000000018e+03, 1.162819999999999965e-01
1.091500000000000000e+03, 1.032999999999999918e+00
1.091519999999999982e+03, 3.440590000000000037e-01
1.091529999999999973e+03, -1.119690000000000074e+00
1.091549999999999955e+03, -1.236799999999999899e+00
1.091569999999999936e+03, -3.112809999999999744e-01
1.091579999999999927e+03, 7.814849999999999852e-01
1.091599999999999909e+03, -2.156430000000000013e-01
1.091619999999999891e+03, 8.616479999999999695e-01
1.091630000000000109e+03, 1.189079999999999915e+00
1.091650000000000091e+03, 4.841440000000000188e-01
1.091670000000000073e+03, -3.063259999999999872e-01
1.091680000000000064e+03, 4.180099999999999927e-01
1.091700000000000045e+03, -3.737809999999999744e-01
1.091720000000000027e+03, -2.132140000000000146e+00
1.091730000000000018e+03, -6.117240000000000455e-01
1.091750000000000000e+03, 5.978989999999999999e-02
1.091769999999999982e+03, -2.615330000000000155e-01
1.091779999999999973e+03, 3.129889999999999756e-02
1.091799999999999955e+03, -4.713760000000000172e-01
1.091819999999999936e+03, -1.455140000000000100e+00
1.091829999999999927e+03, 5.639720000000000288e-01
1.091849999999999909e+03, 3.787379999999999913e-02
1.091869999999999891e+03, 3.194730000000000070e-01
1.091880000000000109e+03, 3.900690000000000060e-03
1.091900000000000091e+03, -7.185080000000000355e-01
1.091920000000000073e+03, -7.011920000000000652e-02
1.091930000000000064e+03, 1.364889999999999992e-01
1.091950000000000045e+03, 5.825609999999999955e-01
1.091970000000000027e+03, -1.258729999999999905e+00
1.091980000000000018e+03, -4.502900000000000236e-01
1.092000000000000000e+03, 8.311359999999999859e-01
1.092019999999999982e+03, 3.993200000000000083e-01
1.092029999999999973e+03, 2.467830000000000190e+00
1.092049999999999955e+03, -1.286059999999999981e+00
1.092069999999999936e+03, 1.402910000000000051e-03
1.092079999999999927e+03, -5.482000000000000206e-01
1.092099999999999909e+03, -7.930270000000000374e-02
1.092119999999999891e+03, 1.415760000000000074e-01
1.092130000000000109e+03, 3.556509999999999949e-01
1.092150000000000091e+03, 1.428569999999999895e+00
1.092170000000000073e+03, 1.330219999999999958e+00
1.092180000000000064e+03, 2.965800000000000103e-01
1.092200000000000045e+03, 7.949169999999999847e-01
1.092220000000000027e+03, -1.162900000000000045e-01
1.092230000000000018e+03, -2.752959999999999852e-01
1.092250000000000000e+03, 3.216849999999999987e-01
