8.533350000000000364e+02, -1.599990000000000023e-01
8.533509999999999991e+02, 8.392279999999999740e-01
8.533680000000000518e+02, 2.309029999999999916e+00
8.533849999999999909e+02, 7.140309999999999713e-01
8.534009999999999536e+02, 6.754029999999999756e-01
8.534180000000000064e+02, -1.122970000000000024e+00
8.534349999999999454e+02, -1.957200000000000051e-01
8.534510000000000218e+02, -1.681610000000000049e-01
8.534679999999999609e+02, 1.040880000000000027e+00
8.534850000000000136e+02, -7.163380000000000303e-01
8.535009999999999764e+02, -1.972869999999999902e+00
8.535180000000000291e+02, -1.537509999999999932e+00
8.535349999999999682e+02, -6.371590000000000309e-01
8.535510000000000446e+02, -8.192760000000000042e-01
8.535679999999999836e+02, 6.989619999999999722e-01
8.535850000000000364e+02, 6.561609999999999943e-01
8.536009999999999991e+02, -8.142589999999999550e-01
8.536180000000000518e+02, -2.940079999999999916e-01
8.536349999999999909e+02, -5.879149999999999654e-01
8.536509999999999536e+02, -1.359070000000000000e-01
8.536680000000000064e+02, 5.540950000000000042e-01
8.536849999999999454e+02, 1.290599999999999969e+00
8.537010000000000218e+02, -4.189919999999999756e-01
8.537179999999999609e+02, -9.881699999999999928e-01
8.537350000000000136e+02, -9.398210000000000175e-01
8.537509999999999764e+02, 8.103570000000000217e-02
8.537680000000000291e+02, 6.420139999999999736e-01
8.537849999999999682e+02, -3.944799999999999973e-01
8.538010000000000446e+02, 2.101470000000000005e-01
8.538179999999999836e+02, -4.915900000000000269e-01
8.538350000000000364e+02, 3.779330000000000189e-01
8.538509999999999991e+02, -1.025640000000000107e+00
8.538680000000000518e+02, -1.101750000000000007e+00
8.538849999999999909e+02, -5.621249999999999858e-01
8.539009999999999536e+02, 7.137379999999999836e-01
8.539180000000000064e+02, 5.967029999999999834e-01
8.539349999999999454e+02, 2.561240000000000183e+00
8.539510000000000218e+02, 1.174290000000000056e+00
8.539679999999999609e+02, -8.500640000000000418e-01
8.539850000000000136e+02, -9.026650000000000507e-01
8.540009999999999764e+02, -1.365450000000000053e+00
8.540180000000000291e+02, -1.650649999999999951e+00
8.540349999999999682e+02, -2.985070000000000223e-01
8.540510000000000446e+02, -4.245249999999999857e-01
8.540679999999999836e+02, 2.585379999999999900e-01
8.540850000000000364e+02, -3.137619999999999992e-02
8.541009999999999991e+02, 7.482950000000000434e-01
8.541180000000000518e+02, 9.770520000000000316e-01
8.541349999999999909e+02, -2.133010000000000073e+00
8.541509999999999536e+02, 1.251759999999999984e+00
8.541680000000000064e+02, 4.585380000000000011e-01
8.541849999999999454e+02, 5.453980000000000494e-01
8.542010000000000218e+02, -2.396770000000000012e-01
8.542179999999999609e+02, -2.224369999999999958e+00
8.542350000000000136e+02, -9.939170000000000504e-01
8.542509999999999764e+02, -6.314539999999999598e-01
8.542680000000000291e+02, -4.431949999999999779e-02
8.542849999999999682e+02, 8.420579999999999732e-01
8.543010000000000446e+02, 5.462709999999999511e-01
8.543179999999999836e+02, -6.358700000000000463e-01
8.543350000000000364e+02, -1.616270000000000095e+00
8.543509999999999991e+02, -4.086000000000000187e-01
8.543680000000000518e+02, -6.012619999999999632e-01
8.543849999999999909e+02, -4.645739999999999870e-01
8.544009999999999536e+02, -1.932319999999999871e-02
8.544180000000000064e+02, 6.301940000000000319e-01
8.544349999999999454e+02, 6.218669999999999476e-01
8.544510000000000218e+02, 5.474040000000000329e-03
8.544679999999999609e+02, -6.761240000000000305e-02
8.544850000000000136e+02, 8.263940000000000174e-02
8.545009999999999764e+02, 1.003509999999999902e+00
8.545180000000000291e+02, -3.493580000000000019e-01
8.545349999999999682e+02, -8.470579999999999776e-01
8.545510000000000446e+02, -7.857159999999999700e-01
8.545679999999999836e+02, 2.325790000000000149e-02
8.545850000000000364e+02, -4.764939999999999731e-01
8.546009999999999991e+02, 1.863720000000000043e+00
8.546180000000000518e+02, 2.277389999999999970e-01
8.546349999999999909e+02, 6.350449999999999706e-01
8.546509999999999536e+02, 2.304430000000000089e-01
8.546680000000000064e+02, 1.809610000000000107e-01
8.546849999999999454e+02, 9.935500000000000442e-01
8.547010000000000218e+02, 1.260750000000000037e+00
8.547179999999999609e+02, 7.628500000000000558e-02
8.547350000000000136e+02, -9.770780000000000021e-01
8.547509999999999764e+02, -9.573169999999999735e-01
8.547680000000000291e+02, -1.019379999999999953e+00
8.547849999999999682e+02, -4.099300000000000166e-01
8.548010000000000446e+02, -7.911980000000000401e-02
8.548179999999999836e+02, -5.858179999999999499e-01
8.548350000000000364e+02, 3.317019999999999951e-03
8.548509999999999991e+02, 1.969289999999999929e-01
8.548680000000000518e+02, -7.455420000000000380e-01
8.548849999999999909e+02, -8.771170000000000355e-01
8.549009999999999536e+02, 9.765879999999999353e-03
8.549180000000000064e+02, 3.110859999999999737e-01
8.549349999999999454e+02, -3.662490000000000190e-02
8.549510000000000218e+02, 1.058209999999999984e-01
8.549679999999999609e+02, 2.035719999999999977e-03
8.549850000000000136e+02, -4.878660000000000219e-01
8.550009999999999764e+02, -6.281870000000000509e-01
8.550180000000000291e+02, -1.399790000000000090e+00
8.550349999999999682e+02, 6.737640000000000295e-01
8.550510000000000446e+02, 9.563819999999999544e-01
8.550679999999999836e+02, 7.032549999999999635e-01
8.550850000000000364e+02, 2.524790000000000090e-01
8.551009999999999991e+02, -5.702430000000000554e-01
8.551180000000000518e+02, -7.995120000000000005e-01
8.551349999999999909e+02, 1.618620000000000059e-01
8.551509999999999536e+02, -6.220529999999999671e-01
8.551680000000000064e+02, -4.605690000000000062e-01
8.551849999999999454e+02, -3.959409999999999874e-01
8.552010000000000218e+02, 4.619679999999999898e-01
8.552179999999999609e+02, 1.398309999999999942e+00
8.552350000000000136e+02, 1.176260000000000083e+00
8.552509999999999764e+02, 1.475430000000000019e+00
8.552680000000000291e+02, 2.347299999999999942e-01
8.552849999999999682e+02, 5.158789999999999765e-01
8.553010000000000446e+02, 4.026190000000000047e-01
8.553179999999999836e+02, -6.264030000000000431e-01
8.553350000000000364e+02, 1.028639999999999971e-01
8.553509999999999991e+02, -7.084749999999999659e-01
8.553680000000000518e+02, 1.740569999999999895e-01
8.553849999999999909e+02, 6.849720000000000253e-01
8.554009999999999536e+02, 7.279379999999999740e-01
8.554180000000000064e+02, -8.557059999999999667e-01
8.554349999999999454e+02, -7.506119999999999459e-01
8.554510000000000218e+02, -1.338929999999999954e+00
8.554679999999999609e+02, 8.859609999999999708e-02
8.554850000000000136e+02, -6.932359999999999634e-01
8.555009999999999764e+02, 2.640930000000000222e-01
8.555180000000000291e+02, -1.347460000000000102e+00
8.555349999999999682e+02, -1.065129999999999910e+00
8.555510000000000446e+02, -1.756780000000000008e-01
8.555679999999999836e+02, 2.242969999999999964e-01
8.555850000000000364e+02, 2.436529999999999946e-02
8.556009999999999991e+02, -9.013499999999999845e-01
8.556180000000000518e+02, 2.819860000000000144e-01
8.556349999999999909e+02, 2.278769999999999962e-01
8.556509999999999536e+02, 5.092929999999999957e-01
8.556680000000000064e+02, 1.281460000000000043e+00
8.556849999999999454e+02, 4.007530000000000259e-01
8.557010000000000218e+02, -6.448900000000000465e-02
8.557179999999999609e+02, -1.157450000000000090e+00
8.557350000000000136e+02, -1.038140000000000063e+00
8.557509999999999764e+02, 3.282399999999999762e-01
8.557680000000000291e+02, 8.659280000000000310e-01
8.557849999999999682e+02, -4.275900000000000256e-01
8.558010000000000446e+02, -1.111180000000000057e+00
8.558179999999999836e+02, -1.668060000000000098e+00
8.558350000000000364e+02, -9.421329999999999982e-01
8.558509999999999991e+02, -5.645189999999999930e-02
8.558680000000000518e+02, 1.221019999999999994e+00
8.558849999999999909e+02, 4.880829999999999891e-01
8.559009999999999536e+02, 1.868300000000000072e+00
8.559180000000000064e+02, -5.379150000000000320e-01
8.559349999999999454e+02, 2.400849999999999929e-01
8.559510000000000218e+02, 8.311359999999999859e-01
8.559679999999999609e+02, 5.823920000000000208e-01
8.559850000000000136e+02, -2.407380000000000075e-01
8.560009999999999764e+02, -7.215970000000000439e-01
8.560180000000000291e+02, -1.676479999999999970e+00
8.560349999999999682e+02, -4.824950000000000072e-01
8.560510000000000446e+02, -6.453449999999999465e-01
8.560679999999999836e+02, -4.317469999999999919e-01
8.560850000000000364e+02, 4.225340000000000346e-02
8.561009999999999991e+02, 7.170310000000000052e-03
8.561180000000000518e+02, 1.001639999999999996e-02
8.561349999999999909e+02, 2.064229999999999954e-01
8.561509999999999536e+02, -7.400069999999999704e-01
8.561680000000000064e+02, 6.325650000000000439e-01
8.561849999999999454e+02, 6.938539999999999708e-01
8.562010000000000218e+02, 5.084319999999999951e-01
8.562179999999999609e+02, -2.824650000000000216e-01
8.562350000000000136e+02, -1.881720000000000059e+00
8.562509999999999764e+02, 7.654250000000000220e-01
8.562680000000000291e+02, 1.430190000000000072e+00
8.562849999999999682e+02, 1.927910000000000013e+00
8.563010000000000446e+02, -6.280179999999999652e-01
8.563179999999999836e+02, -1.218970000000000109e+00
8.563350000000000364e+02, -8.945269999999999611e-01
8.563509999999999991e+02, -7.333290000000000086e-01
8.563680000000000518e+02, 3.050240000000000173e-01
8.563849999999999909e+02, 5.576280000000000125e-01
8.564009999999999536e+02, 6.393919999999999604e-01
8.564180000000000064e+02, -1.496429999999999927e+00
8.564349999999999454e+02, 1.555779999999999941e-01
8.564510000000000218e+02, -4.279470000000000218e-01
8.564679999999999609e+02, -1.241980000000000028e-01
8.564850000000000136e+02, -3.288070000000000159e-01
8.565009999999999764e+02, 1.609909999999999952e+00
8.565180000000000291e+02, 5.496519999999999878e-02
8.565349999999999682e+02, 2.568210000000000215e-01
8.565510000000000446e+02, 1.923650000000000013e-02
8.565679999999999836e+02, -8.916780000000000539e-02
8.565850000000000364e+02, 8.477970000000000228e-01
8.566009999999999991e+02, 6.243339999999999446e-01
8.566180000000000518e+02, -5.116950000000000109e-01
8.566349999999999909e+02, -1.530390000000000084e-01
8.566509999999999536e+02, 9.315419999999999812e-01
8.566680000000000064e+02, -8.632109999999999783e-02
8.566849999999999454e+02, 5.390949999999999909e-01
8.567010000000000218e+02, -1.024610000000000021e+00
8.567179999999999609e+02, -5.142909999999999843e-02
8.567350000000000136e+02, -8.113200000000000411e-01
8.567509999999999764e+02, -7.617410000000000014e-01
8.567680000000000291e+02, 8.574049999999999727e-02
8.567849999999999682e+02, 3.849569999999999936e-01
8.568010000000000446e+02, -1.073260000000000047e-01
8.568179999999999836e+02, -6.564879999999999605e-01
8.568350000000000364e+02, 4.167540000000000133e-01
8.568509999999999991e+02, -4.331789999999999807e-01
8.568680000000000518e+02, -2.641419999999999879e-01
8.568849999999999909e+02, 1.221760000000000068e-01
8.569009999999999536e+02, -6.328449999999999909e-01
8.569180000000000064e+02, -1.109809999999999963e-01
8.569349999999999454e+02, -2.188410000000000077e-01
8.569510000000000218e+02, -1.234669999999999934e+00
8.569679999999999609e+02, 7.390419999999999767e-01
8.569850000000000136e+02, 1.124969999999999998e-01
8.570009999999999764e+02, 9.628079999999999972e-01
8.570180000000000291e+02, 1.099480000000000013e+00
8.570349999999999682e+02, -3.496619999999999728e-01
8.570510000000000446e+02, -2.538449999999999873e-01
8.570679999999999836e+02, -1.107660000000000089e+00
8.570850000000000364e+02, 4.552840000000000220e-01
8.571009999999999991e+02, -6.178270000000000151e-01
8.571180000000000518e+02, 2.816359999999999975e-01
8.571349999999999909e+02, -6.350700000000000234e-01
8.571509999999999536e+02, 6.717769999999999575e-01
8.571680000000000064e+02, 1.116840000000000055e+00
8.571849999999999454e+02, 3.151909999999999989e-01
8.572010000000000218e+02, 5.372160000000000268e-01
8.572179999999999609e+02, -3.820850000000000080e-01
8.572350000000000136e+02, -4.872479999999999867e-02
8.572509999999999764e+02, -5.167479999999999851e-01
8.572680000000000291e+02, 6.784189999999999943e-01
8.572849999999999682e+02, -2.517460000000000253e-01
8.573010000000000446e+02, 8.124040000000000150e-01
8.573179999999999836e+02, 8.851480000000000459e-01
8.573350000000000364e+02, 1.785730000000000040e+00
8.573509999999999991e+02, 2.918569999999999776e-01
8.573680000000000518e+02, 6.278340000000000309e-02
8.573849999999999909e+02, 4.283859999999999890e-01
8.574009999999999536e+02, 5.898889999999999967e-01
8.574180000000000064e+02, 4.214570000000000261e-01
8.574349999999999454e+02, 7.812959999999999905e-01
8.574510000000000218e+02, -1.128810000000000091e+00
8.574679999999999609e+02, -3.299110000000000098e-01
8.574850000000000136e+02, 6.550010000000000554e-01
8.575009999999999764e+02, 7.438369999999999704e-02
8.575180000000000291e+02, -2.579110000000000014e-01
8.575349999999999682e+02, -7.121459999999999457e-01
8.575510000000000446e+02, -1.788939999999999975e-01
8.575679999999999836e+02, -4.905120000000000036e-01
8.575850000000000364e+02, -7.117620000000000058e-01
8.576009999999999991e+02, -1.152519999999999933e-01
8.576180000000000518e+02, 5.469270000000000520e-01
8.576349999999999909e+02, -1.176380000000000065e-01
8.576509999999999536e+02, -6.052819999999999867e-01
8.576680000000000064e+02, -5.587410000000000432e-01
8.576849999999999454e+02, -2.138400000000000023e-01
8.577010000000000218e+02, 3.269159999999999844e-01
8.577179999999999609e+02, -1.211379999999999901e+00
8.577350000000000136e+02, -1.214250000000000052e+00
8.577509999999999764e+02, -6.557720000000000216e-01
8.577680000000000291e+02, 9.637620000000000076e-01
8.577849999999999682e+02, 7.852360000000000451e-01
8.578010000000000446e+02, -1.455400000000000027e+00
8.578179999999999836e+02, -7.707909999999999762e-02
8.578350000000000364e+02, -6.071970000000000145e-02
8.578509999999999991e+02, 5.427629999999999955e-01
8.578680000000000518e+02, 1.084649999999999892e+00
8.578849999999999909e+02, 1.223240000000000105e+00
8.579009999999999536e+02, 3.613910000000000178e-01
8.579180000000000064e+02, -5.087570000000000148e-01
8.579349999999999454e+02, -7.844560000000000421e-01
8.579510000000000218e+02, -1.446660000000000057e+00
8.579679999999999609e+02, -1.494310000000000027e+00
8.579850000000000136e+02, -6.053309999999999524e-01
8.580009999999999764e+02, -9.629969999999999919e-01
8.580180000000000291e+02, 3.511999999999999844e-02
8.580349999999999682e+02, -3.089879999999999849e-01
8.580510000000000446e+02, -5.371810000000000196e-01
8.580679999999999836e+02, -3.076740000000000030e-01
8.580850000000000364e+02, 9.296559999999999546e-02
8.581009999999999991e+02, 1.569480000000000042e-01
8.581180000000000518e+02, -5.100259999999999794e-01
8.581349999999999909e+02, 1.371639999999999970e+00
8.581509999999999536e+02, 1.354619999999999935e+00
8.581680000000000064e+02, -5.407649999999999957e-02
8.581849999999999454e+02, -1.638970000000000010e-02
8.582010000000000218e+02, 6.002629999999999910e-01
8.582179999999999609e+02, -3.011119999999999908e-01
8.582350000000000136e+02, -3.290160000000000307e-02
8.582509999999999764e+02, 1.174790000000000001e+00
8.582680000000000291e+02, -4.623289999999999900e-01
8.582849999999999682e+02, -1.093220000000000081e+00
8.583010000000000446e+02, 2.299319999999999975e-01
8.583179999999999836e+02, -1.394949999999999912e+00
8.583350000000000364e+02, -3.829230000000000134e-01
8.583509999999999991e+02, -4.337590000000000195e-02
8.583680000000000518e+02, 1.135310000000000041e+00
8.583849999999999909e+02, -3.519820000000000171e-01
8.584009999999999536e+02, -3.317970000000000086e-01
8.584180000000000064e+02, 5.726170000000000426e-01
8.584349999999999454e+02, 4.017519999999999980e-01
8.584510000000000218e+02, -3.445550000000000002e-01
8.584679999999999609e+02, 1.025989999999999958e+00
8.584850000000000136e+02, -1.730379999999999974e-01
8.585009999999999764e+02, 2.883470000000000200e-01
8.585180000000000291e+02, -6.264729999999999466e-01
8.585349999999999682e+02, 2.460650000000000059e-01
8.585510000000000446e+02, 2.631870000000000043e-01
8.585679999999999836e+02, 1.632640000000000091e+00
8.585850000000000364e+02, -4.825039999999999885e-01
8.586009999999999991e+02, 5.460810000000000386e-01
8.586180000000000518e+02, 4.458730000000000193e-01
8.586349999999999909e+02, 5.169329999999999758e-01
8.586509999999999536e+02, 6.879229999999999512e-01
8.586680000000000064e+02, -3.757690000000000197e-01
8.586849999999999454e+02, 5.672859999999999708e-02
8.587010000000000218e+02, 2.372950000000000059e-01
8.587179999999999609e+02, -5.223459999999999770e-01
8.587350000000000136e+02, -1.129410000000000025e+00
8.587509999999999764e+02, 3.320980000000000043e-01
8.587680000000000291e+02, 6.779969999999999608e-01
8.587849999999999682e+02, -6.433079999999999909e-01
8.588010000000000446e+02, -2.406099999999999905e+00
8.588179999999999836e+02, -1.452010000000000023e+00
8.588350000000000364e+02, 4.399219999999999797e-01
8.588509999999999991e+02, 3.749689999999999968e-01
8.588680000000000518e+02, -1.223179999999999962e-01
8.588849999999999909e+02, 5.864730000000000221e-01
8.589009999999999536e+02, 6.681399999999999562e-01
8.589180000000000064e+02, 1.842449999999999921e+00
8.589349999999999454e+02, 1.084050000000000014e-01
8.589510000000000218e+02, 1.580900000000000083e-01
8.589679999999999609e+02, -7.335620000000000474e-01
8.589850000000000136e+02, -9.489640000000000297e-01
8.590009999999999764e+02, 1.590380000000000127e-01
8.590180000000000291e+02, 1.131170000000000009e+00
8.590349999999999682e+02, 5.771439999999999904e-01
8.590510000000000446e+02, -3.233960000000000168e-01
8.590679999999999836e+02, 2.280710000000000015e+00
8.590850000000000364e+02, -4.318830000000000169e-01
8.591009999999999991e+02, -4.061690000000000023e-01
8.591180000000000518e+02, 4.929760000000000253e-01
8.591349999999999909e+02, 2.457319999999999990e-02
8.591509999999999536e+02, -5.106129999999999836e-01
8.591680000000000064e+02, 4.289240000000000275e-01
8.591849999999999454e+02, -1.090759999999999952e+00
8.592010000000000218e+02, -7.806089999999999973e-01
8.592179999999999609e+02, -8.867719999999999769e-02
8.592350000000000136e+02, -8.247060000000000501e-01
8.592509999999999764e+02, -2.565720000000000223e-01
8.592680000000000291e+02, -4.131639999999999757e-01
8.592849999999999682e+02, 5.397210000000000202e-02
8.593010000000000446e+02, 2.979890000000000039e-01
8.593179999999999836e+02, 1.492250000000000076e+00
8.593350000000000364e+02, 3.833799999999999986e-01
8.593509999999999991e+02, -3.684350000000000125e-01
8.593680000000000518e+02, 7.165899999999999492e-01
8.593849999999999909e+02, -6.728319999999999856e-01
8.594009999999999536e+02, -3.103819999999999912e-01
8.594180000000000064e+02, -2.001410000000000133e-01
8.594349999999999454e+02, 5.465620000000000200e-02
8.594510000000000218e+02, 4.588650000000000229e-01
8.594679999999999609e+02, -9.432329999999999881e-01
8.594850000000000136e+02, -7.731710000000000527e-01
8.595009999999999764e+02, -1.328359999999999985e+00
8.595180000000000291e+02, -2.261060000000000014e-01
8.595349999999999682e+02, -5.209449999999999914e-01
8.595510000000000446e+02, -5.918879999999999975e-02
8.595679999999999836e+02, -7.973409999999999664e-01
8.595850000000000364e+02, 9.849109999999999809e-01
8.596009999999999991e+02, 1.175869999999999971e+00
8.596180000000000518e+02, 9.176480000000000192e-01
8.596349999999999909e+02, 1.059730000000000061e+00
8.596509999999999536e+02, 8.800780000000000269e-01
8.596680000000000064e+02, -5.936719999999999775e-01
8.596849999999999454e+02, -2.749460000000000237e-01
8.597010000000000218e+02, 4.981459999999999777e-01
8.597179999999999609e+02, 1.687470000000000081e-01
8.597350000000000136e+02, 1.154220000000000024e+00
8.597509999999999764e+02, 1.574359999999999982e+00
8.597680000000000291e+02, -3.853889999999999816e-01
8.597849999999999682e+02, -1.819079999999999864e-01
8.598010000000000446e+02, -7.426439999999999708e-01
8.598179999999999836e+02, -8.541769999999999641e-01
8.598350000000000364e+02, 2.583210000000000228e-01
8.598509999999999991e+02, -9.360509999999999664e-02
8.598680000000000518e+02, 1.110119999999999996e+00
8.598849999999999909e+02, 1.334019999999999984e+00
8.599009999999999536e+02, 5.094610000000000527e-01
8.599180000000000064e+02, 9.862480000000000135e-01
8.599349999999999454e+02, 8.288489999999999469e-01
8.599510000000000218e+02, -4.288890000000000063e-02
8.599679999999999609e+02, -1.673130000000000006e+00
8.599850000000000136e+02, -3.575289999999999857e-01
8.600009999999999764e+02, -5.095080000000000095e-03
8.600180000000000291e+02, 4.735679999999999890e-01
8.600349999999999682e+02, 7.021099999999999564e-02
8.600510000000000446e+02, -2.398579999999999879e-01
8.600679999999999836e+02, 1.157840000000000084e-02
8.600850000000000364e+02, -5.043400000000000105e-01
8.601009999999999991e+02, 3.578660000000000174e-01
8.601180000000000518e+02, 2.607920000000000238e-01
8.601349999999999909e+02, -3.761160000000000059e-01
8.601509999999999536e+02, -2.063159999999999994e-01
8.601680000000000064e+02, -5.586109999999999687e-01
8.601849999999999454e+02, -1.311979999999999924e+00
8.602010000000000218e+02, -1.285150000000000015e+00
8.602179999999999609e+02, -2.290709999999999968e-01
8.602350000000000136e+02, 1.400059999999999916e-01
8.602509999999999764e+02, 1.681230000000000002e+00
8.602680000000000291e+02, 7.140290000000000248e-01
8.602849999999999682e+02, 8.063660000000000272e-02
8.603010000000000446e+02, 7.482870000000000354e-01
8.603179999999999836e+02, 6.148740000000000316e-01
8.603350000000000364e+02, -8.508809999999999985e-01
8.603509999999999991e+02, -2.057789999999999786e+00
8.603680000000000518e+02, -7.060490000000000377e-01
8.603849999999999909e+02, -1.134609999999999896e+00
8.604009999999999536e+02, 2.641600000000000059e-01
8.604180000000000064e+02, 4.637609999999999788e-01
8.604349999999999454e+02, -1.009919999999999929e+00
8.604510000000000218e+02, 6.263339999999999463e-01
8.604679999999999609e+02, 1.870949999999999891e+00
8.604850000000000136e+02, -4.913589999999999902e-01
8.605009999999999764e+02, 5.545150000000000079e-02
8.605180000000000291e+02, -1.443370000000000042e+00
8.605349999999999682e+02, 6.078949999999999632e-01
8.605510000000000446e+02, 5.119979999999999531e-01
8.605679999999999836e+02, 1.380129999999999968e-01
8.605850000000000364e+02, -3.765830000000000011e-01
8.606009999999999991e+02, 4.788419999999999899e-01
8.606180000000000518e+02, 1.346780000000000088e+00
8.606349999999999909e+02, 4.198549999999999782e-01
8.606509999999999536e+02, 5.825219999999999704e-02
8.606680000000000064e+02, -8.427719999999999656e-01
8.606849999999999454e+02, -1.605920000000000014e+00
8.607010000000000218e+02, -1.014429999999999943e+00
8.607179999999999609e+02, -6.363529999999999465e-01
8.607350000000000136e+02, 1.105900000000000105e+00
8.607509999999999764e+02, 1.897010000000000085e+00
8.607680000000000291e+02, 2.193989999999999885e+00
8.607849999999999682e+02, -1.342869999999999897e-01
8.608010000000000446e+02, 3.701679999999999970e-01
8.608179999999999836e+02, 5.716120000000000229e-02
8.608350000000000364e+02, -5.346090000000000009e-01
8.608509999999999991e+02, -4.217270000000000185e-01
8.608680000000000518e+02, -2.345550000000000135e-01
8.608849999999999909e+02, -9.733239999999999947e-02
8.609009999999999536e+02, 1.025539999999999896e+00
8.609180000000000064e+02, 4.695850000000000024e-02
8.609349999999999454e+02, -6.240580000000000016e-01
8.609510000000000218e+02, 2.763010000000000119e-02
8.609679999999999609e+02, -1.678069999999999951e+00
8.609850000000000136e+02, -3.590309999999999890e-01
8.610009999999999764e+02, 9.177410000000000290e-01
8.610180000000000291e+02, 5.111200000000000188e-01
8.610349999999999682e+02, 4.045300000000000007e-01
8.610510000000000446e+02, -3.569669999999999788e-01
8.610679999999999836e+02, -8.269119999999999804e-01
8.610850000000000364e+02, -4.555520000000000125e-01
8.611009999999999991e+02, -3.696840000000000126e-01
8.611180000000000518e+02, 8.911780000000000257e-01
8.611349999999999909e+02, -1.350100000000000078e+00
8.611509999999999536e+02, 3.376410000000000244e-01
8.611680000000000064e+02, -3.206439999999999846e-01
8.611849999999999454e+02, -1.720399999999999985e-01
8.612010000000000218e+02, 1.147080000000000100e+00
8.612179999999999609e+02, -1.539310000000000123e-01
8.612350000000000136e+02, -6.434929999999999817e-01
8.612509999999999764e+02, 2.477479999999999960e-01
8.612680000000000291e+02, -2.328969999999999929e-01
8.612849999999999682e+02, 4.168370000000000131e-01
8.613010000000000446e+02, -5.650669999999999998e-02
8.613179999999999836e+02, -9.864079999999999515e-01
8.613350000000000364e+02, 3.726160000000000028e-01
8.613509999999999991e+02, 1.406519999999999992e-01
8.613680000000000518e+02, -3.848139999999999894e-01
8.613849999999999909e+02, -3.026249999999999774e-01
8.614009999999999536e+02, 3.885979999999999990e-02
8.614180000000000064e+02, -1.073239999999999972e+00
8.614349999999999454e+02, 7.147719999999999629e-01
8.614510000000000218e+02, -7.989469999999999628e-01
8.614679999999999609e+02, -6.807290000000000285e-01
8.614850000000000136e+02, -5.629790000000000072e-01
8.615009999999999764e+02, 1.806240000000000068e-01
8.615180000000000291e+02, -9.804910000000000014e-01
8.615349999999999682e+02, -7.136770000000000058e-01
8.615510000000000446e+02, -9.463860000000000328e-02
8.615679999999999836e+02, 4.316909999999999914e-01
8.615850000000000364e+02, 2.576189999999999869e-01
8.616009999999999991e+02, -1.775559999999999916e-01
8.616180000000000518e+02, 9.392369999999999886e-01
8.616349999999999909e+02, 7.040639999999999399e-02
8.616509999999999536e+02, -1.194469999999999921e+00
8.616680000000000064e+02, -8.181019999999999959e-01
8.616849999999999454e+02, -9.322379999999999556e-02
8.617010000000000218e+02, -8.647299999999999431e-02
8.617179999999999609e+02, -3.769039999999999890e-02
8.617350000000000136e+02, -2.425420000000000076e-01
8.617509999999999764e+02, 8.263019999999999810e-01
8.617680000000000291e+02, 1.386409999999999865e-01
8.617849999999999682e+02, -4.727379999999999916e-01
8.618010000000000446e+02, -7.767979999999999885e-01
8.618179999999999836e+02, -1.188950000000000076e-02
8.618350000000000364e+02, 1.648489999999999955e-01
8.618509999999999991e+02, -2.579190000000000094e-01
8.618680000000000518e+02, -9.773199999999999943e-02
8.618849999999999909e+02, -3.420230000000000214e-01
8.619009999999999536e+02, 1.162609999999999921e+00
8.619180000000000064e+02, -1.118149999999999977e+00
8.619349999999999454e+02, 2.539170000000000038e-01
8.619510000000000218e+02, 7.751059999999999617e-01
8.619679999999999609e+02, -4.008280000000000176e-02
8.619850000000000136e+02, 7.277119999999999422e-02
8.620009999999999764e+02, -6.815930000000000044e-01
8.620180000000000291e+02, -1.247230000000000061e+00
8.620349999999999682e+02, -7.454399999999999915e-01
8.620510000000000446e+02, 3.130560000000000009e-01
8.620679999999999836e+02, 9.546109999999999873e-01
8.620850000000000364e+02, 1.006819999999999937e-01
8.621009999999999991e+02, -5.982749999999999874e-02
8.621180000000000518e+02, -9.067110000000000447e-01
8.621349999999999909e+02, -2.260429999999999939e-01
8.621509999999999536e+02, -1.474389999999999867e-01
8.621680000000000064e+02, 2.646789999999999976e-01
8.621849999999999454e+02, 2.432030000000000025e-01
8.622010000000000218e+02, 6.817760000000000487e-01
8.622179999999999609e+02, 8.383599999999999941e-01
8.622350000000000136e+02, -5.795519999999999561e-01
8.622509999999999764e+02, -1.340830000000000077e-01
8.622680000000000291e+02, -6.509059999999999846e-01
8.622849999999999682e+02, 2.053439999999999988e-01
8.623010000000000446e+02, 2.610390000000000210e-01
8.623179999999999836e+02, 2.305500000000000049e-01
8.623350000000000364e+02, -1.387559999999999905e-01
8.623509999999999991e+02, 1.656459999999999877e-01
8.623680000000000518e+02, -7.011859999999999760e-01
8.623849999999999909e+02, -1.079389999999999933e-01
8.624009999999999536e+02, -1.128209999999999935e+00
8.624180000000000064e+02, 5.382299999999999862e-01
8.624349999999999454e+02, 1.773959999999999981e+00
8.624510000000000218e+02, 2.305200000000000138e+00
8.624679999999999609e+02, 9.856179999999999941e-01
8.624850000000000136e+02, 4.329770000000000008e-01
8.625009999999999764e+02, 1.256510000000000016e+00
8.625180000000000291e+02, 6.619019999999999904e-01
8.625349999999999682e+02, 1.194650000000000017e-01
8.625510000000000446e+02, 1.090489999999999959e+00
8.625679999999999836e+02, 6.327559999999999851e-01
8.625850000000000364e+02, -1.872600000000000098e-01
8.626009999999999991e+02, -3.072340000000000071e-01
8.626180000000000518e+02, 9.819909999999999750e-02
8.626349999999999909e+02, -3.112690000000000179e-01
8.626509999999999536e+02, 1.027619999999999978e+00
8.626680000000000064e+02, -8.167370000000000185e-02
8.626849999999999454e+02, -1.123359999999999914e+00
8.627010000000000218e+02, -6.119269999999999987e-01
8.627179999999999609e+02, 3.428419999999999801e-01
8.627350000000000136e+02, 1.442830000000000057e+00
8.627509999999999764e+02, 8.139549999999999841e-01
8.627680000000000291e+02, -3.113759999999999861e-01
8.627849999999999682e+02, -3.520730000000000248e-01
8.628010000000000446e+02, -6.172509999999999941e-01
8.628179999999999836e+02, 5.997160000000000268e-01
8.628350000000000364e+02, -1.958350000000000035e+00
8.628509999999999991e+02, -3.380580000000000251e-01
8.628680000000000518e+02, -1.789050000000000029e+00
8.628849999999999909e+02, -7.080229999999999579e-01
8.629009999999999536e+02, 1.112770000000000009e-01
8.629180000000000064e+02, -1.332330000000000014e+00
8.629349999999999454e+02, -2.385510000000000130e-01
8.629510000000000218e+02, -1.310070000000000123e-01
8.629679999999999609e+02, 6.008419999999999872e-01
8.629850000000000136e+02, 1.403310000000000057e+00
8.630009999999999764e+02, -3.433539999999999925e-01
8.630180000000000291e+02, -6.189900000000000402e-01
8.630349999999999682e+02, 8.833389999999999853e-01
8.630510000000000446e+02, -9.578689999999999705e-01
8.630679999999999836e+02, 3.317579999999999973e-01
8.630850000000000364e+02, -1.554659999999999931e+00
8.631009999999999991e+02, -2.900300000000000100e-02
8.631180000000000518e+02, -5.887639999999999540e-01
8.631349999999999909e+02, 6.302630000000000177e-01
8.631509999999999536e+02, 3.777110000000000190e-01
8.631680000000000064e+02, -6.507479999999999931e-01
8.631849999999999454e+02, -6.677889999999999660e-01
8.632010000000000218e+02, -1.763830000000000009e+00
8.632179999999999609e+02, -1.038880000000000026e+00
8.632350000000000136e+02, -1.186220000000000052e+00
8.632509999999999764e+02, -1.435329999999999995e+00
8.632680000000000291e+02, 3.497319999999999873e-01
8.632849999999999682e+02, 4.809010000000000229e-01
8.633010000000000446e+02, 1.309369999999999923e+00
8.633179999999999836e+02, 5.205689999999999484e-01
8.633350000000000364e+02, 2.015180000000000027e-01
8.633509999999999991e+02, -1.139140000000000041e+00
8.633680000000000518e+02, -6.622200000000000308e-01
8.633849999999999909e+02, -8.174720000000000597e-02
8.634009999999999536e+02, 6.945369999999999600e-01
8.634180000000000064e+02, 1.483710000000000084e+00
8.634349999999999454e+02, 1.438679999999999959e-01
8.634510000000000218e+02, 3.447299999999999809e-01
8.634679999999999609e+02, -5.491479999999999695e-01
8.634850000000000136e+02, -9.063129999999999797e-02
8.635009999999999764e+02, -1.387910000000000012e-02
8.635180000000000291e+02, -8.300480000000000080e-01
8.635349999999999682e+02, -4.336679999999999979e-01
8.635510000000000446e+02, 6.208150000000000057e-01
8.635679999999999836e+02, 6.343189999999999662e-01
8.635850000000000364e+02, -3.097559999999999758e-01
8.636009999999999991e+02, -1.440210000000000101e-01
8.636180000000000518e+02, -2.251640000000000030e-01
8.636349999999999909e+02, -9.050629999999999509e-01
8.636509999999999536e+02, -1.913249999999999951e-01
8.636680000000000064e+02, -8.933810000000000362e-02
8.636849999999999454e+02, -6.129499999999999948e-01
8.637010000000000218e+02, -9.269570000000000309e-01
8.637179999999999609e+02, -3.087019999999999764e-01
8.637350000000000136e+02, 1.414570000000000105e+00
8.637509999999999764e+02, 8.005290000000000461e-01
8.637680000000000291e+02, -3.897070000000000256e-01
8.637849999999999682e+02, -1.252660000000000107e+00
8.638010000000000446e+02, -1.268189999999999928e+00
8.638179999999999836e+02, 1.143979999999999997e+00
8.638350000000000364e+02, -2.369060000000000055e-01
8.638509999999999991e+02, 2.662390000000000034e-01
8.638680000000000518e+02, -8.187750000000000306e-01
8.638849999999999909e+02, -6.453759999999999497e-01
8.639009999999999536e+02, -1.127399999999999958e+00
8.639180000000000064e+02, 7.940220000000000056e-01
8.639349999999999454e+02, 4.408980000000000121e-01
8.639510000000000218e+02, 8.653650000000000508e-01
8.639679999999999609e+02, 1.358819999999999917e+00
8.639850000000000136e+02, 1.609930000000000083e+00
8.640009999999999764e+02, -3.681949999999999945e-01
8.640180000000000291e+02, 2.342170000000000085e-01
8.640349999999999682e+02, -1.312610000000000054e+00
8.640510000000000446e+02, 6.310449999999999393e-02
8.640679999999999836e+02, 1.717000000000000082e+00
8.640850000000000364e+02, 7.551790000000000447e-01
8.641009999999999991e+02, -1.321829999999999949e-01
8.641180000000000518e+02, 2.244730000000000059e-01
8.641349999999999909e+02, -1.803379999999999983e+00
8.641509999999999536e+02, -1.472939999999999916e+00
8.641680000000000064e+02, -2.211490000000000122e-01
8.641849999999999454e+02, -9.828470000000000262e-02
8.642010000000000218e+02, 2.172000000000000153e+00
8.642179999999999609e+02, 1.339259999999999895e-01
8.642350000000000136e+02, 1.111779999999999990e+00
8.642509999999999764e+02, 9.014750000000000263e-01
8.642680000000000291e+02, -5.342419999999999947e-01
8.642849999999999682e+02, -1.335919999999999996e+00
8.643010000000000446e+02, -1.825140000000000096e-01
8.643179999999999836e+02, -2.732190000000000119e+00
8.643350000000000364e+02, -2.482130000000000170e+00
8.643509999999999991e+02, -3.179350000000000231e-01
8.643680000000000518e+02, 2.491819999999999868e-01
8.643849999999999909e+02, 9.125290000000000346e-01
8.644009999999999536e+02, 1.374230000000000063e+00
8.644180000000000064e+02, 1.739570000000000005e-01
8.644349999999999454e+02, -1.321490000000000054e+00
8.644510000000000218e+02, 1.446260000000000046e-01
8.644679999999999609e+02, 6.758319999999999883e-01
8.644850000000000136e+02, 9.569330000000000336e-01
8.645009999999999764e+02, 2.343290000000000095e+00
8.645180000000000291e+02, 1.495389999999999997e+00
8.645349999999999682e+02, -5.747510000000000119e-01
8.645510000000000446e+02, -2.794389999999999930e-01
8.645679999999999836e+02, -4.118249999999999966e-01
8.645850000000000364e+02, -1.330500000000000016e+00
8.646009999999999991e+02, 3.499669999999999725e-01
8.646180000000000518e+02, -3.089109999999999912e-01
8.646349999999999909e+02, -9.942209999999999936e-02
8.646509999999999536e+02, -4.839419999999999833e-02
8.646680000000000064e+02, 2.085869999999999946e-01
8.646849999999999454e+02, 1.238559999999999939e-01
8.647010000000000218e+02, 5.273359999999999853e-02
8.647179999999999609e+02, 3.297990000000000088e-01
8.647350000000000136e+02, 1.476520000000000055e+00
8.647509999999999764e+02, 4.422980000000000245e-01
8.647680000000000291e+02, -4.592019999999999991e-01
8.647849999999999682e+02, -9.883680000000000243e-01
8.648010000000000446e+02, -1.642430000000000057e+00
8.648179999999999836e+02, -8.226259999999999684e-01
8.648350000000000364e+02, -7.532299999999999551e-01
8.648509999999999991e+02, 6.378160000000000496e-01
8.648680000000000518e+02, 3.849190000000000111e-01
8.648849999999999909e+02, 8.733180000000000109e-02
8.649009999999999536e+02, 3.185899999999999843e-01
8.649180000000000064e+02, 8.263149999999999662e-02
8.649349999999999454e+02, -5.994660000000000544e-01
8.649510000000000218e+02, 3.177639999999999909e-01
8.649679999999999609e+02, 4.450180000000000247e-01
8.649850000000000136e+02, 6.595189999999999664e-01
8.650009999999999764e+02, 2.105900000000000105e+00
8.650180000000000291e+02, 7.676170000000000215e-02
8.650349999999999682e+02, 3.115200000000000191e-01
8.650510000000000446e+02, -2.154450000000000198e+00
8.650679999999999836e+02, -4.959410000000000207e-01
8.650850000000000364e+02, 3.673839999999999884e-01
8.651009999999999991e+02, 6.890530000000000266e-02
8.651180000000000518e+02, 2.733030000000000181e-01
8.651349999999999909e+02, -1.137170000000000014e+00
8.651509999999999536e+02, -1.577119999999999911e-01
8.651680000000000064e+02, -5.532629999999999493e-01
8.651849999999999454e+02, -8.549560000000000493e-01
8.652010000000000218e+02, -3.237450000000000050e-01
8.652179999999999609e+02, 5.463299999999999823e-01
8.652350000000000136e+02, 1.350549999999999917e+00
8.652509999999999764e+02, 6.976130000000000386e-01
8.652680000000000291e+02, 8.195829999999999504e-01
8.652849999999999682e+02, 5.104100000000000303e-01
8.653010000000000446e+02, 3.157380000000000186e-01
8.653179999999999836e+02, 9.377330000000000387e-01
8.653350000000000364e+02, 9.204409999999999537e-01
8.653509999999999991e+02, 9.661649999999999405e-02
8.653680000000000518e+02, -6.021079999999999766e-01
8.653849999999999909e+02, -1.008229999999999960e+00
8.654009999999999536e+02, 2.820900000000000074e-01
8.654180000000000064e+02, 8.343080000000000496e-01
8.654349999999999454e+02, 9.940649999999999764e-01
8.654510000000000218e+02, -2.915090000000000181e-01
8.654679999999999609e+02, -8.849709999999999521e-01
8.654850000000000136e+02, -6.958520000000000261e-01
8.655009999999999764e+02, 5.697750000000000314e-01
8.655180000000000291e+02, 1.086019999999999985e+00
8.655349999999999682e+02, 9.246600000000000652e-02
8.655510000000000446e+02, -7.648399999999999643e-01
8.655679999999999836e+02, 1.153929999999999956e-01
8.655850000000000364e+02, -4.382780000000000009e-01
8.656009999999999991e+02, 1.168700000000000017e-01
8.656180000000000518e+02, -9.172109999999999985e-01
8.656349999999999909e+02, 2.727699999999999916e-02
8.656509999999999536e+02, -1.554679999999999951e-01
8.656680000000000064e+02, -4.124099999999999988e-01
8.656849999999999454e+02, 8.431030000000000468e-01
8.657010000000000218e+02, -1.447950000000000070e-01
8.657179999999999609e+02, 1.385629999999999917e+00
8.657350000000000136e+02, 3.635590000000000210e-01
8.657509999999999764e+02, -9.291779999999999484e-01
8.657680000000000291e+02, -8.138779999999999903e-01
8.657849999999999682e+02, -5.023720000000000407e-01
8.658010000000000446e+02, -6.913899999999999491e-01
8.658179999999999836e+02, -1.009999999999999960e-02
8.658350000000000364e+02, -1.939680000000000071e+00
8.658509999999999991e+02, -1.644150000000000056e-01
8.658680000000000518e+02, 1.580999999999999961e+00
8.658849999999999909e+02, 1.028520000000000101e+00
8.659009999999999536e+02, 1.589749999999999996e+00
8.659180000000000064e+02, 4.336929999999999952e-01
8.659349999999999454e+02, -5.095079999999999609e-01
8.659510000000000218e+02, -2.100879999999999970e-01
8.659679999999999609e+02, -5.433609999999999829e-01
8.659850000000000136e+02, -7.398050000000000459e-01
8.660009999999999764e+02, 7.209489999999999510e-01
8.660180000000000291e+02, -4.227520000000000167e-01
8.660349999999999682e+02, 5.063730000000000314e-02
8.660510000000000446e+02, -5.070289999999999520e-01
8.660679999999999836e+02, -3.342269999999999963e-01
8.660850000000000364e+02, -8.005489999999999551e-01
8.661009999999999991e+02, 2.114949999999999886e+00
8.661180000000000518e+02, 4.922690000000000121e-01
8.661349999999999909e+02, -6.938790000000000235e-01
8.661509999999999536e+02, -3.278599999999999848e-01
8.661680000000000064e+02, -1.753409999999999969e-01
8.661849999999999454e+02, 1.176409999999999956e+00
8.662010000000000218e+02, 1.920619999999999994e+00
8.662179999999999609e+02, 1.134710000000000107e+00
8.662350000000000136e+02, -3.708699999999999775e-01
8.662509999999999764e+02, -1.627459999999999907e+00
8.662680000000000291e+02, -3.678660000000000263e-01
8.662849999999999682e+02, -8.718350000000000266e-01
8.663010000000000446e+02, 2.842509999999999759e-01
8.663179999999999836e+02, -4.185200000000000031e-01
8.663350000000000364e+02, -1.303879999999999928e+00
8.663509999999999991e+02, -9.165609999999999591e-01
8.663680000000000518e+02, 1.641630000000000034e-01
8.663849999999999909e+02, 6.538169999999999815e-01
8.664009999999999536e+02, -5.442090000000000538e-01
8.664180000000000064e+02, -7.807399999999999896e-01
8.664349999999999454e+02, 5.823890000000000317e-02
8.664510000000000218e+02, -1.535670000000000091e-01
8.664679999999999609e+02, 1.910509999999999931e+00
8.664850000000000136e+02, 1.340889999999999915e+00
8.665009999999999764e+02, -3.955009999999999915e-01
8.665180000000000291e+02, 9.852720000000000367e-01
8.665349999999999682e+02, 9.394059999999999633e-01
8.665510000000000446e+02, 7.983190000000000008e-01
8.665679999999999836e+02, -1.004480000000000040e+00
8.665850000000000364e+02, -1.670930000000000026e+00
8.666009999999999991e+02, -8.491849999999999676e-01
8.666180000000000518e+02, -6.982730000000000325e-01
8.666349999999999909e+02, 2.759920000000000151e-01
8.666509999999999536e+02, 9.157779999999999809e-01
8.666680000000000064e+02, 5.884279999999999511e-01
8.666849999999999454e+02, -1.560100000000000042e+00
8.667010000000000218e+02, 1.546019999999999950e+00
8.667179999999999609e+02, -8.153719999999999857e-01
8.667350000000000136e+02, 9.024250000000000327e-01
8.667509999999999764e+02, -1.677340000000000053e+00
8.667680000000000291e+02, -4.494020000000000237e-01
8.667849999999999682e+02, 1.763019999999999865e-01
8.668010000000000446e+02, -6.067069999999999963e-01
8.668179999999999836e+02, 3.282360000000000139e-02
8.668350000000000364e+02, -1.082589999999999941e-01
8.668509999999999991e+02, -3.681200000000000028e-01
8.668680000000000518e+02, -5.526330000000000409e-01
8.668849999999999909e+02, -1.032659999999999911e+00
8.669009999999999536e+02, -5.948750000000000426e-01
8.669180000000000064e+02, 9.635540000000000216e-01
8.669349999999999454e+02, 7.518789999999999640e-01
8.669510000000000218e+02, 6.763669999999999405e-02
8.669679999999999609e+02, 1.868870000000000031e+00
8.669850000000000136e+02, 8.649780000000000246e-01
8.670009999999999764e+02, -1.138929999999999942e-01
8.670180000000000291e+02, -1.260089999999999932e+00
8.670349999999999682e+02, -3.920660000000000256e-01
8.670510000000000446e+02, -9.101390000000000313e-01
8.670679999999999836e+02, -3.470779999999999976e-01
8.670850000000000364e+02, -1.575760000000000050e+00
8.671009999999999991e+02, 2.084249999999999936e+00
8.671180000000000518e+02, -7.051929999999999588e-01
8.671349999999999909e+02, -1.285499999999999976e-01
8.671509999999999536e+02, -1.388129999999999920e-01
8.671680000000000064e+02, -2.405940000000000023e-01
8.671849999999999454e+02, 3.176129999999999787e-01
8.672010000000000218e+02, 8.805119999999999614e-01
8.672179999999999609e+02, -5.644599999999999618e-01
8.672350000000000136e+02, -4.160429999999999962e-01
8.672509999999999764e+02, -1.082719999999999905e+00
8.672680000000000291e+02, -6.152590000000000003e-01
8.672849999999999682e+02, 4.681390000000000273e-01
8.673010000000000446e+02, -2.018739999999999979e-01
8.673179999999999836e+02, -2.726600000000000135e-01
8.673350000000000364e+02, -1.220990000000000020e+00
8.673509999999999991e+02, 1.336319999999999952e+00
8.673680000000000518e+02, 1.675700000000000106e-02
8.673849999999999909e+02, -1.560990000000000100e+00
8.674009999999999536e+02, -2.869670000000000276e-01
8.674180000000000064e+02, -9.537109999999999754e-01
8.674349999999999454e+02, -8.529799999999999605e-01
8.674510000000000218e+02, -1.153769999999999962e+00
8.674679999999999609e+02, -1.250670000000000115e-01
8.674850000000000136e+02, 6.915769999999999973e-01
8.675009999999999764e+02, -2.274760000000000115e-01
8.675180000000000291e+02, -1.404940000000000078e+00
8.675349999999999682e+02, -7.217390000000000194e-01
8.675510000000000446e+02, -1.486199999999999966e+00
8.675679999999999836e+02, -9.270909999999999984e-01
8.675850000000000364e+02, -9.949210000000000553e-01
8.676009999999999991e+02, -1.444370000000000098e-01
8.676180000000000518e+02, -6.299240000000000395e-02
8.676349999999999909e+02, 2.541370000000000018e-01
8.676509999999999536e+02, 5.093130000000000157e-01
8.676680000000000064e+02, 1.537280000000000035e-01
8.676849999999999454e+02, -7.943940000000000445e-01
8.677010000000000218e+02, -6.821260000000000101e-01
8.677179999999999609e+02, 2.903009999999999757e-01
8.677350000000000136e+02, 8.293789999999999774e-01
8.677509999999999764e+02, -7.462269999999999737e-01
8.677680000000000291e+02, 2.679579999999999740e-01
8.677849999999999682e+02, 1.293160000000000087e+00
8.678010000000000446e+02, 3.612549999999999928e-01
8.678179999999999836e+02, 1.118640000000000079e+00
8.678350000000000364e+02, -2.351350000000000051e+00
8.678509999999999991e+02, -1.325599999999999890e+00
8.678680000000000518e+02, -5.770949999999999691e-02
8.678849999999999909e+02, 6.208869999999999667e-01
8.679009999999999536e+02, -3.537330000000000196e-01
8.679180000000000064e+02, 4.296579999999999844e-01
8.679349999999999454e+02, -4.530220000000000080e-02
8.679510000000000218e+02, 1.218930000000000013e-01
8.679679999999999609e+02, -2.178509999999999891e-01
8.679850000000000136e+02, -1.101820000000000022e+00
8.680009999999999764e+02, -1.581329999999999902e+00
8.680180000000000291e+02, -5.854449999999999932e-01
8.680349999999999682e+02, -3.856299999999999728e-01
8.680510000000000446e+02, 5.518499999999999517e-01
8.680679999999999836e+02, 1.024049999999999960e-01
8.680850000000000364e+02, 1.542159999999999975e+00
8.681009999999999991e+02, -3.240999999999999992e-01
8.681180000000000518e+02, 2.941969999999999863e-01
8.681349999999999909e+02, -5.582200000000000495e-01
8.681509999999999536e+02, -9.121650000000000036e-01
8.681680000000000064e+02, 5.714949999999999752e-01
8.681849999999999454e+02, 4.188359999999999861e-01
8.682010000000000218e+02, 1.186800000000000077e+00
8.682179999999999609e+02, 1.286869999999999958e-01
8.682350000000000136e+02, -1.268259999999999943e+00
8.682509999999999764e+02, -8.699149999999999938e-01
8.682680000000000291e+02, 1.480269999999999975e+00
8.682849999999999682e+02, 2.059020000000000017e-01
8.683010000000000446e+02, -1.983630000000000115e-01
8.683179999999999836e+02, -6.648169999999999913e-01
8.683350000000000364e+02, 8.194740000000000357e-01
8.683509999999999991e+02, -7.550040000000000084e-01
8.683680000000000518e+02, 1.624150000000000038e-01
8.683849999999999909e+02, -6.236260000000000137e-01
8.684009999999999536e+02, 5.765120000000000244e-01
8.684180000000000064e+02, -9.146840000000000526e-01
8.684349999999999454e+02, -6.671470000000000178e-02
8.684510000000000218e+02, -2.778049999999999964e-02
8.684679999999999609e+02, 9.625169999999999559e-01
8.684850000000000136e+02, 4.967110000000000136e-01
8.685009999999999764e+02, 7.373729999999999452e-01
8.685180000000000291e+02, 9.772760000000000336e-01
8.685349999999999682e+02, -1.430679999999999952e+00
8.685510000000000446e+02, -5.695750000000000535e-01
8.685679999999999836e+02, -7.490369999999999528e-01
8.685850000000000364e+02, 8.270509999999999806e-01
8.686009999999999991e+02, 1.029689999999999994e+00
8.686180000000000518e+02, 2.085339999999999971e+00
8.686349999999999909e+02, 5.283339999999999703e-01
8.686509999999999536e+02, -3.929219999999999935e-01
8.686680000000000064e+02, -5.410420000000000229e-01
8.686849999999999454e+02, 9.377379999999999605e-01
8.687010000000000218e+02, 1.432519999999999974e-02
8.687179999999999609e+02, 1.111599999999999921e+00
8.687350000000000136e+02, 5.729070000000000551e-01
8.687509999999999764e+02, -5.278089999999999726e-01
8.687680000000000291e+02, -2.029259999999999953e-01
8.687849999999999682e+02, 2.566979999999999817e-01
8.688010000000000446e+02, -1.077960000000000029e+00
8.688179999999999836e+02, -6.798060000000000214e-02
8.688350000000000364e+02, -6.270710000000000450e-01
8.688509999999999991e+02, -2.217240000000000044e-01
8.688680000000000518e+02, 6.811190000000000300e-01
8.688849999999999909e+02, -1.677559999999999940e+00
8.689009999999999536e+02, -1.593869999999999898e+00
8.689180000000000064e+02, -6.479719999999999924e-01
8.689349999999999454e+02, -4.259140000000000148e-01
8.689510000000000218e+02, -1.547000000000000042e-01
8.689679999999999609e+02, -2.697169999999999845e-01
8.689850000000000136e+02, 7.587749999999999773e-01
8.690009999999999764e+02, -8.527360000000000495e-01
8.690180000000000291e+02, -7.262140000000000262e-02
8.690349999999999682e+02, -3.086840000000000139e-01
8.690510000000000446e+02, -7.724370000000000402e-01
8.690679999999999836e+02, -2.272139999999999993e-01
8.690850000000000364e+02, -1.072770000000000001e+00
8.691009999999999991e+02, -1.314390000000000003e-01
8.691180000000000518e+02, -1.827689999999999870e-01
8.691349999999999909e+02, 8.107390000000000430e-02
8.691509999999999536e+02, -1.370219999999999994e+00
8.691680000000000064e+02, -2.922440000000000107e-02
8.691849999999999454e+02, -6.519679999999999920e-01
8.692010000000000218e+02, 1.602340000000000098e+00
8.692179999999999609e+02, 9.324480000000000546e-01
8.692350000000000136e+02, 3.431919999999999971e-01
8.692509999999999764e+02, 3.358590000000000186e-01
8.692680000000000291e+02, -7.895400000000000196e-01
8.692849999999999682e+02, -9.616810000000000080e-01
8.693010000000000446e+02, -1.125960000000000072e+00
8.693179999999999836e+02, -1.730460000000000109e+00
8.693350000000000364e+02, -1.381590000000000096e+00
8.693509999999999991e+02, 1.164660000000000029e+00
8.693680000000000518e+02, 1.049419999999999936e-01
8.693849999999999909e+02, 8.491079999999999739e-01
8.694009999999999536e+02, 1.119990000000000041e+00
8.694180000000000064e+02, -2.003979999999999928e-01
8.694349999999999454e+02, -6.015140000000000070e-02
8.694510000000000218e+02, -1.372300000000000075e+00
8.694679999999999609e+02, -5.336239999999999872e-01
8.694850000000000136e+02, 1.482700000000000129e-01
8.695009999999999764e+02, -2.943790000000000018e-01
8.695180000000000291e+02, -5.592669999999999586e-01
8.695349999999999682e+02, -2.540330000000000088e-01
8.695510000000000446e+02, 6.977980000000000294e-01
8.695679999999999836e+02, 1.132439999999999891e+00
8.695850000000000364e+02, 6.917379999999999640e-01
8.696009999999999991e+02, -2.021079999999999988e+00
8.696180000000000518e+02, -1.463119999999999976e+00
8.696349999999999909e+02, -5.183999999999999719e-01
8.696509999999999536e+02, 4.182549999999999879e-01
8.696680000000000064e+02, 1.320320000000000105e-01
8.696849999999999454e+02, 8.889259999999999939e-01
8.697010000000000218e+02, 2.684440000000000159e-01
8.697179999999999609e+02, 1.144050000000000011e+00
8.697350000000000136e+02, -1.693429999999999935e-01
8.697509999999999764e+02, 9.596170000000000533e-01
8.697680000000000291e+02, 1.848960000000000048e-01
8.697849999999999682e+02, -4.483650000000000135e-01
8.698010000000000446e+02, 1.415690000000000004e-01
8.698179999999999836e+02, 1.533440000000000081e-01
8.698350000000000364e+02, -1.033769999999999967e-01
8.698509999999999991e+02, -3.438890000000000002e-01
8.698680000000000518e+02, 5.753319999999999962e-02
8.698849999999999909e+02, 1.082510000000000069e-02
8.699009999999999536e+02, 1.222010000000000041e-01
8.699180000000000064e+02, 3.456600000000000228e-01
8.699349999999999454e+02, -4.588280000000000136e-01
8.699510000000000218e+02, -5.072529999999999539e-01
8.699679999999999609e+02, 1.574449999999999905e+00
8.699850000000000136e+02, 8.458729999999999860e-01
8.700009999999999764e+02, 2.424310000000000076e-01
8.700180000000000291e+02, -6.774410000000000154e-02
8.700349999999999682e+02, -3.363209999999999811e-01
8.700510000000000446e+02, 1.228280000000000038e+00
8.700679999999999836e+02, 5.097239999999999549e-01
8.700850000000000364e+02, 1.073320000000000052e+00
8.701009999999999991e+02, -1.369430000000000092e-01
8.701180000000000518e+02, -7.293300000000000338e-01
8.701349999999999909e+02, 2.512289999999999801e-01
8.701509999999999536e+02, -7.822379999999999889e-01
8.701680000000000064e+02, -7.149369999999999337e-02
8.701849999999999454e+02, 1.818690000000000029e-01
8.702010000000000218e+02, 3.727400000000000158e-01
8.702179999999999609e+02, 1.308920000000000083e+00
8.702350000000000136e+02, 8.780320000000000347e-01
8.702509999999999764e+02, -1.438450000000000006e-01
8.702680000000000291e+02, 1.943149999999999877e-01
8.702849999999999682e+02, -1.819430000000000103e+00
8.703010000000000446e+02, -1.890849999999999920e+00
8.703179999999999836e+02, 1.304849999999999899e-01
8.703350000000000364e+02, -2.429769999999999985e+00
8.703509999999999991e+02, -1.724010000000000042e+00
8.703680000000000518e+02, 1.531330000000000080e+00
8.703849999999999909e+02, 4.962619999999999809e-01
8.704009999999999536e+02, 1.409489999999999910e+00
8.704180000000000064e+02, 1.857860000000000067e-01
8.704349999999999454e+02, 1.029039999999999955e+00
8.704510000000000218e+02, 5.066040000000000543e-01
8.704679999999999609e+02, -6.874440000000000550e-01
8.704850000000000136e+02, -9.465780000000000305e-01
8.705009999999999764e+02, 3.094489999999999741e-01
8.705180000000000291e+02, 8.322730000000000405e-01
8.705349999999999682e+02, -1.892689999999999928e-01
8.705510000000000446e+02, -4.077510000000000162e-02
8.705679999999999836e+02, -2.033609999999999862e-01
8.705850000000000364e+02, 5.739100000000000312e-01
8.706009999999999991e+02, 4.437749999999999750e-01
8.706180000000000518e+02, -1.648189999999999933e-01
8.706349999999999909e+02, 4.984790000000000054e-01
8.706509999999999536e+02, 1.439349999999999907e+00
8.706680000000000064e+02, -2.678610000000000158e-01
8.706849999999999454e+02, -1.683249999999999913e+00
8.707010000000000218e+02, -7.461969999999999992e-01
8.707179999999999609e+02, 8.077079999999999815e-01
8.707350000000000136e+02, 2.160969999999999835e+00
8.707509999999999764e+02, 1.857739999999999947e+00
8.707680000000000291e+02, -6.091680000000000428e-01
8.707849999999999682e+02, 3.817949999999999955e-01
8.708010000000000446e+02, -6.023619999999999530e-01
8.708179999999999836e+02, -8.476160000000000361e-01
8.708350000000000364e+02, 4.723479999999999901e-01
8.708509999999999991e+02, 9.256689999999999363e-02
8.708680000000000518e+02, 1.335679999999999923e-01
8.708849999999999909e+02, 4.450319999999999832e-01
8.709009999999999536e+02, 2.878200000000000203e-01
8.709180000000000064e+02, -7.651059999999999528e-01
8.709349999999999454e+02, 2.213189999999999880e-01
8.709510000000000218e+02, -1.034280000000000060e-01
8.709679999999999609e+02, 1.003190000000000026e+00
8.709850000000000136e+02, -1.410369999999999957e-01
8.710009999999999764e+02, -1.510839999999999961e-01
8.710180000000000291e+02, -2.728099999999999969e-01
8.710349999999999682e+02, 6.593860000000000277e-01
8.710510000000000446e+02, 4.011520000000000086e-01
8.710679999999999836e+02, 8.061289999999999845e-01
8.710850000000000364e+02, 2.856480000000000130e-01
8.711009999999999991e+02, 8.889749999999999597e-01
8.711180000000000518e+02, -2.343330000000000135e-01
8.711349999999999909e+02, -1.846680000000000099e+00
8.711509999999999536e+02, -1.096689999999999943e+00
8.711680000000000064e+02, -4.248109999999999942e-01
8.711849999999999454e+02, 3.930710000000000037e-01
8.712010000000000218e+02, -4.501240000000000241e-01
8.712179999999999609e+02, 1.378719999999999946e+00
8.712350000000000136e+02, -4.268009999999999859e-01
8.712509999999999764e+02, -1.284740000000000014e-02
8.712680000000000291e+02, 2.105269999999999919e-01
8.712849999999999682e+02, -8.144639999999999658e-01
8.713010000000000446e+02, -5.386050000000000004e-01
8.713179999999999836e+02, -6.200579999999999981e-01
8.713350000000000364e+02, 6.120430000000000037e-01
8.713509999999999991e+02, 1.022430000000000005e-01
8.713680000000000518e+02, 9.685089999999999533e-01
8.713849999999999909e+02, -1.813010000000000010e+00
8.714009999999999536e+02, -8.158149999999999569e-01
8.714180000000000064e+02, -1.295700000000000074e+00
8.714349999999999454e+02, -6.163689999999999447e-01
8.714510000000000218e+02, 6.148279999999999718e-02
8.714679999999999609e+02, 2.139530000000000154e+00
8.714850000000000136e+02, -4.597880000000000023e-02
8.715009999999999764e+02, -3.805390000000000161e-01
8.715180000000000291e+02, -7.931479999999999642e-01
8.715349999999999682e+02, -9.191089999999999538e-01
8.715510000000000446e+02, 1.021159999999999950e-02
8.715679999999999836e+02, 1.261700000000000044e+00
8.715850000000000364e+02, 1.230350000000000055e-01
8.716009999999999991e+02, -8.000429999999999486e-01
8.716180000000000518e+02, -2.286760000000000126e+00
8.716349999999999909e+02, -6.029839999999999645e-01
8.716509999999999536e+02, -9.853330000000000144e-01
8.716680000000000064e+02, 3.317339999999999733e-01
8.716849999999999454e+02, -2.892870000000000164e-01
8.717010000000000218e+02, 5.620190000000000463e-01
8.717179999999999609e+02, 1.259640000000000093e+00
8.717350000000000136e+02, 1.073150000000000048e+00
8.717509999999999764e+02, -1.143499999999999961e+00
8.717680000000000291e+02, -2.214789999999999814e+00
8.717849999999999682e+02, -3.757070000000000132e-01
8.718010000000000446e+02, -1.161799999999999944e+00
8.718179999999999836e+02, -3.501589999999999980e-01
8.718350000000000364e+02, 2.067090000000000038e-01
8.718509999999999991e+02, -8.253399999999999626e-01
8.718680000000000518e+02, 7.707640000000000047e-01
8.718849999999999909e+02, 1.176060000000000105e+00
8.719009999999999536e+02, 5.000630000000000353e-01
8.719180000000000064e+02, 6.047109999999999638e-03
8.719349999999999454e+02, -1.270210000000000061e+00
8.719510000000000218e+02, 2.860039999999999805e-01
8.719679999999999609e+02, 4.429829999999999879e-02
8.719850000000000136e+02, 9.986720000000000041e-01
8.720009999999999764e+02, -1.397100000000000009e+00
8.720180000000000291e+02, -1.734320000000000084e+00
8.720349999999999682e+02, -1.041060000000000096e+00
8.720510000000000446e+02, 6.334209999999999841e-02
8.720679999999999836e+02, 4.628610000000000224e-01
8.720850000000000364e+02, -2.408109999999999973e-01
8.721009999999999991e+02, -3.717179999999999929e-01
8.721180000000000518e+02, 6.701110000000000122e-01
8.721349999999999909e+02, 7.228489999999999638e-01
8.721509999999999536e+02, 3.885870000000000157e-01
8.721680000000000064e+02, -7.561139999999999528e-01
8.721849999999999454e+02, 7.099980000000000180e-01
8.722010000000000218e+02, -5.005570000000000297e-01
8.722179999999999609e+02, -5.897620000000000084e-01
8.722350000000000136e+02, 9.228969999999999674e-01
8.722509999999999764e+02, -1.610300000000000065e+00
8.722680000000000291e+02, 9.001270000000000104e-01
8.722849999999999682e+02, -1.262539999999999996e+00
8.723010000000000446e+02, -4.836269999999999736e-01
8.723179999999999836e+02, 4.065300000000000025e-01
8.723350000000000364e+02, 5.061339999999999728e-01
8.723509999999999991e+02, -3.114219999999999836e-02
8.723680000000000518e+02, -9.988599999999999701e-01
8.723849999999999909e+02, 3.195729999999999960e-01
8.724009999999999536e+02, -2.354940000000000089e-01
8.724180000000000064e+02, -6.043060000000000098e-02
8.724349999999999454e+02, 1.389289999999999914e+00
8.724510000000000218e+02, -3.302229999999999888e-01
8.724679999999999609e+02, 4.354160000000000252e-01
8.724850000000000136e+02, -1.116700000000000054e-01
8.725009999999999764e+02, -1.481999999999999984e+00
8.725180000000000291e+02, 1.576289999999999983e-02
8.725349999999999682e+02, -7.299820000000000197e-01
8.725510000000000446e+02, 3.432709999999999928e-01
8.725679999999999836e+02, -7.837510000000000657e-03
8.725850000000000364e+02, -1.308070000000000066e+00
8.726009999999999991e+02, -3.532839999999999869e-01
8.726180000000000518e+02, -8.604030000000000289e-01
8.726349999999999909e+02, -9.889989999999999892e-02
8.726509999999999536e+02, -5.771960000000000424e-01
8.726680000000000064e+02, -5.533470000000000333e-01
8.726849999999999454e+02, -4.863239999999999785e-01
8.727010000000000218e+02, -5.206560000000000077e-01
8.727179999999999609e+02, 5.619020000000000126e-01
8.727350000000000136e+02, -2.067090000000000038e-01
8.727509999999999764e+02, 3.234670000000000045e-01
8.727680000000000291e+02, 1.366670000000000051e+00
8.727849999999999682e+02, 1.048890000000000100e+00
8.728010000000000446e+02, -3.675200000000000133e-01
8.728179999999999836e+02, 3.804239999999999844e-01
8.728350000000000364e+02, 3.961890000000000134e-01
8.728509999999999991e+02, 9.324940000000000451e-01
8.728680000000000518e+02, -1.130199999999999955e-01
8.728849999999999909e+02, -1.831490000000000062e-01
8.729009999999999536e+02, -2.674150000000000138e-01
8.729180000000000064e+02, 3.328939999999999677e-02
8.729349999999999454e+02, -1.332719999999999905e+00
8.729510000000000218e+02, -3.856390000000000096e-01
8.729679999999999609e+02, -3.627670000000000061e-01
8.729850000000000136e+02, -2.524420000000000136e-02
8.730009999999999764e+02, 4.540899999999999936e-01
8.730180000000000291e+02, -2.612889999999999935e-01
8.730349999999999682e+02, -4.262119999999999798e-01
8.730510000000000446e+02, 7.935799999999999521e-01
8.730679999999999836e+02, -7.661229999999999429e-02
8.730850000000000364e+02, 5.687100000000000488e-01
8.731009999999999991e+02, 5.552180000000000309e-02
8.731180000000000518e+02, 5.244699999999999918e-01
8.731349999999999909e+02, -6.287369999999999903e-01
8.731509999999999536e+02, 1.652470000000000050e-01
8.731680000000000064e+02, -6.643320000000000336e-01
8.731849999999999454e+02, 5.533719999999999750e-01
8.732010000000000218e+02, 5.880119999999999791e-01
8.732179999999999609e+02, 1.219389999999999974e+00
8.732350000000000136e+02, 1.996110000000000106e-01
8.732509999999999764e+02, -1.028270000000000017e+00
8.732680000000000291e+02, -1.080629999999999979e+00
8.732849999999999682e+02, -7.709089999999999554e-01
8.733010000000000446e+02, -1.484080000000000066e+00
8.733179999999999836e+02, -3.243710000000000204e-01
8.733350000000000364e+02, 1.252170000000000005e+00
8.733509999999999991e+02, -1.434919999999999902e-03
8.733680000000000518e+02, 7.400790000000000424e-01
8.733849999999999909e+02, 1.691070000000000073e-01
8.734009999999999536e+02, 7.777159999999999629e-02
8.734180000000000064e+02, 1.091080000000000050e+00
8.734349999999999454e+02, 5.413829999999999476e-01
8.734510000000000218e+02, 1.979479999999999906e+00
8.734679999999999609e+02, 1.194190000000000085e+00
8.734850000000000136e+02, -1.650639999999999885e-01
8.735009999999999764e+02, -1.019670000000000076e+00
8.735180000000000291e+02, -7.663320000000000132e-01
8.735349999999999682e+02, -1.468250000000000055e+00
8.735510000000000446e+02, -1.734010000000000051e+00
8.735679999999999836e+02, 7.614819999999999922e-01
8.735850000000000364e+02, 1.245170000000000110e+00
8.736009999999999991e+02, 5.872319999999999762e-01
8.736180000000000518e+02, 9.561990000000000212e-01
8.736349999999999909e+02, 7.574750000000000094e-01
8.736509999999999536e+02, -9.209370000000000056e-01
8.736680000000000064e+02, -2.563420000000000143e-01
8.736849999999999454e+02, 4.295559999999999934e-01
8.737010000000000218e+02, 5.173450000000000548e-01
8.737179999999999609e+02, -2.281130000000000102e-01
8.737350000000000136e+02, 4.815869999999999873e-01
8.737509999999999764e+02, 2.569670000000000010e-01
8.737680000000000291e+02, 2.749949999999999964e-02
8.737849999999999682e+02, 1.268289999999999917e+00
8.738010000000000446e+02, -8.583939999999999904e-01
8.738179999999999836e+02, -1.559909999999999908e-01
8.738350000000000364e+02, -4.436160000000000103e-01
8.738509999999999991e+02, -4.633669999999999733e-01
8.738680000000000518e+02, -5.410270000000000357e-01
8.738849999999999909e+02, -3.513370000000000104e-01
8.739009999999999536e+02, -7.037930000000000019e-01
8.739180000000000064e+02, 6.119310000000000027e-01
8.739349999999999454e+02, -6.553140000000000354e-02
8.739510000000000218e+02, 7.860059999999999825e-01
8.739679999999999609e+02, -1.044300000000000006e+00
8.739850000000000136e+02, -7.906119999999999814e-01
8.740009999999999764e+02, -6.671859999999999458e-01
8.740180000000000291e+02, 8.036459999999999715e-01
8.740349999999999682e+02, 1.489940000000000042e+00
8.740510000000000446e+02, -6.191750000000000205e-03
8.740679999999999836e+02, -5.041160000000000085e-02
8.740850000000000364e+02, -5.622960000000000180e-01
8.741009999999999991e+02, 1.622419999999999973e+00
8.741180000000000518e+02, 1.565539999999999932e+00
8.741349999999999909e+02, -2.074429999999999885e-01
8.741509999999999536e+02, -7.509620000000000184e-01
8.741680000000000064e+02, -3.004029999999999756e-01
8.741849999999999454e+02, 3.822829999999999839e-01
8.742010000000000218e+02, 1.292890000000000095e+00
8.742179999999999609e+02, 8.882970000000000033e-01
8.742350000000000136e+02, -6.375720000000000276e-01
8.742509999999999764e+02, -4.933130000000000015e-01
8.742680000000000291e+02, -2.932059999999999889e+00
8.742849999999999682e+02, -6.474259999999999737e-02
8.743010000000000446e+02, -2.402279999999999971e-01
8.743179999999999836e+02, 3.972060000000000035e-01
8.743350000000000364e+02, -5.319439999999999724e-01
8.743509999999999991e+02, 8.239990000000000370e-01
8.743680000000000518e+02, 1.978360000000000118e-01
8.743849999999999909e+02, -9.208129999999999926e-01
8.744009999999999536e+02, 5.623310000000000114e-02
8.744180000000000064e+02, -1.589329999999999909e-01
8.744349999999999454e+02, -7.296859999999999458e-01
8.744510000000000218e+02, -2.884280000000000177e-01
8.744679999999999609e+02, -2.003910000000000136e-01
8.744850000000000136e+02, -4.218489999999999740e-01
8.745009999999999764e+02, -7.423600000000000199e-01
8.745180000000000291e+02, 1.220420000000000060e+00
8.745349999999999682e+02, 5.161849999999999772e-02
8.745510000000000446e+02, -3.169469999999999787e-01
8.745679999999999836e+02, -3.595059999999999922e-01
8.745850000000000364e+02, -9.549960000000000393e-02
8.746009999999999991e+02, 1.748750000000000027e-01
8.746180000000000518e+02, -7.360499999999999821e-01
8.746349999999999909e+02, 8.778540000000000232e-01
8.746509999999999536e+02, 2.080410000000000037e-01
8.746680000000000064e+02, 1.212190000000000101e+00
8.746849999999999454e+02, -2.295979999999999965e-01
8.747010000000000218e+02, -5.013020000000000254e-01
8.747179999999999609e+02, -6.611479999999999579e-01
8.747350000000000136e+02, -8.159459999999999491e-01
8.747509999999999764e+02, -5.760619999999999630e-01
8.747680000000000291e+02, 5.026789999999999731e-02
8.747849999999999682e+02, -7.360780000000000101e-01
8.748010000000000446e+02, -2.012980000000000214e+00
8.748179999999999836e+02, -1.011959999999999971e+00
8.748350000000000364e+02, -7.074199999999999933e-02
8.748509999999999991e+02, 1.267500000000000071e+00
8.748680000000000518e+02, 8.249900000000000011e-01
8.748849999999999909e+02, 1.495330000000000048e+00
8.749009999999999536e+02, -8.180269999999999486e-01
8.749180000000000064e+02, 1.146980000000000111e+00
8.749349999999999454e+02, -1.422680000000000056e-01
8.749510000000000218e+02, -1.490410000000000068e-01
8.749679999999999609e+02, -1.155350000000000099e+00
8.749850000000000136e+02, -1.074480000000000102e+00
8.750009999999999764e+02, -1.047290000000000054e+00
8.750180000000000291e+02, -1.740769999999999929e+00
8.750349999999999682e+02, -9.073639999999999484e-01
8.750510000000000446e+02, -8.732009999999999772e-02
8.750679999999999836e+02, 8.836209999999999898e-01
8.750850000000000364e+02, 4.592640000000000056e-01
8.751009999999999991e+02, -7.197050000000000392e-01
8.751180000000000518e+02, 4.003140000000000170e-02
8.751349999999999909e+02, 2.225840000000000041e-01
8.751509999999999536e+02, 2.480040000000000022e-01
8.751680000000000064e+02, 1.050740000000000007e-01
8.751849999999999454e+02, -2.359949999999999992e+00
8.752010000000000218e+02, -4.484520000000000173e-01
8.752179999999999609e+02, 9.337420000000000442e-02
8.752350000000000136e+02, -3.819899999999999962e-01
8.752509999999999764e+02, -5.800790000000000113e-01
8.752680000000000291e+02, -1.591380000000000017e+00
8.752849999999999682e+02, -1.173589999999999911e+00
8.753010000000000446e+02, 8.789959999999999996e-01
8.753179999999999836e+02, 6.254629999999999912e-01
8.753350000000000364e+02, 1.125450000000000061e+00
8.753509999999999991e+02, 2.440879999999999994e-01
8.753680000000000518e+02, 3.892760000000000109e-01
8.753849999999999909e+02, -1.897520000000000040e-01
8.754009999999999536e+02, -9.686489999999999823e-01
8.754180000000000064e+02, -1.195039999999999991e-01
8.754349999999999454e+02, -1.378169999999999895e+00
8.754510000000000218e+02, 8.173700000000000410e-01
8.754679999999999609e+02, -4.396410000000000040e-01
8.754850000000000136e+02, -1.276799999999999879e-01
8.755009999999999764e+02, 1.521659999999999957e-01
8.755180000000000291e+02, -9.431709999999999816e-01
8.755349999999999682e+02, -1.273379999999999956e+00
8.755510000000000446e+02, -9.419859999999999900e-01
8.755679999999999836e+02, 2.382700000000000096e-01
8.755850000000000364e+02, 6.279360000000000497e-02
8.756009999999999991e+02, 6.856719999999999482e-01
8.756180000000000518e+02, 9.236159999999999926e-01
8.756349999999999909e+02, 1.085190000000000099e+00
8.756509999999999536e+02, 9.582079999999999487e-01
8.756680000000000064e+02, -7.337169999999999526e-01
8.756849999999999454e+02, -1.224490000000000078e+00
8.757010000000000218e+02, -1.155489999999999989e-01
8.757179999999999609e+02, 2.393949999999999967e-01
8.757350000000000136e+02, -4.499489999999999879e-01
8.757509999999999764e+02, 9.705129999999999590e-01
8.757680000000000291e+02, 1.969239999999999879e-01
8.757849999999999682e+02, 3.184600000000000208e-01
8.758010000000000446e+02, 2.818169999999999842e-01
8.758179999999999836e+02, 1.090619999999999923e+00
8.758350000000000364e+02, 1.319819999999999993e+00
8.758509999999999991e+02, -8.486989999999999812e-01
8.758680000000000518e+02, -1.618949999999999889e+00
8.758849999999999909e+02, -3.100970000000000115e-01
8.759009999999999536e+02, -1.619950000000000001e-01
8.759180000000000064e+02, 3.590189999999999770e-01
8.759349999999999454e+02, -4.509699999999999820e-01
8.759510000000000218e+02, -1.498860000000000081e+00
8.759679999999999609e+02, -7.762220000000000231e-02
8.759850000000000136e+02, -3.135859999999999759e-01
8.760009999999999764e+02, -2.120019999999999960e-01
8.760180000000000291e+02, -1.737740000000000062e+00
8.760349999999999682e+02, -1.264990000000000059e+00
8.760510000000000446e+02, -5.018629999999999480e-01
8.760679999999999836e+02, 7.610179999999999723e-01
8.760850000000000364e+02, 7.144810000000000327e-01
8.761009999999999991e+02, 7.582590000000000163e-01
8.761180000000000518e+02, -1.530550000000000077e+00
8.761349999999999909e+02, -2.970670000000000255e-01
8.761509999999999536e+02, 1.092019999999999935e-01
8.761680000000000064e+02, 8.288299999999999557e-01
8.761849999999999454e+02, 4.141980000000000106e-01
8.762010000000000218e+02, 7.966739999999999933e-01
8.762179999999999609e+02, 7.714600000000000346e-01
8.762350000000000136e+02, -4.692109999999999892e-01
8.762509999999999764e+02, -9.788649999999999851e-01
8.762680000000000291e+02, -1.527630000000000043e+00
8.762849999999999682e+02, -1.174739999999999895e+00
8.763010000000000446e+02, -8.016330000000000400e-01
8.763179999999999836e+02, 9.200720000000000010e-01
8.763350000000000364e+02, 6.616459999999999564e-01
8.763509999999999991e+02, 2.299360000000000015e-01
8.763680000000000518e+02, -3.349980000000000180e-01
8.763849999999999909e+02, -5.994040000000000479e-01
8.764009999999999536e+02, -7.505089999999999817e-01
8.764180000000000064e+02, 1.118419999999999970e-01
8.764349999999999454e+02, 3.784330000000000194e-01
8.764510000000000218e+02, -6.116390000000000438e-01
8.764679999999999609e+02, -1.932000000000000106e-01
8.764850000000000136e+02, -3.207240000000000091e-01
8.765009999999999764e+02, -9.888400000000000523e-01
8.765180000000000291e+02, -4.328620000000000245e-01
8.765349999999999682e+02, 3.963380000000000236e-01
8.765510000000000446e+02, 1.530960000000000099e+00
8.765679999999999836e+02, 6.369510000000000449e-01
8.765850000000000364e+02, -7.893499999999999961e-01
8.766009999999999991e+02, -2.015679999999999972e-01
8.766180000000000518e+02, 3.533120000000000149e-01
8.766349999999999909e+02, -1.535920000000000063e-01
8.766509999999999536e+02, 8.065750000000000419e-01
8.766680000000000064e+02, 1.077849999999999975e+00
8.766849999999999454e+02, 1.445910000000000077e-02
8.767010000000000218e+02, -4.812980000000000036e-01
8.767179999999999609e+02, 3.813460000000000183e-01
8.767350000000000136e+02, -4.986749999999999794e-01
8.767509999999999764e+02, -7.685370000000000257e-01
8.767680000000000291e+02, -7.011990000000000167e-01
8.767849999999999682e+02, -4.490730000000000000e-01
8.768010000000000446e+02, -3.019830000000000014e-01
8.768179999999999836e+02, 1.218019999999999936e-01
8.768350000000000364e+02, -1.141260000000000052e-01
8.768509999999999991e+02, -2.271779999999999980e-02
8.768680000000000518e+02, 1.220639999999999947e+00
8.768849999999999909e+02, 1.493800000000000017e+00
8.769009999999999536e+02, 7.258069999999999800e-01
8.769180000000000064e+02, -7.073679999999999968e-01
8.769349999999999454e+02, 4.819199999999999873e-02
8.769510000000000218e+02, -8.635850000000000470e-01
8.769679999999999609e+02, 4.888640000000000208e-01
8.769850000000000136e+02, 6.646630000000000038e-01
8.770009999999999764e+02, 1.260099999999999998e+00
8.770180000000000291e+02, -9.746450000000000252e-03
8.770349999999999682e+02, 4.734189999999999787e-01
8.770510000000000446e+02, 1.164679999999999938e+00
8.770679999999999836e+02, 3.337129999999999819e-01
8.770850000000000364e+02, -1.930560000000000054e-01
8.771009999999999991e+02, 7.818530000000000202e-01
8.771180000000000518e+02, -1.446809999999999929e+00
8.771349999999999909e+02, -1.696919999999999984e+00
8.771509999999999536e+02, -6.262820000000000054e-01
8.771680000000000064e+02, -5.727210000000000356e-01
8.771849999999999454e+02, -1.369199999999999862e-01
8.772010000000000218e+02, 4.421140000000000070e-01
8.772179999999999609e+02, -1.364420000000000077e-01
8.772350000000000136e+02, -1.828549999999999898e+00
8.772509999999999764e+02, -5.907740000000000213e-01
8.772680000000000291e+02, 4.552269999999999928e-01
8.772849999999999682e+02, 7.967919999999999447e-01
8.773010000000000446e+02, 7.118510000000000115e-01
8.773179999999999836e+02, -5.369099999999999984e-01
8.773350000000000364e+02, -8.743830000000000213e-01
8.773509999999999991e+02, -1.824920000000000098e+00
8.773680000000000518e+02, -1.976120000000000099e+00
8.773849999999999909e+02, 1.468230000000000091e-01
8.774009999999999536e+02, 2.011029999999999873e+00
8.774180000000000064e+02, 6.453470000000000040e-01
8.774349999999999454e+02, 1.265730000000000022e+00
8.774510000000000218e+02, -1.184949999999999948e+00
8.774679999999999609e+02, -2.381709999999999938e-01
8.774850000000000136e+02, -2.252850000000000019e+00
8.775009999999999764e+02, -2.275780000000000136e+00
8.775180000000000291e+02, -1.720890000000000031e+00
8.775349999999999682e+02, 1.523339999999999916e+00
8.775510000000000446e+02, -3.962660000000000071e-01
8.775679999999999836e+02, 1.538910000000000000e+00
8.775850000000000364e+02, -2.207119999999999915e-01
8.776009999999999991e+02, 3.794000000000000150e-01
8.776180000000000518e+02, -3.866850000000000009e-01
8.776349999999999909e+02, -2.273969999999999880e-01
8.776509999999999536e+02, 6.858020000000000227e-01
8.776680000000000064e+02, 1.177450000000000108e+00
8.776849999999999454e+02, 1.705310000000000104e+00
8.777010000000000218e+02, -7.050159999999999760e-01
8.777179999999999609e+02, -5.684930000000000261e-01
8.777350000000000136e+02, -2.178489999999999940e-02
8.777509999999999764e+02, 6.214920000000000444e-01
8.777680000000000291e+02, -4.465319999999999845e-01
8.777849999999999682e+02, 4.055289999999999728e-01
8.778010000000000446e+02, -6.933380000000000098e-01
8.778179999999999836e+02, -1.421720000000000095e+00
8.778350000000000364e+02, -5.737179999999999502e-01
8.778509999999999991e+02, 1.106989999999999919e+00
8.778680000000000518e+02, -2.885590000000000030e-02
8.778849999999999909e+02, 7.493729999999999558e-01
8.779009999999999536e+02, 2.287839999999999874e-01
8.779180000000000064e+02, -4.605130000000000057e-01
8.779349999999999454e+02, 3.060550000000000076e-02
8.779510000000000218e+02, -8.199300000000000477e-01
8.779679999999999609e+02, -1.295330000000000092e-01
8.779850000000000136e+02, 1.640240000000000031e-01
8.780009999999999764e+02, -2.911619999999999764e-01
8.780180000000000291e+02, 7.696469999999999700e-02
8.780349999999999682e+02, -3.563490000000000268e-01
8.780510000000000446e+02, 6.470869999999999678e-01
8.780679999999999836e+02, -6.874120000000000230e-01
8.780850000000000364e+02, 6.589990000000000014e-01
8.781009999999999991e+02, -8.440490000000000492e-01
8.781180000000000518e+02, -4.917610000000000037e-01
8.781349999999999909e+02, 2.381979999999999931e-01
8.781509999999999536e+02, -4.139450000000000074e-02
8.781680000000000064e+02, -3.303889999999999882e-01
8.781849999999999454e+02, -7.029290000000000260e-01
8.782010000000000218e+02, 7.850690000000000446e-02
8.782179999999999609e+02, -9.704850000000000421e-01
8.782350000000000136e+02, -6.764280000000000292e-01
8.782509999999999764e+02, 8.543690000000000451e-01
8.782680000000000291e+02, -7.806549999999999601e-02
8.782849999999999682e+02, 7.467470000000000496e-01
8.783010000000000446e+02, -1.046240000000000059e+00
8.783179999999999836e+02, -1.167910000000000004e+00
8.783350000000000364e+02, -6.414159999999999862e-01
8.783509999999999991e+02, 9.653929999999999456e-01
8.783680000000000518e+02, -3.738190000000000124e-01
8.783849999999999909e+02, 7.239759999999999529e-01
8.784009999999999536e+02, 2.584299999999999931e-01
8.784180000000000064e+02, -4.589460000000000206e-01
8.784349999999999454e+02, 1.738659999999999928e-01
8.784510000000000218e+02, 5.349620000000000486e-01
8.784679999999999609e+02, 1.215629999999999988e+00
8.784850000000000136e+02, 4.144360000000000266e-01
8.785009999999999764e+02, 2.205040000000000056e-01
8.785180000000000291e+02, -4.453030000000000044e-01
8.785349999999999682e+02, -2.917969999999999731e-01
8.785510000000000446e+02, 2.481690000000000007e-01
8.785679999999999836e+02, 6.710289999999999866e-01
8.785850000000000364e+02, 1.285619999999999985e+00
8.786009999999999991e+02, -7.014799999999999924e-01
8.786180000000000518e+02, -1.604630000000000001e+00
8.786349999999999909e+02, -9.235870000000000468e-01
8.786509999999999536e+02, -1.176449999999999996e+00
8.786680000000000064e+02, 4.168410000000000171e-01
8.786849999999999454e+02, 8.268940000000000179e-01
8.787010000000000218e+02, 1.799879999999999924e+00
8.787179999999999609e+02, 3.711860000000000159e-01
8.787350000000000136e+02, -5.045410000000000172e-02
8.787509999999999764e+02, 9.372260000000000035e-01
8.787680000000000291e+02, 1.455910000000000037e+00
8.787849999999999682e+02, 1.003409999999999913e+00
8.788010000000000446e+02, -1.671080000000000065e-01
8.788179999999999836e+02, -1.057290000000000063e+00
8.788350000000000364e+02, -1.088079999999999936e+00
8.788509999999999991e+02, -3.712349999999999817e-01
8.788680000000000518e+02, 9.574359999999999538e-01
8.788849999999999909e+02, -1.249809999999999949e-01
8.789009999999999536e+02, 3.212280000000000135e-01
8.789180000000000064e+02, -1.420789999999999997e+00
8.789349999999999454e+02, -1.754429999999999934e+00
8.789510000000000218e+02, -3.535920000000000174e-01
8.789679999999999609e+02, 3.167710000000000248e-01
8.789850000000000136e+02, 3.092139999999999889e-01
8.790009999999999764e+02, 1.045830000000000037e+00
8.790180000000000291e+02, 8.199250000000000149e-01
8.790349999999999682e+02, -4.005870000000000264e-01
8.790510000000000446e+02, -7.705260000000000442e-01
8.790679999999999836e+02, -4.521020000000000039e-01
8.790850000000000364e+02, 3.193380000000000107e-01
8.791009999999999991e+02, 2.768519999999999870e-01
8.791180000000000518e+02, 1.802739999999999898e-01
8.791349999999999909e+02, 7.079280000000000017e-01
8.791509999999999536e+02, -1.287630000000000052e+00
8.791680000000000064e+02, 1.783480000000000065e-01
8.791849999999999454e+02, 9.089129999999999432e-02
8.792010000000000218e+02, -5.387900000000000328e-02
8.792179999999999609e+02, 1.050269999999999954e-01
8.792350000000000136e+02, -1.350210000000000021e-01
8.792509999999999764e+02, -2.559070000000000095e-02
8.792680000000000291e+02, -1.010869999999999935e+00
8.792849999999999682e+02, -1.163810000000000011e+00
8.793010000000000446e+02, -1.270880000000000010e+00
8.793179999999999836e+02, -6.756750000000000256e-01
8.793350000000000364e+02, -2.816930000000000267e-01
8.793509999999999991e+02, 1.401280000000000026e-01
8.793680000000000518e+02, 6.259320000000000439e-01
8.793849999999999909e+02, -4.466430000000000122e-01
8.794009999999999536e+02, -4.588039999999999896e-01
8.794180000000000064e+02, 8.643399999999999972e-01
8.794349999999999454e+02, -1.341210000000000013e+00
8.794510000000000218e+02, 1.033160000000000078e+00
8.794679999999999609e+02, -2.212220000000000020e-01
8.794850000000000136e+02, -1.266189999999999927e+00
8.795009999999999764e+02, -4.879789999999999822e-02
8.795180000000000291e+02, -4.530460000000000043e-01
8.795349999999999682e+02, -1.293670000000000098e-01
8.795510000000000446e+02, 9.877620000000000289e-01
8.795679999999999836e+02, -8.705800000000000205e-01
8.795850000000000364e+02, 8.333159999999999457e-01
8.796009999999999991e+02, -4.747609999999999886e-01
8.796180000000000518e+02, -5.943009999999999682e-01
8.796349999999999909e+02, -1.175360000000000016e-01
8.796509999999999536e+02, -1.641029999999999989e+00
8.796680000000000064e+02, 5.344640000000000502e-01
8.796849999999999454e+02, 5.097199999999999509e-01
8.797010000000000218e+02, -8.951320000000000388e-01
8.797179999999999609e+02, 1.109440000000000079e-02
8.797350000000000136e+02, -3.077610000000000068e-01
8.797509999999999764e+02, 2.041250000000000009e-01
8.797680000000000291e+02, -9.934940000000000437e-02
8.797849999999999682e+02, -5.169120000000000381e-01
8.798010000000000446e+02, -8.480750000000000233e-01
8.798179999999999836e+02, -1.543619999999999992e+00
8.798350000000000364e+02, 3.836989999999999845e-02
8.798509999999999991e+02, -8.484589999999999632e-01
8.798680000000000518e+02, 3.486219999999999875e-01
8.798849999999999909e+02, 5.004119999999999679e-01
8.799009999999999536e+02, 8.178340000000000609e-02
8.799180000000000064e+02, -8.511809999999999654e-01
8.799349999999999454e+02, -5.487570000000000503e-01
8.799510000000000218e+02, 5.398140000000000160e-01
8.799679999999999609e+02, -3.425270000000000259e-01
8.799850000000000136e+02, 7.754820000000000046e-01
8.800009999999999764e+02, -1.844220000000000026e-01
8.800180000000000291e+02, 6.930680000000000174e-01
8.800349999999999682e+02, 1.233880000000000088e+00
8.800510000000000446e+02, 2.522929999999999895e-01
8.800679999999999836e+02, 3.065510000000000179e-01
8.800850000000000364e+02, -8.122229999999999381e-03
8.801009999999999991e+02, -2.827609999999999846e-01
8.801180000000000518e+02, 6.787840000000000540e-01
8.801349999999999909e+02, 7.571980000000000377e-01
8.801509999999999536e+02, 8.303789999999999782e-01
8.801680000000000064e+02, 1.679400000000000004e+00
8.801849999999999454e+02, 8.824060000000000237e-02
8.802010000000000218e+02, 5.055349999999999566e-01
8.802179999999999609e+02, -8.086740000000000039e-01
8.802350000000000136e+02, -1.246740000000000001e-02
8.802509999999999764e+02, -4.488869999999999805e-01
8.802680000000000291e+02, -5.980469999999999953e-01
8.802849999999999682e+02, -1.151399999999999979e+00
8.803010000000000446e+02, -3.206309999999999993e-01
8.803179999999999836e+02, 5.448589999999999822e-01
8.803350000000000364e+02, 1.220450000000000035e+00
8.803509999999999991e+02, 1.249409999999999910e+00
8.803680000000000518e+02, 1.094320000000000015e-01
8.803849999999999909e+02, -5.840330000000000243e-01
8.804009999999999536e+02, -1.449409999999999865e-01
8.804180000000000064e+02, 2.231309999999999960e-01
8.804349999999999454e+02, 9.416060000000000541e-01
8.804510000000000218e+02, 1.119129999999999958e+00
8.804679999999999609e+02, 4.318990000000000329e-02
8.804850000000000136e+02, -1.536230000000000095e-01
8.805009999999999764e+02, -1.757679999999999909e+00
8.805180000000000291e+02, -1.041290000000000049e+00
8.805349999999999682e+02, 7.205580000000000318e-01
8.805510000000000446e+02, -3.717560000000000309e-02
8.805679999999999836e+02, 6.511489999999999778e-01
8.805850000000000364e+02, 1.663610000000000033e+00
8.806009999999999991e+02, 5.364599999999999924e-02
8.806180000000000518e+02, -1.089350000000000041e+00
8.806349999999999909e+02, -1.957810000000000050e+00
8.806509999999999536e+02, -3.345509999999999873e-01
8.806680000000000064e+02, -5.813800000000000079e-01
8.806849999999999454e+02, 1.103630000000000111e+00
8.807010000000000218e+02, 2.536619999999999986e-01
8.807179999999999609e+02, -5.500959999999999878e-02
8.807350000000000136e+02, 1.563060000000000144e-02
8.807509999999999764e+02, -1.899679999999999980e-01
8.807680000000000291e+02, 6.795020000000000227e-02
8.807849999999999682e+02, 8.887739999999999529e-01
8.808010000000000446e+02, -5.914110000000000200e-01
8.808179999999999836e+02, -1.684680000000000066e-01
8.808350000000000364e+02, -2.565660000000000163e-01
8.808509999999999991e+02, 9.206549999999999456e-02
8.808680000000000518e+02, 2.752620000000000067e-01
8.808849999999999909e+02, 1.379000000000000004e+00
8.809009999999999536e+02, 1.259859999999999980e+00
8.809180000000000064e+02, -9.876219999999999999e-01
8.809349999999999454e+02, -2.741939999999999933e-01
8.809510000000000218e+02, 1.835399999999999920e+00
8.809679999999999609e+02, 1.426459999999999950e-01
8.809850000000000136e+02, 9.892389999999999795e-01
8.810009999999999764e+02, 5.883429999999999910e-02
8.810180000000000291e+02, 1.911879999999999968e-01
8.810349999999999682e+02, -3.197320000000000162e-01
8.810510000000000446e+02, -5.231430000000000247e-01
8.810679999999999836e+02, -6.974850000000000216e-01
8.810850000000000364e+02, 1.439419999999999866e-01
8.811009999999999991e+02, -3.472939999999999916e-01
8.811180000000000518e+02, 6.293570000000000553e-01
8.811349999999999909e+02, 9.027619999999999534e-01
8.811509999999999536e+02, 6.779840000000000311e-01
8.811680000000000064e+02, 2.082819999999999894e+00
8.811849999999999454e+02, 4.390120000000000133e-02
8.812010000000000218e+02, -2.829380000000000228e-01
8.812179999999999609e+02, -4.153290000000000037e-01
8.812350000000000136e+02, -1.062689999999999912e+00
8.812509999999999764e+02, -4.269000000000000017e-01
8.812680000000000291e+02, -1.438879999999999937e+00
8.812849999999999682e+02, -4.293469999999999925e-02
8.813010000000000446e+02, 1.985840000000000105e-01
8.813179999999999836e+02, -4.920289999999999941e-01
8.813350000000000364e+02, -5.798470000000000013e-01
8.813509999999999991e+02, -1.803190000000000071e-01
8.813680000000000518e+02, 1.370109999999999939e+00
8.813849999999999909e+02, 6.055340000000000167e-01
8.814009999999999536e+02, 6.516410000000000258e-01
8.814180000000000064e+02, 1.055609999999999937e+00
8.814349999999999454e+02, -7.159349999999999881e-01
8.814510000000000218e+02, 2.149550000000000072e-01
8.814679999999999609e+02, -1.586610000000000076e+00
8.814850000000000136e+02, -1.090260000000000007e+00
8.815009999999999764e+02, 6.888300000000000534e-01
8.815180000000000291e+02, 6.710650000000000226e-01
8.815349999999999682e+02, -1.195449999999999902e+00
8.815510000000000446e+02, -7.459980000000000500e-01
8.815679999999999836e+02, -9.039439999999999698e-01
8.815850000000000364e+02, -7.805370000000000363e-01
8.816009999999999991e+02, 1.900870000000000060e-01
8.816180000000000518e+02, 1.161159999999999970e-02
8.816349999999999909e+02, -4.795570000000000110e-01
8.816509999999999536e+02, -7.967370000000000285e-01
8.816680000000000064e+02, -8.151749999999999829e-01
8.816849999999999454e+02, -4.893170000000000019e-01
8.817010000000000218e+02, 8.470630000000000104e-01
8.817179999999999609e+02, 5.772350000000000536e-01
8.817350000000000136e+02, -7.650150000000000006e-01
8.817509999999999764e+02, -7.913649999999999851e-01
8.817680000000000291e+02, -9.408339999999999481e-01
8.817849999999999682e+02, 5.910929999999999657e-02
8.818010000000000446e+02, 3.107750000000000234e-01
8.818179999999999836e+02, 1.600560000000000038e-01
8.818350000000000364e+02, -1.036529999999999951e+00
8.818509999999999991e+02, 1.017230000000000079e+00
8.818680000000000518e+02, 5.379000000000000448e-01
8.818849999999999909e+02, 1.190770000000000106e+00
8.819009999999999536e+02, -1.239630000000000037e-01
8.819180000000000064e+02, 3.211750000000000022e-02
8.819349999999999454e+02, 1.544470000000000044e-02
8.819510000000000218e+02, 5.396379999999999511e-01
8.819679999999999609e+02, 1.636869999999999992e-01
8.819850000000000136e+02, 8.278180000000000538e-01
8.820009999999999764e+02, 1.978370000000000128e-01
8.820180000000000291e+02, -1.779139999999999944e+00
8.820349999999999682e+02, -6.079139999999999544e-01
8.820510000000000446e+02, -9.703629999999999756e-01
8.820679999999999836e+02, 1.087150000000000061e+00
8.820850000000000364e+02, 3.980809999999999904e-02
8.821009999999999991e+02, -2.308199999999999807e+00
8.821180000000000518e+02, -7.713659999999999961e-01
8.821349999999999909e+02, -8.897270000000000179e-02
8.821509999999999536e+02, 4.316059999999999897e-01
8.821680000000000064e+02, 3.815580000000000083e-01
8.821849999999999454e+02, -3.711180000000000034e-02
8.822010000000000218e+02, 3.000229999999999841e-01
8.822179999999999609e+02, -4.012769999999999948e-01
8.822350000000000136e+02, -6.927510000000000057e-01
8.822509999999999764e+02, -1.167910000000000004e+00
8.822680000000000291e+02, -1.980720000000000036e+00
8.822849999999999682e+02, -6.243640000000000301e-01
8.823010000000000446e+02, -1.258380000000000054e-01
8.823179999999999836e+02, -1.630689999999999917e-01
8.823350000000000364e+02, 1.303220000000000045e+00
8.823509999999999991e+02, 4.285160000000000080e-01
8.823680000000000518e+02, 1.584710000000000063e+00
8.823849999999999909e+02, -5.841730000000000533e-01
8.824009999999999536e+02, -1.759560000000000013e+00
8.824180000000000064e+02, -7.870840000000000058e-01
8.824349999999999454e+02, -1.857240000000000002e-01
8.824510000000000218e+02, -2.649050000000000016e-01
8.824679999999999609e+02, -7.786459999999999493e-01
8.824850000000000136e+02, -1.731939999999999868e-01
8.825009999999999764e+02, -1.118730000000000002e+00
8.825180000000000291e+02, -2.218420000000000114e-01
8.825349999999999682e+02, 7.582459999999999756e-01
8.825510000000000446e+02, 3.341930000000000178e-01
8.825679999999999836e+02, 9.545869999999999633e-01
8.825850000000000364e+02, 2.073780000000000068e-01
8.826009999999999991e+02, 4.356579999999999897e-01
8.826180000000000518e+02, -2.656860000000000124e-02
8.826349999999999909e+02, -8.508920000000000372e-02
8.826509999999999536e+02, 7.726340000000000430e-01
8.826680000000000064e+02, 3.125990000000000157e-01
8.826849999999999454e+02, 6.172250000000000236e-01
8.827010000000000218e+02, -5.897740000000000204e-01
8.827179999999999609e+02, -4.850070000000000214e-01
8.827350000000000136e+02, 6.202790000000000248e-01
8.827509999999999764e+02, 8.386550000000000393e-01
8.827680000000000291e+02, 9.476940000000000364e-01
8.827849999999999682e+02, -8.714089999999999892e-01
8.828010000000000446e+02, -1.127539999999999987e+00
8.828179999999999836e+02, -4.102950000000000208e-01
8.828350000000000364e+02, -1.238259999999999916e+00
8.828509999999999991e+02, -1.719149999999999956e+00
8.828680000000000518e+02, -8.105019999999999447e-01
8.828849999999999909e+02, -1.264579999999999871e-01
8.829009999999999536e+02, -4.621640000000000192e-01
8.829180000000000064e+02, -1.059149999999999953e-01
8.829349999999999454e+02, 1.180190000000000072e+00
8.829510000000000218e+02, 1.997279999999999944e+00
8.829679999999999609e+02, -6.192170000000000174e-01
8.829850000000000136e+02, -6.423170000000000268e-01
8.830009999999999764e+02, 2.082589999999999997e-01
8.830180000000000291e+02, -2.720060000000000144e+00
8.830349999999999682e+02, -4.937690000000000135e-01
8.830510000000000446e+02, -3.376080000000000192e-01
8.830679999999999836e+02, -5.037599999999999856e-01
8.830850000000000364e+02, 1.096729999999999983e+00
8.831009999999999991e+02, 4.243950000000000222e-01
8.831180000000000518e+02, 2.484850000000000114e-01
8.831349999999999909e+02, 2.071630000000000138e-01
8.831509999999999536e+02, -9.070759999999999934e-01
8.831680000000000064e+02, -5.782279999999999642e-01
8.831849999999999454e+02, -9.338969999999999771e-01
8.832010000000000218e+02, -1.425270000000000037e+00
8.832179999999999609e+02, -1.292470000000000008e+00
8.832350000000000136e+02, -4.862450000000000105e-02
8.832509999999999764e+02, -1.616270000000000095e+00
8.832680000000000291e+02, 1.062700000000000033e-01
8.832849999999999682e+02, 1.901359999999999939e+00
8.833010000000000446e+02, -9.945800000000000196e-01
8.833179999999999836e+02, -8.178060000000000329e-01
8.833350000000000364e+02, -1.209880000000000067e+00
8.833509999999999991e+02, 3.662309999999999732e-01
8.833680000000000518e+02, 1.717629999999999990e-01
8.833849999999999909e+02, 2.317659999999999998e-01
8.834009999999999536e+02, -9.690609999999999502e-01
8.834180000000000064e+02, 1.538229999999999986e+00
8.834349999999999454e+02, 1.044259999999999966e+00
8.834510000000000218e+02, 2.232349999999999890e-01
8.834679999999999609e+02, -6.086719999999999908e-01
8.834850000000000136e+02, 9.124900000000000233e-01
8.835009999999999764e+02, -6.905480000000000507e-01
8.835180000000000291e+02, -1.288329999999999975e+00
8.835349999999999682e+02, -1.614409999999999901e+00
8.835510000000000446e+02, 8.236069999999999780e-01
8.835679999999999836e+02, -6.085490000000000343e-02
8.835850000000000364e+02, -1.900189999999999935e-01
8.836009999999999991e+02, 7.659040000000000292e-01
8.836180000000000518e+02, -1.624269999999999881e-01
8.836349999999999909e+02, -8.692229999999999679e-01
8.836509999999999536e+02, 3.533399999999999874e-01
8.836680000000000064e+02, 6.428909999999999902e-01
8.836849999999999454e+02, -3.935310000000000197e-01
8.837010000000000218e+02, 1.797660000000000091e-01
8.837179999999999609e+02, -1.335610000000000130e-01
8.837350000000000136e+02, -5.369709999999999761e-01
8.837509999999999764e+02, 6.268000000000000238e-01
8.837680000000000291e+02, 8.518000000000000016e-01
8.837849999999999682e+02, -7.186329999999999663e-01
8.838010000000000446e+02, -1.080610000000000070e+00
8.838179999999999836e+02, 3.522940000000000099e-02
8.838350000000000364e+02, 9.726719999999999811e-01
8.838509999999999991e+02, -3.475430000000000186e-02
8.838680000000000518e+02, 7.444370000000000154e-01
8.838849999999999909e+02, 1.068560000000000065e-01
8.839009999999999536e+02, -3.677250000000000241e-01
8.839180000000000064e+02, -3.402859999999999774e-01
8.839349999999999454e+02, -1.866030000000000078e+00
8.839510000000000218e+02, 6.977129999999999443e-02
8.839679999999999609e+02, -2.717539999999999956e-01
8.839850000000000136e+02, -3.162789999999999768e-01
8.840009999999999764e+02, -2.934479999999999866e-01
8.840180000000000291e+02, 1.125350000000000072e+00
8.840349999999999682e+02, 3.637730000000000130e-01
8.840510000000000446e+02, -6.664970000000000096e-03
8.840679999999999836e+02, -2.040849999999999886e-01
8.840850000000000364e+02, -4.633740000000000081e-01
8.841009999999999991e+02, -1.926269999999999927e+00
8.841180000000000518e+02, -4.641870000000000163e-01
8.841349999999999909e+02, 3.677900000000000058e-01
8.841509999999999536e+02, 4.884290000000000020e-01
8.841680000000000064e+02, -1.048170000000000046e+00
8.841849999999999454e+02, 2.012450000000000072e-01
8.842010000000000218e+02, -3.977890000000000037e-01
8.842179999999999609e+02, 5.500399999999999734e-01
8.842350000000000136e+02, 8.598780000000000312e-01
8.842509999999999764e+02, 1.036129999999999968e-01
8.842680000000000291e+02, -9.695120000000000404e-01
8.842849999999999682e+02, -5.308669999999999778e-01
8.843010000000000446e+02, -1.980429999999999968e-01
8.843179999999999836e+02, -2.062479999999999869e-01
8.843350000000000364e+02, 9.784869999999999957e-01
8.843509999999999991e+02, 1.229270000000000085e+00
8.843680000000000518e+02, 7.149820000000000064e-01
8.843849999999999909e+02, 3.185720000000000218e-02
8.844009999999999536e+02, -4.995839999999999725e-01
8.844180000000000064e+02, -1.161920000000000064e+00
8.844349999999999454e+02, -1.815029999999999921e+00
8.844510000000000218e+02, 6.705889999999999906e-01
8.844679999999999609e+02, 9.294919999999999849e-01
8.844850000000000136e+02, 6.199510000000000298e-01
8.845009999999999764e+02, 1.257120000000000015e+00
8.845180000000000291e+02, 1.070510000000000073e+00
8.845349999999999682e+02, -1.365290000000000115e-01
8.845510000000000446e+02, -9.284729999999999928e-01
8.845679999999999836e+02, -5.775679999999999703e-01
8.845850000000000364e+02, -7.761479999999999491e-01
8.846009999999999991e+02, -5.142579999999999929e-01
8.846180000000000518e+02, 4.470890000000000142e-01
8.846349999999999909e+02, 1.263789999999999969e+00
8.846509999999999536e+02, -1.358060000000000100e-01
8.846680000000000064e+02, -3.524920000000000275e-01
8.846849999999999454e+02, -1.048259999999999970e+00
8.847010000000000218e+02, -5.639070000000000471e-01
8.847179999999999609e+02, -1.026809999999999945e-01
8.847350000000000136e+02, -1.197060000000000013e+00
8.847509999999999764e+02, 4.862900000000000000e-01
8.847680000000000291e+02, -9.912310000000000565e-02
8.847849999999999682e+02, 8.997380000000000377e-01
8.848010000000000446e+02, 7.596739999999999604e-01
8.848179999999999836e+02, 3.274859999999999993e-01
8.848350000000000364e+02, 6.808410000000000295e-01
8.848509999999999991e+02, 6.231489999999999529e-01
8.848680000000000518e+02, 1.101679999999999993e+00
8.848849999999999909e+02, 1.297569999999999890e+00
8.849009999999999536e+02, 2.631780000000000230e-01
8.849180000000000064e+02, -4.916269999999999807e-01
8.849349999999999454e+02, -1.873150000000000093e+00
8.849510000000000218e+02, -2.366860000000000075e-01
8.849679999999999609e+02, 9.211840000000000028e-01
8.849850000000000136e+02, 9.464259999999999895e-01
8.850009999999999764e+02, 9.801039999999999752e-01
8.850180000000000291e+02, -9.169880000000000253e-01
8.850349999999999682e+02, 3.151280000000000192e-01
8.850510000000000446e+02, 1.953680000000000139e-01
8.850679999999999836e+02, 3.953659999999999813e-02
8.850850000000000364e+02, 4.816630000000000078e-01
8.851009999999999991e+02, 7.635979999999999990e-01
8.851180000000000518e+02, 1.204050000000000065e+00
8.851349999999999909e+02, 5.148960000000000342e-02
8.851509999999999536e+02, -4.631259999999999821e-01
8.851680000000000064e+02, -1.648609999999999909e+00
8.851849999999999454e+02, -3.957939999999999792e-01
8.852010000000000218e+02, -1.772909999999999986e+00
8.852179999999999609e+02, 1.880930000000000102e-01
8.852350000000000136e+02, -1.178090000000000082e+00
8.852509999999999764e+02, 1.008070000000000022e+00
8.852680000000000291e+02, 1.381480000000000041e+00
8.852849999999999682e+02, 1.445510000000000073e+00
8.853010000000000446e+02, 5.551369999999999916e-01
8.853179999999999836e+02, 1.321989999999999998e+00
8.853350000000000364e+02, -1.160619999999999985e+00
8.853509999999999991e+02, -1.792380000000000084e-01
8.853680000000000518e+02, -2.189629999999999910e-01
8.853849999999999909e+02, -1.912210000000000021e-01
8.854009999999999536e+02, 8.316890000000000116e-01
8.854180000000000064e+02, -9.265989999999999990e-03
8.854349999999999454e+02, 3.202760000000000051e-01
8.854510000000000218e+02, -1.743399999999999950e-01
8.854679999999999609e+02, 1.009749999999999925e+00
8.854850000000000136e+02, -3.530209999999999737e-01
8.855009999999999764e+02, -3.229190000000000116e-01
8.855180000000000291e+02, 2.912029999999999827e-02
8.855349999999999682e+02, -3.182800000000000212e-02
8.855510000000000446e+02, -6.935970000000000191e-01
8.855679999999999836e+02, 2.849889999999999923e-01
8.855850000000000364e+02, -7.462429999999999897e-01
8.856009999999999991e+02, -9.476040000000000019e-01
8.856180000000000518e+02, -9.711649999999999450e-01
8.856349999999999909e+02, 9.090000000000000302e-01
8.856509999999999536e+02, 2.485050000000000037e-01
8.856680000000000064e+02, -8.924020000000000286e-01
8.856849999999999454e+02, -3.662520000000000220e-01
8.857010000000000218e+02, 5.763059999999999850e-01
8.857179999999999609e+02, -5.710260000000000336e-01
8.857350000000000136e+02, 3.469550000000000134e-01
8.857509999999999764e+02, 9.487280000000000157e-01
8.857680000000000291e+02, 5.611440000000000178e-02
8.857849999999999682e+02, -3.856049999999999756e-02
8.858010000000000446e+02, 1.153680000000000039e+00
8.858179999999999836e+02, 1.162790000000000004e-02
8.858350000000000364e+02, 9.742880000000000429e-01
8.858509999999999991e+02, -5.566619999999999902e-01
8.858680000000000518e+02, -8.845119999999999649e-01
8.858849999999999909e+02, 9.465540000000000065e-01
8.859009999999999536e+02, 1.979960000000000053e-01
8.859180000000000064e+02, 9.720320000000000071e-01
8.859349999999999454e+02, 6.263199999999999878e-01
8.859510000000000218e+02, 2.470009999999999914e-02
8.859679999999999609e+02, -5.656010000000000204e-01
8.859850000000000136e+02, -3.206100000000000061e-01
8.860009999999999764e+02, 3.662059999999999760e-01
8.860180000000000291e+02, 4.053820000000000340e-02
8.860349999999999682e+02, -3.922590000000000243e-01
8.860510000000000446e+02, -3.167039999999999855e-01
8.860679999999999836e+02, -6.467889999999999473e-01
8.860850000000000364e+02, -9.272080000000000322e-01
8.861009999999999991e+02, 7.491710000000000313e-01
8.861180000000000518e+02, 6.979859999999999953e-01
8.861349999999999909e+02, -3.891729999999999912e-01
8.861509999999999536e+02, 1.151279999999999942e-01
8.861680000000000064e+02, -5.978360000000000340e-01
8.861849999999999454e+02, -1.368700000000000028e+00
8.862010000000000218e+02, 1.003509999999999958e-01
8.862179999999999609e+02, -1.311130000000000073e-01
8.862350000000000136e+02, 3.959929999999999839e-01
8.862509999999999764e+02, 6.450609999999999955e-01
8.862680000000000291e+02, -1.109050000000000091e+00
8.862849999999999682e+02, 7.389569999999999750e-01
8.863010000000000446e+02, 7.592520000000000380e-01
8.863179999999999836e+02, 5.627860000000000085e-01
8.863350000000000364e+02, -4.982539999999999747e-01
8.863509999999999991e+02, -2.486479999999999801e+00
8.863680000000000518e+02, -7.189680000000000515e-01
8.863849999999999909e+02, 5.205309999999999659e-01
8.864009999999999536e+02, 9.245029999999999637e-01
8.864180000000000064e+02, 2.372170000000000112e-01
8.864349999999999454e+02, -6.810599999999999987e-01
8.864510000000000218e+02, -4.942349999999999799e-01
8.864679999999999609e+02, -5.953350000000000308e-02
8.864850000000000136e+02, -1.441580000000000084e+00
8.865009999999999764e+02, -8.213549999999999462e-01
8.865180000000000291e+02, 8.503819999999999713e-01
8.865349999999999682e+02, 5.372829999999999551e-01
8.865510000000000446e+02, -2.132060000000000066e-01
8.865679999999999836e+02, 1.803879999999999928e-01
8.865850000000000364e+02, 2.343510000000000038e-01
8.866009999999999991e+02, 8.481309999999999683e-01
8.866180000000000518e+02, 4.898629999999999929e-01
8.866349999999999909e+02, -7.743550000000000155e-01
8.866509999999999536e+02, 1.192570000000000019e-01
8.866680000000000064e+02, -2.917139999999999733e-01
8.866849999999999454e+02, 2.808100000000000041e-01
8.867010000000000218e+02, -1.855999999999999872e-01
8.867179999999999609e+02, -1.501970000000000027e+00
8.867350000000000136e+02, -9.196950000000000403e-01
8.867509999999999764e+02, 5.212440000000000406e-01
8.867680000000000291e+02, 4.253869999999999874e-02
8.867849999999999682e+02, -3.230369999999999769e-02
8.868010000000000446e+02, 1.158470000000000111e+00
8.868179999999999836e+02, 4.784410000000000052e-01
8.868350000000000364e+02, -4.138499999999999956e-01
8.868509999999999991e+02, 2.608619999999999828e-01
8.868680000000000518e+02, 1.560340000000000060e-01
8.868849999999999909e+02, 3.872900000000000231e-01
8.869009999999999536e+02, -6.673280000000000323e-01
8.869180000000000064e+02, -1.031940000000000079e+00
8.869349999999999454e+02, 1.864429999999999907e-02
8.869510000000000218e+02, 8.986849999999999561e-01
8.869679999999999609e+02, 8.231009999999999716e-01
8.869850000000000136e+02, -6.201200000000000045e-01
8.870009999999999764e+02, -7.840080000000000660e-02
8.870180000000000291e+02, -9.217790000000000150e-01
8.870349999999999682e+02, 8.457290000000000640e-02
8.870510000000000446e+02, 5.964130000000000126e-02
8.870679999999999836e+02, 7.960800000000000098e-01
8.870850000000000364e+02, 1.301139999999999963e+00
8.871009999999999991e+02, 6.410339999999999927e-01
8.871180000000000518e+02, -7.315789999999999793e-01
8.871349999999999909e+02, -1.105730000000000102e+00
8.871509999999999536e+02, -1.101180000000000048e+00
8.871680000000000064e+02, -9.559469999999999912e-01
8.871849999999999454e+02, -5.536090000000000177e-01
8.872010000000000218e+02, 7.379179999999999628e-01
8.872179999999999609e+02, -7.012559999999999905e-01
8.872350000000000136e+02, 5.504980000000000429e-01
8.872509999999999764e+02, -6.997879999999999656e-01
8.872680000000000291e+02, -1.666449999999999876e-01
8.872849999999999682e+02, -1.223710000000000075e+00
8.873010000000000446e+02, 1.486800000000000066e-01
8.873179999999999836e+02, 7.574899999999999967e-01
8.873350000000000364e+02, 5.817970000000000086e-01
8.873509999999999991e+02, 2.215469999999999828e+00
8.873680000000000518e+02, 1.386020000000000030e+00
8.873849999999999909e+02, 6.383769999999999722e-01
8.874009999999999536e+02, -7.731479999999999464e-01
8.874180000000000064e+02, 2.592289999999999872e-01
8.874349999999999454e+02, -1.278909999999999991e+00
8.874510000000000218e+02, 8.021559999999999802e-01
8.874679999999999609e+02, 3.340389999999999748e-01
8.874850000000000136e+02, 1.732490000000000085e+00
8.875009999999999764e+02, -7.203270000000000506e-01
8.875180000000000291e+02, -1.808570000000000011e+00
8.875349999999999682e+02, 9.697500000000000009e-01
8.875510000000000446e+02, 4.168259999999999743e-01
8.875679999999999836e+02, -5.415640000000000211e-03
8.875850000000000364e+02, -5.663799999999999946e-01
8.876009999999999991e+02, -1.040380000000000055e-01
8.876180000000000518e+02, -1.639710000000000001e+00
8.876349999999999909e+02, -9.412319999999999576e-01
8.876509999999999536e+02, -1.492939999999999934e+00
8.876680000000000064e+02, -2.797490000000000254e-01
8.876849999999999454e+02, -8.059890000000000110e-02
8.877010000000000218e+02, 8.370760000000000423e-01
8.877179999999999609e+02, 7.539369999999999683e-01
8.877350000000000136e+02, 2.440980000000000094e-01
8.877509999999999764e+02, 3.303480000000000305e-02
8.877680000000000291e+02, 1.503919999999999979e-01
8.877849999999999682e+02, 8.864030000000000520e-01
8.878010000000000446e+02, 2.327899999999999969e-01
8.878179999999999836e+02, -9.957199999999999385e-02
8.878350000000000364e+02, -4.757759999999999767e-02
8.878509999999999991e+02, -1.836729999999999974e+00
8.878680000000000518e+02, -6.553560000000000496e-01
8.878849999999999909e+02, -2.030770000000000075e-01
8.879009999999999536e+02, 7.973679999999999657e-01
8.879180000000000064e+02, 6.940709999999999935e-01
8.879349999999999454e+02, 1.206350000000000033e+00
8.879510000000000218e+02, 3.856369999999999937e-02
8.879679999999999609e+02, -7.539580000000000171e-01
8.879850000000000136e+02, -7.950039999999999885e-02
8.880009999999999764e+02, -8.778789999999999649e-01
8.880180000000000291e+02, 8.782579999999999831e-01
8.880349999999999682e+02, -5.070489999999999720e-01
8.880510000000000446e+02, 3.166700000000000070e-01
8.880679999999999836e+02, -6.530669999999999531e-01
8.880850000000000364e+02, -1.260219999999999896e+00
8.881009999999999991e+02, 1.218409999999999993e+00
8.881180000000000518e+02, 4.137620000000000187e-01
8.881349999999999909e+02, 8.709540000000000060e-01
8.881509999999999536e+02, 1.040289999999999937e+00
8.881680000000000064e+02, 5.584489999999999732e-01
8.881849999999999454e+02, -9.702830000000000066e-01
8.882010000000000218e+02, 4.287420000000000120e-01
8.882179999999999609e+02, 7.954419999999999824e-01
8.882350000000000136e+02, 1.392670000000000075e+00
8.882509999999999764e+02, -6.438810000000000366e-01
8.882680000000000291e+02, -4.224399999999999822e-01
8.882849999999999682e+02, -1.022580000000000044e+00
8.883010000000000446e+02, 1.676910000000000067e-01
8.883179999999999836e+02, 3.061530000000000085e-01
8.883350000000000364e+02, -5.204480000000000217e-02
8.883509999999999991e+02, 9.342639999999999834e-01
8.883680000000000518e+02, 5.907740000000000213e-01
8.883849999999999909e+02, 1.454090000000000105e+00
8.884009999999999536e+02, 2.128000000000000030e-02
8.884180000000000064e+02, -6.003039999999999488e-01
8.884349999999999454e+02, -7.560810000000000031e-01
8.884510000000000218e+02, 1.399170000000000025e+00
8.884679999999999609e+02, 9.647280000000000300e-01
8.884850000000000136e+02, 1.553219999999999879e-01
8.885009999999999764e+02, -6.432769999999999877e-01
8.885180000000000291e+02, -4.459230000000000138e-01
8.885349999999999682e+02, 3.430830000000000268e-01
8.885510000000000446e+02, 9.731600000000000250e-01
8.885679999999999836e+02, 4.967710000000000181e-01
8.885850000000000364e+02, -1.505740000000000078e+00
8.886009999999999991e+02, 8.345700000000000340e-02
8.886180000000000518e+02, 9.982410000000000588e-03
8.886349999999999909e+02, -2.943620000000000125e-01
8.886509999999999536e+02, 4.602769999999999917e-01
8.886680000000000064e+02, -1.182639999999999914e+00
8.886849999999999454e+02, -7.679880000000000040e-02
8.887010000000000218e+02, -1.283689999999999998e+00
8.887179999999999609e+02, -1.221880000000000077e+00
8.887350000000000136e+02, 6.968189999999999662e-01
8.887509999999999764e+02, -3.008049999999999891e-01
8.887680000000000291e+02, -1.238159999999999927e+00
8.887849999999999682e+02, -4.273029999999999884e-01
8.888010000000000446e+02, 1.692409999999999970e+00
8.888179999999999836e+02, 1.269959999999999978e+00
8.888350000000000364e+02, -2.303280000000000050e-01
8.888509999999999991e+02, -5.895150000000000112e-01
8.888680000000000518e+02, -1.040470000000000006e+00
8.888849999999999909e+02, 1.211149999999999949e+00
8.889009999999999536e+02, 6.218559999999999643e-01
8.889180000000000064e+02, 4.799669999999999770e-01
8.889349999999999454e+02, -7.588789999999999702e-01
8.889510000000000218e+02, 2.489939999999999931e-01
8.889679999999999609e+02, 6.605140000000000455e-01
8.889850000000000136e+02, 5.684470000000000356e-01
8.890009999999999764e+02, -8.773269999999999680e-01
8.890180000000000291e+02, 2.547760000000000025e-01
8.890349999999999682e+02, 9.520889999999999909e-02
8.890510000000000446e+02, 6.582930000000000170e-01
8.890679999999999836e+02, 1.288049999999999917e+00
8.890850000000000364e+02, 3.245439999999999992e-01
8.891009999999999991e+02, -2.810230000000000228e-01
8.891180000000000518e+02, 1.073450000000000015e+00
8.891349999999999909e+02, 5.959510000000000085e-01
8.891509999999999536e+02, 4.382070000000000132e-01
8.891680000000000064e+02, -5.536739999999999995e-01
8.891849999999999454e+02, -7.247470000000000301e-01
8.892010000000000218e+02, 1.823559999999999903e-01
8.892179999999999609e+02, -3.678440000000000182e-02
8.892350000000000136e+02, -6.268219999999999903e-01
8.892509999999999764e+02, -9.502439999999999776e-01
8.892680000000000291e+02, 1.402710000000000068e-01
8.892849999999999682e+02, -1.788019999999999887e-01
8.893010000000000446e+02, -1.634889999999999954e-01
8.893179999999999836e+02, 1.512080000000000091e+00
8.893350000000000364e+02, 6.606419999999999515e-01
8.893509999999999991e+02, -1.011380000000000057e-01
8.893680000000000518e+02, 3.878579999999999806e-01
8.893849999999999909e+02, 2.546209999999999862e-01
8.894009999999999536e+02, 1.358109999999999928e+00
8.894180000000000064e+02, 5.557889999999999775e-01
8.894349999999999454e+02, -3.887010000000000187e-01
8.894510000000000218e+02, -9.981590000000000185e-01
8.894679999999999609e+02, -5.587419999999999609e-01
8.894850000000000136e+02, 4.655700000000000116e-02
8.895009999999999764e+02, 7.224379999999999864e-03
8.895180000000000291e+02, -2.602130000000000276e-01
8.895349999999999682e+02, -7.740850000000000231e-01
8.895510000000000446e+02, -6.227319999999999522e-01
8.895679999999999836e+02, 3.016889999999999850e-01
8.895850000000000364e+02, 2.952609999999999957e-01
8.896009999999999991e+02, -1.120770000000000044e+00
8.896180000000000518e+02, 5.710319999999999840e-01
8.896349999999999909e+02, 1.811919999999999850e-02
8.896509999999999536e+02, 2.732140000000000124e-01
8.896680000000000064e+02, 6.868440000000000101e-01
8.896849999999999454e+02, 7.112870000000000303e-02
8.897010000000000218e+02, -2.018729999999999969e-01
8.897179999999999609e+02, -1.000520000000000076e+00
8.897350000000000136e+02, -6.086510000000000531e-01
8.897509999999999764e+02, -4.964759999999999729e-01
8.897680000000000291e+02, 1.380859999999999976e+00
8.897849999999999682e+02, 9.629790000000000294e-01
8.898010000000000446e+02, 1.041730000000000045e+00
8.898179999999999836e+02, 5.100559999999999539e-01
8.898350000000000364e+02, 6.576779999999999848e-01
8.898509999999999991e+02, 3.559169999999999834e-01
8.898680000000000518e+02, 4.477430000000000021e-01
8.898849999999999909e+02, 1.027449999999999974e+00
8.899009999999999536e+02, 2.114880000000000093e-01
8.899180000000000064e+02, -5.871340000000000447e-01
8.899349999999999454e+02, 5.891840000000000410e-01
8.899510000000000218e+02, 8.428539999999999921e-01
8.899679999999999609e+02, -1.236669999999999936e+00
8.899850000000000136e+02, 7.097179999999999600e-01
8.900009999999999764e+02, 1.397170000000000079e-01
8.900180000000000291e+02, -9.841349999999999820e-01
8.900349999999999682e+02, -3.585849999999999871e-01
8.900510000000000446e+02, 3.278070000000000150e-01
8.900679999999999836e+02, 3.268200000000000185e-03
8.900850000000000364e+02, 8.617150000000000087e-01
8.901009999999999991e+02, 9.527489999999999570e-01
8.901180000000000518e+02, -6.841359999999999664e-01
8.901349999999999909e+02, -9.220479999999999787e-01
8.901509999999999536e+02, -4.842810000000000170e-01
8.901680000000000064e+02, 8.513840000000000297e-01
8.901849999999999454e+02, 5.818709999999999855e-02
8.902010000000000218e+02, 8.128199999999999315e-02
8.902179999999999609e+02, -1.120580000000000014e-02
8.902350000000000136e+02, -1.117569999999999952e+00
8.902509999999999764e+02, -8.487959999999999949e-01
8.902680000000000291e+02, -1.619019999999999904e-01
8.902849999999999682e+02, 3.900950000000000251e-01
8.903010000000000446e+02, 1.355080000000000062e+00
8.903179999999999836e+02, 3.278449999999999975e-01
8.903350000000000364e+02, -1.535600000000000076e+00
8.903509999999999991e+02, -5.746620000000000061e-01
8.903680000000000518e+02, -1.045529999999999932e-01
8.903849999999999909e+02, -8.018790000000000084e-01
8.904009999999999536e+02, -3.114640000000000186e-01
8.904180000000000064e+02, -6.321020000000000527e-01
8.904349999999999454e+02, -7.732890000000000597e-02
8.904510000000000218e+02, -1.376400000000000123e-01
8.904679999999999609e+02, -1.901469999999999994e+00
8.904850000000000136e+02, -2.357940000000000036e-01
8.905009999999999764e+02, 5.588180000000000369e-01
8.905180000000000291e+02, 1.614249999999999963e+00
8.905349999999999682e+02, 1.166459999999999997e-01
8.905510000000000446e+02, -9.123700000000000143e-01
8.905679999999999836e+02, -1.924460000000000059e-01
8.905850000000000364e+02, -4.037580000000000058e-01
8.906009999999999991e+02, -1.264510000000000023e+00
8.906180000000000518e+02, -1.322530000000000094e-01
8.906349999999999909e+02, -9.818449999999999678e-01
8.906509999999999536e+02, 4.158129999999999882e-01
8.906680000000000064e+02, -7.788159999999999528e-01
8.906849999999999454e+02, 5.056760000000000144e-01
8.907010000000000218e+02, -3.682360000000000078e-01
8.907179999999999609e+02, -6.146479999999999722e-01
8.907350000000000136e+02, -8.287870000000000514e-01
8.907509999999999764e+02, 7.765699999999999825e-01
8.907680000000000291e+02, -5.069919999999999982e-01
8.907849999999999682e+02, 6.104929999999999524e-01
8.908010000000000446e+02, -2.720679999999999765e-01
8.908179999999999836e+02, 1.205400000000000027e+00
8.908350000000000364e+02, -1.847580000000000056e-01
8.908509999999999991e+02, 1.067269999999999941e+00
8.908680000000000518e+02, -4.253730000000000011e-01
8.908849999999999909e+02, -1.223419999999999952e+00
8.909009999999999536e+02, 5.295929999999999804e-01
8.909180000000000064e+02, 8.840869999999999562e-01
8.909349999999999454e+02, 9.631870000000000154e-01
8.909510000000000218e+02, 1.684760000000000035e+00
8.909679999999999609e+02, 7.544600000000000195e-01
8.909850000000000136e+02, 8.039549999999999752e-01
8.910009999999999764e+02, 6.711850000000000316e-01
8.910180000000000291e+02, -1.240690000000000071e+00
8.910349999999999682e+02, -6.721599999999999797e-01
8.910510000000000446e+02, 3.304079999999999795e-01
8.910679999999999836e+02, -1.526899999999999924e-01
8.910850000000000364e+02, -1.160379999999999967e+00
8.911009999999999991e+02, -1.392470000000000097e+00
8.911180000000000518e+02, -1.297569999999999890e+00
8.911349999999999909e+02, 1.186029999999999918e+00
8.911509999999999536e+02, -5.628630000000000022e-01
8.911680000000000064e+02, 1.640999999999999959e-01
8.911849999999999454e+02, -6.391200000000000214e-01
8.912010000000000218e+02, -1.192569999999999908e+00
8.912179999999999609e+02, 1.864030000000000131e-01
8.912350000000000136e+02, -6.838570000000000482e-01
8.912509999999999764e+02, -1.205370000000000053e+00
8.912680000000000291e+02, -1.132830000000000004e+00
8.912849999999999682e+02, -3.161100000000000021e-01
8.913010000000000446e+02, -2.421490000000000031e-01
8.913179999999999836e+02, -5.565940000000000124e-03
8.913350000000000364e+02, -2.107499999999999929e-01
8.913509999999999991e+02, -1.243290000000000006e+00
8.913680000000000518e+02, 6.072619999999999685e-01
8.913849999999999909e+02, 5.073229999999999684e-01
8.914009999999999536e+02, 1.296170000000000044e+00
8.914180000000000064e+02, -1.600160000000000124e-02
8.914349999999999454e+02, -7.864809999999999857e-02
8.914510000000000218e+02, -3.986470000000000291e-02
8.914679999999999609e+02, -1.072619999999999907e+00
8.914850000000000136e+02, -1.116589999999999971e+00
8.915009999999999764e+02, -8.323819999999999553e-01
8.915180000000000291e+02, 9.340889999999999471e-01
8.915349999999999682e+02, 1.166179999999999994e+00
8.915510000000000446e+02, 5.957810000000000050e-01
8.915679999999999836e+02, -8.960129999999999484e-01
8.915850000000000364e+02, -9.920459999999999834e-01
8.916009999999999991e+02, -6.711200000000000498e-01
8.916180000000000518e+02, 2.771350000000000202e-01
8.916349999999999909e+02, 9.862440000000000095e-01
8.916509999999999536e+02, -5.189820000000000544e-01
8.916680000000000064e+02, -5.421610000000000040e-01
8.916849999999999454e+02, -8.617160000000000444e-03
8.917010000000000218e+02, 9.933370000000000394e-03
8.917179999999999609e+02, 9.183069999999999844e-01
8.917350000000000136e+02, 3.750160000000000160e-01
8.917509999999999764e+02, 5.186739999999999684e-01
8.917680000000000291e+02, -6.503290000000000459e-01
8.917849999999999682e+02, -5.570899999999999741e-01
8.918010000000000446e+02, 1.783780000000000088e-01
8.918179999999999836e+02, -1.173869999999999969e+00
8.918350000000000364e+02, -3.816539999999999933e-01
8.918509999999999991e+02, -2.371350000000000124e-01
8.918680000000000518e+02, 2.978640000000000176e-01
8.918849999999999909e+02, 9.535820000000000407e-01
8.919009999999999536e+02, 1.247370000000000007e-01
8.919180000000000064e+02, -1.610459999999999947e-01
8.919349999999999454e+02, 2.960900000000000198e-01
8.919510000000000218e+02, 1.224890000000000007e-01
8.919679999999999609e+02, -2.601809999999999956e-01
8.919850000000000136e+02, -5.067669999999999675e-01
8.920009999999999764e+02, -8.920099999999999696e-01
8.920180000000000291e+02, 1.213829999999999965e+00
8.920349999999999682e+02, -2.814530000000000087e-01
8.920510000000000446e+02, -1.435230000000000117e-01
8.920679999999999836e+02, 9.646759999999999780e-01
8.920850000000000364e+02, -9.880139999999999478e-01
8.921009999999999991e+02, 9.264269999999999450e-02
8.921180000000000518e+02, 2.692439999999999833e-01
8.921349999999999909e+02, 8.330149999999999499e-01
8.921509999999999536e+02, -2.902509999999999812e-01
8.921680000000000064e+02, -1.802769999999999928e-01
8.921849999999999454e+02, 3.861339999999999772e-01
8.922010000000000218e+02, -1.718509999999999982e+00
8.922179999999999609e+02, -1.160130000000000106e+00
8.922350000000000136e+02, -6.908109999999999529e-01
8.922509999999999764e+02, 6.437039999999999429e-02
8.922680000000000291e+02, -1.260240000000000027e+00
8.922849999999999682e+02, -6.598349999999999493e-01
8.923010000000000446e+02, 4.833129999999999926e-01
8.923179999999999836e+02, -1.075110000000000010e+00
8.923350000000000364e+02, 5.563139999999999752e-01
8.923509999999999991e+02, -3.519390000000000018e-01
8.923680000000000518e+02, -5.886940000000000506e-01
8.923849999999999909e+02, -5.691669999999999785e-01
8.924009999999999536e+02, -6.118460000000000010e-01
8.924180000000000064e+02, 2.593960000000000155e-01
8.924349999999999454e+02, 1.158330000000000082e+00
8.924510000000000218e+02, 3.992240000000000233e-01
8.924679999999999609e+02, -1.142740000000000089e+00
8.924850000000000136e+02, -1.223530000000000006e+00
8.925009999999999764e+02, 2.571109999999999784e-01
8.925180000000000291e+02, -3.701200000000000045e-01
8.925349999999999682e+02, 9.211500000000000243e-01
8.925510000000000446e+02, 9.144409999999999483e-01
8.925679999999999836e+02, 6.332250000000000378e-01
8.925850000000000364e+02, 4.595989999999999798e-01
8.926009999999999991e+02, -1.350669999999999926e-01
8.926180000000000518e+02, -9.478379999999999583e-01
8.926349999999999909e+02, 2.679070000000000062e-01
8.926509999999999536e+02, -6.400109999999999966e-01
8.926680000000000064e+02, 5.332430000000000225e-01
8.926849999999999454e+02, 1.201699999999999990e+00
8.927010000000000218e+02, -1.326859999999999928e+00
8.927179999999999609e+02, -7.433020000000000183e-01
8.927350000000000136e+02, 2.126740000000000019e-01
8.927509999999999764e+02, 3.690220000000000167e-01
8.927680000000000291e+02, 1.722369999999999957e+00
8.927849999999999682e+02, 1.059539999999999926e+00
8.928010000000000446e+02, -9.660480000000000456e-02
8.928179999999999836e+02, -8.681029999999999580e-01
8.928350000000000364e+02, -2.315850000000000186e+00
8.928509999999999991e+02, -6.043349999999999556e-01
8.928680000000000518e+02, 4.841090000000000115e-01
8.928849999999999909e+02, 8.281239999999999712e-01
8.929009999999999536e+02, -7.430200000000000138e-01
8.929180000000000064e+02, 2.531280000000000197e-01
8.929349999999999454e+02, -6.381909999999999528e-01
8.929510000000000218e+02, 1.946600000000000108e+00
8.929679999999999609e+02, 4.139620000000000105e-02
8.929850000000000136e+02, 2.918979999999999908e-01
8.930009999999999764e+02, 8.584840000000000249e-01
8.930180000000000291e+02, -4.996079999999999965e-01
8.930349999999999682e+02, -7.410569999999999657e-01
8.930510000000000446e+02, 5.850530000000000452e-01
8.930679999999999836e+02, -1.036030000000000006e+00
8.930850000000000364e+02, -6.729300000000000281e-01
8.931009999999999991e+02, -4.545690000000000008e-01
8.931180000000000518e+02, 8.966680000000000206e-01
8.931349999999999909e+02, 8.311610000000000387e-01
8.931509999999999536e+02, 1.038440000000000030e+00
8.931680000000000064e+02, -2.953890000000000127e-01
8.931849999999999454e+02, 2.457749999999999935e-01
8.932010000000000218e+02, -8.832309999999999883e-01
8.932179999999999609e+02, -1.106039999999999912e+00
8.932350000000000136e+02, -1.955060000000000020e+00
8.932509999999999764e+02, -3.103609999999999980e-01
8.932680000000000291e+02, 1.315779999999999950e+00
8.932849999999999682e+02, 1.932770000000000099e+00
8.933010000000000446e+02, 1.474040000000000017e+00
8.933179999999999836e+02, -9.655770000000000186e-01
8.933350000000000364e+02, -1.951149999999999940e+00
8.933509999999999991e+02, -1.311820000000000000e-02
8.933680000000000518e+02, 4.663700000000000068e-01
8.933849999999999909e+02, 4.143069999999999808e-01
8.934009999999999536e+02, 6.194800000000000306e-01
8.934180000000000064e+02, 4.453210000000000224e-01
8.934349999999999454e+02, 2.822970000000000201e-01
8.934510000000000218e+02, 1.087189999999999962e-01
8.934679999999999609e+02, 6.924350000000000227e-01
8.934850000000000136e+02, -1.439310000000000034e-01
8.935009999999999764e+02, 3.024979999999999891e-01
8.935180000000000291e+02, -1.364229999999999887e-01
8.935349999999999682e+02, -4.298560000000000159e-01
8.935510000000000446e+02, -7.873940000000000383e-01
8.935679999999999836e+02, 5.996160000000000379e-01
8.935850000000000364e+02, -5.840070000000000539e-01
8.936009999999999991e+02, 7.855039999999999800e-01
8.936180000000000518e+02, -1.085409999999999986e+00
8.936349999999999909e+02, -1.114109999999999934e+00
8.936509999999999536e+02, -1.174730000000000052e+00
8.936680000000000064e+02, 3.343490000000000073e-01
8.936849999999999454e+02, -1.258089999999999931e+00
8.937010000000000218e+02, 1.860789999999999944e-01
8.937179999999999609e+02, 1.689119999999999955e+00
8.937350000000000136e+02, -2.890989999999999949e-01
8.937509999999999764e+02, 1.607720000000000038e+00
8.937680000000000291e+02, 5.781629999999999825e-01
8.937849999999999682e+02, 1.071320000000000050e+00
8.938010000000000446e+02, 3.329230000000000245e-01
8.938179999999999836e+02, 4.218979999999999952e-01
8.938350000000000364e+02, -3.970889999999999836e-02
8.938509999999999991e+02, -4.766059999999999741e-01
8.938680000000000518e+02, -1.196020000000000083e+00
8.938849999999999909e+02, -2.536379999999999857e+00
8.939009999999999536e+02, -5.074980000000000047e-01
8.939180000000000064e+02, -5.594540000000000068e-01
8.939349999999999454e+02, -2.747560000000000002e-01
8.939510000000000218e+02, -2.214669999999999972e-01
8.939679999999999609e+02, 3.355139999999999789e-01
8.939850000000000136e+02, 4.127600000000000019e-02
8.940009999999999764e+02, -5.458020000000000094e-01
8.940180000000000291e+02, -1.253499999999999927e-02
8.940349999999999682e+02, 2.494580000000000131e-01
8.940510000000000446e+02, -1.379809999999999981e+00
8.940679999999999836e+02, 3.860399999999999943e-02
8.940850000000000364e+02, -2.380809999999999871e-01
8.941009999999999991e+02, 7.413820000000000132e-02
8.941180000000000518e+02, 4.373139999999999666e-02
8.941349999999999909e+02, 7.731050000000000422e-01
8.941509999999999536e+02, 6.261600000000000499e-01
8.941680000000000064e+02, 1.210439999999999960e+00
8.941849999999999454e+02, 3.280699999999999728e-01
8.942010000000000218e+02, 1.448810000000000098e-01
8.942179999999999609e+02, -6.697680000000000300e-01
8.942350000000000136e+02, -3.586110000000000131e-01
8.942509999999999764e+02, -1.627520000000000078e+00
8.942680000000000291e+02, -9.627329999999999499e-01
8.942849999999999682e+02, -9.981219999999999537e-01
8.943010000000000446e+02, -6.379599999999999715e-01
8.943179999999999836e+02, -3.767420000000000213e-01
8.943350000000000364e+02, -2.137560000000000016e-01
8.943509999999999991e+02, 1.832519999999999982e-01
8.943680000000000518e+02, 6.163699999999999735e-01
8.943849999999999909e+02, 6.593949999999999534e-01
8.944009999999999536e+02, 1.198709999999999942e+00
8.944180000000000064e+02, 4.002809999999999979e-01
8.944349999999999454e+02, -8.465759999999999952e-01
8.944510000000000218e+02, -5.735860000000000403e-01
8.944679999999999609e+02, -2.032589999999999952e-01
8.944850000000000136e+02, -1.000070000000000014e+00
8.945009999999999764e+02, -3.599720000000000142e-01
8.945180000000000291e+02, 4.418540000000000245e-01
8.945349999999999682e+02, 5.848539999999999850e-01
8.945510000000000446e+02, 8.507029999999999870e-01
8.945679999999999836e+02, -1.693290000000000073e-01
8.945850000000000364e+02, 1.188879999999999937e+00
8.946009999999999991e+02, 1.424260000000000081e+00
8.946180000000000518e+02, 1.518829999999999902e+00
8.946349999999999909e+02, 6.079240000000000338e-02
8.946509999999999536e+02, -4.445109999999999895e-01
8.946680000000000064e+02, -4.316920000000000132e-03
8.946849999999999454e+02, -1.192479999999999984e+00
8.947010000000000218e+02, -7.198930000000000051e-01
8.947179999999999609e+02, 1.128060000000000063e+00
8.947350000000000136e+02, -1.724189999999999889e+00
8.947509999999999764e+02, 4.626500000000000057e-01
8.947680000000000291e+02, -2.938790000000000013e-01
8.947849999999999682e+02, 1.347970000000000002e-01
8.948010000000000446e+02, 6.777539999999999676e-01
8.948179999999999836e+02, 2.707220000000000112e-02
8.948350000000000364e+02, -5.447869999999999796e-02
8.948509999999999991e+02, -8.079070000000000418e-01
8.948680000000000518e+02, 5.449530000000000207e-01
8.948849999999999909e+02, -9.515010000000000134e-02
8.949009999999999536e+02, -2.968529999999999780e-01
8.949180000000000064e+02, 1.137150000000000105e+00
8.949349999999999454e+02, -9.595110000000000028e-01
8.949510000000000218e+02, -3.146619999999999973e-01
8.949679999999999609e+02, 1.895540000000000003e-01
8.949850000000000136e+02, -1.155349999999999988e-01
8.950009999999999764e+02, 5.886580000000000146e-01
8.950180000000000291e+02, 1.175610000000000044e+00
8.950349999999999682e+02, -1.111469999999999958e-01
8.950510000000000446e+02, 6.287589999999999568e-01
8.950679999999999836e+02, 5.415670000000000206e-01
8.950850000000000364e+02, -2.806580000000000186e-01
8.951009999999999991e+02, 2.392429999999999904e-02
8.951180000000000518e+02, 4.705699999999999883e-01
8.951349999999999909e+02, -1.492839999999999945e+00
8.951509999999999536e+02, -3.675019999999999676e-02
8.951680000000000064e+02, 3.896350000000000091e-01
8.951849999999999454e+02, -9.573869999999999880e-01
8.952010000000000218e+02, 8.010570000000000190e-01
8.952179999999999609e+02, 6.249280000000000113e-02
8.952350000000000136e+02, 5.712210000000000204e-02
8.952509999999999764e+02, 7.972329999999999695e-01
8.952680000000000291e+02, 1.120300000000000074e+00
8.952849999999999682e+02, 2.398109999999999964e-01
8.953010000000000446e+02, -7.425709999999999811e-01
8.953179999999999836e+02, -6.096669999999999590e-01
8.953350000000000364e+02, -3.956410000000000204e-01
8.953509999999999991e+02, -3.595849999999999880e-01
8.953680000000000518e+02, 6.107299999999999951e-01
8.953849999999999909e+02, 1.584289999999999976e+00
8.954009999999999536e+02, 3.425920000000000076e-01
8.954180000000000064e+02, -4.326280000000000125e-01
8.954349999999999454e+02, 5.640969999999999596e-01
8.954510000000000218e+02, 8.182279999999999553e-01
8.954679999999999609e+02, 1.469110000000000138e-01
8.954850000000000136e+02, 1.243889999999999940e+00
8.955009999999999764e+02, 3.343309999999999893e-01
8.955180000000000291e+02, 2.957709999999999853e-02
8.955349999999999682e+02, 2.193489999999999884e-01
8.955510000000000446e+02, 6.138299999999999867e-01
8.955679999999999836e+02, 4.394569999999999865e-01
8.955850000000000364e+02, 8.172080000000000455e-01
8.956009999999999991e+02, 5.166730000000000489e-01
8.956180000000000518e+02, 1.141930000000000028e-01
8.956349999999999909e+02, 1.179919999999999997e-01
8.956509999999999536e+02, 1.057439999999999936e+00
8.956680000000000064e+02, 7.271779999999999911e-01
8.956849999999999454e+02, 8.239419999999999522e-01
8.957010000000000218e+02, 6.491390000000000216e-01
8.957179999999999609e+02, -4.902750000000000163e-01
8.957350000000000136e+02, -1.884339999999999904e-01
8.957509999999999764e+02, 9.515660000000000229e-01
8.957680000000000291e+02, 1.409980000000000122e-01
8.957849999999999682e+02, 4.875110000000000277e-01
8.958010000000000446e+02, 4.547140000000000071e-01
8.958179999999999836e+02, 6.732289999999999663e-01
8.958350000000000364e+02, -1.145629999999999926e+00
8.958509999999999991e+02, 1.300489999999999924e+00
8.958680000000000518e+02, -1.239489999999999981e+00
8.958849999999999909e+02, -3.385270000000000223e-01
8.959009999999999536e+02, -2.195010000000000017e-01
8.959180000000000064e+02, -9.806409999999999849e-01
8.959349999999999454e+02, -6.926149999999999807e-01
8.959510000000000218e+02, 1.581380000000000008e-01
8.959679999999999609e+02, -8.021040000000000392e-01
8.959850000000000136e+02, -1.632059999999999900e-01
8.960009999999999764e+02, 5.715750000000000552e-01
8.960180000000000291e+02, -1.371990000000000043e+00
8.960349999999999682e+02, 4.231130000000000169e-01
8.960510000000000446e+02, 1.005090000000000039e+00
8.960679999999999836e+02, 3.922350000000000003e-01
8.960850000000000364e+02, 2.448730000000000073e-01
8.961009999999999991e+02, -4.565199999999999814e-01
8.961180000000000518e+02, 1.511010000000000131e-01
8.961349999999999909e+02, 5.266739999999999755e-01
8.961509999999999536e+02, -2.376040000000000096e-02
8.961680000000000064e+02, 8.116940000000000266e-01
8.961849999999999454e+02, -7.366059999999999830e-01
8.962010000000000218e+02, 5.252320000000000322e-01
8.962179999999999609e+02, 2.294259999999999911e-01
8.962350000000000136e+02, 1.856970000000000010e-01
8.962509999999999764e+02, 1.294019999999999893e-01
8.962680000000000291e+02, 4.071859999999999924e-01
8.962849999999999682e+02, -3.180839999999999779e-01
8.963010000000000446e+02, -5.919269999999999810e-01
8.963179999999999836e+02, -7.699089999999999545e-01
8.963350000000000364e+02, -5.099460000000000104e-01
8.963509999999999991e+02, -7.044419999999999848e-02
8.963680000000000518e+02, -2.026129999999999876e-01
8.963849999999999909e+02, 8.414220000000000033e-01
8.964009999999999536e+02, 7.236669999999999492e-01
8.964180000000000064e+02, -7.129240000000000022e-01
8.964349999999999454e+02, -1.633769999999999945e-01
8.964510000000000218e+02, -6.514799999999999480e-01
8.964679999999999609e+02, 1.848849999999999938e-01
8.964850000000000136e+02, -1.844210000000000016e-01
8.965009999999999764e+02, 4.388079999999999758e-02
8.965180000000000291e+02, -6.424409999999999843e-02
8.965349999999999682e+02, -1.290459999999999940e-01
8.965510000000000446e+02, -4.408679999999999821e-01
8.965679999999999836e+02, 1.651480000000000059e+00
8.965850000000000364e+02, 9.860830000000000428e-01
8.966009999999999991e+02, -8.943649999999999656e-01
8.966180000000000518e+02, -7.061739999999999684e-01
8.966349999999999909e+02, -4.980850000000000000e-01
8.966509999999999536e+02, 1.227209999999999968e-01
8.966680000000000064e+02, -1.622719999999999996e-01
8.966849999999999454e+02, -6.954289999999999639e-01
8.967010000000000218e+02, -2.951369999999999827e-01
8.967179999999999609e+02, 1.392430000000000057e-01
8.967350000000000136e+02, 1.239139999999999908e+00
8.967509999999999764e+02, 1.149010000000000087e+00
8.967680000000000291e+02, -4.789900000000000269e-01
8.967849999999999682e+02, -1.596999999999999975e+00
8.968010000000000446e+02, -8.562199999999999811e-01
8.968179999999999836e+02, -7.254840000000000177e-01
8.968350000000000364e+02, -9.812830000000000163e-01
8.968509999999999991e+02, 4.565799999999999859e-01
8.968680000000000518e+02, -1.389130000000000087e-01
8.968849999999999909e+02, -1.802590000000000026e-01
8.969009999999999536e+02, 1.203609999999999958e-01
8.969180000000000064e+02, 1.185990000000000100e+00
8.969349999999999454e+02, -3.550690000000000235e-01
8.969510000000000218e+02, -8.354049999999999532e-01
8.969679999999999609e+02, 1.631009999999999960e-01
8.969850000000000136e+02, 1.726830000000000087e+00
8.970009999999999764e+02, 1.472060000000000035e-02
8.970180000000000291e+02, 3.861069999999999780e-01
8.970349999999999682e+02, 4.569810000000000261e-01
8.970510000000000446e+02, 1.214139999999999942e-01
8.970679999999999836e+02, 1.362030000000000074e+00
8.970850000000000364e+02, -5.414839999999999653e-01
8.971009999999999991e+02, -7.958380000000000454e-01
8.971180000000000518e+02, -2.039159999999999862e+00
8.971349999999999909e+02, -8.200030000000000374e-01
8.971509999999999536e+02, -9.632190000000000196e-02
8.971680000000000064e+02, 3.860169999999999990e-01
8.971849999999999454e+02, 1.615640000000000132e-01
8.972010000000000218e+02, -6.110579999999999901e-01
8.972179999999999609e+02, -2.133400000000000019e-01
8.972350000000000136e+02, -1.195370000000000044e+00
8.972509999999999764e+02, 2.209629999999999928e-01
8.972680000000000291e+02, 6.440989999999999771e-01
8.972849999999999682e+02, 3.023179999999999756e-01
8.973010000000000446e+02, 1.912959999999999994e+00
8.973179999999999836e+02, 7.781069999999999931e-01
8.973350000000000364e+02, 6.471780000000000310e-01
8.973509999999999991e+02, -1.013020000000000032e+00
8.973680000000000518e+02, 1.954559999999999909e-01
8.973849999999999909e+02, -3.420460000000000167e-01
8.974009999999999536e+02, -1.751169999999999893e+00
8.974180000000000064e+02, -5.456370000000000386e-01
8.974349999999999454e+02, 8.183470000000000466e-01
8.974510000000000218e+02, 1.080620000000000053e-01
8.974679999999999609e+02, -7.696250000000000036e-01
8.974850000000000136e+02, 3.503200000000000203e-01
8.975009999999999764e+02, -1.408309999999999951e+00
8.975180000000000291e+02, -4.772569999999999868e-01
8.975349999999999682e+02, 2.247279999999999944e+00
8.975510000000000446e+02, 4.826819999999999722e-02
8.975679999999999836e+02, 1.477340000000000098e+00
8.975850000000000364e+02, 8.181530000000000191e-01
8.976009999999999991e+02, 7.954750000000000432e-01
8.976180000000000518e+02, 2.496250000000000135e-01
8.976349999999999909e+02, -6.535879999999999468e-01
8.976509999999999536e+02, -7.200269999999999726e-01
8.976680000000000064e+02, -1.380870000000000042e+00
8.976849999999999454e+02, 9.376389999999999725e-02
8.977010000000000218e+02, 9.849529999999999674e-01
8.977179999999999609e+02, 5.971579999999999666e-01
8.977350000000000136e+02, -8.999690000000000190e-01
8.977509999999999764e+02, -1.153880000000000017e+00
8.977680000000000291e+02, 2.015939999999999954e-01
8.977849999999999682e+02, -6.062130000000000019e-01
8.978010000000000446e+02, -1.167340000000000044e-01
8.978179999999999836e+02, -3.857860000000000178e-01
8.978350000000000364e+02, 7.337259999999999893e-01
8.978509999999999991e+02, 1.090419999999999945e+00
8.978680000000000518e+02, 8.417090000000000405e-01
8.978849999999999909e+02, -6.084389999999999521e-01
8.979009999999999536e+02, 1.269139999999999935e+00
8.979180000000000064e+02, -3.653540000000000121e-01
8.979349999999999454e+02, 6.530460000000000154e-01
8.979510000000000218e+02, -9.966159999999999464e-01
8.979679999999999609e+02, -9.365839999999999721e-01
8.979850000000000136e+02, -1.162910000000000055e-01
8.980009999999999764e+02, -9.165689999999999671e-01
8.980180000000000291e+02, -1.179930000000000007e-01
8.980349999999999682e+02, 9.460859999999999825e-01
8.980510000000000446e+02, 1.010299999999999976e+00
8.980679999999999836e+02, 2.720750000000000113e-01
8.980850000000000364e+02, 7.752630000000000354e-01
8.981009999999999991e+02, 5.843110000000000248e-01
8.981180000000000518e+02, -1.096090000000000009e+00
8.981349999999999909e+02, -5.811549999999999772e-01
8.981509999999999536e+02, 1.462229999999999919e-01
8.981680000000000064e+02, -6.738869999999999583e-02
8.981849999999999454e+02, 1.669779999999999875e-01
8.982010000000000218e+02, -1.144309999999999938e+00
8.982179999999999609e+02, -8.424850000000000394e-01
8.982350000000000136e+02, 8.743710000000000371e-02
8.982509999999999764e+02, -1.201240000000000085e+00
8.982680000000000291e+02, 9.271249999999999977e-03
8.982849999999999682e+02, -1.251279999999999948e+00
8.983010000000000446e+02, -1.174239999999999950e+00
8.983179999999999836e+02, 4.303549999999999875e-01
8.983350000000000364e+02, -4.075540000000000274e-01
8.983509999999999991e+02, 4.390200000000000213e-01
8.983680000000000518e+02, 6.721169999999999645e-01
8.983849999999999909e+02, 4.616779999999999773e-01
8.984009999999999536e+02, 2.386050000000000115e-01
8.984180000000000064e+02, -7.620470000000000299e-01
8.984349999999999454e+02, -1.760869999999999935e+00
8.984510000000000218e+02, 4.577820000000000222e-01
8.984679999999999609e+02, 3.620260000000000145e-01
8.984850000000000136e+02, 6.681780000000000497e-01
8.985009999999999764e+02, -3.825689999999999924e-01
8.985180000000000291e+02, 3.109169999999999989e-01
8.985349999999999682e+02, 7.607930000000000248e-02
8.985510000000000446e+02, -7.960380000000000233e-02
8.985679999999999836e+02, 3.361709999999999976e-01
8.985850000000000364e+02, 1.841820000000000124e-01
8.986009999999999991e+02, -2.265750000000000153e+00
8.986180000000000518e+02, 4.753060000000000063e-01
8.986349999999999909e+02, 7.334559999999999969e-01
8.986509999999999536e+02, 1.034440000000000026e+00
8.986680000000000064e+02, 2.691769999999999996e-01
8.986849999999999454e+02, -9.233130000000000503e-01
8.987010000000000218e+02, -2.292349999999999888e+00
8.987179999999999609e+02, 1.987849999999999895e-01
8.987350000000000136e+02, -2.588130000000000153e-01
8.987509999999999764e+02, 1.978819999999999885e-02
8.987680000000000291e+02, 2.915599999999999858e-01
8.987849999999999682e+02, -5.203149999999999720e-01
8.988010000000000446e+02, -1.520969999999999933e+00
8.988179999999999836e+02, -1.330689999999999928e+00
8.988350000000000364e+02, 9.198879999999999557e-02
8.988509999999999991e+02, 1.534169999999999978e-01
8.988680000000000518e+02, 1.449449999999999905e+00
8.988849999999999909e+02, 1.532360000000000111e-01
8.989009999999999536e+02, 3.395759999999999890e-01
8.989180000000000064e+02, -7.727349999999999497e-01
8.989349999999999454e+02, -2.122030000000000083e+00
8.989510000000000218e+02, -1.647939999999999960e+00
8.989679999999999609e+02, 2.581990000000000118e-01
8.989850000000000136e+02, 9.591520000000000046e-01
8.990009999999999764e+02, 7.269619999999999971e-01
8.990180000000000291e+02, -4.877090000000000036e-01
8.990349999999999682e+02, -8.420530000000000515e-01
8.990510000000000446e+02, -7.111089999999999911e-01
8.990679999999999836e+02, 7.504199999999999759e-01
8.990850000000000364e+02, -1.091170000000000057e-01
8.991009999999999991e+02, -5.449699999999999545e-01
8.991180000000000518e+02, 4.375899999999999790e-01
8.991349999999999909e+02, 4.778569999999999762e-01
8.991509999999999536e+02, 5.495910000000000517e-01
8.991680000000000064e+02, 1.166630000000000056e+00
8.991849999999999454e+02, 1.542990000000000084e+00
8.992010000000000218e+02, 1.524639999999999995e+00
8.992179999999999609e+02, 6.984489999999999865e-01
8.992350000000000136e+02, 1.393550000000000066e-01
8.992509999999999764e+02, -7.741449999999999720e-01
8.992680000000000291e+02, -1.551840000000000108e+00
8.992849999999999682e+02, -7.684269999999999712e-01
8.993010000000000446e+02, -1.208760000000000057e+00
8.993179999999999836e+02, -5.563169999999999504e-01
8.993350000000000364e+02, 3.968309999999999893e-01
8.993509999999999991e+02, 8.528959999999999875e-01
8.993680000000000518e+02, 4.767919999999999936e-01
8.993849999999999909e+02, -8.361119999999999663e-01
8.994009999999999536e+02, 2.501889999999999947e-01
8.994180000000000064e+02, 3.492329999999999740e-02
8.994349999999999454e+02, -5.370770000000000266e-01
8.994510000000000218e+02, -2.032920000000000005e-01
8.994679999999999609e+02, 5.027530000000000054e-01
8.994850000000000136e+02, 1.400740000000000041e-01
8.995009999999999764e+02, -3.394690000000000207e-01
8.995180000000000291e+02, 3.491920000000000024e-01
8.995349999999999682e+02, -1.396500000000000075e+00
8.995510000000000446e+02, 3.408019999999999938e-01
8.995679999999999836e+02, 1.705710000000000059e+00
8.995850000000000364e+02, 1.635599999999999943e+00
8.996009999999999991e+02, -9.793219999999999703e-02
8.996180000000000518e+02, 8.226350000000000329e-02
8.996349999999999909e+02, -5.891389999999999683e-01
8.996509999999999536e+02, 1.616779999999999884e-01
8.996680000000000064e+02, -1.451899999999999968e+00
8.996849999999999454e+02, -9.091299999999999937e-01
8.997010000000000218e+02, -7.663309999999999844e-01
8.997179999999999609e+02, -2.846670000000000034e-01
8.997350000000000136e+02, -2.872179999999999733e-01
8.997509999999999764e+02, -1.818269999999999886e-01
8.997680000000000291e+02, -6.682699999999999751e-02
8.997849999999999682e+02, -9.520229999999999526e-01
8.998010000000000446e+02, -2.287369999999999959e-01
8.998179999999999836e+02, 9.858590000000000408e-02
8.998350000000000364e+02, -6.910769999999999413e-02
8.998509999999999991e+02, 1.177329999999999988e+00
8.998680000000000518e+02, 2.488480000000000136e-01
8.998849999999999909e+02, 4.648269999999999902e-01
8.999009999999999536e+02, 1.320680000000000076e+00
8.999180000000000064e+02, -2.778450000000000086e-01
8.999349999999999454e+02, -7.291940000000000088e-01
8.999510000000000218e+02, -2.934880000000000266e-01
8.999679999999999609e+02, -5.868229999999999835e-01
8.999850000000000136e+02, -6.506710000000000271e-02
9.000009999999999764e+02, 1.028739999999999988e+00
9.000180000000000291e+02, 1.056769999999999987e+00
9.000349999999999682e+02, 3.684509999999999730e-01
9.000510000000000446e+02, 6.174079999999999568e-01
9.000679999999999836e+02, -1.027570000000000011e-01
9.000850000000000364e+02, -4.149550000000000183e-01
9.001009999999999991e+02, -4.688559999999999603e-03
9.001180000000000518e+02, -1.105560000000000098e+00
9.001349999999999909e+02, -8.631050000000000111e-01
9.001509999999999536e+02, -1.412160000000000082e-01
9.001680000000000064e+02, 3.158119999999999816e-01
9.001849999999999454e+02, -1.742070000000000007e-01
9.002010000000000218e+02, -5.198390000000000510e-01
9.002179999999999609e+02, -3.326870000000000105e-01
9.002350000000000136e+02, -3.275520000000000098e-01
9.002509999999999764e+02, -2.369509999999999950e-01
9.002680000000000291e+02, -3.691889999999999894e-01
9.002849999999999682e+02, 6.859499999999999487e-01
9.003010000000000446e+02, 5.777069999999999705e-01
9.003179999999999836e+02, 1.957150000000000001e-01
9.003350000000000364e+02, 9.518900000000000139e-01
9.003509999999999991e+02, 2.022770000000000123e-01
9.003680000000000518e+02, -1.117350000000000065e+00
9.003849999999999909e+02, -2.283749999999999947e-01
9.004009999999999536e+02, -8.566709999999999603e-02
9.004180000000000064e+02, 6.880830000000000002e-01
9.004349999999999454e+02, 1.423519999999999897e+00
9.004510000000000218e+02, -1.225170000000000092e+00
9.004679999999999609e+02, 4.381209999999999827e-01
9.004850000000000136e+02, 7.018069999999999864e-02
9.005009999999999764e+02, -1.199930000000000024e-01
9.005180000000000291e+02, 6.943110000000000115e-01
9.005349999999999682e+02, 5.987759999999999749e-01
9.005510000000000446e+02, -1.036249999999999893e+00
9.005679999999999836e+02, -5.724390000000000311e-01
9.005850000000000364e+02, 7.173019999999999397e-02
9.006009999999999991e+02, 2.492810000000000026e-01
9.006180000000000518e+02, -1.208890000000000020e+00
9.006349999999999909e+02, -7.411600000000000410e-01
9.006509999999999536e+02, -8.513540000000000552e-01
9.006680000000000064e+02, -3.039040000000000075e-01
9.006849999999999454e+02, 7.800850000000000284e-01
9.007010000000000218e+02, 5.243500000000000244e-02
9.007179999999999609e+02, -6.867419999999999636e-01
9.007350000000000136e+02, 9.032790000000000541e-01
9.007509999999999764e+02, -7.832019999999999538e-01
9.007680000000000291e+02, -4.743510000000000226e-01
9.007849999999999682e+02, -3.855700000000000238e-01
9.008010000000000446e+02, -1.382889999999999953e+00
9.008179999999999836e+02, 5.001449999999999507e-01
9.008350000000000364e+02, 8.082620000000000360e-01
9.008509999999999991e+02, 1.875080000000000080e+00
9.008680000000000518e+02, 3.012900000000000023e-01
9.008849999999999909e+02, 2.830469999999999930e-01
9.009009999999999536e+02, 5.265319999999999723e-02
9.009180000000000064e+02, -2.442259999999999986e-01
9.009349999999999454e+02, 2.449159999999999948e-01
9.009510000000000218e+02, 1.017700000000000049e+00
9.009679999999999609e+02, -4.759329999999999949e-01
9.009850000000000136e+02, 2.268880000000000063e-01
9.010009999999999764e+02, 5.755529999999999813e-01
9.010180000000000291e+02, -6.805919999999999748e-01
9.010349999999999682e+02, 1.610719999999999930e-01
9.010510000000000446e+02, 2.550000000000000044e-01
9.010679999999999836e+02, -5.167469999999999564e-01
9.010850000000000364e+02, 9.863659999999999650e-01
9.011009999999999991e+02, -4.430589999999999806e-01
9.011180000000000518e+02, -1.007630000000000026e+00
9.011349999999999909e+02, 2.170360000000000067e-01
9.011509999999999536e+02, 1.309790000000000010e+00
9.011680000000000064e+02, 8.295179999999999776e-01
9.011849999999999454e+02, 1.751129999999999909e-01
9.012010000000000218e+02, 7.629749999999999588e-01
9.012179999999999609e+02, 7.677869999999999973e-01
9.012350000000000136e+02, -5.007719999999999949e-01
9.012509999999999764e+02, -1.357240000000000002e+00
9.012680000000000291e+02, -9.493719999999999937e-02
9.012849999999999682e+02, 1.470130000000000048e-02
9.013010000000000446e+02, -5.014250000000000096e-01
9.013179999999999836e+02, -8.577409999999999757e-01
9.013350000000000364e+02, 4.037799999999999723e-01
9.013509999999999991e+02, 5.976120000000000321e-01
9.013680000000000518e+02, 3.497750000000000026e-01
9.013849999999999909e+02, -6.642140000000000544e-02
9.014009999999999536e+02, -3.286740000000000217e-01
9.014180000000000064e+02, -2.033709999999999962e-01
9.014349999999999454e+02, -1.031549999999999967e+00
9.014510000000000218e+02, -9.246959999999999624e-01
9.014679999999999609e+02, -2.041129999999999889e-01
9.014850000000000136e+02, -6.993610000000000104e-01
9.015009999999999764e+02, 7.414560000000000040e-01
9.015180000000000291e+02, 7.667300000000000226e-01
9.015349999999999682e+02, -7.376859999999999529e-01
9.015510000000000446e+02, -1.780089999999999950e+00
9.015679999999999836e+02, -1.226860000000000062e+00
9.015850000000000364e+02, -4.821929999999999827e-01
9.016009999999999991e+02, -4.135499999999999732e-01
9.016180000000000518e+02, 1.660290000000000044e+00
9.016349999999999909e+02, -7.787159999999999638e-01
9.016509999999999536e+02, -8.290020000000000167e-01
9.016680000000000064e+02, 1.362530000000000130e-01
9.016849999999999454e+02, 5.793549999999999534e-01
9.017010000000000218e+02, -7.542759999999999743e-02
9.017179999999999609e+02, -3.258750000000000258e-01
9.017350000000000136e+02, -1.418669999999999931e-01
9.017509999999999764e+02, -4.220400000000000262e-01
9.017680000000000291e+02, 6.261430000000000051e-01
9.017849999999999682e+02, 7.161309999999999620e-01
9.018010000000000446e+02, -3.169950000000000268e-01
9.018179999999999836e+02, 7.722310000000000008e-01
9.018350000000000364e+02, 1.360689999999999955e+00
9.018509999999999991e+02, 6.917039999999999855e-01
9.018680000000000518e+02, 8.050599999999999978e-01
9.018849999999999909e+02, -1.750599999999999934e+00
9.019009999999999536e+02, -1.325430000000000108e+00
9.019180000000000064e+02, 1.085290000000000088e+00
9.019349999999999454e+02, 2.716540000000000066e-01
9.019510000000000218e+02, 5.540249999999999897e-01
9.019679999999999609e+02, -1.168369999999999964e-01
9.019850000000000136e+02, 9.435620000000000118e-01
9.020009999999999764e+02, 7.970350000000000490e-01
9.020180000000000291e+02, 2.537050000000000138e-01
9.020349999999999682e+02, -1.698650000000000160e-02
9.020510000000000446e+02, -1.875250000000000083e+00
9.020679999999999836e+02, 3.571409999999999862e-01
9.020850000000000364e+02, -1.561740000000000073e-01
9.021009999999999991e+02, -9.917380000000000084e-01
9.021180000000000518e+02, 1.089060000000000028e-01
9.021349999999999909e+02, 9.451619999999999466e-01
9.021509999999999536e+02, 1.077800000000000091e+00
9.021680000000000064e+02, 3.894259999999999944e-01
9.021849999999999454e+02, 2.430060000000000109e+00
9.022010000000000218e+02, 4.946229999999999793e-01
9.022179999999999609e+02, -2.068570000000000131e-01
9.022350000000000136e+02, -2.865280000000000049e-01
9.022509999999999764e+02, 3.155240000000000267e-01
9.022680000000000291e+02, -2.782390000000000141e-01
9.022849999999999682e+02, -1.016529999999999934e+00
9.023010000000000446e+02, -9.702269999999999506e-01
9.023179999999999836e+02, -6.976090000000000346e-01
9.023350000000000364e+02, -2.409880000000000078e-01
9.023509999999999991e+02, 1.835569999999999924e+00
9.023680000000000518e+02, -1.704320000000000002e-01
9.023849999999999909e+02, -6.595109999999999584e-01
9.024009999999999536e+02, -1.530459999999999932e+00
9.024180000000000064e+02, -4.196099999999999830e-01
9.024349999999999454e+02, 2.534500000000000086e-01
9.024510000000000218e+02, 2.369120000000000115e-01
9.024679999999999609e+02, 1.485770000000000035e+00
9.024850000000000136e+02, -1.756199999999999983e+00
9.025009999999999764e+02, 4.054590000000000138e-01
9.025180000000000291e+02, -1.682790000000000008e+00
9.025349999999999682e+02, 7.883990000000000442e-02
9.025510000000000446e+02, 1.492699999999999916e+00
9.025679999999999836e+02, -5.511479999999999713e-01
9.025850000000000364e+02, -5.201940000000000036e-02
9.026009999999999991e+02, -1.516540000000000110e-01
9.026180000000000518e+02, -7.625030000000000419e-01
9.026349999999999909e+02, -1.934680000000000080e-02
9.026509999999999536e+02, -8.217130000000000267e-01
9.026680000000000064e+02, 1.006580000000000030e+00
9.026849999999999454e+02, -5.084760000000000391e-01
9.027010000000000218e+02, 1.345509999999999984e+00
9.027179999999999609e+02, 1.251670000000000060e+00
9.027350000000000136e+02, -8.992620000000000058e-01
9.027509999999999764e+02, -8.137600000000000389e-01
9.027680000000000291e+02, -1.149240000000000039e+00
9.027849999999999682e+02, 1.774650000000000061e+00
9.028010000000000446e+02, 9.881349999999999856e-01
9.028179999999999836e+02, 2.056929999999999925e+00
9.028350000000000364e+02, -1.192870000000000041e-01
9.028509999999999991e+02, -9.798170000000000490e-01
9.028680000000000518e+02, 1.609750000000000014e+00
9.028849999999999909e+02, 4.840329999999999910e-01
9.029009999999999536e+02, 9.816329999999999778e-01
9.029180000000000064e+02, 8.157520000000000326e-01
9.029349999999999454e+02, -2.911929999999999796e-01
9.029510000000000218e+02, 2.017309999999999937e-01
9.029679999999999609e+02, 5.460080000000000489e-01
9.029850000000000136e+02, -2.239810000000000134e-01
9.030009999999999764e+02, 5.160959999999999992e-01
9.030180000000000291e+02, 2.603389999999999871e-01
9.030349999999999682e+02, -5.078669999999999574e-01
9.030510000000000446e+02, 4.421340000000000270e-01
9.030679999999999836e+02, 2.666009999999999769e-01
9.030850000000000364e+02, 3.773499999999999771e-02
9.031009999999999991e+02, 8.049290000000000056e-01
9.031180000000000518e+02, 1.124139999999999917e+00
9.031349999999999909e+02, -1.356540000000000079e+00
9.031509999999999536e+02, -1.549109999999999987e+00
9.031680000000000064e+02, 7.646859999999999769e-02
9.031849999999999454e+02, -1.105259999999999909e+00
9.032010000000000218e+02, 2.583250000000000268e-01
9.032179999999999609e+02, 9.943800000000000416e-01
9.032350000000000136e+02, 7.309689999999999799e-01
9.032509999999999764e+02, 6.857790000000000274e-01
9.032680000000000291e+02, 7.095000000000000195e-01
9.032849999999999682e+02, 9.634310000000000374e-01
9.033010000000000446e+02, 3.348130000000000273e-01
9.033179999999999836e+02, -4.530440000000000023e-01
9.033350000000000364e+02, -6.380770000000000053e-01
9.033509999999999991e+02, 6.434929999999999817e-01
9.033680000000000518e+02, 2.564460000000000073e-01
9.033849999999999909e+02, 2.800560000000000271e-01
9.034009999999999536e+02, 6.917379999999999640e-01
9.034180000000000064e+02, 3.999229999999999730e-01
9.034349999999999454e+02, -3.334389999999999854e-01
9.034510000000000218e+02, -7.340740000000000043e-01
9.034679999999999609e+02, -2.494540000000000091e-01
9.034850000000000136e+02, -8.399940000000000184e-01
9.035009999999999764e+02, -5.396870000000000278e-01
9.035180000000000291e+02, -1.283849999999999936e+00
9.035349999999999682e+02, -6.022070000000000478e-01
9.035510000000000446e+02, 6.521329999999999627e-01
9.035679999999999836e+02, 1.161030000000000006e+00
9.035850000000000364e+02, -1.161729999999999929e+00
9.036009999999999991e+02, 8.113089999999999469e-01
9.036180000000000518e+02, -1.068850000000000078e+00
9.036349999999999909e+02, -8.903990000000000515e-01
9.036509999999999536e+02, -1.008159999999999945e+00
9.036680000000000064e+02, -6.380599999999999605e-01
9.036849999999999454e+02, -2.229190000000000060e-01
9.037010000000000218e+02, 1.471999999999999975e+00
9.037179999999999609e+02, 1.527490000000000014e+00
9.037350000000000136e+02, -6.955200000000000271e-01
9.037509999999999764e+02, -1.016839999999999966e+00
9.037680000000000291e+02, 8.388309999999999933e-01
9.037849999999999682e+02, -4.287830000000000252e-01
9.038010000000000446e+02, 6.406929999999999570e-01
9.038179999999999836e+02, 8.181619999999999449e-01
9.038350000000000364e+02, 5.991220000000000434e-01
9.038509999999999991e+02, 8.201580000000000537e-01
9.038680000000000518e+02, 2.671379999999999866e-01
9.038849999999999909e+02, 1.198130000000000028e-01
9.039009999999999536e+02, -5.458190000000000541e-01
9.039180000000000064e+02, -9.909070000000000378e-02
9.039349999999999454e+02, -7.143439999999999790e-01
9.039510000000000218e+02, 9.993549999999999933e-01
9.039679999999999609e+02, 4.337050000000000072e-01
9.039850000000000136e+02, 5.137549999999999617e-01
9.040009999999999764e+02, -1.178989999999999982e+00
9.040180000000000291e+02, -1.449000000000000066e+00
9.040349999999999682e+02, -1.279220000000000024e+00
9.040510000000000446e+02, 2.763399999999999745e-01
9.040679999999999836e+02, 7.885560000000000347e-01
9.040850000000000364e+02, -6.181680000000000508e-01
9.041009999999999991e+02, -5.213210000000000344e-01
9.041180000000000518e+02, -5.506950000000000456e-01
9.041349999999999909e+02, -2.625520000000000076e-01
9.041509999999999536e+02, -7.292199999999999793e-01
9.041680000000000064e+02, 1.737329999999999985e-01
9.041849999999999454e+02, 1.719610000000000027e-01
9.042010000000000218e+02, 1.968669999999999864e-01
9.042179999999999609e+02, 2.351449999999999929e-01
9.042350000000000136e+02, -2.204309999999999950e-02
9.042509999999999764e+02, -9.564470000000000471e-01
9.042680000000000291e+02, -1.417249999999999899e+00
9.042849999999999682e+02, 2.373480000000000034e-01
9.043010000000000446e+02, -1.447540000000000049e+00
9.043179999999999836e+02, -8.094289999999999818e-02
9.043350000000000364e+02, -9.547479999999999856e-02
9.043509999999999991e+02, 4.859510000000000218e-01
9.043680000000000518e+02, -1.399199999999999999e+00
9.043849999999999909e+02, -1.354749999999999899e+00
9.044009999999999536e+02, -7.457249999999999712e-01
9.044180000000000064e+02, 8.328910000000000480e-01
9.044349999999999454e+02, 2.443529999999999980e+00
9.044510000000000218e+02, 1.458159999999999901e+00
9.044679999999999609e+02, 1.042529999999999957e+00
9.044850000000000136e+02, -8.618719999999999715e-01
9.045009999999999764e+02, 9.799980000000000357e-01
9.045180000000000291e+02, -1.388910000000000089e+00
9.045349999999999682e+02, 5.470220000000000082e-01
9.045510000000000446e+02, -1.811900000000000066e+00
9.045679999999999836e+02, 2.893959999999999866e-01
9.045850000000000364e+02, -1.429209999999999925e-01
9.046009999999999991e+02, -7.976700000000000457e-02
9.046180000000000518e+02, -7.934149999999999814e-01
9.046349999999999909e+02, -7.134519999999999751e-01
9.046509999999999536e+02, 4.466040000000000010e-01
9.046680000000000064e+02, -5.840889999999999693e-01
9.046849999999999454e+02, -2.492540000000000033e-01
9.047010000000000218e+02, 2.997960000000000069e-01
9.047179999999999609e+02, 1.032370000000000010e+00
9.047350000000000136e+02, 2.432060000000000055e-01
9.047509999999999764e+02, -1.024489999999999984e-01
9.047680000000000291e+02, 9.104529999999999568e-01
9.047849999999999682e+02, -9.479170000000000096e-01
9.048010000000000446e+02, 1.953640000000000099e-01
9.048179999999999836e+02, -6.350599999999999579e-01
9.048350000000000364e+02, 6.104009999999999714e-01
9.048509999999999991e+02, 3.021240000000000037e-01
9.048680000000000518e+02, 6.006190000000000172e-05
9.048849999999999909e+02, -6.663630000000000386e-01
9.049009999999999536e+02, -5.595219999999999638e-01
9.049180000000000064e+02, 1.636090000000000114e-02
9.049349999999999454e+02, 1.680439999999999934e+00
9.049510000000000218e+02, 8.231650000000000356e-01
9.049679999999999609e+02, -1.392070000000000026e-03
9.049850000000000136e+02, 8.063280000000000447e-01
9.050009999999999764e+02, 6.382970000000000033e-01
9.050180000000000291e+02, -1.875690000000000135e-01
9.050349999999999682e+02, -1.331180000000000030e+00
9.050510000000000446e+02, -9.870100000000000540e-01
9.050679999999999836e+02, -6.085450000000000026e-01
9.050850000000000364e+02, 3.852300000000000169e-01
9.051009999999999991e+02, 8.572889999999999677e-02
9.051180000000000518e+02, 7.647730000000000361e-01
9.051349999999999909e+02, -3.741479999999999806e-01
9.051509999999999536e+02, 5.844359999999999555e-01
9.051680000000000064e+02, -1.530129999999999990e+00
9.051849999999999454e+02, 7.344140000000000112e-01
9.052010000000000218e+02, -1.067979999999999929e+00
9.052179999999999609e+02, -1.217359999999999998e+00
9.052350000000000136e+02, -5.768170000000000242e-01
9.052509999999999764e+02, 4.098379999999999801e-01
9.052680000000000291e+02, -1.277290000000000092e-01
9.052849999999999682e+02, 2.987779999999999950e-02
9.053010000000000446e+02, -6.971920000000000339e-01
9.053179999999999836e+02, -6.437370000000000037e-01
9.053350000000000364e+02, -9.422110000000000207e-01
9.053509999999999991e+02, 2.397040000000000004e-01
9.053680000000000518e+02, 1.706229999999999969e-01
9.053849999999999909e+02, -1.675959999999999950e-01
9.054009999999999536e+02, -4.097169999999999979e-01
9.054180000000000064e+02, -4.303130000000000011e-01
9.054349999999999454e+02, 1.317749999999999977e+00
9.054510000000000218e+02, -7.788169999999999815e-01
9.054679999999999609e+02, 1.181549999999999961e-02
9.054850000000000136e+02, 5.665799999999999725e-01
9.055009999999999764e+02, -3.218400000000000150e-01
9.055180000000000291e+02, 1.031530000000000058e+00
9.055349999999999682e+02, 1.855569999999999942e+00
9.055510000000000446e+02, 1.341820000000000013e+00
9.055679999999999836e+02, 7.313049999999999828e-01
9.055850000000000364e+02, 1.555160000000000098e+00
9.056009999999999991e+02, 4.545679999999999860e-02
9.056180000000000518e+02, -1.374000000000000110e+00
9.056349999999999909e+02, -1.891720000000000068e+00
9.056509999999999536e+02, 2.871130000000000071e-01
9.056680000000000064e+02, -2.725629999999999997e-01
9.056849999999999454e+02, 3.589119999999999810e-02
9.057010000000000218e+02, 3.101269999999999860e-01
9.057179999999999609e+02, 6.169820000000000304e-01
9.057350000000000136e+02, 3.882369999999999988e-01
9.057509999999999764e+02, 8.141629999999999701e-01
9.057680000000000291e+02, -3.911520000000000274e-02
9.057849999999999682e+02, -3.454519999999999813e-02
9.058010000000000446e+02, -1.863660000000000039e-01
9.058179999999999836e+02, 5.620589999999999753e-01
9.058350000000000364e+02, -1.086889999999999912e+00
9.058509999999999991e+02, 1.448429999999999995e-01
9.058680000000000518e+02, -8.633459999999999468e-01
9.058849999999999909e+02, 3.339449999999999918e-01
9.059009999999999536e+02, 5.091040000000000010e-01
9.059180000000000064e+02, -5.876139999999999697e-01
9.059349999999999454e+02, -1.981539999999999968e-01
9.059510000000000218e+02, -3.344050000000000078e-01
9.059679999999999609e+02, -2.469529999999999989e-02
9.059850000000000136e+02, 8.394829999999999792e-01
9.060009999999999764e+02, 1.450470000000000093e-01
9.060180000000000291e+02, 2.825940000000000119e-01
9.060349999999999682e+02, 1.764100000000000112e-01
9.060510000000000446e+02, 5.254100000000000437e-01
9.060679999999999836e+02, -4.541310000000000069e-01
9.060850000000000364e+02, 1.874359999999999915e-01
9.061009999999999991e+02, -9.139490000000000114e-01
9.061180000000000518e+02, 5.250089999999999479e-01
9.061349999999999909e+02, -7.505640000000000089e-01
9.061509999999999536e+02, 7.779129999999999656e-01
9.061680000000000064e+02, 4.329669999999999908e-01
9.061849999999999454e+02, -4.694679999999999964e-01
9.062010000000000218e+02, 1.441799999999999971e+00
9.062179999999999609e+02, 4.942010000000000014e-01
9.062350000000000136e+02, -1.337210000000000010e+00
9.062509999999999764e+02, 3.327919999999999767e-01
9.062680000000000291e+02, 3.075510000000000188e-01
9.062849999999999682e+02, 2.125029999999999974e-01
9.063010000000000446e+02, 3.929210000000000202e-01
9.063179999999999836e+02, 1.589379999999999959e-01
9.063350000000000364e+02, -8.270459999999999479e-01
9.063509999999999991e+02, 6.783980000000000218e-03
9.063680000000000518e+02, 8.440250000000000252e-01
9.063849999999999909e+02, 1.222869999999999902e+00
9.064009999999999536e+02, -3.843420000000000170e-01
9.064180000000000064e+02, 9.243540000000000090e-01
9.064349999999999454e+02, -9.644329999999999847e-01
9.064510000000000218e+02, 1.693489999999999995e-01
9.064679999999999609e+02, -4.123410000000000131e-01
9.064850000000000136e+02, -4.350160000000000138e-01
9.065009999999999764e+02, -1.448769999999999891e+00
9.065180000000000291e+02, 3.187870000000000287e-02
9.065349999999999682e+02, 8.613499999999999490e-01
9.065510000000000446e+02, -1.532829999999999915e+00
9.065679999999999836e+02, -1.066070000000000073e+00
9.065850000000000364e+02, -4.519940000000000069e-01
9.066009999999999991e+02, 1.360560000000000103e-01
9.066180000000000518e+02, 4.250909999999999966e-01
9.066349999999999909e+02, 6.965069999999999872e-01
9.066509999999999536e+02, 9.788019999999999499e-01
9.066680000000000064e+02, 8.016980000000000217e-01
9.066849999999999454e+02, 6.147529999999999939e-01
9.067010000000000218e+02, 1.484850000000000003e+00
9.067179999999999609e+02, -5.362379999999999708e-04
9.067350000000000136e+02, 2.794840000000000102e-01
9.067509999999999764e+02, -6.310440000000000493e-01
9.067680000000000291e+02, 6.815179999999999572e-01
9.067849999999999682e+02, 4.668970000000000065e-01
9.068010000000000446e+02, -2.297059999999999935e-01
9.068179999999999836e+02, -2.609060000000000268e-01
9.068350000000000364e+02, 1.097420000000000062e+00
9.068509999999999991e+02, 8.980709999999999527e-01
9.068680000000000518e+02, 8.550449999999999717e-02
9.068849999999999909e+02, -1.370000000000000107e+00
9.069009999999999536e+02, -6.334300000000000486e-01
9.069180000000000064e+02, 2.722419999999999840e-01
9.069349999999999454e+02, 1.725680000000000103e+00
9.069510000000000218e+02, 1.137009999999999965e-01
9.069679999999999609e+02, 2.970200000000000062e-01
9.069850000000000136e+02, -2.565500000000000072e-02
9.070009999999999764e+02, 2.641789999999999972e-01
9.070180000000000291e+02, -1.170609999999999984e-01
9.070349999999999682e+02, -2.638909999999999867e-01
9.070510000000000446e+02, -8.319000000000000006e-02
9.070679999999999836e+02, 8.713419999999999499e-01
9.070850000000000364e+02, 5.195520000000000138e-01
9.071009999999999991e+02, -6.180390000000000189e-02
9.071180000000000518e+02, -1.072279999999999900e+00
9.071349999999999909e+02, -1.846569999999999878e-01
9.071509999999999536e+02, -1.007419999999999982e+00
9.071680000000000064e+02, 1.464390000000000081e+00
9.071849999999999454e+02, 1.099660000000000082e+00
9.072010000000000218e+02, -2.126359999999999917e-01
9.072179999999999609e+02, 7.738890000000000491e-01
9.072350000000000136e+02, 2.176099999999999979e-01
9.072509999999999764e+02, 3.878030000000000088e-01
9.072680000000000291e+02, 5.665630000000000388e-01
9.072849999999999682e+02, -1.191959999999999908e+00
9.073010000000000446e+02, -1.250350000000000072e+00
9.073179999999999836e+02, 1.060510000000000064e+00
9.073350000000000364e+02, 4.257070000000000021e-01
9.073509999999999991e+02, 4.292030000000000012e-01
9.073680000000000518e+02, 1.110610000000000097e+00
9.073849999999999909e+02, 1.101099999999999968e+00
9.074009999999999536e+02, 1.521390000000000020e+00
9.074180000000000064e+02, 8.493920000000000359e-01
9.074349999999999454e+02, -2.528690000000000104e-01
9.074510000000000218e+02, -7.234509999999999552e-01
9.074679999999999609e+02, -1.014520000000000088e+00
9.074850000000000136e+02, -1.588619999999999921e+00
9.075009999999999764e+02, -5.524590000000000334e-01
9.075180000000000291e+02, -3.788920000000000066e-01
9.075349999999999682e+02, 3.600659999999999972e-01
9.075510000000000446e+02, -5.696269999999999806e-02
9.075679999999999836e+02, 3.152820000000000067e-01
9.075850000000000364e+02, 2.900809999999999778e-01
9.076009999999999991e+02, 5.032050000000000134e-01
9.076180000000000518e+02, 9.163200000000000234e-01
9.076349999999999909e+02, -3.787860000000000116e-01
9.076509999999999536e+02, 1.047360000000000069e+00
9.076680000000000064e+02, -6.488099999999999978e-01
9.076849999999999454e+02, 4.874620000000000064e-01
9.077010000000000218e+02, 2.297500000000000098e-01
9.077179999999999609e+02, -5.975749999999999812e-02
9.077350000000000136e+02, -2.606060000000000043e-01
9.077509999999999764e+02, -1.179499999999999993e+00
9.077680000000000291e+02, -6.140700000000000325e-02
9.077849999999999682e+02, 8.196139999999999537e-01
9.078010000000000446e+02, 1.048890000000000100e+00
9.078179999999999836e+02, 4.110710000000000197e-01
9.078350000000000364e+02, -9.259810000000000541e-01
9.078509999999999991e+02, -2.103569999999999940e+00
9.078680000000000518e+02, 2.950110000000000232e-01
9.078849999999999909e+02, 1.143199999999999994e+00
9.079009999999999536e+02, 2.873990000000000156e-01
9.079180000000000064e+02, 9.192960000000000020e-01
9.079349999999999454e+02, 5.788830000000000364e-01
9.079510000000000218e+02, -4.224709999999999854e-01
9.079679999999999609e+02, -6.957680000000000531e-01
9.079850000000000136e+02, -6.815189999999999859e-01
9.080009999999999764e+02, 3.418919999999999737e-01
9.080180000000000291e+02, 1.812670000000000003e+00
9.080349999999999682e+02, 1.466280000000000083e-01
9.080510000000000446e+02, -5.973399999999999821e-01
9.080679999999999836e+02, 1.360599999999999865e-01
9.080850000000000364e+02, 8.230849999999999556e-01
9.081009999999999991e+02, -3.316310000000000091e-01
9.081180000000000518e+02, 7.618450000000000222e-02
9.081349999999999909e+02, 6.581449999999999800e-01
9.081509999999999536e+02, 2.363180000000000003e-01
9.081680000000000064e+02, 4.172310000000000185e-01
9.081849999999999454e+02, -1.198649999999999993e+00
9.082010000000000218e+02, 3.558890000000000109e-01
9.082179999999999609e+02, -7.492609999999999548e-01
9.082350000000000136e+02, -1.311949999999999950e+00
9.082509999999999764e+02, 1.005659999999999998e+00
9.082680000000000291e+02, 8.886420000000000430e-01
9.082849999999999682e+02, -2.473960000000000048e-01
9.083010000000000446e+02, 1.116540000000000088e+00
9.083179999999999836e+02, 9.617580000000000018e-01
9.083350000000000364e+02, 3.472770000000000024e-01
9.083509999999999991e+02, -9.945990000000000109e-01
9.083680000000000518e+02, 8.976870000000000682e-02
9.083849999999999909e+02, 1.468389999999999973e-02
9.084009999999999536e+02, 6.147700000000000387e-01
9.084180000000000064e+02, 3.811359999999999748e-01
9.084349999999999454e+02, 4.307810000000000250e-01
9.084510000000000218e+02, 1.840390000000000081e-01
9.084679999999999609e+02, 6.551090000000000524e-01
9.084850000000000136e+02, -7.863149999999999862e-01
9.085009999999999764e+02, 1.683110000000000106e+00
9.085180000000000291e+02, 7.334460000000000424e-01
9.085349999999999682e+02, -4.721989999999999799e-01
9.085510000000000446e+02, -1.163470000000000004e+00
9.085679999999999836e+02, -5.536159999999999970e-01
9.085850000000000364e+02, -2.262359999999999927e-01
9.086009999999999991e+02, -2.618349999999999844e-01
9.086180000000000518e+02, -7.086240000000000316e-01
9.086349999999999909e+02, -5.905749999999999611e-01
9.086509999999999536e+02, 9.225069999999999659e-01
9.086680000000000064e+02, 2.981400000000000161e-01
9.086849999999999454e+02, 9.187100000000000266e-01
9.087010000000000218e+02, 8.305569999999999897e-01
9.087179999999999609e+02, -6.317110000000000225e-01
9.087350000000000136e+02, 7.107919999999999516e-02
9.087509999999999764e+02, -5.482310000000000239e-01
9.087680000000000291e+02, 1.862249999999999961e+00
9.087849999999999682e+02, 5.401029999999999998e-01
9.088010000000000446e+02, -7.289689999999999781e-01
9.088179999999999836e+02, -1.139329999999999954e+00
9.088350000000000364e+02, 6.253579999999999695e-01
9.088509999999999991e+02, -4.024469999999999992e-01
9.088680000000000518e+02, 5.961710000000000065e-01
9.088849999999999909e+02, 1.638390000000000013e+00
9.089009999999999536e+02, -5.154210000000000180e-01
9.089180000000000064e+02, -1.903390000000000030e-03
9.089349999999999454e+02, -4.683300000000000241e-01
9.089510000000000218e+02, 4.998319999999999985e-01
9.089679999999999609e+02, 1.244180000000000064e+00
9.089850000000000136e+02, 4.873480000000000034e-01
9.090009999999999764e+02, -9.078920000000000323e-01
9.090180000000000291e+02, -8.836570000000000258e-01
9.090349999999999682e+02, -1.550950000000000051e+00
9.090510000000000446e+02, -1.895029999999999978e-02
9.090679999999999836e+02, -5.463230000000000031e-01
9.090850000000000364e+02, 5.728900000000000103e-01
9.091009999999999991e+02, 9.497430000000000039e-01
9.091180000000000518e+02, -2.722100000000000075e-01
9.091349999999999909e+02, 9.597369999999999512e-01
9.091509999999999536e+02, 1.473349999999999937e+00
9.091680000000000064e+02, 1.266699999999999937e+00
9.091849999999999454e+02, 8.007189999999999586e-01
9.092010000000000218e+02, -2.139359999999999873e-02
9.092179999999999609e+02, -6.555010000000000003e-01
9.092350000000000136e+02, -1.753900000000000015e+00
9.092509999999999764e+02, -7.517749999999999710e-01
9.092680000000000291e+02, -1.248559999999999948e-01
9.092849999999999682e+02, -6.197930000000000383e-01
9.093010000000000446e+02, 3.199989999999999779e-01
9.093179999999999836e+02, -1.516569999999999974e+00
9.093350000000000364e+02, -1.264210000000000056e+00
9.093509999999999991e+02, 7.805310000000000026e-02
9.093680000000000518e+02, 9.764599999999999946e-01
9.093849999999999909e+02, -4.827710000000000334e-02
9.094009999999999536e+02, 1.007169999999999899e+00
9.094180000000000064e+02, 1.829560000000000075e+00
9.094349999999999454e+02, 2.881719999999999837e-01
9.094510000000000218e+02, -3.028759999999999786e-01
9.094679999999999609e+02, -1.222250000000000059e+00
9.094850000000000136e+02, -9.775399999999999645e-01
9.095009999999999764e+02, 8.570759999999999490e-01
9.095180000000000291e+02, 2.809579999999999855e-01
9.095349999999999682e+02, -1.685869999999999869e-01
9.095510000000000446e+02, 1.562870000000000092e-01
9.095679999999999836e+02, 1.612579999999999902e+00
9.095850000000000364e+02, -2.257939999999999947e-01
9.096009999999999991e+02, 2.207689999999999930e-01
9.096180000000000518e+02, -8.751240000000000407e-02
9.096349999999999909e+02, 6.640749999999999431e-02
9.096509999999999536e+02, -1.340830000000000077e-01
9.096680000000000064e+02, 1.743600000000000039e+00
9.096849999999999454e+02, 1.026410000000000045e+00
9.097010000000000218e+02, -4.526589999999999780e-01
9.097179999999999609e+02, -8.455500000000000516e-02
9.097350000000000136e+02, -1.082459999999999978e+00
9.097509999999999764e+02, -4.426769999999999872e-01
9.097680000000000291e+02, 8.305109999999999992e-01
9.097849999999999682e+02, -1.970059999999999922e+00
9.098010000000000446e+02, -7.162619999999999543e-01
9.098179999999999836e+02, -1.825530000000000097e+00
9.098350000000000364e+02, -1.480019999999999891e+00
9.098509999999999991e+02, -7.769880000000000120e-01
9.098680000000000518e+02, -4.924250000000000016e-01
9.098849999999999909e+02, -1.330920000000000103e+00
9.099009999999999536e+02, -8.210939999999999905e-01
9.099180000000000064e+02, -4.164680000000000049e-01
9.099349999999999454e+02, 1.021619999999999973e+00
9.099510000000000218e+02, 1.613429999999999920e+00
9.099679999999999609e+02, 1.375099999999999989e+00
9.099850000000000136e+02, -6.798389999999999711e-01
9.100009999999999764e+02, -7.233870000000000022e-01
9.100180000000000291e+02, -6.540350000000000330e-02
9.100349999999999682e+02, -7.891720000000000679e-02
9.100510000000000446e+02, 1.726540000000000019e-01
9.100679999999999836e+02, 5.475989999999999469e-01
9.100850000000000364e+02, -1.150379999999999958e+00
9.101009999999999991e+02, -8.795349999999999557e-01
9.101180000000000518e+02, 2.726689999999999947e-01
9.101349999999999909e+02, 5.670870000000000077e-02
9.101509999999999536e+02, -8.926989999999999231e-03
9.101680000000000064e+02, -8.454549999999999566e-01
9.101849999999999454e+02, 2.055500000000000105e-01
9.102010000000000218e+02, 1.147930000000000061e-01
9.102179999999999609e+02, 8.035290000000000488e-01
9.102350000000000136e+02, 7.184669999999999668e-01
9.102509999999999764e+02, -1.257300000000000084e+00
9.102680000000000291e+02, -1.220790000000000042e+00
9.102849999999999682e+02, -4.088780000000000192e-01
9.103010000000000446e+02, 2.537710000000000243e-01
9.103179999999999836e+02, 5.529830000000000162e-02
9.103350000000000364e+02, -9.125729999999999675e-01
9.103509999999999991e+02, 5.761359999999999815e-01
9.103680000000000518e+02, -6.808569999999999900e-02
9.103849999999999909e+02, 3.870529999999999804e-01
9.104009999999999536e+02, 5.524959999999999871e-01
9.104180000000000064e+02, 5.234309999999999796e-01
9.104349999999999454e+02, -3.024890000000000079e-01
9.104510000000000218e+02, 1.057609999999999939e+00
9.104679999999999609e+02, -2.551149999999999807e-01
9.104850000000000136e+02, -1.552009999999999890e+00
9.105009999999999764e+02, -5.296180000000000332e-01
9.105180000000000291e+02, 2.119619999999999838e+00
9.105349999999999682e+02, 1.307279999999999998e+00
9.105510000000000446e+02, 2.631510000000000238e-01
9.105679999999999836e+02, -1.273819999999999952e+00
9.105850000000000364e+02, 4.043610000000000260e-01
9.106009999999999991e+02, 1.722399999999999973e-02
9.106180000000000518e+02, -2.992299999999999960e-01
9.106349999999999909e+02, 2.967859999999999943e-01
9.106509999999999536e+02, -6.403450000000000530e-01
9.106680000000000064e+02, 5.138870000000000243e-02
9.106849999999999454e+02, 8.452990000000000226e-01
9.107010000000000218e+02, -5.859119999999999884e-01
9.107179999999999609e+02, 3.789139999999999731e-01
9.107350000000000136e+02, -2.235219999999999985e-01
9.107509999999999764e+02, -1.305890000000000106e-01
9.107680000000000291e+02, 1.526049999999999976e-02
9.107849999999999682e+02, -1.895140000000000047e+00
9.108010000000000446e+02, 9.869090000000000362e-01
9.108179999999999836e+02, 5.614080000000000181e-01
9.108350000000000364e+02, 3.242809999999999859e-01
9.108509999999999991e+02, 1.242269999999999985e+00
9.108680000000000518e+02, 4.485379999999999923e-01
9.108849999999999909e+02, 9.764659999999999451e-01
9.109009999999999536e+02, 1.953370000000000106e-01
9.109180000000000064e+02, 5.378049999999999775e-01
9.109349999999999454e+02, -1.555870000000000086e+00
9.109510000000000218e+02, -1.216539999999999955e+00
9.109679999999999609e+02, -5.384539999999999882e-01
9.109850000000000136e+02, -3.468350000000000044e-01
9.110009999999999764e+02, -1.195999999999999980e-01
9.110180000000000291e+02, -3.399750000000000272e-01
9.110349999999999682e+02, 5.308469999999999578e-01
9.110510000000000446e+02, -7.337090000000000278e-02
9.110679999999999836e+02, -7.820209999999999662e-01
9.110850000000000364e+02, -8.301539999999999475e-01
9.111009999999999991e+02, 5.372440000000000548e-01
9.111180000000000518e+02, 9.901079999999999603e-02
9.111349999999999909e+02, 1.206220000000000070e+00
9.111509999999999536e+02, 2.749889999999999834e-01
9.111680000000000064e+02, 7.164439999999999698e-01
9.111849999999999454e+02, -2.606839999999999852e-02
9.112010000000000218e+02, -1.032359999999999944e+00
9.112179999999999609e+02, -3.004160000000000164e-01
9.112350000000000136e+02, -7.938479999999999981e-01
9.112509999999999764e+02, -2.542719999999999980e-01
9.112680000000000291e+02, 9.764869999999999939e-01
9.112849999999999682e+02, -6.626180000000000403e-01
9.113010000000000446e+02, 1.241819999999999924e+00
9.113179999999999836e+02, -1.335199999999999942e+00
9.113350000000000364e+02, 1.143489999999999895e+00
9.113509999999999991e+02, 4.059420000000000250e-01
9.113680000000000518e+02, 9.600940000000000030e-01
9.113849999999999909e+02, -1.555549999999999988e+00
9.114009999999999536e+02, -1.327539999999999970e-02
9.114180000000000064e+02, 8.886610000000000342e-01
9.114349999999999454e+02, -1.185429999999999984e+00
9.114510000000000218e+02, 1.735740000000000061e-01
9.114679999999999609e+02, 5.651070000000000260e-01
9.114850000000000136e+02, 1.482760000000000078e+00
9.115009999999999764e+02, 6.306850000000000511e-01
9.115180000000000291e+02, 1.733260000000000023e+00
9.115349999999999682e+02, 6.189099999999999602e-01
9.115510000000000446e+02, 1.187470000000000053e-01
9.115679999999999836e+02, -6.024260000000000170e-01
9.115850000000000364e+02, 6.223300000000000498e-01
9.116009999999999991e+02, -2.712149999999999977e-02
9.116180000000000518e+02, -4.336030000000000162e-01
9.116349999999999909e+02, -1.315029999999999921e+00
9.116509999999999536e+02, -1.234790000000000054e-01
9.116680000000000064e+02, -6.085530000000000106e-01
9.116849999999999454e+02, -7.848819999999999686e-01
9.117010000000000218e+02, 1.415820000000000078e+00
9.117179999999999609e+02, 8.054529999999999745e-01
9.117350000000000136e+02, -1.361450000000000049e+00
9.117509999999999764e+02, -9.768759999999999666e-01
9.117680000000000291e+02, 9.943810000000000149e-02
9.117849999999999682e+02, 8.105009999999999992e-02
9.118010000000000446e+02, 8.770110000000000405e-02
9.118179999999999836e+02, -5.809349999999999792e-01
9.118350000000000364e+02, 1.717509999999999870e-01
9.118509999999999991e+02, 3.657549999999999968e-01
9.118680000000000518e+02, 5.949669999999999959e-02
9.118849999999999909e+02, 3.430349999999999788e-01
9.119009999999999536e+02, 1.025900000000000034e+00
9.119180000000000064e+02, 4.656190000000000329e-02
9.119349999999999454e+02, 5.846930000000000183e-01
9.119510000000000218e+02, 7.406049999999999578e-01
9.119679999999999609e+02, -1.525109999999999966e+00
9.119850000000000136e+02, 4.260019999999999779e-02
9.120009999999999764e+02, -8.936720000000000219e-01
9.120180000000000291e+02, -4.900590000000000224e-01
9.120349999999999682e+02, -2.151919999999999944e-01
9.120510000000000446e+02, -2.226670000000000038e-01
9.120679999999999836e+02, -3.390219999999999900e-01
9.120850000000000364e+02, -6.196650000000000214e-01
9.121009999999999991e+02, 1.350619999999999932e+00
9.121180000000000518e+02, 5.116049999999999591e-03
9.121349999999999909e+02, 5.789440000000000142e-01
9.121509999999999536e+02, 1.365529999999999911e+00
9.121680000000000064e+02, 9.589020000000000321e-01
9.121849999999999454e+02, 1.765909999999999980e-01
9.122010000000000218e+02, -2.189159999999999995e-01
9.122179999999999609e+02, 1.370589999999999864e-01
9.122350000000000136e+02, 1.324650000000000105e+00
9.122509999999999764e+02, -1.290229999999999988e+00
9.122680000000000291e+02, -1.177619999999999889e+00
9.122849999999999682e+02, 7.553480000000000194e-01
9.123010000000000446e+02, -1.424749999999999905e-01
9.123179999999999836e+02, 8.752220000000000555e-01
9.123350000000000364e+02, -2.480529999999999957e-01
9.123509999999999991e+02, -4.147140000000000271e-01
9.123680000000000518e+02, 1.279800000000000049e+00
9.123849999999999909e+02, -7.386350000000000415e-01
9.124009999999999536e+02, 1.322230000000000072e-01
9.124180000000000064e+02, -7.053750000000000298e-02
9.124349999999999454e+02, -9.239859999999999740e-02
9.124510000000000218e+02, 2.726060000000000150e-01
9.124679999999999609e+02, 4.555119999999999725e-01
9.124850000000000136e+02, 9.946249999999999813e-01
9.125009999999999764e+02, -1.089880000000000015e-01
9.125180000000000291e+02, -9.155069999999999597e-01
9.125349999999999682e+02, -1.157550000000000079e+00
9.125510000000000446e+02, -6.591940000000000299e-02
9.125679999999999836e+02, -3.133489999999999887e-02
9.125850000000000364e+02, -1.335809999999999942e+00
9.126009999999999991e+02, -8.376799999999999802e-01
9.126180000000000518e+02, -8.750729999999999897e-01
9.126349999999999909e+02, 4.006480000000000041e-01
9.126509999999999536e+02, -3.899360000000000048e-01
9.126680000000000064e+02, -6.153520000000000101e-01
9.126849999999999454e+02, 8.691929999999999934e-01
9.127010000000000218e+02, -7.364279999999999715e-01
9.127179999999999609e+02, 4.005310000000000120e-02
9.127350000000000136e+02, 1.326230000000000020e+00
9.127509999999999764e+02, -5.550730000000000386e-01
9.127680000000000291e+02, -1.359930000000000083e+00
9.127849999999999682e+02, -7.564389999999999725e-01
9.128010000000000446e+02, 2.556419999999999804e-01
9.128179999999999836e+02, 5.566419999999999702e-01
9.128350000000000364e+02, 9.138720000000000176e-01
9.128509999999999991e+02, 1.523799999999999877e-01
9.128680000000000518e+02, -8.497849999999999501e-03
9.128849999999999909e+02, 1.233819999999999917e+00
9.129009999999999536e+02, 5.897689999999999877e-01
9.129180000000000064e+02, 5.009780000000000344e-01
9.129349999999999454e+02, 1.302280000000000104e+00
9.129510000000000218e+02, -1.714250000000000052e+00
9.129679999999999609e+02, -9.150749999999999718e-01
9.129850000000000136e+02, 1.619339999999999946e-01
9.130009999999999764e+02, 2.845929999999999849e-01
9.130180000000000291e+02, 1.404290000000000038e+00
9.130349999999999682e+02, 1.603599999999999914e+00
9.130510000000000446e+02, 1.555050000000000043e+00
9.130679999999999836e+02, -9.916769999999999752e-02
9.130850000000000364e+02, -1.061379999999999962e-01
9.131009999999999991e+02, 1.676640000000000075e-03
9.131180000000000518e+02, 1.258070000000000022e+00
9.131349999999999909e+02, -2.593790000000000262e-01
9.131509999999999536e+02, 4.918219999999999814e-01
9.131680000000000064e+02, -1.299460000000000025e-02
9.131849999999999454e+02, -5.858470000000000066e-01
9.132010000000000218e+02, -5.492839999999999945e-01
9.132179999999999609e+02, -8.348989999999999467e-01
9.132350000000000136e+02, 1.543619999999999992e-01
9.132509999999999764e+02, 4.717569999999999819e-01
9.132680000000000291e+02, 7.298390000000000155e-01
9.132849999999999682e+02, 6.421620000000000106e-01
9.133010000000000446e+02, 2.027069999999999983e-01
9.133179999999999836e+02, 1.128220000000000001e+00
9.133350000000000364e+02, 6.225129999999999830e-01
9.133509999999999991e+02, -2.321769999999999945e-01
9.133680000000000518e+02, -5.143550000000000066e-01
9.133849999999999909e+02, 3.321450000000000236e-01
9.134009999999999536e+02, 3.891830000000000012e-01
9.134180000000000064e+02, -6.471940000000000470e-01
9.134349999999999454e+02, -1.836730000000000029e-01
9.134510000000000218e+02, -1.057860000000000050e-01
9.134679999999999609e+02, 3.344809999999999728e-01
9.134850000000000136e+02, 2.379080000000000084e-01
9.135009999999999764e+02, -4.095550000000000024e-01
9.135180000000000291e+02, 9.196630000000000082e-01
9.135349999999999682e+02, 3.204130000000000034e-01
9.135510000000000446e+02, -9.969200000000000284e-01
9.135679999999999836e+02, -2.858129999999999837e-01
9.135850000000000364e+02, -7.431170000000000275e-01
9.136009999999999991e+02, -2.078359999999999930e-01
9.136180000000000518e+02, 5.579190000000000538e-01
9.136349999999999909e+02, -6.271949999999999470e-01
9.136509999999999536e+02, -7.949660000000000060e-02
9.136680000000000064e+02, -8.676670000000000216e-02
9.136849999999999454e+02, -4.832989999999999786e-01
9.137010000000000218e+02, -2.272480000000000055e-01
9.137179999999999609e+02, -7.477340000000000098e-01
9.137350000000000136e+02, -7.268969999999999598e-02
9.137509999999999764e+02, -2.443170000000000064e-01
9.137680000000000291e+02, -9.498720000000000496e-01
9.137849999999999682e+02, 7.451989999999999448e-01
9.138010000000000446e+02, -3.602830000000000199e-01
9.138179999999999836e+02, -3.138040000000000274e-01
9.138350000000000364e+02, -7.244829999999999881e-01
9.138509999999999991e+02, -3.336859999999999826e-01
9.138680000000000518e+02, -5.156899999999999817e-01
9.138849999999999909e+02, -6.971910000000000607e-02
9.139009999999999536e+02, 9.450550000000000617e-02
9.139180000000000064e+02, 5.392930000000000224e-01
9.139349999999999454e+02, 8.427820000000000311e-01
9.139510000000000218e+02, 2.016620000000000079e+00
9.139679999999999609e+02, 1.038859999999999895e+00
9.139850000000000136e+02, 1.839540000000000064e-01
9.140009999999999764e+02, -4.553429999999999978e-01
9.140180000000000291e+02, -1.768210000000000059e+00
9.140349999999999682e+02, -6.859359999999999902e-01
9.140510000000000446e+02, -1.369549999999999934e-01
9.140679999999999836e+02, -3.664200000000000235e-01
9.140850000000000364e+02, -2.113630000000000023e-02
9.141009999999999991e+02, 5.226800000000000335e-01
9.141180000000000518e+02, -1.313090000000000090e+00
9.141349999999999909e+02, -5.336039999999999672e-01
9.141509999999999536e+02, -1.026350000000000096e+00
9.141680000000000064e+02, 3.515549999999999925e-02
9.141849999999999454e+02, 1.734249999999999958e-01
9.142010000000000218e+02, -1.831319999999999892e-01
9.142179999999999609e+02, -8.090589999999999726e-01
9.142350000000000136e+02, 5.690629999999999855e-01
9.142509999999999764e+02, 1.744950000000000001e+00
9.142680000000000291e+02, 7.161839999999999873e-02
9.142849999999999682e+02, -8.660200000000000120e-01
9.143010000000000446e+02, -2.085240000000000204e+00
9.143179999999999836e+02, -4.699510000000000076e-01
9.143350000000000364e+02, 4.798769999999999980e-01
9.143509999999999991e+02, 2.099639999999999951e+00
9.143680000000000518e+02, 4.430490000000000261e-01
9.143849999999999909e+02, 1.851490000000000080e-01
9.144009999999999536e+02, 5.068110000000000115e-01
9.144180000000000064e+02, 5.301270000000000149e-01
9.144349999999999454e+02, 2.571789999999999909e-01
9.144510000000000218e+02, -1.621259999999999923e-01
9.144679999999999609e+02, -1.265919999999999934e+00
9.144850000000000136e+02, -1.353520000000000056e+00
9.145009999999999764e+02, -7.783410000000000328e-02
9.145180000000000291e+02, 8.482349999999999612e-01
9.145349999999999682e+02, 1.180269999999999930e+00
9.145510000000000446e+02, -8.575120000000000520e-01
9.145679999999999836e+02, 9.434839999999999893e-02
9.145850000000000364e+02, -5.501340000000000119e-01
9.146009999999999991e+02, 1.105170000000000041e-01
9.146180000000000518e+02, 4.409420000000000006e-02
9.146349999999999909e+02, -4.660790000000000211e-01
9.146509999999999536e+02, 1.410009999999999986e+00
9.146680000000000064e+02, 8.525950000000000195e-02
9.146849999999999454e+02, 1.775569999999999926e-01
9.147010000000000218e+02, 2.122390000000000110e-01
9.147179999999999609e+02, -8.982649999999999801e-01
9.147350000000000136e+02, 5.929609999999999603e-01
9.147509999999999764e+02, 4.578180000000000027e-01
9.147680000000000291e+02, 1.109629999999999894e+00
9.147849999999999682e+02, -5.304309999999999858e-01
9.148010000000000446e+02, -8.161540000000000461e-01
9.148179999999999836e+02, -8.731079999999999952e-01
9.148350000000000364e+02, 1.815759999999999874e-01
9.148509999999999991e+02, -4.867529999999999912e-01
9.148680000000000518e+02, -3.112309999999999799e-01
9.148849999999999909e+02, 3.096380000000000243e-01
9.149009999999999536e+02, 1.469959999999999933e+00
9.149180000000000064e+02, 6.821730000000000294e-01
9.149349999999999454e+02, 1.195670000000000011e+00
9.149510000000000218e+02, -3.890950000000000242e-01
9.149679999999999609e+02, -1.097520000000000051e+00
9.149850000000000136e+02, -2.743410000000000015e-01
9.150009999999999764e+02, 2.876699999999999813e-01
9.150180000000000291e+02, 3.357669999999999821e-01
9.150349999999999682e+02, -1.447880000000000056e+00
9.150510000000000446e+02, -5.053999999999999604e-01
9.150679999999999836e+02, -1.687250000000000139e-01
9.150850000000000364e+02, 1.786240000000000050e-02
9.151009999999999991e+02, 1.006690000000000085e+00
9.151180000000000518e+02, 5.015140000000000153e-01
9.151349999999999909e+02, 9.722039999999999571e-01
9.151509999999999536e+02, 1.020199999999999996e+00
9.151680000000000064e+02, 2.652559999999999987e-02
9.151849999999999454e+02, -4.862460000000000115e-01
9.152010000000000218e+02, -2.040269999999999861e-01
9.152179999999999609e+02, 7.015519999999999534e-01
9.152350000000000136e+02, -8.397320000000000340e-01
9.152509999999999764e+02, -1.049109999999999987e+00
9.152680000000000291e+02, 2.092030000000000001e-01
9.152849999999999682e+02, -8.052610000000000046e-01
9.153010000000000446e+02, 4.384299999999999864e-01
9.153179999999999836e+02, 9.970809999999999951e-01
9.153350000000000364e+02, -5.883150000000000324e-01
9.153509999999999991e+02, 3.437209999999999988e-01
9.153680000000000518e+02, -8.519619999999999971e-01
9.153849999999999909e+02, -1.439130000000000131e-01
9.154009999999999536e+02, 2.455400000000000083e-01
9.154180000000000064e+02, -8.456489999999999840e-01
9.154349999999999454e+02, 7.428179999999999783e-01
9.154510000000000218e+02, -1.087390000000000079e+00
9.154679999999999609e+02, -1.110349999999999948e+00
9.154850000000000136e+02, -1.214879999999999960e+00
9.155009999999999764e+02, 1.024410000000000043e+00
9.155180000000000291e+02, -7.176439999999999486e-01
9.155349999999999682e+02, -4.126090000000000035e-01
9.155510000000000446e+02, -2.515569999999999959e-02
9.155679999999999836e+02, -6.087120000000000308e-01
9.155850000000000364e+02, -1.381850000000000023e+00
9.156009999999999991e+02, 2.856989999999999807e-01
9.156180000000000518e+02, -1.813790000000000124e-01
9.156349999999999909e+02, -2.438780000000000114e-01
9.156509999999999536e+02, -3.085550000000000237e-01
9.156680000000000064e+02, 5.047840000000000105e-01
9.156849999999999454e+02, -7.389099999999999557e-01
9.157010000000000218e+02, -8.571060000000000345e-01
9.157179999999999609e+02, -1.950639999999999930e+00
9.157350000000000136e+02, -1.934420000000000028e+00
9.157509999999999764e+02, -7.090880000000000516e-01
9.157680000000000291e+02, 8.141070000000000251e-01
9.157849999999999682e+02, 1.642589999999999995e+00
9.158010000000000446e+02, 2.072980000000000100e-01
9.158179999999999836e+02, -4.611319999999999864e-01
9.158350000000000364e+02, -1.256750000000000034e+00
9.158509999999999991e+02, -1.810559999999999947e+00
9.158680000000000518e+02, 1.085150000000000059e+00
9.158849999999999909e+02, 4.888930000000000220e-01
9.159009999999999536e+02, 3.062779999999999947e-01
9.159180000000000064e+02, 1.623350000000000071e-01
9.159349999999999454e+02, -1.487049999999999983e+00
9.159510000000000218e+02, -3.878099999999999881e-01
9.159679999999999609e+02, 2.692599999999999993e-01
9.159850000000000136e+02, 2.283910000000000107e+00
9.160009999999999764e+02, -2.580580000000000096e-01
9.160180000000000291e+02, 1.541789999999999994e+00
9.160349999999999682e+02, 5.356330000000000258e-01
9.160510000000000446e+02, -1.149350000000000094e+00
9.160679999999999836e+02, -1.810950000000000060e+00
9.160850000000000364e+02, 3.597100000000000297e-02
9.161009999999999991e+02, 6.182760000000000478e-01
9.161180000000000518e+02, -4.776750000000000163e-01
9.161349999999999909e+02, 4.060639999999999805e-01
9.161509999999999536e+02, -2.057630000000000015e-01
9.161680000000000064e+02, 7.700719999999999787e-01
9.161849999999999454e+02, 3.757409999999999917e-01
9.162010000000000218e+02, 8.540499999999999758e-01
9.162179999999999609e+02, 1.463090000000000002e+00
9.162350000000000136e+02, -1.147999999999999993e-01
9.162509999999999764e+02, 1.062619999999999898e+00
9.162680000000000291e+02, 3.910939999999999972e-01
9.162849999999999682e+02, -7.581700000000000106e-01
9.163010000000000446e+02, -7.862529999999999797e-01
9.163179999999999836e+02, -4.029340000000000005e-02
9.163350000000000364e+02, 5.216840000000000366e-01
9.163509999999999991e+02, 5.405090000000000172e-01
9.163680000000000518e+02, -3.225970000000000226e-01
9.163849999999999909e+02, -1.944590000000000041e+00
9.164009999999999536e+02, 5.826670000000000460e-01
9.164180000000000064e+02, 2.448279999999999901e-01
9.164349999999999454e+02, 1.282030000000000003e+00
9.164510000000000218e+02, 3.836809999999999943e-01
9.164679999999999609e+02, -1.303709999999999924e+00
9.164850000000000136e+02, -4.268609999999999904e-01
9.165009999999999764e+02, 1.601130000000000053e-01
9.165180000000000291e+02, 2.801460000000000061e-01
9.165349999999999682e+02, 6.536119999999999708e-01
9.165510000000000446e+02, -7.199900000000000189e-01
9.165679999999999836e+02, -1.438709999999999933e+00
9.165850000000000364e+02, -2.160950000000000149e+00
9.166009999999999991e+02, 3.099040000000000128e-01
9.166180000000000518e+02, 2.209589999999999888e-01
9.166349999999999909e+02, 1.030080000000000107e+00
9.166509999999999536e+02, -5.846909999999999608e-01
9.166680000000000064e+02, -8.995400000000000618e-02
9.166849999999999454e+02, -5.508399999999999963e-01
9.167010000000000218e+02, 4.493750000000000244e-01
9.167179999999999609e+02, -8.489200000000000079e-01
9.167350000000000136e+02, -3.595940000000000247e-01
9.167509999999999764e+02, 6.051669999999999966e-02
9.167680000000000291e+02, 4.262020000000000253e-01
9.167849999999999682e+02, 7.831390000000000295e-01
9.168010000000000446e+02, 6.539179999999999993e-01
9.168179999999999836e+02, -1.561469999999999914e+00
9.168350000000000364e+02, -1.091360000000000108e+00
9.168509999999999991e+02, -2.424440000000000150e+00
9.168680000000000518e+02, 3.448590000000000075e-03
9.168849999999999909e+02, 1.163370000000000015e+00
9.169009999999999536e+02, 1.803579999999999961e+00
9.169180000000000064e+02, -2.184149999999999980e-01
9.169349999999999454e+02, -1.410859999999999892e-01
9.169510000000000218e+02, 2.950119999999999965e-01
9.169679999999999609e+02, 1.262820000000000054e+00
9.169850000000000136e+02, 1.583579999999999988e+00
9.170009999999999764e+02, -8.859259999999999913e-01
9.170180000000000291e+02, -7.289390000000000036e-01
9.170349999999999682e+02, -1.758699999999999986e-01
9.170510000000000446e+02, -3.282260000000000177e-01
9.170679999999999836e+02, 3.758050000000000002e-01
9.170850000000000364e+02, 1.768520000000000092e+00
9.171009999999999991e+02, 3.761140000000000039e-01
9.171180000000000518e+02, -5.060080000000000133e-01
9.171349999999999909e+02, 1.793810000000000127e-01
9.171509999999999536e+02, -4.381300000000000194e-01
9.171680000000000064e+02, 5.569089999999999874e-01
9.171849999999999454e+02, 4.548570000000000113e-01
9.172010000000000218e+02, 1.376810000000000089e+00
9.172179999999999609e+02, -3.191559999999999953e-01
9.172350000000000136e+02, 2.402289999999999981e-02
9.172509999999999764e+02, 1.428730000000000055e+00
9.172680000000000291e+02, 4.176289999999999725e-01
9.172849999999999682e+02, 5.102619999999999933e-01
9.173010000000000446e+02, -1.763979999999999992e-01
9.173179999999999836e+02, 5.447589999999999932e-01
9.173350000000000364e+02, 2.548540000000000250e-01
9.173509999999999991e+02, 6.177700000000000413e-01
9.173680000000000518e+02, -3.536989999999999856e-01
9.173849999999999909e+02, -2.782089999999999841e-01
9.174009999999999536e+02, -1.134549999999999947e+00
9.174180000000000064e+02, -1.116719999999999935e+00
9.174349999999999454e+02, 5.885730000000000128e-01
9.174510000000000218e+02, -7.054550000000000542e-01
9.174679999999999609e+02, 3.129849999999999993e-02
9.174850000000000136e+02, 2.557699999999999974e-01
9.175009999999999764e+02, -4.756870000000000265e-01
9.175180000000000291e+02, -1.144900000000000029e+00
9.175349999999999682e+02, -5.426750000000000185e-01
9.175510000000000446e+02, 8.563039999999999541e-01
9.175679999999999836e+02, -3.233609999999999957e-02
9.175850000000000364e+02, -1.474010000000000042e+00
9.176009999999999991e+02, 7.030089999999999950e-01
9.176180000000000518e+02, 7.040309999999999624e-01
9.176349999999999909e+02, 1.008119999999999905e+00
9.176509999999999536e+02, -9.458530000000000548e-01
9.176680000000000064e+02, 3.669450000000000212e-01
9.176849999999999454e+02, -4.753689999999999860e-01
9.177010000000000218e+02, -1.598120000000000096e-01
9.177179999999999609e+02, 2.004759999999999875e-01
9.177350000000000136e+02, 5.128570000000000073e-01
9.177509999999999764e+02, 6.683829999999999494e-01
9.177680000000000291e+02, -2.326370000000000104e-01
9.177849999999999682e+02, 3.567429999999999768e-01
9.178010000000000446e+02, 5.699760000000000243e-02
9.178179999999999836e+02, 1.359509999999999885e-01
9.178350000000000364e+02, -4.943150000000000044e-01
9.178509999999999991e+02, -4.253899999999999904e-01
9.178680000000000518e+02, -5.180470000000000352e-01
9.178849999999999909e+02, -3.600459999999999772e-01
9.179009999999999536e+02, 6.870749999999999913e-01
9.179180000000000064e+02, 8.915779999999999539e-02
9.179349999999999454e+02, 4.698990000000000111e-01
9.179510000000000218e+02, -5.186429999999999652e-01
9.179679999999999609e+02, 1.262079999999999869e-01
9.179850000000000136e+02, 1.754539999999999988e-01
9.180009999999999764e+02, 5.687630000000000186e-01
9.180180000000000291e+02, 9.031339999999999923e-01
9.180349999999999682e+02, -1.766739999999999977e+00
9.180510000000000446e+02, -8.470210000000000586e-03
9.180679999999999836e+02, -2.118599999999999928e-01
9.180850000000000364e+02, -1.799669999999999881e-01
9.181009999999999991e+02, -7.153929999999999456e-01
9.181180000000000518e+02, 1.984329999999999927e+00
9.181349999999999909e+02, 6.731599999999999806e-01
9.181509999999999536e+02, 1.570809999999999984e-01
9.181680000000000064e+02, -1.503169999999999895e+00
9.181849999999999454e+02, 3.259920000000000040e-01
9.182010000000000218e+02, 4.851269999999999749e-01
9.182179999999999609e+02, 1.604950000000000099e+00
9.182350000000000136e+02, -3.978369999999999962e-01
9.182509999999999764e+02, -1.701870000000000049e-01
9.182680000000000291e+02, -1.803840000000000110e+00
9.182849999999999682e+02, -7.144989999999999952e-01
9.183010000000000446e+02, 1.500990000000000102e-01
9.183179999999999836e+02, 1.369429999999999925e+00
9.183350000000000364e+02, 3.831829999999999958e-01
9.183509999999999991e+02, 7.156810000000000116e-01
9.183680000000000518e+02, -3.966000000000000081e-01
9.183849999999999909e+02, 9.060060000000000335e-02
9.184009999999999536e+02, -7.168700000000000072e-01
9.184180000000000064e+02, -2.175120000000000109e-01
9.184349999999999454e+02, -6.051649999999999530e-01
9.184510000000000218e+02, -6.966649999999999787e-01
9.184679999999999609e+02, -1.731989999999999919e-01
9.184850000000000136e+02, 2.099580000000000057e-01
9.185009999999999764e+02, -7.022859999999999658e-01
9.185180000000000291e+02, 1.047229999999999966e-01
9.185349999999999682e+02, -8.839409999999999767e-01
9.185510000000000446e+02, -1.673510000000000053e+00
9.185679999999999836e+02, -1.659219999999999917e+00
9.185850000000000364e+02, -7.942590000000000483e-01
9.186009999999999991e+02, -1.267649999999999944e+00
9.186180000000000518e+02, 1.335480000000000000e+00
9.186349999999999909e+02, 7.896950000000000358e-01
9.186509999999999536e+02, 2.764550000000000063e-01
9.186680000000000064e+02, 1.593669999999999920e+00
9.186849999999999454e+02, -1.209159999999999957e-01
9.187010000000000218e+02, 6.026569999999999983e-01
9.187179999999999609e+02, 1.671370000000000078e-01
9.187350000000000136e+02, 1.207140000000000102e+00
9.187509999999999764e+02, 2.138450000000000073e-01
9.187680000000000291e+02, -3.457399999999999918e-01
9.187849999999999682e+02, -8.743919999999999471e-02
9.188010000000000446e+02, -6.828809999999999603e-01
9.188179999999999836e+02, 6.802949999999999831e-01
9.188350000000000364e+02, 1.638330000000000064e-01
9.188509999999999991e+02, 7.757979999999999876e-01
9.188680000000000518e+02, 1.153010000000000090e+00
9.188849999999999909e+02, -5.072799999999999532e-01
9.189009999999999536e+02, -1.064920000000000089e+00
9.189180000000000064e+02, 1.831899999999999848e-02
9.189349999999999454e+02, 3.315939999999999999e-01
9.189510000000000218e+02, -1.677400000000000072e-02
9.189679999999999609e+02, 4.973910000000000275e-01
9.189850000000000136e+02, -1.837380000000000013e+00
9.190009999999999764e+02, -9.514780000000000459e-01
9.190180000000000291e+02, 1.524020000000000097e-01
9.190349999999999682e+02, -1.101590000000000069e+00
9.190510000000000446e+02, -1.158009999999999984e+00
9.190679999999999836e+02, -8.807730000000000281e-01
9.190850000000000364e+02, -6.370350000000000179e-01
9.191009999999999991e+02, 1.151910000000000017e-01
9.191180000000000518e+02, -1.051150000000000029e+00
9.191349999999999909e+02, 2.369549999999999990e-01
9.191509999999999536e+02, 2.209329999999999905e-01
9.191680000000000064e+02, -7.671139999999999903e-02
9.191849999999999454e+02, -1.580549999999999899e+00
9.192010000000000218e+02, -1.035840000000000094e+00
9.192179999999999609e+02, -1.331979999999999942e+00
9.192350000000000136e+02, -1.419910000000000061e-01
9.192509999999999764e+02, 2.689570000000000016e-01
9.192680000000000291e+02, -7.570320000000000382e-01
9.192849999999999682e+02, -7.496830000000000160e-02
9.193010000000000446e+02, -1.162169999999999925e+00
9.193179999999999836e+02, -1.534119999999999928e-01
9.193350000000000364e+02, 1.058980000000000032e+00
9.193509999999999991e+02, -9.058199999999999585e-01
9.193680000000000518e+02, -6.106770000000000254e-01
9.193849999999999909e+02, -5.680129999999999901e-01
9.194009999999999536e+02, 1.974869999999999959e-01
9.194180000000000064e+02, -1.516430000000000000e-01
9.194349999999999454e+02, 3.303530000000000078e-01
9.194510000000000218e+02, 6.409539999999999682e-02
9.194679999999999609e+02, 9.203559999999999519e-02
9.194850000000000136e+02, 8.648379999999999956e-01
9.195009999999999764e+02, -1.593599999999999905e+00
9.195180000000000291e+02, -1.961320000000000008e-01
9.195349999999999682e+02, 1.882399999999999907e-01
9.195510000000000446e+02, 4.674269999999999814e-02
9.195679999999999836e+02, -3.617909999999999737e-01
9.195850000000000364e+02, 1.097339999999999947e-02
9.196009999999999991e+02, 2.624169999999999975e-02
9.196180000000000518e+02, 1.867029999999999967e+00
9.196349999999999909e+02, 1.127779999999999928e-02
9.196509999999999536e+02, -3.988579999999999903e-01
9.196680000000000064e+02, -9.376459999999999795e-01
9.196849999999999454e+02, -3.733170000000000099e-01
9.197010000000000218e+02, 3.549979999999999802e-01
9.197179999999999609e+02, 1.038419999999999899e+00
9.197350000000000136e+02, -2.571599999999999997e-01
9.197509999999999764e+02, 1.033079999999999936e-02
9.197680000000000291e+02, -3.035249999999999893e-01
9.197849999999999682e+02, 5.585830000000000517e-01
9.198010000000000446e+02, 3.155660000000000132e-01
9.198179999999999836e+02, -1.523160000000000069e+00
9.198350000000000364e+02, 5.057530000000000081e-01
9.198509999999999991e+02, 2.962259999999999893e-01
9.198680000000000518e+02, 1.275719999999999910e-01
9.198849999999999909e+02, 3.114120000000000221e-01
9.199009999999999536e+02, 3.766349999999999976e-01
9.199180000000000064e+02, -4.939720000000000222e-01
9.199349999999999454e+02, 3.517819999999999836e-01
9.199510000000000218e+02, -8.008759999999999490e-02
9.199679999999999609e+02, -1.487600000000000033e+00
9.199850000000000136e+02, 3.199430000000000329e-02
9.200009999999999764e+02, -2.297579999999999900e-01
9.200180000000000291e+02, 5.364020000000000454e-01
9.200349999999999682e+02, -7.100859999999999950e-01
9.200510000000000446e+02, 8.481999999999999540e-01
9.200679999999999836e+02, -2.084509999999999974e-01
9.200850000000000364e+02, 6.267509999999999470e-01
9.201009999999999991e+02, -2.951489999999999947e-01
9.201180000000000518e+02, -2.629290000000000238e-01
9.201349999999999909e+02, 1.265020000000000033e+00
9.201509999999999536e+02, -8.741649999999999698e-01
9.201680000000000064e+02, -3.142010000000000081e-01
9.201849999999999454e+02, 9.951550000000000118e-01
9.202010000000000218e+02, -2.230149999999999910e-01
9.202179999999999609e+02, 4.826239999999999974e-01
9.202350000000000136e+02, -6.254899999999999904e-01
9.202509999999999764e+02, -5.293699999999999795e-02
9.202680000000000291e+02, -5.515959999999999752e-01
9.202849999999999682e+02, -4.642620000000000080e-02
9.203010000000000446e+02, 5.919029999999999569e-01
9.203179999999999836e+02, -4.379040000000000155e-01
9.203350000000000364e+02, -6.622109999999999941e-01
9.203509999999999991e+02, -5.394889999999999963e-01
9.203680000000000518e+02, -8.030259999999999135e-03
9.203849999999999909e+02, 1.270319999999999894e+00
9.204009999999999536e+02, 9.179580000000000517e-01
9.204180000000000064e+02, 7.868060000000000054e-01
9.204349999999999454e+02, 1.129709999999999992e+00
9.204510000000000218e+02, -1.243749999999999911e+00
9.204679999999999609e+02, -1.310300000000000076e-01
9.204850000000000136e+02, -9.508539999999999770e-01
9.205009999999999764e+02, 4.095579999999999776e-01
9.205180000000000291e+02, -8.371639999999999637e-02
9.205349999999999682e+02, -9.689339999999999620e-01
9.205510000000000446e+02, 8.973109999999999420e-02
9.205679999999999836e+02, 5.817839999999999678e-01
9.205850000000000364e+02, -4.805220000000000047e-01
9.206009999999999991e+02, -1.648239999999999927e+00
9.206180000000000518e+02, -1.168490000000000029e+00
9.206349999999999909e+02, -1.942339999999999900e-01
9.206509999999999536e+02, 7.640709999999999447e-01
9.206680000000000064e+02, 1.563600000000000101e+00
9.206849999999999454e+02, 9.664430000000000520e-01
9.207010000000000218e+02, 1.248280000000000056e+00
9.207179999999999609e+02, 1.989839999999999942e-01
9.207350000000000136e+02, -5.347610000000000419e-01
9.207509999999999764e+02, -5.533829999999999999e-02
9.207680000000000291e+02, -8.125050000000000328e-02
9.207849999999999682e+02, 1.264610000000000012e+00
9.208010000000000446e+02, -5.686620000000000008e-01
9.208179999999999836e+02, 7.610050000000000425e-01
9.208350000000000364e+02, -2.814740000000000020e-01
9.208509999999999991e+02, -1.040410000000000057e+00
9.208680000000000518e+02, 1.242410000000000014e+00
9.208849999999999909e+02, -3.948670000000000235e-01
9.209009999999999536e+02, 3.625689999999999746e-01
9.209180000000000064e+02, 4.049940000000000206e-01
9.209349999999999454e+02, 1.532140000000000057e+00
9.209510000000000218e+02, -7.465339999999999476e-02
9.209679999999999609e+02, 4.608039999999999914e-01
9.209850000000000136e+02, -3.936509999999999732e-01
9.210009999999999764e+02, 9.704450000000000021e-01
9.210180000000000291e+02, -4.034409999999999941e-01
9.210349999999999682e+02, -7.471290000000000431e-01
9.210510000000000446e+02, -1.204939999999999900e+00
9.210679999999999836e+02, 7.084700000000000442e-01
9.210850000000000364e+02, 8.259919999999999485e-01
9.211009999999999991e+02, 7.242329999999999601e-02
9.211180000000000518e+02, -2.234329999999999927e-01
9.211349999999999909e+02, 1.106230000000000047e+00
9.211509999999999536e+02, 2.101760000000000017e-01
9.211680000000000064e+02, 4.434899999999999953e-01
9.211849999999999454e+02, 6.425119999999999720e-01
9.212010000000000218e+02, -5.021060000000000523e-01
9.212179999999999609e+02, 4.243659999999999793e-02
9.212350000000000136e+02, 6.262450000000000516e-01
9.212509999999999764e+02, 1.001149999999999984e+00
9.212680000000000291e+02, -5.307979999999999920e-01
9.212849999999999682e+02, -6.573510000000000186e-01
9.213010000000000446e+02, 4.705079999999999818e-01
9.213179999999999836e+02, 5.107960000000000278e-01
9.213350000000000364e+02, 7.051209999999999978e-01
9.213509999999999991e+02, -3.875700000000000256e-01
9.213680000000000518e+02, -3.723400000000000043e-01
9.213849999999999909e+02, -8.908059999999999867e-01
9.214009999999999536e+02, -7.820669999999999566e-01
9.214180000000000064e+02, -6.173840000000000439e-01
9.214349999999999454e+02, 1.923179999999999890e+00
9.214510000000000218e+02, 5.225530000000000452e-01
9.214679999999999609e+02, 9.066640000000000255e-01
9.214850000000000136e+02, 4.136029999999999984e-01
9.215009999999999764e+02, -2.505510000000000237e-01
9.215180000000000291e+02, -1.113129999999999953e+00
9.215349999999999682e+02, -8.607679999999999776e-01
9.215510000000000446e+02, -3.449369999999999936e-01
9.215679999999999836e+02, -1.053439999999999932e-01
9.215850000000000364e+02, -1.428979999999999972e-01
9.216009999999999991e+02, 5.774839999999999973e-01
9.216180000000000518e+02, 1.605129999999999890e-01
9.216349999999999909e+02, -4.607390000000000096e-01
9.216509999999999536e+02, -2.879039999999999933e-01
9.216680000000000064e+02, 6.230219999999999647e-01
9.216849999999999454e+02, 4.679070000000000173e-01
9.217010000000000218e+02, -9.060459999999999348e-02
9.217179999999999609e+02, -4.228430000000000244e-01
9.217350000000000136e+02, -6.507929999999999549e-01
9.217509999999999764e+02, -2.338149999999999951e-01
9.217680000000000291e+02, -8.758810000000000207e-01
9.217849999999999682e+02, -8.394169999999999687e-01
9.218010000000000446e+02, -1.101650000000000018e+00
9.218179999999999836e+02, 8.937840000000000229e-01
9.218350000000000364e+02, 1.297299999999999898e+00
9.218509999999999991e+02, -1.163689999999999891e+00
9.218680000000000518e+02, -6.962399999999999700e-01
9.218849999999999909e+02, 1.031060000000000088e+00
9.219009999999999536e+02, -1.131129999999999969e+00
9.219180000000000064e+02, 8.192220000000000057e-01
9.219349999999999454e+02, -7.415260000000000185e-01
9.219510000000000218e+02, 1.001110000000000055e-01
9.219679999999999609e+02, 1.823469999999999924e+00
9.219850000000000136e+02, -1.404070000000000040e-01
9.220009999999999764e+02, 7.399299999999999766e-01
9.220180000000000291e+02, 1.333090000000000108e-01
9.220349999999999682e+02, -1.348489999999999966e+00
9.220510000000000446e+02, 8.405730000000000146e-01
9.220679999999999836e+02, 6.891629999999999701e-01
9.220850000000000364e+02, -1.444999999999999896e-01
9.221009999999999991e+02, 5.082430000000000003e-01
9.221180000000000518e+02, -1.419980000000000020e+00
9.221349999999999909e+02, -8.343869999999999898e-01
9.221509999999999536e+02, -1.225270000000000081e+00
9.221680000000000064e+02, -1.112589999999999968e+00
9.221849999999999454e+02, -8.428729999999999833e-01
9.222010000000000218e+02, 1.819280000000000064e-01
9.222179999999999609e+02, 2.608359999999999790e+00
9.222350000000000136e+02, 1.279379999999999962e+00
9.222509999999999764e+02, 5.096359999999999779e-01
9.222680000000000291e+02, -6.493389999999999995e-01
9.222849999999999682e+02, -6.473950000000000538e-01
9.223010000000000446e+02, 6.613189999999999902e-01
9.223179999999999836e+02, 1.218069999999999986e+00
9.223350000000000364e+02, 1.402869999999999950e-01
9.223509999999999991e+02, 1.084660000000000069e-01
9.223680000000000518e+02, 3.985360000000000291e-02
9.223849999999999909e+02, 1.082869999999999999e+00
9.224009999999999536e+02, -3.793489999999999918e-01
9.224180000000000064e+02, 7.643700000000000494e-02
9.224349999999999454e+02, -9.245879999999999654e-01
9.224510000000000218e+02, 1.858200000000000074e+00
9.224679999999999609e+02, -2.833300000000000263e-01
9.224850000000000136e+02, 9.523059999999999858e-01
9.225009999999999764e+02, 1.898549999999999960e+00
9.225180000000000291e+02, -3.349079999999999835e-01
9.225349999999999682e+02, -2.550849999999999992e-02
9.225510000000000446e+02, -1.555120000000000058e+00
9.225679999999999836e+02, -9.210709999999999731e-01
9.225850000000000364e+02, -9.087830000000000075e-01
9.226009999999999991e+02, -8.303679999999999950e-01
9.226180000000000518e+02, 8.826540000000000497e-01
9.226349999999999909e+02, 2.055289999999999895e-01
9.226509999999999536e+02, -2.919459999999999833e-01
9.226680000000000064e+02, -1.032810000000000006e+00
9.226849999999999454e+02, 1.540360000000000062e-01
9.227010000000000218e+02, -1.830179999999999862e-01
9.227179999999999609e+02, -4.814180000000000126e-01
9.227350000000000136e+02, 2.154899999999999871e-01
9.227509999999999764e+02, -9.806899999999999507e-01
9.227680000000000291e+02, -1.019339999999999913e+00
9.227849999999999682e+02, 3.002000000000000154e-02
9.228010000000000446e+02, -2.728249999999999842e-01
9.228179999999999836e+02, 8.827279999999999571e-01
9.228350000000000364e+02, 1.198890000000000011e+00
9.228509999999999991e+02, 5.769739999999999869e-01
9.228680000000000518e+02, 7.627789999999999848e-01
9.228849999999999909e+02, -1.441640000000000033e+00
9.229009999999999536e+02, -1.034659999999999913e+00
9.229180000000000064e+02, -1.251949999999999896e+00
9.229349999999999454e+02, -1.005570000000000075e+00
9.229510000000000218e+02, 9.594690000000000163e-02
9.229679999999999609e+02, 4.142479999999999773e-02
9.229850000000000136e+02, -1.693729999999999958e-01
9.230009999999999764e+02, 4.107799999999999785e-01
9.230180000000000291e+02, 2.239530000000000132e-01
9.230349999999999682e+02, -6.060339999999999616e-01
9.230510000000000446e+02, 1.196700000000000097e+00
9.230679999999999836e+02, -1.216499999999999915e+00
9.230850000000000364e+02, 9.931759999999999478e-01
9.231009999999999991e+02, 7.236510000000000442e-01
9.231180000000000518e+02, -8.021169999999999689e-01
9.231349999999999909e+02, -2.382410000000000083e-02
9.231509999999999536e+02, -3.642759999999999887e-01
9.231680000000000064e+02, -2.148820000000000174e+00
9.231849999999999454e+02, 2.157820000000000016e-01
9.232010000000000218e+02, -6.229299999999999837e-01
9.232179999999999609e+02, -1.166309999999999958e+00
9.232350000000000136e+02, 2.502849999999999797e-01
9.232509999999999764e+02, 1.316929999999999934e+00
9.232680000000000291e+02, 2.484059999999999879e-01
9.232849999999999682e+02, -1.008420000000000094e+00
9.233010000000000446e+02, -3.254360000000000031e-01
9.233179999999999836e+02, 3.717260000000000009e-01
9.233350000000000364e+02, -3.089910000000000156e-01
9.233509999999999991e+02, -6.273959999999999537e-01
9.233680000000000518e+02, -9.802920000000000522e-01
9.233849999999999909e+02, -9.921950000000000491e-01
9.234009999999999536e+02, 7.915320000000000134e-01
9.234180000000000064e+02, 7.347689999999999777e-02
9.234349999999999454e+02, 4.158339999999999814e-01
9.234510000000000218e+02, -1.685419999999999974e-01
9.234679999999999609e+02, 1.024510000000000032e+00
9.234850000000000136e+02, 1.834739999999999982e-01
9.235009999999999764e+02, -1.504899999999999904e+00
9.235180000000000291e+02, -6.334419999999999495e-01
9.235349999999999682e+02, -3.677259999999999973e-01
9.235510000000000446e+02, -5.040940000000000420e-01
9.235679999999999836e+02, 2.384080000000000088e-01
9.235850000000000364e+02, 6.557619999999999560e-01
9.236009999999999991e+02, -3.736650000000000249e-01
9.236180000000000518e+02, -4.564889999999999781e-01
9.236349999999999909e+02, -4.094450000000000034e-01
9.236509999999999536e+02, 4.684760000000000035e-01
9.236680000000000064e+02, -5.903249999999999886e-01
9.236849999999999454e+02, 3.334590000000000054e-01
9.237010000000000218e+02, 1.170760000000000023e+00
9.237179999999999609e+02, 1.908390000000000086e-01
9.237350000000000136e+02, 6.404619999999999758e-01
9.237509999999999764e+02, 1.090529999999999972e-01
9.237680000000000291e+02, -8.084289999999999532e-01
9.237849999999999682e+02, -5.261059999999999626e-01
9.238010000000000446e+02, -1.793889999999999985e+00
9.238179999999999836e+02, 1.258829999999999893e+00
9.238350000000000364e+02, 1.436709999999999932e-01
9.238509999999999991e+02, 5.856999999999999984e-01
9.238680000000000518e+02, 5.366640000000000299e-01
9.238849999999999909e+02, -1.878120000000000067e-01
9.239009999999999536e+02, 1.180809999999999915e+00
9.239180000000000064e+02, 1.434309999999999974e+00
9.239349999999999454e+02, -1.623680000000000123e-01
9.239510000000000218e+02, -1.904500000000000082e-01
9.239679999999999609e+02, -3.775009999999999755e-01
9.239850000000000136e+02, 1.230850000000000000e+00
9.240009999999999764e+02, 2.954579999999999984e-01
9.240180000000000291e+02, 1.168649999999999967e+00
9.240349999999999682e+02, 3.878829999999999778e-01
9.240510000000000446e+02, -1.210579999999999989e+00
9.240679999999999836e+02, -9.411869999999999958e-01
9.240850000000000364e+02, -6.685130000000000239e-01
9.241009999999999991e+02, 3.235290000000000110e-01
9.241180000000000518e+02, -1.252250000000000064e-02
9.241349999999999909e+02, 1.056890000000000052e-01
9.241509999999999536e+02, -5.887109999999999843e-01
9.241680000000000064e+02, -1.198180000000000023e+00
9.241849999999999454e+02, 7.187609999999999832e-01
9.242010000000000218e+02, 1.497749999999999915e+00
9.242179999999999609e+02, 1.118360000000000021e+00
9.242350000000000136e+02, 1.216099999999999959e+00
9.242509999999999764e+02, 1.669990000000000085e-01
9.242680000000000291e+02, -1.197330000000000005e+00
9.242849999999999682e+02, -1.602500000000000036e-01
9.243010000000000446e+02, 2.909100000000000019e-01
9.243179999999999836e+02, 2.055460000000000065e+00
9.243350000000000364e+02, 1.585959999999999870e-01
9.243509999999999991e+02, 5.182469999999999785e-03
9.243680000000000518e+02, 7.186470000000000358e-01
9.243849999999999909e+02, -6.705999999999999739e-01
9.244009999999999536e+02, 1.182490000000000041e+00
9.244180000000000064e+02, 3.338809999999999695e-02
9.244349999999999454e+02, 8.540799999999999503e-01
9.244510000000000218e+02, 3.080609999999999737e-01
9.244679999999999609e+02, -3.608910000000000173e-01
9.244850000000000136e+02, -1.081850000000000034e-01
9.245009999999999764e+02, 3.045060000000000128e-02
9.245180000000000291e+02, -7.045799999999999841e-01
9.245349999999999682e+02, -6.946679999999999522e-01
9.245510000000000446e+02, -3.735330000000000039e-01
9.245679999999999836e+02, 1.129660000000000108e+00
9.245850000000000364e+02, -2.946699999999999875e-01
9.246009999999999991e+02, 9.371739999999999515e-01
9.246180000000000518e+02, 5.804890000000000327e-01
9.246349999999999909e+02, 5.193529999999999536e-01
9.246509999999999536e+02, -3.087579999999999769e-01
9.246680000000000064e+02, 1.260820000000000052e+00
9.246849999999999454e+02, 4.869700000000000140e-01
9.247010000000000218e+02, 4.586560000000000081e-01
9.247179999999999609e+02, 3.972550000000000248e-01
9.247350000000000136e+02, 8.230100000000000193e-01
9.247509999999999764e+02, -6.772290000000000254e-02
9.247680000000000291e+02, 1.019379999999999953e+00
9.247849999999999682e+02, 2.265369999999999884e-01
9.248010000000000446e+02, -2.286269999999999969e-01
9.248179999999999836e+02, -5.040989999999999638e-01
9.248350000000000364e+02, 8.402490000000000236e-01
9.248509999999999991e+02, -1.543219999999999870e-01
9.248680000000000518e+02, -4.018970000000000042e-01
9.248849999999999909e+02, -5.238580000000000458e-01
9.249009999999999536e+02, -9.748669999999999558e-02
9.249180000000000064e+02, -1.978679999999999883e-01
9.249349999999999454e+02, -3.395730000000000137e-01
9.249510000000000218e+02, 1.473859999999999892e-01
9.249679999999999609e+02, -2.949330000000000007e-01
9.249850000000000136e+02, -5.165170000000000178e-03
9.250009999999999764e+02, -2.533650000000000069e-01
9.250180000000000291e+02, -2.990380000000000260e-01
9.250349999999999682e+02, 1.453889999999999905e-01
9.250510000000000446e+02, -2.112320000000000031e-01
9.250679999999999836e+02, -3.153070000000000039e-01
9.250850000000000364e+02, 1.169829999999999925e+00
9.251009999999999991e+02, 1.982480000000000020e+00
9.251180000000000518e+02, 8.758460000000000134e-01
9.251349999999999909e+02, -1.173899999999999944e+00
9.251509999999999536e+02, 2.960960000000000258e-01
9.251680000000000064e+02, 2.996690000000000187e-01
9.251849999999999454e+02, -1.064060000000000006e-02
9.252010000000000218e+02, -3.764759999999999773e-01
9.252179999999999609e+02, 6.878069999999999462e-01
9.252350000000000136e+02, -6.804719999999999658e-01
9.252509999999999764e+02, -4.995680000000000259e-02
9.252680000000000291e+02, 9.364379999999999926e-01
9.252849999999999682e+02, -2.354890000000000039e-01
9.253010000000000446e+02, 2.355839999999999879e-01
9.253179999999999836e+02, -1.319470000000000087e-01
9.253350000000000364e+02, 1.799739999999999895e+00
9.253509999999999991e+02, 8.843680000000000430e-01
9.253680000000000518e+02, 4.635170000000000262e-02
9.253849999999999909e+02, 2.063800000000000079e-01
9.254009999999999536e+02, 4.830579999999999874e-01
9.254180000000000064e+02, -9.032419999999999893e-01
9.254349999999999454e+02, -3.185709999999999931e-01
9.254510000000000218e+02, -1.120090000000000030e+00
9.254679999999999609e+02, -3.084620000000000140e-01
9.254850000000000136e+02, -1.128900000000000015e+00
9.255009999999999764e+02, 2.002770000000000106e-01
9.255180000000000291e+02, 7.269309999999999938e-01
9.255349999999999682e+02, 1.187659999999999938e+00
9.255510000000000446e+02, 4.620259999999999923e-01
9.255679999999999836e+02, 7.188930000000000042e-01
9.255850000000000364e+02, -1.708909999999999929e+00
9.256009999999999991e+02, -1.829030000000000100e-01
9.256180000000000518e+02, -1.073110000000000008e+00
9.256349999999999909e+02, 3.577020000000000199e-01
9.256509999999999536e+02, -6.611930000000000307e-01
9.256680000000000064e+02, -5.102160000000000029e-01
9.256849999999999454e+02, 3.618939999999999935e-01
9.257010000000000218e+02, 1.726209999999999967e-01
9.257179999999999609e+02, 2.399560000000000026e-01
9.257350000000000136e+02, 1.522199999999999998e+00
9.257509999999999764e+02, -2.405980000000000063e-01
9.257680000000000291e+02, 6.901950000000000029e-01
9.257849999999999682e+02, -6.507810000000000539e-01
9.258010000000000446e+02, 4.937179999999999902e-01
9.258179999999999836e+02, -6.495130000000000070e-01
9.258350000000000364e+02, -5.693650000000000100e-01
9.258509999999999991e+02, 4.093890000000000029e-02
9.258680000000000518e+02, 2.387070000000000164e-02
9.258849999999999909e+02, -1.488159999999999927e+00
9.259009999999999536e+02, -7.273439999999999905e-01
9.259180000000000064e+02, -4.830050000000000177e-01
9.259349999999999454e+02, -7.228999999999999870e-01
9.259510000000000218e+02, -5.554989999999999650e-01
9.259679999999999609e+02, 4.947699999999999876e-01
9.259850000000000136e+02, -2.655239999999999823e-01
9.260009999999999764e+02, 1.060040000000000093e+00
9.260180000000000291e+02, -3.226070000000000326e-02
9.260349999999999682e+02, -1.008550000000000058e+00
9.260510000000000446e+02, -2.295360000000000067e+00
9.260679999999999836e+02, -2.900840000000000085e-01
9.260850000000000364e+02, -9.224339999999999276e-03
9.261009999999999991e+02, -2.150930000000000064e-01
9.261180000000000518e+02, 3.402970000000000161e-01
9.261349999999999909e+02, -1.230399999999999938e+00
9.261509999999999536e+02, -9.035339999999999483e-01
9.261680000000000064e+02, -8.533539999999999459e-01
9.261849999999999454e+02, 5.169829999999999703e-01
9.262010000000000218e+02, 9.612239999999999673e-01
9.262179999999999609e+02, 7.391749999999999710e-02
9.262350000000000136e+02, 8.266489999999999949e-02
9.262509999999999764e+02, -7.579489999999999839e-01
9.262680000000000291e+02, 1.502090000000000092e-01
9.262849999999999682e+02, 5.816890000000000116e-01
9.263010000000000446e+02, -4.758379999999999832e-01
9.263179999999999836e+02, 7.151840000000000419e-01
9.263350000000000364e+02, 1.977579999999999893e+00
9.263509999999999991e+02, 5.050179999999999669e-01
9.263680000000000518e+02, -7.499289999999999567e-01
9.263849999999999909e+02, -9.821590000000000042e-01
9.264009999999999536e+02, -5.783899999999999597e-01
9.264180000000000064e+02, 6.329460000000000086e-01
9.264349999999999454e+02, -6.660899999999999599e-01
9.264510000000000218e+02, 4.891349999999999865e-01
9.264679999999999609e+02, -4.869260000000000255e-01
9.264850000000000136e+02, -8.778679999999999817e-01
9.265009999999999764e+02, 4.507200000000000095e-01
9.265180000000000291e+02, 3.663680000000000270e-01
9.265349999999999682e+02, -1.835809999999999872e-02
9.265510000000000446e+02, -8.089100000000000179e-01
9.265679999999999836e+02, -5.296610000000000484e-01
9.265850000000000364e+02, -1.343860000000000054e+00
9.266009999999999991e+02, 3.824199999999999822e-02
9.266180000000000518e+02, 1.097650000000000015e+00
9.266349999999999909e+02, 5.675949999999999745e-02
9.266509999999999536e+02, 1.104000000000000092e+00
9.266680000000000064e+02, 2.117559999999999998e-01
9.266849999999999454e+02, 6.095519999999999827e-01
9.267010000000000218e+02, 1.695289999999999964e+00
9.267179999999999609e+02, 1.249670000000000059e+00
9.267350000000000136e+02, -1.590489999999999959e+00
9.267509999999999764e+02, -6.166209999999999747e-01
9.267680000000000291e+02, -1.403299999999999992e+00
9.267849999999999682e+02, -1.829900000000000138e-01
9.268010000000000446e+02, 3.297610000000000124e-02
9.268179999999999836e+02, -7.248750000000000471e-01
9.268350000000000364e+02, 4.371280000000000165e-01
9.268509999999999991e+02, -1.489640000000000131e-01
9.268680000000000518e+02, -9.993830000000000213e-01
9.268849999999999909e+02, 6.244679999999999676e-02
9.269009999999999536e+02, -8.434959999999999680e-02
9.269180000000000064e+02, 6.225920000000000065e-02
9.269349999999999454e+02, -1.926720000000000099e-01
9.269510000000000218e+02, 8.512709999999999999e-01
9.269679999999999609e+02, -2.614969999999999795e-01
9.269850000000000136e+02, -2.194749999999999979e+00
9.270009999999999764e+02, 9.404170000000000584e-02
9.270180000000000291e+02, -2.228050000000000030e-01
9.270349999999999682e+02, -1.027460000000000040e+00
9.270510000000000446e+02, 2.975780000000000092e-01
9.270679999999999836e+02, 2.309350000000000014e-01
9.270850000000000364e+02, 7.893759999999999666e-01
9.271009999999999991e+02, -2.331360000000000099e-01
9.271180000000000518e+02, -8.405700000000000394e-01
9.271349999999999909e+02, -1.430909999999999904e+00
9.271509999999999536e+02, -1.229190000000000005e+00
9.271680000000000064e+02, 8.659120000000000150e-01
9.271849999999999454e+02, 4.872299999999999964e-01
9.272010000000000218e+02, 1.714909999999999934e+00
9.272179999999999609e+02, 6.415610000000000479e-01
9.272350000000000136e+02, 8.109039999999999582e-01
9.272509999999999764e+02, -8.609479999999999911e-02
9.272680000000000291e+02, -1.563039999999999985e+00
9.272849999999999682e+02, -1.333930000000000060e+00
9.273010000000000446e+02, -6.416100000000000136e-01
9.273179999999999836e+02, -3.534200000000000119e-01
9.273350000000000364e+02, 2.763450000000000073e-01
9.273509999999999991e+02, 8.158910000000000329e-01
9.273680000000000518e+02, 4.264820000000000277e-01
9.273849999999999909e+02, -3.313159999999999994e-01
9.274009999999999536e+02, -1.855580000000000007e-01
9.274180000000000064e+02, -3.047860000000000152e-02
9.274349999999999454e+02, 2.961520000000000263e-01
9.274510000000000218e+02, 6.842070000000000096e-01
9.274679999999999609e+02, 2.157830000000000026e-01
9.274850000000000136e+02, 2.337039999999999951e-01
9.275009999999999764e+02, 2.589319999999999955e-01
9.275180000000000291e+02, 5.309679999999999955e-01
9.275349999999999682e+02, 1.094619999999999926e+00
9.275510000000000446e+02, 9.355099999999999527e-01
9.275679999999999836e+02, 4.905040000000000094e-02
9.275850000000000364e+02, -2.030450000000000033e-01
9.276009999999999991e+02, 3.942840000000000233e-01
9.276180000000000518e+02, -2.061050000000000104e-01
9.276349999999999909e+02, 1.045290000000000052e+00
9.276509999999999536e+02, -1.457219999999999904e-01
9.276680000000000064e+02, -1.122239999999999904e+00
9.276849999999999454e+02, -7.951719999999999899e-01
9.277010000000000218e+02, -1.031590000000000007e+00
9.277179999999999609e+02, -6.252790000000000292e-01
9.277350000000000136e+02, -9.985349999999999504e-01
9.277509999999999764e+02, 6.508310000000000484e-01
9.277680000000000291e+02, -5.340210000000000096e-02
9.277849999999999682e+02, -6.799779999999999713e-01
9.278010000000000446e+02, 1.117550000000000043e+00
9.278179999999999836e+02, 2.472820000000000018e-01
9.278350000000000364e+02, 9.751199999999999868e-01
9.278509999999999991e+02, -1.083420000000000050e+00
9.278680000000000518e+02, 1.401299999999999990e+00
9.278849999999999909e+02, -1.132309999999999928e+00
9.279009999999999536e+02, -9.523700000000000498e-01
9.279180000000000064e+02, 1.902069999999999872e-01
9.279349999999999454e+02, -7.559320000000000483e-01
9.279510000000000218e+02, 1.398369999999999891e+00
9.279679999999999609e+02, 2.070939999999999781e+00
9.279850000000000136e+02, -5.351529999999999898e-01
9.280009999999999764e+02, 7.470700000000000118e-01
9.280180000000000291e+02, -9.032400000000000428e-01
9.280349999999999682e+02, -5.271949999999999692e-01
9.280510000000000446e+02, 9.989330000000000431e-02
9.280679999999999836e+02, -1.351509999999999989e+00
9.280850000000000364e+02, 6.535100000000000353e-01
9.281009999999999991e+02, -6.445689999999999475e-01
9.281180000000000518e+02, -8.834370000000000278e-01
9.281349999999999909e+02, 3.769270000000000120e-01
9.281509999999999536e+02, -8.479050000000000198e-01
9.281680000000000064e+02, 3.675470000000000126e-02
9.281849999999999454e+02, -1.977349999999999941e-01
9.282010000000000218e+02, 2.442910000000000081e-01
9.282179999999999609e+02, -9.934039999999999537e-02
9.282350000000000136e+02, 1.891629999999999923e+00
9.282509999999999764e+02, -1.046650000000000080e+00
9.282680000000000291e+02, -6.247810000000000308e-01
9.282849999999999682e+02, -1.893229999999999913e-01
9.283010000000000446e+02, 3.795299999999999785e-01
9.283179999999999836e+02, 3.759730000000000016e-01
9.283350000000000364e+02, -3.927370000000000028e-01
9.283509999999999991e+02, 1.459239999999999982e-01
9.283680000000000518e+02, -1.524610000000000132e-01
9.283849999999999909e+02, -2.668949999999999934e-01
9.284009999999999536e+02, -6.875950000000000117e-02
9.284180000000000064e+02, -6.995220000000000604e-02
9.284349999999999454e+02, 2.862810000000000077e-01
9.284510000000000218e+02, 3.777760000000000007e-01
9.284679999999999609e+02, 1.423140000000000072e+00
9.284850000000000136e+02, 1.768639999999999934e-01
9.285009999999999764e+02, 1.671989999999999865e-01
9.285180000000000291e+02, 4.027100000000000124e-01
9.285349999999999682e+02, 2.612849999999999895e-01
9.285510000000000446e+02, 2.231720000000000093e-01
9.285679999999999836e+02, -1.515700000000000103e-01
9.285850000000000364e+02, 6.189310000000000089e-01
9.286009999999999991e+02, 8.210499999999999743e-02
9.286180000000000518e+02, 8.597029999999999950e-01
9.286349999999999909e+02, 9.623559999999999892e-01
9.286509999999999536e+02, 1.084849999999999981e-01
9.286680000000000064e+02, 4.528209999999999735e-01
9.286849999999999454e+02, -2.855099999999999860e-01
9.287010000000000218e+02, 1.093339999999999979e+00
9.287179999999999609e+02, 7.319299999999999695e-01
9.287350000000000136e+02, -1.098599999999999993e-01
9.287509999999999764e+02, 6.844050000000000411e-01
9.287680000000000291e+02, 1.500650000000000039e+00
9.287849999999999682e+02, 6.514100000000000446e-01
9.288010000000000446e+02, -4.357300000000000062e-01
9.288179999999999836e+02, -1.287560000000000093e-01
9.288350000000000364e+02, 1.479830000000000034e-01
9.288509999999999991e+02, 1.202970000000000012e-01
9.288680000000000518e+02, -3.992749999999999910e-01
9.288849999999999909e+02, 3.349239999999999995e-01
9.289009999999999536e+02, 1.401250000000000107e+00
9.289180000000000064e+02, -7.435530000000000195e-01
9.289349999999999454e+02, 6.543440000000000367e-02
9.289510000000000218e+02, -4.670250000000000234e-01
9.289679999999999609e+02, -1.624130000000000074e+00
9.289850000000000136e+02, -6.871829999999999605e-02
9.290009999999999764e+02, 9.093400000000000372e-01
9.290180000000000291e+02, 1.467430000000000012e+00
9.290349999999999682e+02, 3.960310000000000219e-02
9.290510000000000446e+02, -9.253190000000000026e-02
9.290679999999999836e+02, -3.877780000000000116e-02
9.290850000000000364e+02, 2.649360000000000048e-01
9.291009999999999991e+02, -1.906480000000000119e-01
9.291180000000000518e+02, -5.104399999999999910e-02
9.291349999999999909e+02, -6.295650000000000412e-01
9.291509999999999536e+02, -4.160409999999999942e-01
9.291680000000000064e+02, -2.898209999999999953e-01
9.291849999999999454e+02, -5.079979999999999496e-01
9.292010000000000218e+02, 9.656919999999999393e-02
9.292179999999999609e+02, 8.602229999999999599e-01
9.292350000000000136e+02, -1.335619999999999863e-01
9.292509999999999764e+02, -1.841339999999999921e-01
9.292680000000000291e+02, 6.270909999999999540e-01
9.292849999999999682e+02, -1.205160000000000009e+00
9.293010000000000446e+02, -9.509880000000000555e-01
9.293179999999999836e+02, -7.252690000000000525e-01
9.293350000000000364e+02, 1.788769999999999943e-02
9.293509999999999991e+02, -8.490919999999999579e-01
9.293680000000000518e+02, -2.869980000000000100e-02
9.293849999999999909e+02, -9.163609999999999811e-01
9.294009999999999536e+02, 2.341709999999999885e-03
9.294180000000000064e+02, -3.113190000000000124e-01
9.294349999999999454e+02, 8.068450000000000344e-01
9.294510000000000218e+02, 1.206409999999999982e+00
9.294679999999999609e+02, 4.802989999999999760e-01
9.294850000000000136e+02, -7.434349999999999570e-01
9.295009999999999764e+02, 4.086529999999999885e-01
9.295180000000000291e+02, 1.933310000000000028e-01
9.295349999999999682e+02, -5.348640000000000061e-01
9.295510000000000446e+02, 1.129040000000000044e+00
9.295679999999999836e+02, -2.987170000000000103e-02
9.295850000000000364e+02, 3.425770000000000204e-01
9.296009999999999991e+02, -3.064439999999999942e-01
9.296180000000000518e+02, 3.910790000000000100e-01
9.296349999999999909e+02, -7.065669999999999451e-01
9.296509999999999536e+02, 2.746950000000000225e-01
9.296680000000000064e+02, 1.847179999999999933e-01
9.296849999999999454e+02, 8.103620000000000267e-01
9.297010000000000218e+02, 8.299149999999999583e-01
9.297179999999999609e+02, -7.543379999999999530e-02
9.297350000000000136e+02, 5.382169999999999455e-01
9.297509999999999764e+02, 6.854160000000000252e-01
9.297680000000000291e+02, 1.189699999999999980e+00
9.297849999999999682e+02, 1.263970000000000038e+00
9.298010000000000446e+02, 6.036989999999999856e-01
9.298179999999999836e+02, -2.172659999999999869e-01
9.298350000000000364e+02, -5.649790000000000090e-01
9.298509999999999991e+02, -9.610109999999999486e-01
9.298680000000000518e+02, -7.952409999999999757e-01
9.298849999999999909e+02, -3.672770000000000201e-01
9.299009999999999536e+02, -2.865869999999999806e-01
9.299180000000000064e+02, 9.554440000000000155e-02
9.299349999999999454e+02, -7.642370000000000552e-01
9.299510000000000218e+02, 1.036379999999999940e-01
9.299679999999999609e+02, -1.511170000000000013e-01
9.299850000000000136e+02, 4.677100000000000146e-01
9.300009999999999764e+02, 6.098470000000000280e-01
9.300180000000000291e+02, 8.617789999999999617e-01
9.300349999999999682e+02, 4.851449999999999929e-01
9.300510000000000446e+02, -3.958019999999999872e-01
9.300679999999999836e+02, -1.796719999999999984e-01
9.300850000000000364e+02, -1.173880000000000035e+00
9.301009999999999991e+02, -5.834279999999999466e-01
9.301180000000000518e+02, -1.262209999999999999e-01
9.301349999999999909e+02, -3.530590000000000117e-01
9.301509999999999536e+02, 1.116260000000000030e+00
9.301680000000000064e+02, 6.302619999999999889e-01
9.301849999999999454e+02, 1.537719999999999920e-01
9.302010000000000218e+02, -6.975740000000000274e-01
9.302179999999999609e+02, 2.337450000000000083e-01
9.302350000000000136e+02, 1.607899999999999885e-01
9.302509999999999764e+02, 1.101329999999999920e+00
9.302680000000000291e+02, 4.813850000000000073e-01
9.302849999999999682e+02, 9.164579999999999949e-01
9.303010000000000446e+02, -3.534919999999999729e-02
9.303179999999999836e+02, -1.203470000000000040e+00
9.303350000000000364e+02, 1.824919999999999876e-01
9.303509999999999991e+02, 3.216359999999999775e-01
9.303680000000000518e+02, -2.017679999999999918e+00
9.303849999999999909e+02, 2.510839999999999947e-02
9.304009999999999536e+02, 2.845829999999999749e-01
9.304180000000000064e+02, 8.056660000000000210e-02
9.304349999999999454e+02, 2.609469999999999845e-02
9.304510000000000218e+02, -1.535410000000000108e-01
9.304679999999999609e+02, 4.521290000000000031e-01
9.304850000000000136e+02, -1.278159999999999963e+00
9.305009999999999764e+02, -1.044559999999999933e+00
9.305180000000000291e+02, -1.170269999999999921e+00
9.305349999999999682e+02, -1.167920000000000069e-01
9.305510000000000446e+02, 4.866570000000000062e-01
9.305679999999999836e+02, -4.867449999999999832e-01
9.305850000000000364e+02, -2.757510000000000169e-02
9.306009999999999991e+02, -4.467119999999999980e-01
9.306180000000000518e+02, 1.481549999999999923e+00
9.306349999999999909e+02, -4.579820000000000002e-01
9.306509999999999536e+02, -1.145909999999999984e-01
9.306680000000000064e+02, -5.957679999999999643e-01
9.306849999999999454e+02, 6.072999999999999510e-01
9.307010000000000218e+02, 5.488239999999999785e-01
9.307179999999999609e+02, 2.042460000000000164e+00
9.307350000000000136e+02, -3.438829999999999665e-02
9.307509999999999764e+02, -9.476890000000000036e-01
9.307680000000000291e+02, -6.437119999999999509e-01
9.307849999999999682e+02, 1.513039999999999941e-01
9.308010000000000446e+02, 1.055239999999999956e+00
9.308179999999999836e+02, -6.656239999999999934e-01
9.308350000000000364e+02, 1.088710000000000067e+00
9.308509999999999991e+02, 6.510249999999999648e-01
9.308680000000000518e+02, -2.104499999999999982e-01
9.308849999999999909e+02, 7.375460000000000349e-02
9.309009999999999536e+02, -7.909610000000000252e-01
9.309180000000000064e+02, 5.222550000000000109e-02
9.309349999999999454e+02, -9.069720000000000004e-01
9.309510000000000218e+02, 2.350949999999999984e-01
9.309679999999999609e+02, -1.960340000000000138e-01
9.309850000000000136e+02, -5.485729999999999773e-01
9.310009999999999764e+02, 1.346370000000000067e+00
9.310180000000000291e+02, 4.307130000000000125e-01
9.310349999999999682e+02, 1.018769999999999953e-01
9.310510000000000446e+02, -1.032010000000000094e+00
9.310679999999999836e+02, -1.080000000000000071e+00
9.310850000000000364e+02, -2.588289999999999758e-01
9.311009999999999991e+02, 1.135680000000000023e+00
9.311180000000000518e+02, 1.108079999999999954e+00
9.311349999999999909e+02, 1.048470000000000013e+00
9.311509999999999536e+02, -2.120829999999999937e-01
9.311680000000000064e+02, -1.674889999999999990e+00
9.311849999999999454e+02, -1.192690000000000000e-01
9.312010000000000218e+02, -1.365480000000000027e+00
9.312179999999999609e+02, -5.483569999999999833e-01
9.312350000000000136e+02, -1.658219999999999972e-01
9.312509999999999764e+02, 3.779970000000000274e-01
9.312680000000000291e+02, 1.635310000000000097e-01
9.312849999999999682e+02, 3.402220000000000244e-01
9.313010000000000446e+02, -1.403780000000000028e+00
9.313179999999999836e+02, -1.122100000000000097e+00
9.313350000000000364e+02, 1.457869999999999999e+00
9.313509999999999991e+02, 1.508359999999999979e-01
9.313680000000000518e+02, 9.387799999999999478e-01
9.313849999999999909e+02, -1.594519999999999937e+00
9.314009999999999536e+02, 1.033580000000000054e-01
9.314180000000000064e+02, 3.323130000000000250e-01
9.314349999999999454e+02, 1.564969999999999972e+00
9.314510000000000218e+02, -1.349720000000000031e+00
9.314679999999999609e+02, -5.501700000000000479e-01
9.314850000000000136e+02, -4.728370000000000073e-01
9.315009999999999764e+02, -7.993029999999999580e-02
9.315180000000000291e+02, 4.212509999999999866e-01
9.315349999999999682e+02, -1.187539999999999984e-01
9.315510000000000446e+02, -4.977300000000000058e-01
9.315679999999999836e+02, 1.016009999999999969e-01
9.315850000000000364e+02, 8.060640000000000027e-01
9.316009999999999991e+02, -9.760280000000000344e-02
9.316180000000000518e+02, -6.561169999999999503e-01
9.316349999999999909e+02, -1.082519999999999927e+00
9.316509999999999536e+02, -3.142050000000000121e-01
9.316680000000000064e+02, -1.395720000000000072e+00
9.316849999999999454e+02, -1.589210000000000012e+00
9.317010000000000218e+02, -4.270439999999999792e-01
9.317179999999999609e+02, -5.436600000000000321e-01
9.317350000000000136e+02, 1.421330000000000093e-01
9.317509999999999764e+02, 2.908060000000000089e-01
9.317680000000000291e+02, 2.808860000000000245e-01
9.317849999999999682e+02, 8.516740000000000421e-02
9.318010000000000446e+02, -3.853539999999999743e-01
9.318179999999999836e+02, -3.472049999999999859e-01
9.318350000000000364e+02, -9.037579999999999503e-01
9.318509999999999991e+02, 1.110789999999999972e-01
9.318680000000000518e+02, -3.993479999999999808e-01
9.318849999999999909e+02, 5.964679999999999982e-01
9.319009999999999536e+02, -3.517259999999999831e-01
9.319180000000000064e+02, -1.064079999999999915e+00
9.319349999999999454e+02, -3.963119999999999837e-02
9.319510000000000218e+02, -1.371480000000000032e+00
9.319679999999999609e+02, -1.828349999999999975e-01
9.319850000000000136e+02, -1.049679999999999946e+00
9.320009999999999764e+02, -3.945499999999999702e-02
9.320180000000000291e+02, -8.918329999999999869e-01
9.320349999999999682e+02, -4.361450000000000049e-02
9.320510000000000446e+02, 4.744169999999999776e-01
9.320679999999999836e+02, 1.200190000000000090e+00
9.320850000000000364e+02, -1.122389999999999999e+00
9.321009999999999991e+02, 2.717350000000000043e-01
9.321180000000000518e+02, -3.086479999999999779e-01
9.321349999999999909e+02, 1.690720000000000001e+00
9.321509999999999536e+02, 9.350119999999999543e-01
9.321680000000000064e+02, -1.111649999999999999e-01
9.321849999999999454e+02, -2.426089999999999858e+00
9.322010000000000218e+02, -3.990480000000000138e-01
9.322179999999999609e+02, -9.384620000000000462e-02
9.322350000000000136e+02, 5.320430000000000437e-01
9.322509999999999764e+02, 1.509579999999999922e+00
9.322680000000000291e+02, -1.090379999999999905e+00
9.322849999999999682e+02, -2.731319999999999859e-01
9.323010000000000446e+02, -5.005770000000000497e-01
9.323179999999999836e+02, 1.127909999999999968e+00
9.323350000000000364e+02, 7.912709999999999466e-01
9.323509999999999991e+02, 8.279969999999999830e-01
9.323680000000000518e+02, -6.983679999999999888e-01
9.323849999999999909e+02, 1.190859999999999974e-01
9.324009999999999536e+02, -2.936659999999999826e-01
9.324180000000000064e+02, 8.873580000000000356e-02
9.324349999999999454e+02, -2.113549999999999873e-01
9.324510000000000218e+02, -9.680520000000000236e-01
9.324679999999999609e+02, -9.220939999999999692e-01
9.324850000000000136e+02, -1.064040000000000097e+00
9.325009999999999764e+02, 8.207810000000000106e-02
9.325180000000000291e+02, 8.247790000000000399e-01
9.325349999999999682e+02, -1.016359999999999930e+00
9.325510000000000446e+02, 5.221999999999999975e-01
9.325679999999999836e+02, -1.732170000000000099e-01
9.325850000000000364e+02, -5.766550000000000148e-02
9.326009999999999991e+02, -3.315609999999999946e-01
9.326180000000000518e+02, -4.555540000000000145e-01
9.326349999999999909e+02, -5.246109999999999662e-02
9.326509999999999536e+02, -8.828510000000000524e-02
9.326680000000000064e+02, 6.464459999999999651e-01
9.326849999999999454e+02, 7.311020000000000296e-01
9.327010000000000218e+02, 8.780999999999999917e-02
9.327179999999999609e+02, 4.872489999999999877e-01
9.327350000000000136e+02, 1.347460000000000047e-01
9.327509999999999764e+02, 1.354370000000000074e+00
9.327680000000000291e+02, 1.676429999999999865e-01
9.327849999999999682e+02, -2.085539999999999894e-01
9.328010000000000446e+02, 5.217910000000000048e-01
9.328179999999999836e+02, 4.186799999999999966e-01
9.328350000000000364e+02, -3.499920000000000253e-01
9.328509999999999991e+02, 9.999510000000000343e-01
9.328680000000000518e+02, -1.090779999999999944e-01
9.328849999999999909e+02, 5.145969999999999711e-01
9.329009999999999536e+02, 3.363369999999999971e-01
9.329180000000000064e+02, 2.498219999999999885e-01
9.329349999999999454e+02, -6.143790000000000084e-01
9.329510000000000218e+02, -1.023120000000000029e+00
9.329679999999999609e+02, -1.145580000000000043e+00
9.329850000000000136e+02, -1.041250000000000009e+00
9.330009999999999764e+02, 1.076589999999999936e+00
9.330180000000000291e+02, 3.443870000000000264e-02
9.330349999999999682e+02, 3.311299999999999799e-01
9.330510000000000446e+02, -4.923109999999999986e-01
9.330679999999999836e+02, 9.598080000000000370e-04
9.330850000000000364e+02, -9.614719999999999933e-01
9.331009999999999991e+02, -1.083520000000000039e+00
9.331180000000000518e+02, 1.739869999999999958e-02
9.331349999999999909e+02, 1.040109999999999993e-02
9.331509999999999536e+02, 5.875219999999999887e-01
9.331680000000000064e+02, 1.076419999999999932e+00
9.331849999999999454e+02, 5.601399999999999713e-01
9.332010000000000218e+02, -4.581709999999999949e-01
9.332179999999999609e+02, 2.619630000000000014e-01
9.332350000000000136e+02, -2.418919999999999959e-01
9.332509999999999764e+02, -1.131820000000000048e+00
9.332680000000000291e+02, -7.374669999999999837e-01
9.332849999999999682e+02, -6.043899999999999828e-01
9.333010000000000446e+02, -1.396499999999999964e-01
9.333179999999999836e+02, -5.388319999999999776e-01
9.333350000000000364e+02, -8.639700000000000157e-01
9.333509999999999991e+02, 1.505130000000000079e-01
9.333680000000000518e+02, 1.094839999999999980e-01
9.333849999999999909e+02, 1.176569999999999894e+00
9.334009999999999536e+02, 8.002439999999999554e-01
9.334180000000000064e+02, 1.320679999999999910e-01
9.334349999999999454e+02, -1.263409999999999922e+00
9.334510000000000218e+02, -1.123029999999999973e+00
9.334679999999999609e+02, -9.209129999999999816e-01
9.334850000000000136e+02, 4.147299999999999875e-01
9.335009999999999764e+02, -3.855720000000000258e-01
9.335180000000000291e+02, -1.720140000000000002e+00
9.335349999999999682e+02, -5.567260000000000542e-01
9.335510000000000446e+02, -3.941769999999999996e-01
9.335679999999999836e+02, 4.112370000000000192e-01
9.335850000000000364e+02, 2.166619999999999935e-01
9.336009999999999991e+02, 2.799989999999999979e-01
9.336180000000000518e+02, 8.023120000000000251e-01
9.336349999999999909e+02, 2.593900000000000095e-01
9.336509999999999536e+02, 7.196360000000000534e-01
9.336680000000000064e+02, 1.394500000000000073e+00
9.336849999999999454e+02, -7.806799999999999851e-02
9.337010000000000218e+02, -8.511889999999999734e-01
9.337179999999999609e+02, -2.266660000000000064e-01
9.337350000000000136e+02, -2.237129999999999952e-01
9.337509999999999764e+02, 5.404090000000000282e-01
9.337680000000000291e+02, 1.054950000000000054e+00
9.337849999999999682e+02, -4.919220000000000259e-01
9.338010000000000446e+02, -6.123389999999999667e-01
9.338179999999999836e+02, -5.827820000000000222e-01
9.338350000000000364e+02, 5.775919999999999943e-01
9.338509999999999991e+02, 1.515800000000000036e+00
9.338680000000000518e+02, -6.647110000000000518e-01
9.338849999999999909e+02, -1.127739999999999965e+00
9.339009999999999536e+02, 5.213900000000000201e-01
9.339180000000000064e+02, 2.192400000000000126e+00
9.339349999999999454e+02, 1.086330000000000018e+00
9.339510000000000218e+02, -5.589490000000000292e-01
9.339679999999999609e+02, -1.983330000000000037e+00
9.339850000000000136e+02, -3.004370000000000096e-01
9.340009999999999764e+02, -1.246019999999999905e+00
9.340180000000000291e+02, 1.334529999999999883e-01
9.340349999999999682e+02, 1.524820000000000064e-01
9.340510000000000446e+02, -1.203240000000000087e+00
9.340679999999999836e+02, 1.472229999999999928e+00
9.340850000000000364e+02, -3.943329999999999891e-01
9.341009999999999991e+02, 2.850929999999999853e-01
9.341180000000000518e+02, 7.206540000000000168e-01
9.341349999999999909e+02, -1.432660000000000045e+00
9.341509999999999536e+02, 9.903999999999999471e-01
9.341680000000000064e+02, 1.818319999999999936e-01
9.341849999999999454e+02, 3.474539999999999851e-01
9.342010000000000218e+02, -6.405189999999999495e-01
9.342179999999999609e+02, 3.068319999999999936e-01
9.342350000000000136e+02, 1.251800000000000024e+00
9.342509999999999764e+02, -2.697609999999999730e-01
9.342680000000000291e+02, 6.893190000000000150e-01
9.342849999999999682e+02, -1.143049999999999899e+00
9.343010000000000446e+02, -4.847810000000000175e-01
9.343179999999999836e+02, 1.014539999999999997e+00
9.343350000000000364e+02, -7.377820000000000489e-01
9.343509999999999991e+02, 2.066230000000000011e-01
9.343680000000000518e+02, -3.338809999999999834e-01
9.343849999999999909e+02, -1.137750000000000039e+00
9.344009999999999536e+02, -1.540910000000000002e+00
9.344180000000000064e+02, -4.090130000000000154e-01
9.344349999999999454e+02, 6.029520000000000435e-01
9.344510000000000218e+02, -3.252990000000000048e-01
9.344679999999999609e+02, -1.195040000000000102e+00
9.344850000000000136e+02, -3.586659999999999848e-01
9.345009999999999764e+02, 9.806660000000000377e-01
9.345180000000000291e+02, 5.315879999999999495e-01
9.345349999999999682e+02, -2.343200000000000144e-03
9.345510000000000446e+02, 2.753990000000000049e-01
9.345679999999999836e+02, 7.597660000000000524e-01
9.345850000000000364e+02, 5.687929999999999930e-01
9.346009999999999991e+02, -2.677579999999999891e-02
9.346180000000000518e+02, 5.494580000000000020e-01
9.346349999999999909e+02, 1.369160000000000099e-01
9.346509999999999536e+02, -2.571629999999999749e-01
9.346680000000000064e+02, -2.545979999999999910e-01
9.346849999999999454e+02, 2.669840000000000060e-02
9.347010000000000218e+02, -6.673099999999999588e-01
9.347179999999999609e+02, 6.271660000000000013e-01
9.347350000000000136e+02, -1.002080000000000082e+00
9.347509999999999764e+02, -5.201259999999999772e-01
9.347680000000000291e+02, 1.572510000000000019e-01
9.347849999999999682e+02, 3.762139999999999929e-01
9.348010000000000446e+02, 1.564959999999999907e+00
9.348179999999999836e+02, 9.363679999999999781e-01
9.348350000000000364e+02, -3.422309999999999935e-02
9.348509999999999991e+02, 5.444959999999999800e-01
9.348680000000000518e+02, -4.920720000000000094e-01
9.348849999999999909e+02, -4.885990000000000055e-01
9.349009999999999536e+02, 1.023730000000000029e+00
9.349180000000000064e+02, -6.932089999999999641e-01
9.349349999999999454e+02, 2.332349999999999979e-01
9.349510000000000218e+02, -7.861529999999999907e-01
9.349679999999999609e+02, -5.787559999999999927e-02
9.349850000000000136e+02, -1.578829999999999956e-01
9.350009999999999764e+02, -2.551329999999999987e-01
9.350180000000000291e+02, 8.892109999999999737e-01
9.350349999999999682e+02, 4.197460000000000080e-01
9.350510000000000446e+02, 9.990860000000000296e-01
9.350679999999999836e+02, -7.276599999999999735e-01
9.350850000000000364e+02, -8.368900000000000228e-01
9.351009999999999991e+02, -4.455870000000000108e-01
9.351180000000000518e+02, -1.000299999999999967e+00
9.351349999999999909e+02, -6.758720000000000283e-01
9.351509999999999536e+02, 5.530329999999999968e-02
9.351680000000000064e+02, -3.051490000000000105e-02
9.351849999999999454e+02, -2.409829999999999917e+00
9.352010000000000218e+02, -2.063889999999999780e+00
9.352179999999999609e+02, -6.689359999999999751e-01
9.352350000000000136e+02, 3.348380000000000245e-01
9.352509999999999764e+02, -6.498460000000000347e-02
9.352680000000000291e+02, -3.166479999999999989e-02
9.352849999999999682e+02, 3.199899999999999967e-01
9.353010000000000446e+02, 3.644180000000000197e-01
9.353179999999999836e+02, 3.897160000000000069e-01
9.353350000000000364e+02, -7.870120000000000449e-01
9.353509999999999991e+02, -5.063400000000000123e-01
9.353680000000000518e+02, 9.127969999999999695e-01
9.353849999999999909e+02, 1.441139999999999921e-01
9.354009999999999536e+02, 7.189299999999999580e-01
9.354180000000000064e+02, 1.089520000000000044e+00
9.354349999999999454e+02, -2.480860000000000010e-02
9.354510000000000218e+02, 3.922939999999999761e-01
9.354679999999999609e+02, -4.958610000000000101e-02
9.354850000000000136e+02, 3.383010000000000184e-02
9.355009999999999764e+02, -7.002650000000000263e-01
9.355180000000000291e+02, -1.211459999999999981e+00
9.355349999999999682e+02, -8.164900000000000491e-01
9.355510000000000446e+02, -1.677819999999999867e-01
9.355679999999999836e+02, -5.688779999999999948e-01
9.355850000000000364e+02, 9.663680000000000048e-01
9.356009999999999991e+02, 1.151880000000000015e+00
9.356180000000000518e+02, 6.882129999999999637e-01
9.356349999999999909e+02, -7.127729999999999899e-01
9.356509999999999536e+02, 7.356150000000000189e-01
9.356680000000000064e+02, -6.738520000000000620e-02
9.356849999999999454e+02, 4.053390000000000049e-01
9.357010000000000218e+02, 6.741660000000000430e-01
9.357179999999999609e+02, -7.227799999999999780e-01
9.357350000000000136e+02, -1.445289999999999964e+00
9.357509999999999764e+02, -1.496830000000000105e+00
9.357680000000000291e+02, -4.778400000000000009e-02
9.357849999999999682e+02, 5.294980000000000242e-01
9.358010000000000446e+02, 5.863750000000000212e-02
9.358179999999999836e+02, 2.942020000000000191e-01
9.358350000000000364e+02, 8.254249999999999643e-01
9.358509999999999991e+02, 1.021099999999999897e+00
9.358680000000000518e+02, 1.815229999999999899e-01
9.358849999999999909e+02, -7.539909999999999668e-01
9.359009999999999536e+02, -4.564860000000000029e-01
9.359180000000000064e+02, 2.696899999999999853e-01
9.359349999999999454e+02, 9.187229999999999563e-01
9.359510000000000218e+02, 3.124219999999999775e-01
9.359679999999999609e+02, -1.813210000000000099e-01
9.359850000000000136e+02, 1.257109999999999950e+00
9.360009999999999764e+02, 7.523919999999999497e-01
9.360180000000000291e+02, -2.503110000000000057e-01
9.360349999999999682e+02, -1.048249999999999904e+00
9.360510000000000446e+02, 1.013919999999999932e+00
9.360679999999999836e+02, 7.849850000000000438e-01
9.360850000000000364e+02, 8.773040000000000005e-02
9.361009999999999991e+02, -6.006639999999999757e-01
9.361180000000000518e+02, -9.775310000000000388e-01
9.361349999999999909e+02, 7.005350000000000188e-01
9.361509999999999536e+02, -2.605850000000000111e-01
9.361680000000000064e+02, -7.362950000000000328e-01
9.361849999999999454e+02, 2.571880000000000277e-01
9.362010000000000218e+02, 1.045020000000000060e+00
9.362179999999999609e+02, -9.313810000000000144e-01
9.362350000000000136e+02, -1.056669999999999998e+00
9.362509999999999764e+02, -3.302880000000000260e-01
9.362680000000000291e+02, 9.621110000000000495e-01
9.362849999999999682e+02, 3.687079999999999802e-01
9.363010000000000446e+02, -9.226239999999999997e-01
9.363179999999999836e+02, -5.287340000000000373e-01
9.363350000000000364e+02, -2.016280000000000017e-01
9.363509999999999991e+02, 7.201030000000000486e-01
9.363680000000000518e+02, 1.717189999999999994e+00
9.363849999999999909e+02, 1.040049999999999919e+00
9.364009999999999536e+02, 1.275689999999999984e-02
9.364180000000000064e+02, -5.141099999999999559e-01
9.364349999999999454e+02, -1.376290000000000013e+00
9.364510000000000218e+02, -5.974499999999999950e-02
9.364679999999999609e+02, 2.230609999999999885e-02
9.364850000000000136e+02, 4.032619999999999955e-02
9.365009999999999764e+02, 2.648829999999999935e-02
9.365180000000000291e+02, -9.600889999999999702e-01
9.365349999999999682e+02, -1.024259999999999948e+00
9.365510000000000446e+02, 7.381739999999999968e-01
9.365679999999999836e+02, 7.423650000000000526e-01
9.365850000000000364e+02, 5.706419999999999826e-01
9.366009999999999991e+02, -8.187419999999999698e-01
9.366180000000000518e+02, -8.535810000000000342e-01
9.366349999999999909e+02, -1.408120000000000038e+00
9.366509999999999536e+02, 3.166700000000000070e-02
9.366680000000000064e+02, 9.355419999999999847e-01
9.366849999999999454e+02, -9.121780000000000166e-02
9.367010000000000218e+02, 1.999509999999999829e-02
9.367179999999999609e+02, 2.140390000000000070e-01
9.367350000000000136e+02, 9.268760000000000332e-01
9.367509999999999764e+02, -3.618330000000000157e-01
9.367680000000000291e+02, -1.282520000000000104e+00
9.367849999999999682e+02, -1.077360000000000095e+00
9.368010000000000446e+02, -2.647769999999999846e-01
9.368179999999999836e+02, -1.558410000000000073e+00
9.368350000000000364e+02, 1.302719999999999989e-01
9.368509999999999991e+02, 6.094760000000000177e-01
9.368680000000000518e+02, 5.162489999999999579e-01
9.368849999999999909e+02, -1.759259999999999990e-01
9.369009999999999536e+02, -1.794929999999999914e+00
9.369180000000000064e+02, 1.295239999999999947e+00
9.369349999999999454e+02, -1.561209999999999987e+00
9.369510000000000218e+02, 5.248580000000000467e-01
9.369679999999999609e+02, -2.488430000000000086e-01
9.369850000000000136e+02, 2.893450000000000188e-01
9.370009999999999764e+02, 3.446440000000000059e-01
9.370180000000000291e+02, 9.849210000000000464e-01
9.370349999999999682e+02, -1.086640000000000050e+00
9.370510000000000446e+02, 6.616710000000000091e-01
9.370679999999999836e+02, -8.047929999999999806e-01
9.370850000000000364e+02, 3.556520000000000237e-01
9.371009999999999991e+02, 1.094850000000000101e+00
9.371180000000000518e+02, 8.230769999999999476e-01
9.371349999999999909e+02, 1.041719999999999979e+00
9.371509999999999536e+02, -1.019689999999999985e+00
9.371680000000000064e+02, 2.527389999999999914e-01
9.371849999999999454e+02, -2.948990000000000222e-01
9.372010000000000218e+02, 7.937689999999999468e-01
9.372179999999999609e+02, -3.536670000000000091e-01
9.372350000000000136e+02, -1.825839999999999907e+00
9.372509999999999764e+02, -8.351659999999999640e-01
9.372680000000000291e+02, 4.644889999999999852e-01
9.372849999999999682e+02, -6.226629999999999665e-01
9.373010000000000446e+02, -4.829939999999999789e-01
9.373179999999999836e+02, 1.261660000000000004e+00
9.373350000000000364e+02, 3.219540000000000179e-01
9.373509999999999991e+02, 6.142250000000000210e-01
9.373680000000000518e+02, -9.534329999999999750e-01
9.373849999999999909e+02, 1.185890000000000111e+00
9.374009999999999536e+02, 1.123399999999999954e+00
9.374180000000000064e+02, 1.625720000000000054e+00
9.374349999999999454e+02, 2.343760000000000066e+00
9.374510000000000218e+02, 7.676960000000000450e-01
9.374679999999999609e+02, -6.921119999999999495e-01
9.374850000000000136e+02, -1.324559999999999960e+00
9.375009999999999764e+02, -1.239600000000000035e+00
9.375180000000000291e+02, 3.461810000000000165e-01
9.375349999999999682e+02, -7.312530000000000419e-02
9.375510000000000446e+02, 1.277840000000000087e-01
9.375679999999999836e+02, -3.056039999999999868e-01
9.375850000000000364e+02, -2.058419999999999972e-01
9.376009999999999991e+02, 1.230890000000000040e+00
9.376180000000000518e+02, 1.879410000000000025e+00
9.376349999999999909e+02, 6.268899999999999473e-01
9.376509999999999536e+02, -1.239300000000000068e+00
9.376680000000000064e+02, -6.873810000000000198e-01
9.376849999999999454e+02, -4.817330000000000223e-01
9.377010000000000218e+02, 7.248980000000000423e-01
9.377179999999999609e+02, 5.865280000000000493e-01
9.377350000000000136e+02, 1.281490000000000018e+00
9.377509999999999764e+02, 4.932960000000000123e-01
9.377680000000000291e+02, -6.880049999999999777e-01
9.377849999999999682e+02, -1.696830000000000005e-01
9.378010000000000446e+02, 1.124230000000000063e+00
9.378179999999999836e+02, 1.247630000000000017e+00
9.378350000000000364e+02, -1.287059999999999871e-01
9.378509999999999991e+02, 1.914379999999999971e-01
9.378680000000000518e+02, 1.122740000000000071e+00
9.378849999999999909e+02, -1.205039999999999889e+00
9.379009999999999536e+02, -8.813760000000000483e-01
9.379180000000000064e+02, -1.268219999999999903e+00
9.379349999999999454e+02, 2.882100000000000217e-01
9.379510000000000218e+02, 1.159710000000000046e-01
9.379679999999999609e+02, 1.182739999999999903e+00
9.379850000000000136e+02, 2.440120000000000067e-01
9.380009999999999764e+02, -9.104219999999999535e-01
9.380180000000000291e+02, -1.407129999999999992e+00
9.380349999999999682e+02, -6.179350000000000120e-01
9.380510000000000446e+02, -6.593520000000000492e-01
9.380679999999999836e+02, -2.793879999999999975e-02
9.380850000000000364e+02, 1.542389999999999872e-01
9.381009999999999991e+02, 2.242230000000000167e+00
9.381180000000000518e+02, 1.080089999999999995e+00
9.381349999999999909e+02, 3.634120000000000128e-01
9.381509999999999536e+02, -7.530390000000000139e-01
9.381680000000000064e+02, -1.219950000000000090e+00
9.381849999999999454e+02, 5.466689999999999605e-01
9.382010000000000218e+02, 2.547349999999999962e-02
9.382179999999999609e+02, -6.100269999999999859e-01
9.382350000000000136e+02, 1.073550000000000004e+00
9.382509999999999764e+02, 1.742240000000000011e+00
9.382680000000000291e+02, 6.719100000000000072e-01
9.382849999999999682e+02, -6.637239999999999807e-01
9.383010000000000446e+02, 2.145100000000000132e-02
9.383179999999999836e+02, -1.008010000000000073e+00
9.383350000000000364e+02, -1.564279999999999893e+00
9.383509999999999991e+02, -7.167710000000000470e-01
9.383680000000000518e+02, 5.256610000000000449e-01
9.383849999999999909e+02, 1.568319999999999992e-01
9.384009999999999536e+02, -4.859060000000000046e-01
9.384180000000000064e+02, -2.309940000000000049e-01
9.384349999999999454e+02, -1.073120000000000074e+00
9.384510000000000218e+02, -9.065959999999999575e-01
9.384679999999999609e+02, -7.909389999999999477e-01
9.384850000000000136e+02, -7.892010000000000691e-02
9.385009999999999764e+02, -3.704939999999999900e-01
9.385180000000000291e+02, 9.052609999999999824e-01
9.385349999999999682e+02, -1.484769999999999979e-01
9.385510000000000446e+02, -6.733339999999999881e-01
9.385679999999999836e+02, -3.820189999999999975e-01
9.385850000000000364e+02, -2.734369999999999856e-01
9.386009999999999991e+02, 4.051319999999999921e-01
9.386180000000000518e+02, -6.316690000000000360e-01
9.386349999999999909e+02, 2.509799999999999809e-01
9.386509999999999536e+02, 1.513200000000000101e-01
9.386680000000000064e+02, -1.080379999999999896e+00
9.386849999999999454e+02, 6.130619999999999958e-01
9.387010000000000218e+02, -7.815790000000000237e-01
9.387179999999999609e+02, -3.063239999999999852e-01
9.387350000000000136e+02, -1.529810000000000059e-01
9.387509999999999764e+02, 2.301759999999999917e-01
9.387680000000000291e+02, -1.029820000000000041e-01
9.387849999999999682e+02, -1.560670000000000002e+00
9.388010000000000446e+02, -2.026030000000000053e-01
9.388179999999999836e+02, -3.927269999999999928e-01
9.388350000000000364e+02, 1.143880000000000008e+00
9.388509999999999991e+02, 1.275290000000000035e+00
9.388680000000000518e+02, -1.569979999999999987e-01
9.388849999999999909e+02, 1.160420000000000007e+00
9.389009999999999536e+02, -5.498560000000000114e-01
9.389180000000000064e+02, 8.332490000000000174e-01
9.389349999999999454e+02, -2.536729999999999818e-01
9.389510000000000218e+02, -1.952460000000000029e-01
9.389679999999999609e+02, 2.830050000000000066e-01
9.389850000000000136e+02, 4.638660000000000005e-01
9.390009999999999764e+02, 7.069389999999999841e-01
9.390180000000000291e+02, 1.725299999999999889e-01
9.390349999999999682e+02, 2.710949999999999749e-01
9.390510000000000446e+02, 2.466180000000000039e-01
9.390679999999999836e+02, -2.079089999999999883e+00
9.390850000000000364e+02, 3.646690000000000209e-01
9.391009999999999991e+02, 3.688589999999999924e-01
9.391180000000000518e+02, -1.293050000000000033e+00
9.391349999999999909e+02, 1.288429999999999964e+00
9.391509999999999536e+02, 8.478520000000000501e-01
9.391680000000000064e+02, -1.278000000000000025e+00
9.391849999999999454e+02, 1.320659999999999945e+00
9.392010000000000218e+02, -3.338889999999999914e-01
9.392179999999999609e+02, -3.887630000000000252e-01
9.392350000000000136e+02, -8.076419999999999710e-01
9.392509999999999764e+02, -1.721600000000000019e+00
9.392680000000000291e+02, -1.058999999999999941e+00
9.392849999999999682e+02, 9.684559999999999835e-01
9.393010000000000446e+02, -5.085959999999999787e-02
9.393179999999999836e+02, 9.676439999999999486e-01
9.393350000000000364e+02, -1.395990000000000064e+00
9.393509999999999991e+02, -6.274199999999999777e-01
9.393680000000000518e+02, 5.633010000000000517e-01
9.393849999999999909e+02, -1.069849999999999968e+00
9.394009999999999536e+02, -5.831180000000000252e-01
9.394180000000000064e+02, 1.034510000000000041e+00
9.394349999999999454e+02, 5.302189999999999959e-01
9.394510000000000218e+02, -1.887820000000000123e-02
9.394679999999999609e+02, 4.643809999999999882e-01
9.394850000000000136e+02, 4.754010000000000180e-01
9.395009999999999764e+02, -2.422600000000000031e-01
9.395180000000000291e+02, 8.041519999999999779e-01
9.395349999999999682e+02, 1.312680000000000069e+00
9.395510000000000446e+02, -6.358190000000000230e-01
9.395679999999999836e+02, 5.221250000000000197e-02
9.395850000000000364e+02, 2.228769999999999918e-01
9.396009999999999991e+02, 1.057770000000000099e+00
9.396180000000000518e+02, 7.386949999999999905e-01
9.396349999999999909e+02, -2.374449999999999894e-01
9.396509999999999536e+02, -1.747519999999999962e+00
9.396680000000000064e+02, -1.144649999999999945e+00
9.396849999999999454e+02, 9.689240000000000075e-01
9.397010000000000218e+02, 1.672369999999999968e-01
9.397179999999999609e+02, 4.302860000000000018e-01
9.397350000000000136e+02, 7.264350000000000529e-01
9.397509999999999764e+02, -6.263950000000000351e-01
9.397680000000000291e+02, 1.204150000000000054e+00
9.397849999999999682e+02, -1.190560000000000063e+00
9.398010000000000446e+02, -1.286820000000000075e+00
9.398179999999999836e+02, -1.660029999999999895e+00
9.398350000000000364e+02, -4.756270000000000220e-01
9.398509999999999991e+02, 1.349120000000000097e+00
9.398680000000000518e+02, 1.461260000000000003e+00
9.398849999999999909e+02, -1.336459999999999870e-01
9.399009999999999536e+02, -8.957220000000000182e-01
9.399180000000000064e+02, -5.142489999999999561e-01
9.399349999999999454e+02, -1.514229999999999965e+00
9.399510000000000218e+02, -9.301139999999999408e-02
9.399679999999999609e+02, -9.073799999999999644e-01
9.399850000000000136e+02, -1.080259999999999998e+00
9.400009999999999764e+02, -6.188860000000000472e-01
9.400180000000000291e+02, 7.579930000000000279e-01
9.400349999999999682e+02, 5.629699999999999982e-02
9.400510000000000446e+02, 1.333340000000000081e-01
9.400679999999999836e+02, 4.875439999999999774e-01
9.400850000000000364e+02, 1.248529999999999918e+00
9.401009999999999991e+02, 3.443640000000000034e-01
9.401180000000000518e+02, -1.051239999999999952e+00
9.401349999999999909e+02, -4.347090000000000121e-01
9.401509999999999536e+02, -5.354799999999999560e-01
9.401680000000000064e+02, -7.172110000000000429e-01
9.401849999999999454e+02, 7.197430000000000216e-01
9.402010000000000218e+02, 1.250220000000000109e+00
9.402179999999999609e+02, 2.411820000000000075e-01
9.402350000000000136e+02, 5.222949999999999537e-01
9.402509999999999764e+02, -1.244040000000000035e+00
9.402680000000000291e+02, 7.251699999999999813e-01
9.402849999999999682e+02, -9.834220000000000184e-01
9.403010000000000446e+02, -2.776250000000000107e-01
9.403179999999999836e+02, 2.436349999999999905e-01
9.403350000000000364e+02, -1.509709999999999941e-01
9.403509999999999991e+02, -2.859079999999999955e-01
9.403680000000000518e+02, -7.433539999999999592e-01
9.403849999999999909e+02, 5.608269999999999644e-01
9.404009999999999536e+02, 7.406609999999999583e-02
9.404180000000000064e+02, 4.475379999999999914e-01
9.404349999999999454e+02, -4.808049999999999824e-01
9.404510000000000218e+02, 4.077580000000000093e-01
9.404679999999999609e+02, 3.785439999999999916e-01
9.404850000000000136e+02, 2.359560000000000102e+00
9.405009999999999764e+02, 6.729319999999999746e-01
9.405180000000000291e+02, 1.325550000000000006e+00
9.405349999999999682e+02, -7.245439999999999658e-01
9.405510000000000446e+02, -6.761989999999999945e-01
9.405679999999999836e+02, 4.422440000000000260e-01
9.405850000000000364e+02, 3.995900000000000007e-01
9.406009999999999991e+02, 1.277579999999999938e+00
9.406180000000000518e+02, 1.286459999999999937e+00
9.406349999999999909e+02, -2.097729999999999873e-01
9.406509999999999536e+02, -8.615260000000000140e-01
9.406680000000000064e+02, 1.014080000000000092e+00
9.406849999999999454e+02, 5.140820000000000389e-01
9.407010000000000218e+02, -6.122030000000000527e-01
9.407179999999999609e+02, 3.489090000000000247e-01
9.407350000000000136e+02, 5.400059999999999860e-01
9.407509999999999764e+02, 5.767640000000000544e-01
9.407680000000000291e+02, 9.769550000000000178e-01
9.407849999999999682e+02, -1.126549999999999940e+00
9.408010000000000446e+02, -1.144870000000000054e+00
9.408179999999999836e+02, -1.979459999999999997e+00
9.408350000000000364e+02, 1.735160000000000036e-01
9.408509999999999991e+02, 2.719269999999999743e-01
9.408680000000000518e+02, 6.587659999999999627e-01
9.408849999999999909e+02, 1.053129999999999900e+00
9.409009999999999536e+02, 6.803489999999999815e-01
9.409180000000000064e+02, 6.006050000000000555e-01
9.409349999999999454e+02, -9.584570000000000589e-02
9.409510000000000218e+02, -1.125490000000000101e+00
9.409679999999999609e+02, -8.627230000000000176e-01
9.409850000000000136e+02, -5.326429999999999776e-01
9.410009999999999764e+02, 6.474980000000000180e-01
9.410180000000000291e+02, -1.314150000000000040e-02
9.410349999999999682e+02, -6.740509999999999557e-02
9.410510000000000446e+02, 3.802520000000000205e-02
9.410679999999999836e+02, 1.128970000000000029e+00
9.410850000000000364e+02, 4.507979999999999765e-01
9.411009999999999991e+02, -1.155559999999999921e+00
9.411180000000000518e+02, -7.366639999999999855e-01
9.411349999999999909e+02, 1.791229999999999906e-02
9.411509999999999536e+02, 2.883909999999999946e-02
9.411680000000000064e+02, 1.761649999999999883e-01
9.411849999999999454e+02, 1.043729999999999936e-01
9.412010000000000218e+02, -5.340270000000000294e-01
9.412179999999999609e+02, 2.568779999999999952e-01
9.412350000000000136e+02, 1.477999999999999980e+00
9.412509999999999764e+02, 1.569059999999999899e+00
9.412680000000000291e+02, 2.459739999999999982e-01
9.412849999999999682e+02, -9.545569999999999888e-01
9.413010000000000446e+02, -2.208890000000000020e-01
9.413179999999999836e+02, -8.791080000000000005e-01
9.413350000000000364e+02, -1.623119999999999896e+00
9.413509999999999991e+02, 4.436919999999999753e-01
9.413680000000000518e+02, 7.588380000000000125e-01
9.413849999999999909e+02, -8.254400000000000626e-02
9.414009999999999536e+02, 8.784790000000000654e-02
9.414180000000000064e+02, -1.057450000000000001e+00
9.414349999999999454e+02, -1.249349999999999961e+00
9.414510000000000218e+02, 7.669930000000000359e-01
9.414679999999999609e+02, -1.849909999999999888e-01
9.414850000000000136e+02, -2.539569999999999883e-01
9.415009999999999764e+02, 1.013609999999999900e+00
9.415180000000000291e+02, -2.285109999999999919e-01
9.415349999999999682e+02, -2.390390000000000015e-01
9.415510000000000446e+02, 7.647399999999999753e-01
9.415679999999999836e+02, -6.575239999999999974e-01
9.415850000000000364e+02, -1.082570000000000032e+00
9.416009999999999991e+02, -9.807179999999999787e-01
9.416180000000000518e+02, -2.173889999999999989e-01
9.416349999999999909e+02, 1.182809999999999917e+00
9.416509999999999536e+02, 1.450860000000000039e+00
9.416680000000000064e+02, 5.532639999999999780e-01
9.416849999999999454e+02, 3.337419999999999831e-01
9.417010000000000218e+02, -2.348719999999999974e-01
9.417179999999999609e+02, -3.549939999999999762e-01
9.417350000000000136e+02, -1.304019999999999957e+00
9.417509999999999764e+02, -1.640970000000000040e+00
9.417680000000000291e+02, -2.242000000000000104e-01
9.417849999999999682e+02, -7.731350000000000167e-01
9.418010000000000446e+02, -2.273030000000000050e-01
9.418179999999999836e+02, -7.287280000000000424e-01
9.418350000000000364e+02, -1.921499999999999875e-01
9.418509999999999991e+02, 2.055819999999999870e-01
9.418680000000000518e+02, -8.024409999999999599e-01
9.418849999999999909e+02, 7.569399999999999462e-01
9.419009999999999536e+02, 1.765980000000000105e+00
9.419180000000000064e+02, 5.526679999999999787e-02
9.419349999999999454e+02, 5.170209999999999528e-01
9.419510000000000218e+02, -1.923159999999999870e-01
9.419679999999999609e+02, 3.178920000000000079e-01
9.419850000000000136e+02, 1.552310000000000079e-01
9.420009999999999764e+02, -7.364450000000000163e-01
9.420180000000000291e+02, -2.319060000000000010e-01
9.420349999999999682e+02, -5.928949999999999498e-01
9.420510000000000446e+02, 4.260419999999999763e-01
9.420679999999999836e+02, 1.783879999999999910e+00
9.420850000000000364e+02, 5.077270000000000394e-01
9.421009999999999991e+02, 1.199829999999999952e+00
9.421180000000000518e+02, 1.657559999999999867e-01
9.421349999999999909e+02, 2.096679999999999933e-01
9.421509999999999536e+02, -6.567960000000000464e-02
9.421680000000000064e+02, 1.332520000000000093e-01
9.421849999999999454e+02, -5.273309999999999942e-01
9.422010000000000218e+02, -4.263279999999999847e-01
9.422179999999999609e+02, 2.858780000000000002e-03
9.422350000000000136e+02, -9.880839999999999623e-01
9.422509999999999764e+02, -1.282200000000000006e+00
9.422680000000000291e+02, -3.953409999999999980e-01
9.422849999999999682e+02, -6.281219999999999859e-02
9.423010000000000446e+02, 2.001479999999999926e-01
9.423179999999999836e+02, 2.157999999999999918e-01
9.423350000000000364e+02, -1.799719999999999986e+00
9.423509999999999991e+02, -7.687869999999999981e-01
9.423680000000000518e+02, 4.254950000000000121e-01
9.423849999999999909e+02, 7.173549999999999371e-02
9.424009999999999536e+02, 1.120759999999999978e+00
9.424180000000000064e+02, 4.560839999999999894e-01
9.424349999999999454e+02, -5.999750000000000361e-01
9.424510000000000218e+02, 3.371069999999999900e-01
9.424679999999999609e+02, -4.520830000000000126e-01
9.424850000000000136e+02, 3.975899999999999990e-01
9.425009999999999764e+02, -4.182090000000000113e-02
9.425180000000000291e+02, -4.464480000000000115e-01
9.425349999999999682e+02, -1.016480000000000050e+00
9.425510000000000446e+02, -5.088510000000000533e-01
9.425679999999999836e+02, -1.471319999999999961e+00
9.425850000000000364e+02, 8.868420000000000192e-01
9.426009999999999991e+02, -1.168450000000000044e-01
9.426180000000000518e+02, 7.813590000000000257e-01
9.426349999999999909e+02, 1.240029999999999966e+00
9.426509999999999536e+02, -1.011350000000000027e-01
9.426680000000000064e+02, 7.061300000000000389e-03
9.426849999999999454e+02, 8.335900000000000531e-01
9.427010000000000218e+02, 4.704389999999999961e-02
9.427179999999999609e+02, -3.617890000000000272e-01
9.427350000000000136e+02, -1.514349999999999863e-01
9.427509999999999764e+02, -3.037520000000000220e-01
9.427680000000000291e+02, 8.435719999999999885e-01
9.427849999999999682e+02, -1.107359999999999900e+00
9.428010000000000446e+02, -8.003299999999999859e-01
9.428179999999999836e+02, 2.512559999999999794e-01
9.428350000000000364e+02, -1.151180000000000092e+00
9.428509999999999991e+02, -7.249980000000000313e-01
9.428680000000000518e+02, -1.736159999999999926e+00
9.428849999999999909e+02, -1.270550000000000068e+00
9.429009999999999536e+02, -5.416549999999999976e-01
9.429180000000000064e+02, 3.608279999999999821e-01
9.429349999999999454e+02, 1.293330000000000091e+00
9.429510000000000218e+02, 6.915870000000000350e-02
9.429679999999999609e+02, 1.554729999999999945e+00
9.429850000000000136e+02, 6.621599999999999708e-01
9.430009999999999764e+02, 3.809830000000000161e-01
9.430180000000000291e+02, -7.637249999999999872e-01
9.430349999999999682e+02, 5.612639999999999851e-01
9.430510000000000446e+02, -2.625449999999999728e-01
9.430679999999999836e+02, -4.525100000000000233e-01
9.430850000000000364e+02, 7.439480000000000537e-01
9.431009999999999991e+02, 1.061799999999999966e-01
9.431180000000000518e+02, -3.161789999999999878e-01
9.431349999999999909e+02, -2.760610000000000008e-01
9.431509999999999536e+02, 5.361320000000000530e-01
9.431680000000000064e+02, -1.404060000000000086e+00
9.431849999999999454e+02, -5.141890000000000072e-01
9.432010000000000218e+02, -2.164559999999999818e+00
9.432179999999999609e+02, -2.822509999999999741e-01
9.432350000000000136e+02, 1.683209999999999984e-01
9.432509999999999764e+02, -7.884719999999999507e-01
9.432680000000000291e+02, -2.700540000000000163e-01
9.432849999999999682e+02, 1.279379999999999962e+00
9.433010000000000446e+02, -9.561479999999999979e-02
9.433179999999999836e+02, 8.864689999999999515e-01
9.433350000000000364e+02, 9.832739999999999814e-01
9.433509999999999991e+02, -1.705180000000000029e-01
9.433680000000000518e+02, -3.510420000000000207e-01
9.433849999999999909e+02, 5.822819999999999663e-01
9.434009999999999536e+02, 2.357440000000000091e-01
9.434180000000000064e+02, 4.490210000000000035e-01
9.434349999999999454e+02, 6.878389999999999782e-01
9.434510000000000218e+02, 1.141159999999999952e+00
9.434679999999999609e+02, -7.157299999999999773e-01
9.434850000000000136e+02, 1.312769999999999992e+00
9.435009999999999764e+02, 4.310390000000000055e-01
9.435180000000000291e+02, 8.869799999999999907e-01
9.435349999999999682e+02, -7.631569999999999743e-01
9.435510000000000446e+02, 3.412780000000000258e-01
9.435679999999999836e+02, -2.969359999999999777e-01
9.435850000000000364e+02, 5.008690000000000087e-01
9.436009999999999991e+02, -1.004539999999999988e+00
9.436180000000000518e+02, 4.258620000000000183e-01
9.436349999999999909e+02, -7.989220000000000210e-01
9.436509999999999536e+02, 1.013560000000000016e+00
9.436680000000000064e+02, 7.180100000000000371e-01
9.436849999999999454e+02, -3.066670000000000229e-01
9.437010000000000218e+02, -4.638249999999999873e-01
9.437179999999999609e+02, -1.851690000000000003e-01
9.437350000000000136e+02, -9.041959999999999997e-01
9.437509999999999764e+02, -4.062609999999999832e-01
9.437680000000000291e+02, -2.244690000000000019e-01
9.437849999999999682e+02, -1.585350000000000037e+00
9.438010000000000446e+02, -4.277909999999999768e-01
9.438179999999999836e+02, 1.468790000000000096e-01
9.438350000000000364e+02, -5.221230000000000315e-02
9.438509999999999991e+02, 1.114399999999999939e-02
9.438680000000000518e+02, -1.726769999999999916e+00
9.438849999999999909e+02, -2.171619999999999939e-01
9.439009999999999536e+02, -2.152739999999999931e-01
9.439180000000000064e+02, 1.291670000000000096e+00
9.439349999999999454e+02, 2.630020000000000135e-01
9.439510000000000218e+02, -4.039490000000000025e-01
9.439679999999999609e+02, 2.364540000000000045e-02
9.439850000000000136e+02, -1.527830000000000021e+00
9.440009999999999764e+02, 3.447720000000000229e-01
9.440180000000000291e+02, -5.236469999999999736e-01
9.440349999999999682e+02, 2.300819999999999865e+00
9.440510000000000446e+02, 8.134569999999999856e-01
9.440679999999999836e+02, -4.082950000000000190e-01
9.440850000000000364e+02, -1.162090000000000067e-01
9.441009999999999991e+02, -1.959140000000000104e+00
9.441180000000000518e+02, -1.257190000000000030e+00
9.441349999999999909e+02, -1.861420000000000019e-01
9.441509999999999536e+02, -7.617450000000000609e-02
9.441680000000000064e+02, -1.149980000000000002e+00
9.441849999999999454e+02, -9.231949999999999878e-01
9.442010000000000218e+02, 5.786080000000000112e-01
9.442179999999999609e+02, 9.800079999999999902e-02
9.442350000000000136e+02, 4.627600000000000047e-01
9.442509999999999764e+02, 1.080889999999999906e+00
9.442680000000000291e+02, 5.235910000000000286e-01
9.442849999999999682e+02, 1.402239999999999931e+00
9.443010000000000446e+02, 1.132209999999999939e+00
9.443179999999999836e+02, -7.234380000000000255e-01
9.443350000000000364e+02, -6.027169999999999472e-01
9.443509999999999991e+02, 2.113649999999999973e-01
9.443680000000000518e+02, -2.123829999999999885e-01
9.443849999999999909e+02, 5.509279999999999733e-01
9.444009999999999536e+02, 1.522610000000000019e+00
9.444180000000000064e+02, -4.734349999999999947e-01
9.444349999999999454e+02, -2.007820000000000160e+00
9.444510000000000218e+02, -7.169140000000000512e-01
9.444679999999999609e+02, 1.988449999999999940e-01
9.444850000000000136e+02, 3.023069999999999924e-02
9.445009999999999764e+02, 7.540630000000000388e-01
9.445180000000000291e+02, 1.006119999999999931e-02
9.445349999999999682e+02, 1.254159999999999997e-01
9.445510000000000446e+02, -1.572949999999999904e-01
9.445679999999999836e+02, 1.487889999999999935e+00
9.445850000000000364e+02, -6.740249999999999853e-01
9.446009999999999991e+02, 9.840569999999999595e-01
9.446180000000000518e+02, 5.295879999999999477e-01
9.446349999999999909e+02, -1.103480000000000016e+00
9.446509999999999536e+02, -7.873149999999999871e-01
9.446680000000000064e+02, -1.139270000000000005e+00
9.446849999999999454e+02, 1.133539999999999992e+00
9.447010000000000218e+02, 5.891239999999999810e-01
9.447179999999999609e+02, -2.138009999999999911e-01
9.447350000000000136e+02, -1.322679999999999967e-01
9.447509999999999764e+02, -5.248749999999999805e-01
9.447680000000000291e+02, -1.140740000000000087e+00
9.447849999999999682e+02, -1.360759999999999970e+00
9.448010000000000446e+02, -8.609970000000000123e-01
9.448179999999999836e+02, -2.655790000000000095e-01
9.448350000000000364e+02, 2.714370000000000172e+00
9.448509999999999991e+02, -9.290640000000000009e-01
9.448680000000000518e+02, 4.238069999999999893e-01
9.448849999999999909e+02, 1.737570000000000087e-02
9.449009999999999536e+02, -1.189629999999999965e+00
9.449180000000000064e+02, -9.559339999999999504e-01
9.449349999999999454e+02, 7.819239999999999524e-01
9.449510000000000218e+02, 1.425899999999999945e+00
9.449679999999999609e+02, 9.721769999999999579e-01
9.449850000000000136e+02, 6.269550000000000400e-01
9.450009999999999764e+02, -7.289430000000000076e-01
9.450180000000000291e+02, -1.687610000000000054e+00
9.450349999999999682e+02, -6.911530000000000173e-01
9.450510000000000446e+02, 4.049579999999999846e-01
9.450679999999999836e+02, -2.359610000000000041e-01
9.450850000000000364e+02, 6.941349999999999465e-01
9.451009999999999991e+02, -2.360599999999999921e-01
9.451180000000000518e+02, 7.535779999999999701e-01
9.451349999999999909e+02, -6.359599999999999698e-01
9.451509999999999536e+02, -6.820709999999999829e-01
9.451680000000000064e+02, -1.748499999999999943e+00
9.451849999999999454e+02, -9.767900000000000471e-01
9.452010000000000218e+02, 1.090719999999999912e+00
9.452179999999999609e+02, 7.046689999999999898e-01
9.452350000000000136e+02, -4.403259999999999952e-01
9.452509999999999764e+02, -5.379580000000000473e-01
9.452680000000000291e+02, 5.935420000000000140e-01
9.452849999999999682e+02, 4.572209999999999885e-01
9.453010000000000446e+02, 1.032569999999999988e+00
9.453179999999999836e+02, 1.418670000000000098e+00
9.453350000000000364e+02, -4.510540000000000105e-01
9.453509999999999991e+02, 2.954019999999999979e-01
9.453680000000000518e+02, -1.425910000000000011e+00
9.453849999999999909e+02, 6.717109999999999470e-01
9.454009999999999536e+02, 7.816659999999999719e-01
9.454180000000000064e+02, 7.827080000000000148e-03
9.454349999999999454e+02, 1.397019999999999929e-01
9.454510000000000218e+02, -3.799210000000000087e-01
9.454679999999999609e+02, -1.251560000000000006e+00
9.454850000000000136e+02, 7.853200000000000180e-01
9.455009999999999764e+02, -3.274449999999999861e-01
9.455180000000000291e+02, -3.902300000000000213e-01
9.455349999999999682e+02, -4.907159999999999855e-01
9.455510000000000446e+02, -2.049429999999999863e-01
9.455679999999999836e+02, 5.854759999999999964e-01
9.455850000000000364e+02, 9.494489999999999874e-01
9.456009999999999991e+02, -8.059849999999999515e-01
9.456180000000000518e+02, -5.468279999999999669e-02
9.456349999999999909e+02, -1.057989999999999986e+00
9.456509999999999536e+02, -6.010870000000000379e-01
9.456680000000000064e+02, 7.040060000000000207e-01
9.456849999999999454e+02, 1.295199999999999907e+00
9.457010000000000218e+02, 1.168749999999999956e+00
9.457179999999999609e+02, 5.255149999999999544e-01
9.457350000000000136e+02, -2.434459999999999957e-01
9.457509999999999764e+02, -3.588329999999999992e-02
9.457680000000000291e+02, -9.736129999999999785e-02
9.457849999999999682e+02, -3.501170000000000115e-01
9.458010000000000446e+02, -1.077309999999999990e+00
9.458179999999999836e+02, -5.187680000000000069e-01
9.458350000000000364e+02, -1.401229999999999976e+00
9.458509999999999991e+02, 2.988109999999999933e-01
9.458680000000000518e+02, 1.302680000000000060e+00
9.458849999999999909e+02, 1.671729999999999938e+00
9.459009999999999536e+02, 5.550300000000000233e-01
9.459180000000000064e+02, -5.279160000000000519e-01
9.459349999999999454e+02, -7.345199999999999507e-01
9.459510000000000218e+02, -2.732120000000000104e+00
9.459679999999999609e+02, -6.614130000000000287e-01
9.459850000000000136e+02, -3.451850000000000057e-02
9.460009999999999764e+02, -2.443120000000000014e-01
9.460180000000000291e+02, 6.352290000000000436e-01
9.460349999999999682e+02, 1.168160000000000032e-01
9.460510000000000446e+02, -4.855410000000000004e-01
9.460679999999999836e+02, -1.334119999999999973e+00
9.460850000000000364e+02, 7.102730000000000432e-01
9.461009999999999991e+02, 2.943390000000000173e-01
9.461180000000000518e+02, 8.123909999999999743e-01
9.461349999999999909e+02, -3.571599999999999775e-01
9.461509999999999536e+02, -1.010839999999999961e+00
9.461680000000000064e+02, -2.809150000000000258e-01
9.461849999999999454e+02, 8.454650000000000221e-01
9.462010000000000218e+02, 1.750210000000000043e+00
9.462179999999999609e+02, 4.677819999999999895e-02
9.462350000000000136e+02, -1.103110000000000035e+00
9.462509999999999764e+02, -2.856300000000000061e+00
9.462680000000000291e+02, -2.001930000000000098e-01
9.462849999999999682e+02, -1.181569999999999981e-01
9.463010000000000446e+02, 1.584359999999999991e+00
9.463179999999999836e+02, 2.541939999999999755e-01
9.463350000000000364e+02, 4.892130000000000090e-01
9.463509999999999991e+02, 1.113499999999999934e+00
9.463680000000000518e+02, 2.464300000000000102e-01
9.463849999999999909e+02, 1.681040000000000034e-01
9.464009999999999536e+02, 3.210430000000000228e-01
9.464180000000000064e+02, 9.712100000000000177e-01
9.464349999999999454e+02, -8.107320000000000082e-01
9.464510000000000218e+02, 4.976979999999999738e-01
9.464679999999999609e+02, -7.371090000000000142e-01
9.464850000000000136e+02, 1.685029999999999861e-01
9.465009999999999764e+02, 7.869859999999999634e-01
9.465180000000000291e+02, -7.219499999999999806e-01
9.465349999999999682e+02, 6.533409999999999496e-01
9.465510000000000446e+02, 6.035890000000000422e-01
9.465679999999999836e+02, -3.104480000000000017e-01
9.465850000000000364e+02, -5.858400000000000274e-01
9.466009999999999991e+02, 3.800120000000000164e-01
9.466180000000000518e+02, -1.458210000000000062e-01
9.466349999999999909e+02, -1.451810000000000045e+00
9.466509999999999536e+02, -5.930760000000000476e-01
9.466680000000000064e+02, 1.240939999999999932e+00
9.466849999999999454e+02, 1.676909999999999901e+00
9.467010000000000218e+02, 1.182679999999999981e-01
9.467179999999999609e+02, -8.062110000000000110e-01
9.467350000000000136e+02, -1.412940000000000085e+00
9.467509999999999764e+02, -7.629280000000000506e-01
9.467680000000000291e+02, -1.218129999999999935e+00
9.467849999999999682e+02, 9.333399999999999475e-01
9.468010000000000446e+02, 8.158469999999999889e-01
9.468179999999999836e+02, 4.273040000000000171e-01
9.468350000000000364e+02, 1.251089999999999980e-01
9.468509999999999991e+02, 5.669669999999999987e-01
9.468680000000000518e+02, 1.641559999999999964e-01
9.468849999999999909e+02, -2.864149999999999752e-01
9.469009999999999536e+02, -1.753689999999999971e+00
9.469180000000000064e+02, -3.541190000000000171e-01
9.469349999999999454e+02, 9.329769999999999452e-01
9.469510000000000218e+02, -4.672850000000000059e-01
9.469679999999999609e+02, 1.639569999999999972e+00
9.469850000000000136e+02, -5.478410000000000224e-01
9.470009999999999764e+02, -6.494349999999999845e-01
9.470180000000000291e+02, 2.993190000000000017e-01
9.470349999999999682e+02, -8.175559999999999494e-01
9.470510000000000446e+02, -1.668470000000000023e-02
9.470679999999999836e+02, 3.770009999999999750e-01
9.470850000000000364e+02, -1.760690000000000033e-01
9.471009999999999991e+02, 3.701429999999999998e-01
9.471180000000000518e+02, 1.044429999999999970e+00
9.471349999999999909e+02, 6.442119999999999964e-03
9.471509999999999536e+02, -2.030990000000000018e-01
9.471680000000000064e+02, 1.574369999999999936e-01
9.471849999999999454e+02, -1.006269999999999998e+00
9.472010000000000218e+02, -1.189970000000000055e-01
9.472179999999999609e+02, -1.503470000000000084e+00
9.472350000000000136e+02, -7.649869999999999726e-01
9.472509999999999764e+02, 1.648570000000000091e+00
9.472680000000000291e+02, 1.656630000000000047e+00
9.472849999999999682e+02, 1.767910000000000093e+00
9.473010000000000446e+02, 1.009560000000000013e+00
9.473179999999999836e+02, -3.257329999999999948e-01
9.473350000000000364e+02, 7.972380000000000022e-01
9.473509999999999991e+02, -1.161739999999999995e+00
9.473680000000000518e+02, -2.777209999999999956e-01
9.473849999999999909e+02, 8.242239999999999567e-01
9.474009999999999536e+02, -1.742569999999999883e-02
9.474180000000000064e+02, 2.224399999999999988e-01
9.474349999999999454e+02, 6.953909999999999814e-01
9.474510000000000218e+02, -9.361890000000000489e-01
9.474679999999999609e+02, 1.116359999999999991e-01
9.474850000000000136e+02, 8.101179999999999493e-02
9.475009999999999764e+02, -3.059319999999999817e-01
9.475180000000000291e+02, -1.023830000000000018e-01
9.475349999999999682e+02, 5.951929999999999721e-01
9.475510000000000446e+02, -2.605890000000000151e-01
9.475679999999999836e+02, 4.082459999999999978e-01
9.475850000000000364e+02, 1.345769999999999911e+00
9.476009999999999991e+02, 4.096009999999999929e-01
9.476180000000000518e+02, 1.476260000000000072e-01
9.476349999999999909e+02, 2.953620000000000134e-01
9.476509999999999536e+02, -1.137699999999999961e-01
9.476680000000000064e+02, 8.346729999999999983e-01
9.476849999999999454e+02, -4.455250000000000044e-01
9.477010000000000218e+02, 7.193760000000000154e-01
9.477179999999999609e+02, 9.264310000000000045e-01
9.477350000000000136e+02, -2.598099999999999854e-01
9.477509999999999764e+02, 3.903900000000000148e-01
9.477680000000000291e+02, 3.178429999999999866e-01
9.477849999999999682e+02, -3.395190000000000152e-01
9.478010000000000446e+02, 6.529920000000000169e-02
9.478179999999999836e+02, -7.055900000000000505e-01
9.478350000000000364e+02, 5.371479999999999588e-01
9.478509999999999991e+02, 3.542770000000000086e-01
9.478680000000000518e+02, -3.225480000000000014e-01
9.478849999999999909e+02, 5.037669999999999648e-01
9.479009999999999536e+02, 1.251630000000000020e+00
9.479180000000000064e+02, 2.428389999999999826e+00
9.479349999999999454e+02, -1.129329999999999945e+00
9.479510000000000218e+02, -1.437070000000000070e+00
9.479679999999999609e+02, -9.244179999999999620e-01
9.479850000000000136e+02, 6.766020000000000367e-01
9.480009999999999764e+02, 2.122330000000000050e-01
9.480180000000000291e+02, 4.560379999999999989e-01
9.480349999999999682e+02, 7.852339999999999876e-01
9.480510000000000446e+02, -3.266929999999999834e-02
9.480679999999999836e+02, -1.818550000000000111e+00
9.480850000000000364e+02, 1.021810000000000107e+00
9.481009999999999991e+02, -1.276909999999999989e+00
9.481180000000000518e+02, -5.928630000000000289e-01
9.481349999999999909e+02, -7.047160000000000091e-01
9.481509999999999536e+02, 9.834760000000000169e-01
9.481680000000000064e+02, 2.172250000000000014e+00
9.481849999999999454e+02, 1.115799999999999903e+00
9.482010000000000218e+02, -3.732509999999999994e-01
9.482179999999999609e+02, 6.514060000000000406e-01
9.482350000000000136e+02, -1.126239999999999908e+00
9.482509999999999764e+02, -3.010389999999999941e-02
9.482680000000000291e+02, 2.514939999999999953e-01
9.482849999999999682e+02, -2.631820000000000270e-01
9.483010000000000446e+02, -1.167189999999999950e+00
9.483179999999999836e+02, -2.853859999999999730e-01
9.483350000000000364e+02, 1.865790000000000157e-02
9.483509999999999991e+02, -5.376699999999999813e-01
9.483680000000000518e+02, -8.880270000000000108e-01
9.483849999999999909e+02, 1.532949999999999938e-02
9.484009999999999536e+02, 8.188560000000000283e-01
9.484180000000000064e+02, 1.465009999999999923e+00
9.484349999999999454e+02, -8.686530000000000085e-01
9.484510000000000218e+02, -1.744229999999999947e+00
9.484679999999999609e+02, -9.267330000000000290e-01
9.484850000000000136e+02, -6.943380000000000107e-01
9.485009999999999764e+02, -9.622810000000000530e-01
9.485180000000000291e+02, -4.342719999999999914e-02
9.485349999999999682e+02, 9.172989999999999755e-01
9.485510000000000446e+02, 1.665910000000000002e+00
9.485679999999999836e+02, 6.335020000000000095e-01
9.485850000000000364e+02, -1.646700000000000108e-01
9.486009999999999991e+02, 6.918269999999999698e-01
9.486180000000000518e+02, -6.884559999999999569e-01
9.486349999999999909e+02, 1.390530000000000044e+00
9.486509999999999536e+02, 1.911449999999999955e-02
9.486680000000000064e+02, -9.359650000000000469e-01
9.486849999999999454e+02, -3.435779999999999945e-01
9.487010000000000218e+02, 1.763059999999999974e-02
9.487179999999999609e+02, -2.827999999999999958e-02
9.487350000000000136e+02, -1.396080000000000099e-01
9.487509999999999764e+02, 2.213849999999999846e-02
9.487680000000000291e+02, -2.975130000000000136e-02
9.487849999999999682e+02, -3.331040000000000112e-01
9.488010000000000446e+02, -4.189430000000000098e-01
9.488179999999999836e+02, -8.045099999999999474e-01
9.488350000000000364e+02, 2.641970000000000082e-02
9.488509999999999991e+02, 7.617420000000000302e-01
9.488680000000000518e+02, 3.068020000000000191e-01
9.488849999999999909e+02, 1.092489999999999961e+00
9.489009999999999536e+02, 1.739900000000000002e+00
9.489180000000000064e+02, -8.069779999999999731e-01
9.489349999999999454e+02, -6.306359999999999744e-01
9.489510000000000218e+02, 4.260479999999999823e-01
9.489679999999999609e+02, -1.951209999999999889e-01
9.489850000000000136e+02, -1.923589999999999911e+00
9.490009999999999764e+02, -6.302389999999999937e-01
9.490180000000000291e+02, 1.453530000000000100e-01
9.490349999999999682e+02, -2.090039999999999953e-01
9.490510000000000446e+02, 1.027660000000000018e+00
9.490679999999999836e+02, 7.047649999999999748e-01
9.490850000000000364e+02, -5.530159999999999521e-01
9.491009999999999991e+02, -5.025100000000000122e-01
9.491180000000000518e+02, 5.293360000000000287e-01
9.491349999999999909e+02, -1.283679999999999932e+00
9.491509999999999536e+02, -4.384799999999999809e-01
9.491680000000000064e+02, 9.324219999999999731e-01
9.491849999999999454e+02, -2.514689999999999981e-01
9.492010000000000218e+02, 4.643669999999999742e-01
9.492179999999999609e+02, -2.006180000000000074e+00
9.492350000000000136e+02, -1.338740000000000041e+00
9.492509999999999764e+02, 6.957839999999999581e-01
9.492680000000000291e+02, 6.350880000000000414e-02
9.492849999999999682e+02, 5.068390000000000395e-01
9.493010000000000446e+02, -1.414100000000000079e-01
9.493179999999999836e+02, -1.921569999999999945e-01
9.493350000000000364e+02, 7.879869999999999930e-01
9.493509999999999991e+02, 9.979879999999999862e-01
9.493680000000000518e+02, 3.747289999999999788e-01
9.493849999999999909e+02, 1.137820000000000054e+00
9.494009999999999536e+02, -8.740550000000000264e-01
9.494180000000000064e+02, 1.686970000000000136e-01
9.494349999999999454e+02, -6.630300000000000082e-02
9.494510000000000218e+02, -9.726830000000000198e-02
9.494679999999999609e+02, -4.302309999999999746e-01
9.494850000000000136e+02, -9.413030000000000008e-01
9.495009999999999764e+02, -2.479449999999999987e-01
9.495180000000000291e+02, -2.620969999999999800e+00
9.495349999999999682e+02, -5.780880000000000463e-01
9.495510000000000446e+02, 5.515750000000000375e-01
9.495679999999999836e+02, -4.795479999999999743e-01
9.495850000000000364e+02, 1.514950000000000019e+00
9.496009999999999991e+02, 5.469450000000000145e-01
9.496180000000000518e+02, 2.660739999999999980e-02
9.496349999999999909e+02, 1.320520000000000027e-01
9.496509999999999536e+02, 1.197700000000000015e-01
9.496680000000000064e+02, 1.164570000000000050e-01
9.496849999999999454e+02, -1.057760000000000034e+00
9.497010000000000218e+02, -6.591879999999999962e-01
9.497179999999999609e+02, 1.535150000000000126e-01
9.497350000000000136e+02, 6.891880000000000228e-01
9.497509999999999764e+02, 1.797830000000000039e+00
9.497680000000000291e+02, -3.402950000000000141e-01
9.497849999999999682e+02, -4.452590000000000020e-02
9.498010000000000446e+02, 8.293620000000000436e-01
9.498179999999999836e+02, -5.275530000000000497e-01
9.498350000000000364e+02, -4.670819999999999972e-01
9.498509999999999991e+02, -9.982729999999999659e-01
9.498680000000000518e+02, 2.695589999999999931e-01
9.498849999999999909e+02, 9.519950000000000356e-01
9.499009999999999536e+02, 1.682809999999999917e+00
9.499180000000000064e+02, 7.657599999999999962e-01
9.499349999999999454e+02, -9.427630000000000177e-01
9.499510000000000218e+02, -5.916489999999999805e-01
9.499679999999999609e+02, 4.782899999999999929e-01
9.499850000000000136e+02, 4.268390000000000239e-01
9.500009999999999764e+02, -3.946729999999999960e-01
9.500180000000000291e+02, -1.511449999999999960e+00
9.500349999999999682e+02, -6.744860000000000300e-01
9.500510000000000446e+02, -3.876979999999999871e-01
9.500679999999999836e+02, 1.803369999999999918e+00
9.500850000000000364e+02, 5.120999999999999996e-01
9.501009999999999991e+02, -4.671690000000000009e-01
9.501180000000000518e+02, -8.101939999999999698e-01
9.501349999999999909e+02, -1.471189999999999998e+00
9.501509999999999536e+02, 6.855719999999999592e-01
9.501680000000000064e+02, 6.300379999999999869e-01
9.501849999999999454e+02, 6.138580000000000148e-01
9.502010000000000218e+02, 6.013629999999999809e-01
9.502179999999999609e+02, 1.014960000000000084e+00
9.502350000000000136e+02, 4.989090000000000191e-02
9.502509999999999764e+02, -1.619899999999999896e+00
9.502680000000000291e+02, 7.142579999999999485e-01
9.502849999999999682e+02, 1.481530000000000014e+00
9.503010000000000446e+02, -2.767120000000000135e-01
9.503179999999999836e+02, -3.238699999999999912e-01
9.503350000000000364e+02, -1.044620000000000104e+00
9.503509999999999991e+02, -2.471119999999999983e-01
9.503680000000000518e+02, 2.385289999999999910e-01
9.503849999999999909e+02, 1.206350000000000061e-01
9.504009999999999536e+02, 6.900309999999999500e-01
9.504180000000000064e+02, 5.571249999999999813e-01
9.504349999999999454e+02, 6.656929999999999792e-01
9.504510000000000218e+02, -8.386359999999999648e-02
9.504679999999999609e+02, 4.298330000000000206e-01
9.504850000000000136e+02, -1.813220000000000054e+00
9.505009999999999764e+02, -1.115499999999999936e+00
9.505180000000000291e+02, 9.551250000000000018e-02
9.505349999999999682e+02, 4.668610000000000260e-01
9.505510000000000446e+02, 1.358649999999999913e+00
9.505679999999999836e+02, -1.702820000000000028e-02
9.505850000000000364e+02, 6.676229999999999665e-01
9.506009999999999991e+02, -8.066309999999999869e-01
9.506180000000000518e+02, 7.474199999999999733e-01
9.506349999999999909e+02, 1.284470000000000056e-01
9.506509999999999536e+02, -4.026349999999999721e-03
9.506680000000000064e+02, -1.223449999999999926e+00
9.506849999999999454e+02, -3.141479999999999967e-02
9.507010000000000218e+02, 1.366860000000000019e-01
9.507179999999999609e+02, 4.246250000000000024e-02
9.507350000000000136e+02, 4.721629999999999994e-01
9.507509999999999764e+02, 6.985379999999999923e-01
9.507680000000000291e+02, 9.775770000000000293e-01
9.507849999999999682e+02, 1.148360000000000047e+00
9.508010000000000446e+02, 3.202139999999999986e-01
9.508179999999999836e+02, -5.990189999999999682e-01
9.508350000000000364e+02, -5.275900000000000034e-01
9.508509999999999991e+02, 9.331349999999999367e-02
9.508680000000000518e+02, -1.569630000000000081e+00
9.508849999999999909e+02, -4.885700000000000043e-01
9.509009999999999536e+02, -1.072929999999999939e+00
9.509180000000000064e+02, -6.531040000000000179e-01
9.509349999999999454e+02, 6.393630000000000146e-02
9.509510000000000218e+02, 3.658029999999999893e-01
9.509679999999999609e+02, -1.171699999999999964e-01
9.509850000000000136e+02, 1.285349999999999993e+00
9.510009999999999764e+02, 2.105869999999999964e-01
9.510180000000000291e+02, -4.801619999999999777e-01
9.510349999999999682e+02, -1.374440000000000106e+00
9.510510000000000446e+02, 4.343790000000000151e-01
9.510679999999999836e+02, 3.905750000000000055e-01
9.510850000000000364e+02, 4.044869999999999854e-01
9.511009999999999991e+02, 5.900069999999999482e-01
9.511180000000000518e+02, 2.607020000000000171e-02
9.511349999999999909e+02, 5.730399999999999938e-01
9.511509999999999536e+02, 4.051850000000000174e-01
9.511680000000000064e+02, 7.862570000000000670e-02
9.511849999999999454e+02, 1.252769999999999939e+00
9.512010000000000218e+02, -7.919779999999999598e-01
9.512179999999999609e+02, -3.144500000000000073e-01
9.512350000000000136e+02, -1.137739999999999974e+00
9.512509999999999764e+02, -2.117290000000000005e-01
9.512680000000000291e+02, -8.001080000000000414e-01
9.512849999999999682e+02, -2.979129999999999973e-02
9.513010000000000446e+02, 1.260809999999999986e-01
9.513179999999999836e+02, -6.408089999999999620e-01
9.513350000000000364e+02, -5.644249999999999545e-01
9.513509999999999991e+02, 1.063430000000000097e+00
9.513680000000000518e+02, 2.204369999999999941e+00
9.513849999999999909e+02, 1.271560000000000024e+00
9.514009999999999536e+02, 1.524299999999999988e+00
9.514180000000000064e+02, -9.950480000000000436e-01
9.514349999999999454e+02, 2.127380000000000104e-01
9.514510000000000218e+02, -1.146649999999999947e+00
9.514679999999999609e+02, -4.851619999999999822e-01
9.514850000000000136e+02, -8.991759999999999753e-01
9.515009999999999764e+02, 3.167889999999999873e-01
9.515180000000000291e+02, 8.090720000000000134e-01
9.515349999999999682e+02, -3.735060000000000047e-01
9.515510000000000446e+02, 4.811630000000000074e-02
9.515679999999999836e+02, -1.473649999999999960e-01
9.515850000000000364e+02, -7.022690000000000321e-01
9.516009999999999991e+02, -7.483039999999999692e-01
9.516180000000000518e+02, -1.865229999999999944e+00
9.516349999999999909e+02, -1.898590000000000000e+00
9.516509999999999536e+02, -5.876339999999999862e-03
9.516680000000000064e+02, 1.447680000000000078e+00
9.516849999999999454e+02, 3.597629999999999995e-01
9.517010000000000218e+02, 6.020860000000000101e-01
9.517179999999999609e+02, -3.749569999999999848e-01
9.517350000000000136e+02, -8.034540000000000015e-01
9.517509999999999764e+02, -8.957230000000000469e-01
9.517680000000000291e+02, -3.593140000000000223e-01
9.517849999999999682e+02, 1.248799999999999910e+00
9.518010000000000446e+02, -1.306120000000000059e-01
9.518179999999999836e+02, -5.434539999999999926e-01
9.518350000000000364e+02, 8.318499999999999506e-02
9.518509999999999991e+02, -2.946199999999999930e-01
9.518680000000000518e+02, 1.023980000000000029e-01
9.518849999999999909e+02, -5.937219999999999720e-01
9.519009999999999536e+02, -3.919560000000000266e-01
9.519180000000000064e+02, 8.727369999999999850e-01
9.519349999999999454e+02, -8.246210000000000484e-01
9.519510000000000218e+02, -5.372649999999999926e-01
9.519679999999999609e+02, -4.355100000000000082e-01
9.519850000000000136e+02, 1.152749999999999941e+00
9.520009999999999764e+02, 9.589860000000000051e-01
9.520180000000000291e+02, 3.005269999999999886e-01
9.520349999999999682e+02, 4.795690000000000230e-01
9.520510000000000446e+02, -8.220579999999999554e-01
9.520679999999999836e+02, -6.222619999999999818e-01
9.520850000000000364e+02, -3.185370000000000146e-01
9.521009999999999991e+02, -4.525649999999999951e-01
9.521180000000000518e+02, -6.331269999999999953e-01
9.521349999999999909e+02, -1.270520000000000094e+00
9.521509999999999536e+02, -6.702660000000000284e-01
9.521680000000000064e+02, 2.491730000000000056e-01
9.521849999999999454e+02, 3.187189999999999745e-01
9.522010000000000218e+02, -9.799189999999999845e-01
9.522179999999999609e+02, 1.798510000000000109e-01
9.522350000000000136e+02, 9.755239999999999467e-01
9.522509999999999764e+02, 1.027609999999999912e+00
9.522680000000000291e+02, -1.755110000000000003e-01
9.522849999999999682e+02, 1.404279999999999973e-01
9.523010000000000446e+02, 1.838170000000000082e+00
9.523179999999999836e+02, 8.938230000000000341e-01
9.523350000000000364e+02, -8.299229999999999663e-01
9.523509999999999991e+02, -5.974749999999999783e-01
9.523680000000000518e+02, -7.684410000000000407e-01
9.523849999999999909e+02, -9.688590000000000257e-01
9.524009999999999536e+02, 1.170749999999999957e+00
9.524180000000000064e+02, 8.032740000000000435e-01
9.524349999999999454e+02, -9.630439999999999834e-02
9.524510000000000218e+02, -5.274579999999999824e-01
9.524679999999999609e+02, -2.228759999999999852e+00
9.524850000000000136e+02, 7.730499999999999872e-02
9.525009999999999764e+02, 1.628080000000000083e-01
9.525180000000000291e+02, 8.474070000000000213e-01
9.525349999999999682e+02, -9.011670000000000513e-01
9.525510000000000446e+02, -5.261660000000000226e-01
9.525679999999999836e+02, -8.598839999999999817e-01
9.525850000000000364e+02, -5.513080000000000203e-01
9.526009999999999991e+02, -9.590920000000000001e-02
9.526180000000000518e+02, -6.904979999999999452e-01
9.526349999999999909e+02, 3.350550000000000056e-02
9.526509999999999536e+02, 2.190940000000000110e-01
9.526680000000000064e+02, 2.740989999999999815e-01
9.526849999999999454e+02, 7.188010000000000232e-01
9.527010000000000218e+02, 4.325100000000000056e-01
9.527179999999999609e+02, -9.433380000000000098e-01
9.527350000000000136e+02, -7.314359999999999751e-01
9.527509999999999764e+02, 4.131750000000000145e-01
9.527680000000000291e+02, -1.871569999999999900e-01
9.527849999999999682e+02, 2.238220000000000140e-02
9.528010000000000446e+02, -2.362869999999999970e-01
9.528179999999999836e+02, 2.948910000000000073e-02
9.528350000000000364e+02, 4.314660000000000162e-01
9.528509999999999991e+02, -8.876640000000000086e-01
9.528680000000000518e+02, -1.665999999999999981e-01
9.528849999999999909e+02, 1.054450000000000109e+00
9.529009999999999536e+02, 1.745220000000000105e-01
9.529180000000000064e+02, 1.748069999999999902e-01
9.529349999999999454e+02, 3.828790000000000249e-01
9.529510000000000218e+02, 2.849419999999999731e-01
9.529679999999999609e+02, 4.022729999999999917e-01
9.529850000000000136e+02, 9.631110000000000504e-01
9.530009999999999764e+02, -8.769019999999999593e-01
9.530180000000000291e+02, -3.967829999999999968e-01
9.530349999999999682e+02, 1.261100000000000110e+00
9.530510000000000446e+02, 3.234279999999999933e-01
9.530679999999999836e+02, 2.050849999999999895e-01
9.530850000000000364e+02, -5.912500000000000533e-01
9.531009999999999991e+02, -1.250399999999999956e+00
9.531180000000000518e+02, 1.555570000000000008e-01
9.531349999999999909e+02, 8.512480000000000047e-02
9.531509999999999536e+02, -6.463849999999999874e-01
9.531680000000000064e+02, 3.493500000000000077e-02
9.531849999999999454e+02, -8.142049999999999566e-01
9.532010000000000218e+02, 6.335429999999999673e-01
9.532179999999999609e+02, 8.923470000000000013e-01
9.532350000000000136e+02, 6.184830000000000050e-01
9.532509999999999764e+02, 4.739630000000000232e-01
9.532680000000000291e+02, -2.000309999999999810e+00
9.532849999999999682e+02, -1.012780000000000014e+00
9.533010000000000446e+02, -1.780650000000000066e+00
9.533179999999999836e+02, 3.586550000000000016e-01
9.533350000000000364e+02, 6.092290000000000205e-01
9.533509999999999991e+02, 1.174459999999999948e-01
9.533680000000000518e+02, 9.742790000000000061e-01
9.533849999999999909e+02, -1.384079999999999977e+00
9.534009999999999536e+02, -1.943119999999999958e+00
9.534180000000000064e+02, -1.718469999999999942e+00
9.534349999999999454e+02, 2.117380000000000095e-01
9.534510000000000218e+02, 1.039369999999999905e+00
9.534679999999999609e+02, 1.346570000000000045e+00
9.534850000000000136e+02, 5.187990000000000101e-01
9.535009999999999764e+02, -1.433490000000000042e-01
9.535180000000000291e+02, 9.346769999999999801e-01
9.535349999999999682e+02, 6.216439999999999744e-01
9.535510000000000446e+02, -3.641690000000000205e-01
9.535679999999999836e+02, 6.305739999999999679e-01
9.535850000000000364e+02, -4.322949999999999848e-01
9.536009999999999991e+02, -1.688239999999999963e+00
9.536180000000000518e+02, -1.787870000000000015e-01
9.536349999999999909e+02, -2.276459999999999942e-02
9.536509999999999536e+02, 3.213739999999999930e-01
9.536680000000000064e+02, -8.238619999999999832e-01
9.536849999999999454e+02, 1.100009999999999932e+00
9.537010000000000218e+02, 1.524139999999999939e-01
9.537179999999999609e+02, 8.937240000000000462e-02
9.537350000000000136e+02, 1.440280000000000005e+00
9.537509999999999764e+02, 2.733039999999999914e-01
9.537680000000000291e+02, -1.188520000000000021e+00
9.537849999999999682e+02, -2.170430000000000081e+00
9.538010000000000446e+02, -1.147929999999999895e+00
9.538179999999999836e+02, -6.411310000000000064e-01
9.538350000000000364e+02, -4.034940000000000193e-01
9.538509999999999991e+02, 2.344009999999999927e+00
9.538680000000000518e+02, 1.022659999999999902e+00
9.538849999999999909e+02, -1.012600000000000028e-01
9.539009999999999536e+02, 1.071479999999999988e+00
9.539180000000000064e+02, 1.141809999999999992e+00
9.539349999999999454e+02, 1.287650000000000079e-02
9.539510000000000218e+02, -5.765080000000000204e-01
9.539679999999999609e+02, -5.868879999999999653e-01
9.539850000000000136e+02, 1.051220000000000043e+00
9.540009999999999764e+02, 5.295119999999999827e-01
9.540180000000000291e+02, -5.839210000000000234e-02
9.540349999999999682e+02, -1.393350000000000088e+00
9.540510000000000446e+02, -1.290560000000000040e-01
9.540679999999999836e+02, 1.805229999999999890e+00
9.540850000000000364e+02, 3.500110000000000166e-01
9.541009999999999991e+02, 7.207660000000000178e-01
9.541180000000000518e+02, 9.008410000000000029e-01
9.541349999999999909e+02, 1.722830000000000084e+00
9.541509999999999536e+02, -3.107480000000000242e-01
9.541680000000000064e+02, -1.109339999999999993e+00
9.541849999999999454e+02, -7.463290000000000202e-01
9.542010000000000218e+02, 6.413080000000000169e-02
9.542179999999999609e+02, -4.536810000000000009e-01
9.542350000000000136e+02, 1.116900000000000004e+00
9.542509999999999764e+02, -2.954519999999999924e-01
9.542680000000000291e+02, 8.935699999999999754e-01
9.542849999999999682e+02, -7.875320000000000098e-01
9.543010000000000446e+02, -1.775090000000000001e-01
9.543179999999999836e+02, 5.503580000000000139e-01
9.543350000000000364e+02, 9.247009999999999952e-01
9.543509999999999991e+02, -8.021249999999999769e-01
9.543680000000000518e+02, 2.010609999999999828e-02
9.543849999999999909e+02, -1.940639999999999921e+00
9.544009999999999536e+02, -8.106600000000000472e-01
9.544180000000000064e+02, -3.261909999999999810e-02
9.544349999999999454e+02, 3.356040000000000134e-01
9.544510000000000218e+02, 6.199000000000000066e-01
9.544679999999999609e+02, 3.449309999999999876e-01
9.544850000000000136e+02, -1.610989999999999922e-01
9.545009999999999764e+02, -9.766660000000000341e-01
9.545180000000000291e+02, -1.453840000000000132e-01
9.545349999999999682e+02, 8.880259999999999543e-02
9.545510000000000446e+02, 6.211630000000000207e-01
9.545679999999999836e+02, 5.723890000000000366e-01
9.545850000000000364e+02, -1.012559999999999905e+00
9.546009999999999991e+02, -1.580959999999999921e+00
9.546180000000000518e+02, -4.014949999999999908e-01
9.546349999999999909e+02, 7.900399999999999645e-01
9.546509999999999536e+02, -7.204220000000000068e-01
9.546680000000000064e+02, -5.875000000000000222e-01
9.546849999999999454e+02, -5.770969999999999711e-01
9.547010000000000218e+02, 3.108099999999999752e-01
9.547179999999999609e+02, -8.023850000000000149e-01
9.547350000000000136e+02, -1.892570000000000086e-01
9.547509999999999764e+02, -2.187630000000000130e-01
9.547680000000000291e+02, -5.413170000000000134e-03
9.547849999999999682e+02, 1.523770000000000124e-01
9.548010000000000446e+02, 1.014480000000000048e+00
9.548179999999999836e+02, 1.685459999999999958e+00
9.548350000000000364e+02, 1.605320000000000080e+00
9.548509999999999991e+02, 3.064859999999999807e-01
9.548680000000000518e+02, 1.565360000000000085e-01
9.548849999999999909e+02, 1.624290000000000012e+00
9.549009999999999536e+02, 5.404200000000000115e-01
9.549180000000000064e+02, 1.093579999999999969e-01
9.549349999999999454e+02, 1.040389999999999926e+00
9.549510000000000218e+02, -7.595169999999999977e-01
9.549679999999999609e+02, 5.300160000000000426e-01
9.549850000000000136e+02, 1.729860000000000009e-01
9.550009999999999764e+02, 6.472700000000000120e-01
9.550180000000000291e+02, -4.448980000000000296e-02
9.550349999999999682e+02, 2.179409999999999958e-01
9.550510000000000446e+02, -8.474789999999999823e-01
9.550679999999999836e+02, -9.155019999999999825e-02
9.550850000000000364e+02, 1.433820000000000094e+00
9.551009999999999991e+02, -4.301679999999999948e-01
9.551180000000000518e+02, -8.785859999999999781e-01
9.551349999999999909e+02, -4.074980000000000269e-01
9.551509999999999536e+02, 4.390879999999999783e-01
9.551680000000000064e+02, -3.873070000000000124e-01
9.551849999999999454e+02, 1.706499999999999906e+00
9.552010000000000218e+02, -1.317059999999999897e+00
9.552179999999999609e+02, -6.611789999999999612e-01
9.552350000000000136e+02, -1.009789999999999965e+00
9.552509999999999764e+02, -5.734979999999999523e-01
9.552680000000000291e+02, -9.414559999999999595e-01
9.552849999999999682e+02, 3.163900000000000046e-01
9.553010000000000446e+02, -2.337390000000000023e-01
9.553179999999999836e+02, -2.058349999999999902e-01
9.553350000000000364e+02, -4.992770000000000263e-01
9.553509999999999991e+02, 1.347159999999999913e+00
9.553680000000000518e+02, -1.153710000000000013e-01
9.553849999999999909e+02, 7.761230000000000073e-01
9.554009999999999536e+02, -3.585499999999999798e-01
9.554180000000000064e+02, -1.034459999999999935e+00
9.554349999999999454e+02, 5.492529999999999912e-01
9.554510000000000218e+02, 7.955999999999999739e-01
9.554679999999999609e+02, -1.204879999999999951e+00
9.554850000000000136e+02, 4.709340000000000054e-02
9.555009999999999764e+02, -1.053320000000000034e+00
9.555180000000000291e+02, 5.457459999999999534e-01
9.555349999999999682e+02, -2.740859999999999963e-01
9.555510000000000446e+02, -7.362969999999999793e-01
9.555679999999999836e+02, 5.224969999999999892e-01
9.555850000000000364e+02, -3.422999999999999932e-01
9.556009999999999991e+02, 8.611439999999999373e-02
9.556180000000000518e+02, 1.497589999999999977e+00
9.556349999999999909e+02, -1.570179999999999909e+00
9.556509999999999536e+02, -1.159089999999999954e+00
9.556680000000000064e+02, 1.049410000000000065e-01
9.556849999999999454e+02, 1.271680000000000033e-01
9.557010000000000218e+02, 7.760669999999999513e-01
9.557179999999999609e+02, -4.950209999999999888e-01
9.557350000000000136e+02, -4.973480000000000123e-01
9.557509999999999764e+02, -3.507219999999999782e-02
9.557680000000000291e+02, 1.285920000000000119e-01
9.557849999999999682e+02, 5.843289999999999873e-01
9.558010000000000446e+02, 5.181019999999999515e-01
9.558179999999999836e+02, 1.019030000000000102e+00
9.558350000000000364e+02, 1.177070000000000061e+00
9.558509999999999991e+02, 6.834310000000000107e-01
9.558680000000000518e+02, 2.061290000000000067e+00
9.558849999999999909e+02, -1.831010000000000137e-01
9.559009999999999536e+02, -1.552890000000000104e+00
9.559180000000000064e+02, -1.963289999999999980e+00
9.559349999999999454e+02, -4.875430000000000041e-01
9.559510000000000218e+02, 8.065419999999999812e-01
9.559679999999999609e+02, 8.547320000000000473e-01
9.559850000000000136e+02, -4.760079999999999867e-01
9.560009999999999764e+02, -9.645179999999999865e-01
9.560180000000000291e+02, -1.785289999999999933e-01
9.560349999999999682e+02, -1.214690000000000047e+00
9.560510000000000446e+02, -2.749289999999999790e-01
9.560679999999999836e+02, -9.708529999999999938e-02
9.560850000000000364e+02, 1.191569999999999990e-01
9.561009999999999991e+02, -3.526309999999999722e-01
9.561180000000000518e+02, 4.411390000000000033e-01
9.561349999999999909e+02, 7.652820000000000455e-02
9.561509999999999536e+02, 1.392239999999999867e-01
9.561680000000000064e+02, -1.820219999999999894e-01
9.561849999999999454e+02, 6.571200000000000131e-03
9.562010000000000218e+02, 1.595789999999999986e-01
9.562179999999999609e+02, -9.069880000000000164e-01
9.562350000000000136e+02, -2.216879999999999892e-02
9.562509999999999764e+02, -4.725639999999999841e-01
9.562680000000000291e+02, -6.234140000000000237e-01
9.562849999999999682e+02, 7.782989999999999631e-01
9.563010000000000446e+02, 5.529020000000000046e-01
9.563179999999999836e+02, 2.337140000000000051e-01
9.563350000000000364e+02, 2.204659999999999953e-01
9.563509999999999991e+02, 1.657329999999999914e-01
9.563680000000000518e+02, 5.168739999999999446e-01
9.563849999999999909e+02, 3.920710000000000028e-01
9.564009999999999536e+02, -8.685199999999999587e-01
9.564180000000000064e+02, -7.255399999999999350e-02
9.564349999999999454e+02, 8.382219999999999949e-02
9.564510000000000218e+02, 9.596000000000000085e-01
9.564679999999999609e+02, -2.935309999999999864e-01
9.564850000000000136e+02, 5.508589999999999876e-01
9.565009999999999764e+02, -6.032300000000000162e-02
9.565180000000000291e+02, 1.207750000000000101e+00
9.565349999999999682e+02, -7.455810000000000215e-02
9.565510000000000446e+02, -1.088260000000000005e+00
9.565679999999999836e+02, -1.679229999999999889e-01
9.565850000000000364e+02, -3.142539999999999778e-01
9.566009999999999991e+02, -2.530080000000000107e-01
9.566180000000000518e+02, -8.454390000000000516e-01
9.566349999999999909e+02, -9.485390000000000210e-01
9.566509999999999536e+02, -8.001010000000000066e-02
9.566680000000000064e+02, -1.590729999999999922e-01
9.566849999999999454e+02, -1.842719999999999914e+00
9.567010000000000218e+02, -2.077770000000000117e+00
9.567179999999999609e+02, -3.316430000000000211e-01
9.567350000000000136e+02, 1.013370000000000104e+00
9.567509999999999764e+02, 6.201280000000000125e-01
9.567680000000000291e+02, 7.745140000000000358e-01
9.567849999999999682e+02, -2.855699999999999905e-01
9.568010000000000446e+02, -1.499030000000000085e-01
9.568179999999999836e+02, -1.177170000000000050e+00
9.568350000000000364e+02, -1.340340000000000087e+00
9.568509999999999991e+02, -1.904519999999999991e+00
9.568680000000000518e+02, -7.879979999999999762e-01
9.568849999999999909e+02, -4.702770000000000006e-01
9.569009999999999536e+02, -1.540479999999999905e-01
9.569180000000000064e+02, 8.208020000000000316e-01
9.569349999999999454e+02, 1.268890000000000073e+00
9.569510000000000218e+02, 1.695109999999999950e-01
9.569679999999999609e+02, -3.019629999999999884e-02
9.569850000000000136e+02, -1.222580000000000000e+00
9.570009999999999764e+02, -2.074979999999999880e-01
9.570180000000000291e+02, -4.312819999999999987e-01
9.570349999999999682e+02, -6.977980000000000294e-02
9.570510000000000446e+02, 1.958020000000000038e-01
9.570679999999999836e+02, -1.281209999999999960e+00
9.570850000000000364e+02, 4.347619999999999818e-01
9.571009999999999991e+02, 6.277160000000000517e-01
9.571180000000000518e+02, -3.822800000000000087e-01
9.571349999999999909e+02, -1.104870000000000019e+00
9.571509999999999536e+02, -2.661089999999999844e-01
9.571680000000000064e+02, -7.657940000000000233e-03
9.571849999999999454e+02, 1.460280000000000022e+00
9.572010000000000218e+02, 9.403439999999999577e-01
9.572179999999999609e+02, -1.598330000000000028e+00
9.572350000000000136e+02, -4.213830000000000076e-01
9.572509999999999764e+02, 2.302319999999999922e-01
9.572680000000000291e+02, 2.940960000000000241e-01
9.572849999999999682e+02, -1.135059999999999958e+00
9.573010000000000446e+02, -2.006259999999999988e-01
9.573179999999999836e+02, -1.962159999999999904e+00
9.573350000000000364e+02, -1.997089999999999976e-01
9.573509999999999991e+02, 8.235460000000000003e-01
9.573680000000000518e+02, -1.045919999999999961e+00
9.573849999999999909e+02, -5.685440000000000493e-01
9.574009999999999536e+02, -5.336750000000000105e-01
9.574180000000000064e+02, -2.329930000000000057e-01
9.574349999999999454e+02, -6.657549999999999857e-01
9.574510000000000218e+02, -3.889889999999999737e-01
9.574679999999999609e+02, -4.354930000000000190e-01
9.574850000000000136e+02, 1.580500000000000016e+00
9.575009999999999764e+02, 8.806730000000000391e-01
9.575180000000000291e+02, -4.907039999999999735e-01
9.575349999999999682e+02, -7.309780000000000166e-01
9.575510000000000446e+02, -9.107530000000000348e-01
9.575679999999999836e+02, -1.411540000000000017e+00
9.575850000000000364e+02, -1.190190000000000081e+00
9.576009999999999991e+02, 1.580509999999999970e-01
9.576180000000000518e+02, -8.624439999999999884e-02
9.576349999999999909e+02, 1.476580000000000115e-01
9.576509999999999536e+02, 3.193819999999999992e-01
9.576680000000000064e+02, -2.907029999999999892e-01
9.576849999999999454e+02, -5.338990000000000125e-01
9.577010000000000218e+02, -1.863690000000000069e-01
9.577179999999999609e+02, 1.085550000000000015e+00
9.577350000000000136e+02, -8.453370000000000051e-01
9.577509999999999764e+02, -5.501660000000000439e-01
9.577680000000000291e+02, 1.181829999999999936e+00
9.577849999999999682e+02, -6.656180000000000430e-02
9.578010000000000446e+02, -5.783249999999999780e-01
9.578179999999999836e+02, -4.226730000000000209e-01
9.578350000000000364e+02, -4.998770000000000158e-01
9.578509999999999991e+02, 9.293770000000000087e-01
9.578680000000000518e+02, -3.217189999999999772e-01
9.578849999999999909e+02, -1.611169999999999991e+00
9.579009999999999536e+02, -1.478990000000000027e+00
9.579180000000000064e+02, -2.697959999999999803e-01
9.579349999999999454e+02, 8.545490000000000030e-01
9.579510000000000218e+02, 3.883380000000000165e-01
9.579679999999999609e+02, 5.857959999999999834e-01
9.579850000000000136e+02, 6.454590000000000050e-01
9.580009999999999764e+02, -6.072670000000000012e-01
9.580180000000000291e+02, -4.129720000000000057e-01
9.580349999999999682e+02, -1.121319999999999956e-02
9.580510000000000446e+02, -9.513340000000000130e-01
9.580679999999999836e+02, -9.324259999999999771e-01
9.580850000000000364e+02, -2.137819999999999998e-01
9.581009999999999991e+02, -5.419260000000000188e-01
9.581180000000000518e+02, -7.115139999999999798e-01
9.581349999999999909e+02, 3.356379999999999919e-01
9.581509999999999536e+02, 4.507010000000000183e-01
9.581680000000000064e+02, 4.567330000000000001e-01
9.581849999999999454e+02, 7.322650000000000547e-01
9.582010000000000218e+02, 3.925649999999999973e-01
9.582179999999999609e+02, -8.837559999999999860e-01
9.582350000000000136e+02, 3.921529999999999738e-01
9.582509999999999764e+02, 1.058070000000000066e+00
9.582680000000000291e+02, -6.951819999999999666e-01
9.582849999999999682e+02, 4.139369999999999994e-01
9.583010000000000446e+02, 5.689710000000000045e-01
9.583179999999999836e+02, -1.415289999999999881e-01
9.583350000000000364e+02, 1.482269999999999976e+00
9.583509999999999991e+02, 1.250499999999999945e-01
9.583680000000000518e+02, -3.039780000000000260e-01
9.583849999999999909e+02, -4.042879999999999807e-01
9.584009999999999536e+02, -7.260600000000000387e-01
9.584180000000000064e+02, -4.108459999999999890e-01
9.584349999999999454e+02, -2.144330000000000125e-01
9.584510000000000218e+02, -8.643570000000000420e-01
9.584679999999999609e+02, 2.023249999999999875e-03
9.584850000000000136e+02, 1.086330000000000018e+00
9.585009999999999764e+02, 3.529630000000000267e-01
9.585180000000000291e+02, -2.657459999999999822e-01
9.585349999999999682e+02, 1.288540000000000019e+00
9.585510000000000446e+02, 3.253019999999999801e-01
9.585679999999999836e+02, -1.779889999999999972e+00
9.585850000000000364e+02, -9.005279999999999951e-01
9.586009999999999991e+02, -7.554480000000000084e-01
9.586180000000000518e+02, 3.584620000000000167e-02
9.586349999999999909e+02, 1.020569999999999977e+00
9.586509999999999536e+02, 1.986299999999999955e+00
9.586680000000000064e+02, 6.016439999999999566e-01
9.586849999999999454e+02, -6.765719999999999512e-01
9.587010000000000218e+02, -3.195919999999999872e-01
9.587179999999999609e+02, 7.621430000000000149e-01
9.587350000000000136e+02, 1.445810000000000040e+00
9.587509999999999764e+02, 1.323690000000000033e+00
9.587680000000000291e+02, 1.267439999999999956e-01
9.587849999999999682e+02, -4.060980000000000145e-01
9.588010000000000446e+02, 2.332329999999999959e-01
9.588179999999999836e+02, 1.283449999999999980e+00
9.588350000000000364e+02, 1.327909999999999924e+00
9.588509999999999991e+02, -2.993060000000000165e-01
9.588680000000000518e+02, -1.374109999999999943e+00
9.588849999999999909e+02, -2.319189999999999863e-01
9.589009999999999536e+02, -1.533479999999999954e+00
9.589180000000000064e+02, -8.945480000000000098e-01
9.589349999999999454e+02, 1.654120000000000035e-01
9.589510000000000218e+02, -3.129129999999999967e-01
9.589679999999999609e+02, -3.072130000000000138e-01
9.589850000000000136e+02, -1.340449999999999919e+00
9.590009999999999764e+02, 6.088719999999999688e-01
9.590180000000000291e+02, 1.115240000000000009e+00
9.590349999999999682e+02, 3.806720000000000104e-01
9.590510000000000446e+02, -1.996410000000000129e-01
9.590679999999999836e+02, 2.757930000000000104e-01
9.590850000000000364e+02, -1.179079999999999989e-01
9.591009999999999991e+02, -3.092449999999999921e-01
9.591180000000000518e+02, -2.681769999999999987e-01
9.591349999999999909e+02, 1.716920000000000113e-01
9.591509999999999536e+02, 1.491159999999999985e-01
9.591680000000000064e+02, -2.719649999999999845e-02
9.591849999999999454e+02, 8.745730000000000448e-01
9.592010000000000218e+02, 3.777760000000000007e-01
9.592179999999999609e+02, -3.613219999999999765e-01
9.592350000000000136e+02, 1.327290000000000136e-01
9.592509999999999764e+02, -1.181309999999999999e-01
9.592680000000000291e+02, -7.618559999999999777e-01
9.592849999999999682e+02, -7.376380000000000436e-02
9.593010000000000446e+02, 2.265800000000000036e-01
9.593179999999999836e+02, -3.292840000000000211e-01
9.593350000000000364e+02, 9.915009999999999657e-01
9.593509999999999991e+02, 7.540930000000000133e-01
9.593680000000000518e+02, -1.237470000000000070e+00
9.593849999999999909e+02, -8.889669999999999517e-02
9.594009999999999536e+02, -1.093280000000000030e+00
9.594180000000000064e+02, 5.624179999999999735e-01
9.594349999999999454e+02, 9.722909999999999539e-03
9.594510000000000218e+02, 9.690140000000000420e-01
9.594679999999999609e+02, -1.943189999999999917e-01
9.594850000000000136e+02, 7.712309999999999999e-01
9.595009999999999764e+02, -5.015749999999999931e-01
9.595180000000000291e+02, -1.450760000000000050e+00
9.595349999999999682e+02, 9.936929999999999374e-02
9.595510000000000446e+02, -7.878270000000000550e-01
9.595679999999999836e+02, -4.575589999999999935e-01
9.595850000000000364e+02, -1.537670000000000092e+00
9.596009999999999991e+02, 5.093360000000000110e-01
9.596180000000000518e+02, -8.935260000000000424e-01
9.596349999999999909e+02, -5.705459999999999976e-01
9.596509999999999536e+02, 1.541369999999999907e+00
9.596680000000000064e+02, 1.171669999999999989e+00
9.596849999999999454e+02, 1.394139999999999935e+00
9.597010000000000218e+02, -1.276180000000000023e-02
9.597179999999999609e+02, 2.396530000000000049e-01
9.597350000000000136e+02, -3.778859999999999997e-01
9.597509999999999764e+02, -5.686499999999999888e-01
9.597680000000000291e+02, -5.271820000000000395e-01
9.597849999999999682e+02, -6.344929999999999737e-01
9.598010000000000446e+02, -8.518799999999999706e-01
9.598179999999999836e+02, 4.146810000000000218e-01
9.598350000000000364e+02, 9.393160000000000398e-01
9.598509999999999991e+02, -7.503210000000000435e-02
9.598680000000000518e+02, 1.244580000000000020e+00
9.598849999999999909e+02, -6.567420000000000480e-01
9.599009999999999536e+02, -1.294369999999999965e-01
9.599180000000000064e+02, 1.030359999999999956e-02
9.599349999999999454e+02, -9.266680000000000472e-01
9.599510000000000218e+02, -1.043060000000000098e+00
9.599679999999999609e+02, -3.877959999999999741e-01
9.599850000000000136e+02, 8.144789999999999530e-01
9.600009999999999764e+02, 1.327620000000000015e-02
9.600180000000000291e+02, -1.865300000000000014e-01
9.600349999999999682e+02, 3.470630000000000243e-02
9.600510000000000446e+02, -1.063879999999999937e+00
9.600679999999999836e+02, -9.193219999999999725e-01
9.600850000000000364e+02, -4.288469999999999782e-01
9.601009999999999991e+02, 3.429829999999999685e-02
9.601180000000000518e+02, 1.398719999999999963e-01
9.601349999999999909e+02, -3.861700000000000133e-01
9.601509999999999536e+02, -5.455020000000000424e-01
9.601680000000000064e+02, 1.479509999999999992e-01
9.601849999999999454e+02, 7.382260000000000488e-01
9.602010000000000218e+02, 2.678960000000000230e-01
9.602179999999999609e+02, -6.564480000000000315e-01
9.602350000000000136e+02, 5.800849999999999618e-01
9.602509999999999764e+02, -4.585879999999999956e-01
9.602680000000000291e+02, -5.889419999999999655e-01
9.602849999999999682e+02, -1.792620000000000102e+00
9.603010000000000446e+02, -1.465509999999999868e-01
9.603179999999999836e+02, 1.198820000000000024e-01
9.603350000000000364e+02, -1.831500000000000142e-02
9.603509999999999991e+02, -7.460900000000000309e-01
9.603680000000000518e+02, -2.160039999999999960e+00
9.603849999999999909e+02, -1.900260000000000005e-01
9.604009999999999536e+02, -8.289069999999999494e-01
9.604180000000000064e+02, 3.098049999999999971e-01
9.604349999999999454e+02, 1.118630000000000013e+00
9.604510000000000218e+02, 2.731700000000000239e-01
9.604679999999999609e+02, 1.127799999999999914e+00
9.604850000000000136e+02, 4.212730000000000086e-01
9.605009999999999764e+02, -9.152390000000000247e-01
9.605180000000000291e+02, 2.627490000000000103e-01
9.605349999999999682e+02, -3.750479999999999925e-01
9.605510000000000446e+02, 4.552350000000000008e-01
9.605679999999999836e+02, -9.175689999999999680e-01
9.605850000000000364e+02, -1.902939999999999909e-01
9.606009999999999991e+02, -1.104370000000000074e+00
9.606180000000000518e+02, -7.569010000000000460e-01
9.606349999999999909e+02, -6.805539999999999923e-01
9.606509999999999536e+02, -7.938579999999999526e-01
9.606680000000000064e+02, 5.754120000000000346e-01
9.606849999999999454e+02, -1.146169999999999911e+00
9.607010000000000218e+02, -5.255520000000000191e-01
9.607179999999999609e+02, -4.705400000000000138e-01
9.607350000000000136e+02, -6.294920000000000515e-01
9.607509999999999764e+02, -1.817110000000000003e+00
9.607680000000000291e+02, 2.990010000000000168e-01
9.607849999999999682e+02, 1.401650000000000063e+00
9.608010000000000446e+02, 8.346390000000000198e-01
9.608179999999999836e+02, 4.199220000000000175e-01
9.608350000000000364e+02, 1.582619999999999916e+00
9.608509999999999991e+02, 7.965870000000000450e-01
9.608680000000000518e+02, 4.434600000000000208e-01
9.608849999999999909e+02, -4.094110000000000249e-01
9.609009999999999536e+02, -9.000700000000000367e-01
9.609180000000000064e+02, 1.653769999999999962e-01
9.609349999999999454e+02, 6.500860000000000527e-01
9.609510000000000218e+02, 1.018850000000000033e+00
9.609679999999999609e+02, -1.508080000000000087e+00
9.609850000000000136e+02, -9.799529999999999630e-01
9.610009999999999764e+02, -1.547339999999999938e+00
9.610180000000000291e+02, -1.400720000000000021e-01
9.610349999999999682e+02, 1.336209999999999898e+00
9.610510000000000446e+02, 2.336389999999999995e-02
9.610679999999999836e+02, 2.009060000000000012e-01
9.610850000000000364e+02, 1.807660000000000100e-01
9.611009999999999991e+02, -4.605339999999999989e-01
9.611180000000000518e+02, -1.418069999999999942e+00
9.611349999999999909e+02, 9.529469999999999885e-01
9.611509999999999536e+02, 2.858400000000000052e+00
9.611680000000000064e+02, 1.686870000000000092e+00
9.611849999999999454e+02, -2.258709999999999885e-01
9.612010000000000218e+02, -2.142650000000000166e+00
9.612179999999999609e+02, -1.147270000000000012e+00
9.612350000000000136e+02, 3.872889999999999944e-01
9.612509999999999764e+02, 8.003050000000000441e-01
9.612680000000000291e+02, 7.103369999999999962e-01
9.612849999999999682e+02, 5.062599999999999739e-02
9.613010000000000446e+02, -1.509989999999999943e+00
9.613179999999999836e+02, 5.445790000000000353e-01
9.613350000000000364e+02, 8.390769999999999618e-01
9.613509999999999991e+02, 8.895399999999999974e-01
9.613680000000000518e+02, 7.426329999999999876e-01
9.613849999999999909e+02, 2.621310000000000029e-01
9.614009999999999536e+02, -8.700349999999999751e-02
9.614180000000000064e+02, -1.460710000000000064e-01
9.614349999999999454e+02, -9.995859999999999745e-01
9.614510000000000218e+02, 6.232710000000000194e-01
9.614679999999999609e+02, 1.748210000000000042e-01
9.614850000000000136e+02, 1.062149999999999928e+00
9.615009999999999764e+02, 2.717659999999999965e+00
9.615180000000000291e+02, 3.304940000000000100e-01
9.615349999999999682e+02, -1.116589999999999971e+00
9.615510000000000446e+02, -6.612679999999999669e-01
9.615679999999999836e+02, -9.913480000000000070e-01
9.615850000000000364e+02, 1.579460000000000031e-01
9.616009999999999991e+02, -7.790430000000000410e-01
9.616180000000000518e+02, -5.425079999999999902e-01
9.616349999999999909e+02, 1.202369999999999939e+00
9.616509999999999536e+02, 1.011490000000000000e+00
9.616680000000000064e+02, -6.939520000000000133e-01
9.616849999999999454e+02, -5.958799999999999653e-01
9.617010000000000218e+02, -1.271530000000000049e+00
9.617179999999999609e+02, 5.209340000000000082e-01
9.617350000000000136e+02, 1.397270000000000012e+00
9.617509999999999764e+02, -6.234579999999999567e-01
9.617680000000000291e+02, -1.894500000000000073e-01
9.617849999999999682e+02, -1.123529999999999918e+00
9.618010000000000446e+02, -1.685869999999999980e+00
9.618179999999999836e+02, -9.473540000000000294e-01
9.618350000000000364e+02, -2.351910000000000112e-01
9.618509999999999991e+02, 1.264580000000000037e+00
9.618680000000000518e+02, 5.802939999999999765e-01
9.618849999999999909e+02, 6.187780000000000502e-01
9.619009999999999536e+02, 8.434409999999999963e-01
9.619180000000000064e+02, 2.512929999999999886e-01
9.619349999999999454e+02, -3.329460000000000197e-01
9.619510000000000218e+02, -1.254930000000000101e+00
9.619679999999999609e+02, -1.621370000000000033e-01
9.619850000000000136e+02, -1.997130000000000072e+00
9.620009999999999764e+02, -3.720310000000000006e-01
9.620180000000000291e+02, 9.210990000000000011e-01
9.620349999999999682e+02, 1.825900000000000092e-02
9.620510000000000446e+02, -6.936949999999999505e-01
9.620679999999999836e+02, 8.135299999999999754e-01
9.620850000000000364e+02, 3.530229999999999757e-01
9.621009999999999991e+02, 1.672830000000000039e+00
9.621180000000000518e+02, -1.034029999999999949e-01
9.621349999999999909e+02, -8.388419999999999765e-01
9.621509999999999536e+02, 1.854349999999999943e+00
9.621680000000000064e+02, 1.060429999999999984e+00
9.621849999999999454e+02, -3.508390000000000120e-01
9.622010000000000218e+02, -7.102730000000000155e-02
9.622179999999999609e+02, -6.066219999999999946e-01
9.622350000000000136e+02, -2.146830000000000127e-01
9.622509999999999764e+02, 2.458690000000000042e-01
9.622680000000000291e+02, 5.938290000000000235e-02
9.622849999999999682e+02, -6.050950000000000495e-01
9.623010000000000446e+02, 3.509600000000000219e-02
9.623179999999999836e+02, 5.879840000000000066e-02
9.623350000000000364e+02, 7.934320000000000261e-02
9.623509999999999991e+02, -1.641960000000000086e+00
9.623680000000000518e+02, -2.263350000000000084e-01
9.623849999999999909e+02, 2.338089999999999891e-01
9.624009999999999536e+02, -7.475300000000000278e-01
9.624180000000000064e+02, -3.113879999999999981e-01
9.624349999999999454e+02, -6.308399999999999563e-01
9.624510000000000218e+02, -7.458120000000000027e-02
9.624679999999999609e+02, -8.920089999999999963e-02
9.624850000000000136e+02, 1.019519999999999982e+00
9.625009999999999764e+02, 7.115799999999999903e-01
9.625180000000000291e+02, 8.887739999999999529e-01
9.625349999999999682e+02, 2.169399999999999940e-01
9.625510000000000446e+02, -4.366289999999999893e-01
9.625679999999999836e+02, -3.455949999999999994e-02
9.625850000000000364e+02, -8.235390000000000210e-01
9.626009999999999991e+02, 1.196509999999999962e+00
9.626180000000000518e+02, -4.660520000000000218e-01
9.626349999999999909e+02, -1.297299999999999898e+00
9.626509999999999536e+02, -3.454530000000000101e-01
9.626680000000000064e+02, -2.905800000000000050e-01
9.626849999999999454e+02, -7.789340000000000153e-01
9.627010000000000218e+02, -1.209189999999999987e+00
9.627179999999999609e+02, 8.223880000000000079e-01
9.627350000000000136e+02, 3.972580000000000000e-01
9.627509999999999764e+02, 1.757179999999999964e+00
9.627680000000000291e+02, 8.998589999999999645e-01
9.627849999999999682e+02, -1.702909999999999979e-01
9.628010000000000446e+02, 9.446599999999999442e-02
9.628179999999999836e+02, 2.804150000000000253e-01
9.628350000000000364e+02, 9.643920000000000270e-01
9.628509999999999991e+02, 7.599040000000000239e-01
9.628680000000000518e+02, -1.330379999999999896e-01
9.628849999999999909e+02, 3.708150000000000057e-01
9.629009999999999536e+02, 4.870259999999999867e-02
9.629180000000000064e+02, -2.666609999999999814e-01
9.629349999999999454e+02, -1.622509999999999897e+00
9.629510000000000218e+02, -1.717190000000000105e-01
9.629679999999999609e+02, -1.892639999999999878e-01
9.629850000000000136e+02, 2.221220000000000139e-01
9.630009999999999764e+02, 1.287099999999999911e-01
9.630180000000000291e+02, 2.329700000000000104e-01
9.630349999999999682e+02, -8.261190000000000200e-02
9.630510000000000446e+02, -7.658439999999999692e-01
9.630679999999999836e+02, -7.149130000000000207e-01
9.630850000000000364e+02, -9.435890000000000111e-01
9.631009999999999991e+02, 1.809340000000000115e-01
9.631180000000000518e+02, 4.720869999999999789e-01
9.631349999999999909e+02, -4.583320000000000172e-01
9.631509999999999536e+02, 2.805869999999999753e-01
9.631680000000000064e+02, -2.788300000000000223e-01
9.631849999999999454e+02, 1.965739999999999849e-02
9.632010000000000218e+02, -8.353890000000000482e-01
9.632179999999999609e+02, 1.746030000000000082e-01
9.632350000000000136e+02, -4.042830000000000035e-01
9.632509999999999764e+02, -1.211659999999999959e+00
9.632680000000000291e+02, -1.428500000000000048e-01
9.632849999999999682e+02, -2.518540000000000223e-01
9.633010000000000446e+02, 5.529100000000000126e-01
9.633179999999999836e+02, 1.011640000000000095e+00
9.633350000000000364e+02, 2.048000000000000043e+00
9.633509999999999991e+02, -5.461389999999999995e-02
9.633680000000000518e+02, -1.129389999999999894e+00
9.633849999999999909e+02, -4.158459999999999934e-01
9.634009999999999536e+02, -3.078290000000000193e-01
9.634180000000000064e+02, -2.175199999999999911e-01
9.634349999999999454e+02, 1.728699999999999959e-01
9.634510000000000218e+02, -1.373429999999999929e-01
9.634679999999999609e+02, 4.250269999999999881e-01
9.634850000000000136e+02, 1.854540000000000077e-01
9.635009999999999764e+02, -9.459199999999999553e-02
9.635180000000000291e+02, -1.761109999999999953e+00
9.635349999999999682e+02, 4.753830000000000000e-01
9.635510000000000446e+02, -3.700930000000000053e-01
9.635679999999999836e+02, -1.097779999999999978e+00
9.635850000000000364e+02, 6.375330000000000163e-01
9.636009999999999991e+02, 7.892259999999999831e-01
9.636180000000000518e+02, 4.380740000000000189e-01
9.636349999999999909e+02, -9.503720000000000223e-02
9.636509999999999536e+02, -1.421910000000000118e-01
9.636680000000000064e+02, -5.633650000000000047e-01
9.636849999999999454e+02, -3.730760000000000187e-01
9.637010000000000218e+02, 5.238829999999999876e-01
9.637179999999999609e+02, 7.031990000000000185e-01
9.637350000000000136e+02, 1.241230000000000055e+00
9.637509999999999764e+02, -2.436419999999999975e-01
9.637680000000000291e+02, -1.496010000000000062e+00
9.637849999999999682e+02, -5.132160000000000055e-01
9.638010000000000446e+02, -1.138130000000000086e+00
9.638179999999999836e+02, -5.916850000000000165e-01
9.638350000000000364e+02, 3.768409999999999815e-01
9.638509999999999991e+02, 9.977209999999999690e-01
9.638680000000000518e+02, 3.729040000000000132e-02
9.638849999999999909e+02, -1.655110000000000081e+00
9.639009999999999536e+02, -1.044750000000000068e+00
9.639180000000000064e+02, -5.423000000000000043e-01
9.639349999999999454e+02, 1.392009999999999970e+00
9.639510000000000218e+02, 4.352280000000000038e-01
9.639679999999999609e+02, 2.095140000000000058e-01
9.639850000000000136e+02, 1.543039999999999967e+00
9.640009999999999764e+02, 3.666579999999999839e-01
9.640180000000000291e+02, 2.875570000000000070e-01
9.640349999999999682e+02, 2.280669999999999920e-01
9.640510000000000446e+02, 2.146770000000000067e-01
9.640679999999999836e+02, 3.106789999999999830e-01
9.640850000000000364e+02, 3.192789999999999795e-01
9.641009999999999991e+02, -1.139809999999999990e-01
9.641180000000000518e+02, -8.759839999999999849e-01
9.641349999999999909e+02, -1.317730000000000068e+00
9.641509999999999536e+02, 6.312020000000000131e-02
9.641680000000000064e+02, -1.632160000000000055e+00
9.641849999999999454e+02, -1.310959999999999903e+00
9.642010000000000218e+02, -2.052880000000000038e+00
9.642179999999999609e+02, -9.856540000000000301e-01
9.642350000000000136e+02, 9.484519999999999756e-03
9.642509999999999764e+02, 3.881850000000000023e-01
9.642680000000000291e+02, 1.062149999999999928e+00
9.642849999999999682e+02, 1.080349999999999921e+00
9.643010000000000446e+02, 3.820479999999999987e-01
9.643179999999999836e+02, 6.405680000000000263e-01
9.643350000000000364e+02, -9.983319999999999972e-01
9.643509999999999991e+02, -6.270289999999999475e-01
9.643680000000000518e+02, -1.756399999999999961e+00
9.643849999999999909e+02, -1.511879999999999891e-01
9.644009999999999536e+02, 1.290249999999999897e+00
9.644180000000000064e+02, -5.389849999999999849e-03
9.644349999999999454e+02, 1.828410000000000091e+00
9.644510000000000218e+02, 5.017850000000000366e-01
9.644679999999999609e+02, 4.880820000000000158e-01
9.644850000000000136e+02, -3.883289999999999798e-01
9.645009999999999764e+02, -2.046829999999999927e+00
9.645180000000000291e+02, -9.189979999999999816e-01
9.645349999999999682e+02, -8.475689999999999613e-02
9.645510000000000446e+02, -2.289910000000000001e-01
9.645679999999999836e+02, -4.120739999999999958e-01
9.645850000000000364e+02, -1.334009999999999918e-01
9.646009999999999991e+02, -5.035030000000000339e-01
9.646180000000000518e+02, -4.114430000000000170e-02
9.646349999999999909e+02, 9.764140000000000041e-01
9.646509999999999536e+02, 1.235440000000000094e+00
9.646680000000000064e+02, 6.514520000000000310e-01
9.646849999999999454e+02, -1.695079999999999920e+00
9.647010000000000218e+02, -6.704309999999999992e-01
9.647179999999999609e+02, -6.347770000000000357e-01
9.647350000000000136e+02, -7.783790000000000431e-01
9.647509999999999764e+02, -5.760020000000000140e-01
9.647680000000000291e+02, 2.128690000000000027e-01
9.647849999999999682e+02, 1.082810000000000050e+00
9.648010000000000446e+02, 2.038619999999999877e+00
9.648179999999999836e+02, -6.757379999999999498e-01
9.648350000000000364e+02, 7.246080000000000298e-01
9.648509999999999991e+02, -4.727919999999999900e-01
9.648680000000000518e+02, -5.571859999999999591e-01
9.648849999999999909e+02, -2.168750000000000122e-01
9.649009999999999536e+02, 2.394799999999999984e-01
9.649180000000000064e+02, -1.453789999999999916e+00
9.649349999999999454e+02, -3.400199999999999889e-01
9.649510000000000218e+02, -1.888670000000000071e-01
9.649679999999999609e+02, 5.642890000000000406e-01
9.649850000000000136e+02, 1.057909999999999906e+00
9.650009999999999764e+02, -2.825849999999999751e-01
9.650180000000000291e+02, 2.242280000000000106e-01
9.650349999999999682e+02, 8.468310000000000004e-01
9.650510000000000446e+02, -4.102870000000000128e-01
9.650679999999999836e+02, 1.614319999999999922e-01
9.650850000000000364e+02, -1.843259999999999899e-01
9.651009999999999991e+02, -4.815050000000000163e-01
9.651180000000000518e+02, -4.214899999999999758e-01
9.651349999999999909e+02, 3.513859999999999761e-01
9.651509999999999536e+02, 1.216609999999999969e+00
9.651680000000000064e+02, 7.392509999999999359e-02
9.651849999999999454e+02, 5.751460000000000461e-01
9.652010000000000218e+02, -5.298540000000000472e-01
9.652179999999999609e+02, 6.753689999999999971e-01
9.652350000000000136e+02, 3.034560000000000035e-01
9.652509999999999764e+02, 6.783460000000000045e-01
9.652680000000000291e+02, 4.729729999999999768e-01
9.652849999999999682e+02, -4.033860000000000223e-01
9.653010000000000446e+02, 3.032759999999999900e-01
9.653179999999999836e+02, -1.256140000000000034e+00
9.653350000000000364e+02, 9.635059999999999458e-02
9.653509999999999991e+02, 8.124449999999999728e-02
9.653680000000000518e+02, 1.792599999999999971e+00
9.653849999999999909e+02, 3.930859999999999910e-01
9.654009999999999536e+02, 2.319799999999999918e-01
9.654180000000000064e+02, -1.335879999999999956e+00
9.654349999999999454e+02, -1.151669999999999972e+00
9.654510000000000218e+02, -5.466480000000000228e-01
9.654679999999999609e+02, -4.470029999999999837e-01
9.654850000000000136e+02, -3.564209999999999878e-01
9.655009999999999764e+02, 1.578469999999999873e-01
9.655180000000000291e+02, 8.026759999999999451e-02
9.655349999999999682e+02, 1.441780000000000062e+00
9.655510000000000446e+02, 6.143690000000000540e-01
9.655679999999999836e+02, -1.447330000000000005e-01
9.655850000000000364e+02, -1.282259999999999955e+00
9.656009999999999991e+02, 1.841849999999999911e-03
9.656180000000000518e+02, 4.511510000000000242e-01
9.656349999999999909e+02, 7.639839999999999964e-01
9.656509999999999536e+02, 2.869769999999999821e-01
9.656680000000000064e+02, -5.805399999999999450e-01
9.656849999999999454e+02, -1.204080000000000039e+00
9.657010000000000218e+02, -1.065839999999999899e+00
9.657179999999999609e+02, 1.114100000000000090e+00
9.657350000000000136e+02, 4.545950000000000268e-01
9.657509999999999764e+02, -1.058290000000000064e-01
9.657680000000000291e+02, -7.761169999999999458e-01
9.657849999999999682e+02, 5.395189999999999708e-01
9.658010000000000446e+02, -9.843849999999999822e-02
9.658179999999999836e+02, -1.242430000000000062e-01
9.658350000000000364e+02, 6.310949999999999616e-01
9.658509999999999991e+02, -1.082969999999999988e+00
9.658680000000000518e+02, 1.105830000000000091e+00
9.658849999999999909e+02, 6.920150000000000468e-01
9.659009999999999536e+02, 2.226380000000000026e-03
9.659180000000000064e+02, 1.557489999999999986e-01
9.659349999999999454e+02, 3.482100000000000195e-01
9.659510000000000218e+02, 8.974490000000000522e-01
9.659679999999999609e+02, 4.918540000000000134e-01
9.659850000000000136e+02, 1.113620000000000054e+00
9.660009999999999764e+02, -1.242169999999999941e-01
9.660180000000000291e+02, -5.851570000000000382e-01
9.660349999999999682e+02, -1.030419999999999892e+00
9.660510000000000446e+02, 1.004289999999999905e+00
9.660679999999999836e+02, 1.822010000000000018e-01
9.660850000000000364e+02, -6.840739999999999599e-01
9.661009999999999991e+02, -1.195470000000000005e-01
9.661180000000000518e+02, 1.466259999999999897e+00
9.661349999999999909e+02, 5.400639999999999885e-01
9.661509999999999536e+02, 3.158759999999999901e-01
9.661680000000000064e+02, -7.554779999999999829e-01
9.661849999999999454e+02, -7.390330000000000510e-01
9.662010000000000218e+02, -2.418480000000000074e-01
9.662179999999999609e+02, 3.600300000000000167e-01
9.662350000000000136e+02, 1.241009999999999946e+00
9.662509999999999764e+02, 2.926019999999999732e-01
9.662680000000000291e+02, -7.428200000000000358e-01
9.662849999999999682e+02, -8.855229999999999491e-01
9.663010000000000446e+02, -8.255350000000000188e-01
9.663179999999999836e+02, -6.661620000000000041e-02
9.663350000000000364e+02, -3.257329999999999948e-02
9.663509999999999991e+02, 3.664730000000000071e-02
9.663680000000000518e+02, -6.503719999999999501e-01
9.663849999999999909e+02, -9.134710000000000329e-01
9.664009999999999536e+02, -3.528689999999999882e-01
9.664180000000000064e+02, -1.009330000000000060e+00
9.664349999999999454e+02, 5.112750000000000350e-01
9.664510000000000218e+02, 9.911300000000000665e-02
9.664679999999999609e+02, 8.918549999999999534e-01
9.664850000000000136e+02, 4.926189999999999736e-01
9.665009999999999764e+02, -1.731469999999999954e-01
9.665180000000000291e+02, -2.961159999999999834e-02
9.665349999999999682e+02, 1.569989999999999997e-01
9.665510000000000446e+02, -7.781420000000000003e-01
9.665679999999999836e+02, -1.008499999999999952e+00
9.665850000000000364e+02, 3.401620000000000338e-02
9.666009999999999991e+02, 4.235450000000000048e-01
9.666180000000000518e+02, 8.733999999999999542e-01
9.666349999999999909e+02, -3.892990000000000061e-01
9.666509999999999536e+02, -1.439550000000000107e+00
9.666680000000000064e+02, -1.150169999999999915e+00
9.666849999999999454e+02, -5.757259999999999600e-01
9.667010000000000218e+02, 6.157430000000000403e-01
9.667179999999999609e+02, 5.511920000000000153e-01
9.667350000000000136e+02, 3.209089999999999998e-01
9.667509999999999764e+02, 2.120330000000000131e-02
9.667680000000000291e+02, -8.267130000000000312e-02
9.667849999999999682e+02, 1.949079999999999924e+00
9.668010000000000446e+02, 8.556439999999999602e-01
9.668179999999999836e+02, 1.069970000000000088e+00
9.668350000000000364e+02, 1.991970000000000018e+00
9.668509999999999991e+02, -9.962560000000000304e-01
9.668680000000000518e+02, -8.459360000000000213e-01
9.668849999999999909e+02, 6.757150000000000656e-02
9.669009999999999536e+02, 1.230399999999999938e+00
9.669180000000000064e+02, -5.186899999999999844e-01
9.669349999999999454e+02, -4.209519999999999929e-01
9.669510000000000218e+02, 7.079590000000000050e-01
9.669679999999999609e+02, 3.630090000000000261e-01
9.669850000000000136e+02, -1.017230000000000079e+00
9.670009999999999764e+02, -5.982669999999999932e-01
9.670180000000000291e+02, -3.384590000000000098e-01
9.670349999999999682e+02, -3.533689999999999887e-01
9.670510000000000446e+02, -8.912119999999999764e-02
9.670679999999999836e+02, 9.492059999999999942e-01
9.670850000000000364e+02, 2.452290000000000025e-01
9.671009999999999991e+02, -2.585480000000000000e-01
9.671180000000000518e+02, -2.415200000000000125e-01
9.671349999999999909e+02, 1.749690000000000134e-01
9.671509999999999536e+02, 7.575730000000000519e-01
9.671680000000000064e+02, 6.961650000000000338e-01
9.671849999999999454e+02, -2.988770000000000038e-01
9.672010000000000218e+02, -1.747319999999999984e-01
9.672179999999999609e+02, 1.947000000000000064e+00
9.672350000000000136e+02, 6.159660000000000135e-01
9.672509999999999764e+02, -2.856429999999999803e-01
9.672680000000000291e+02, -4.668629999999999725e-01
9.672849999999999682e+02, -9.650940000000000074e-01
9.673010000000000446e+02, -5.052920000000000328e-02
9.673179999999999836e+02, -8.280840000000000423e-02
9.673350000000000364e+02, -1.728280000000000094e-01
9.673509999999999991e+02, -3.802159999999999984e-01
9.673680000000000518e+02, -9.840710000000000290e-01
9.673849999999999909e+02, -3.154669999999999974e-01
9.674009999999999536e+02, 2.553480000000000194e-01
9.674180000000000064e+02, -7.315709999999999713e-01
9.674349999999999454e+02, -5.622709999999999653e-01
9.674510000000000218e+02, 4.626910000000000189e-01
9.674679999999999609e+02, 2.007969999999999811e+00
9.674850000000000136e+02, 3.283900000000000152e-01
9.675009999999999764e+02, 7.440520000000000467e-01
9.675180000000000291e+02, 5.321379999999999999e-01
9.675349999999999682e+02, 3.741260000000000141e-01
9.675510000000000446e+02, 1.209419999999999940e+00
9.675679999999999836e+02, -7.565049999999999553e-02
9.675850000000000364e+02, -1.608559999999999990e-01
9.676009999999999991e+02, -5.704320000000000501e-01
9.676180000000000518e+02, 1.017209999999999948e+00
9.676349999999999909e+02, 2.524179999999999757e-01
9.676509999999999536e+02, 1.027560000000000029e+00
9.676680000000000064e+02, -2.209099999999999953e-01
9.676849999999999454e+02, 7.883820000000000272e-01
9.677010000000000218e+02, -1.191070000000000073e+00
9.677179999999999609e+02, -9.054060000000000441e-01
9.677350000000000136e+02, -3.510499999999999732e-01
9.677509999999999764e+02, -3.040340000000000265e-01
9.677680000000000291e+02, 3.690339999999999732e-01
9.677849999999999682e+02, -1.384319999999999995e-01
9.678010000000000446e+02, 4.730809999999999876e-02
9.678179999999999836e+02, 1.990689999999999960e-01
9.678350000000000364e+02, 5.906829999999999720e-02
9.678509999999999991e+02, 6.015939999999999621e-01
9.678680000000000518e+02, 5.309059999999999890e-01
9.678849999999999909e+02, 4.387440000000000229e-01
9.679009999999999536e+02, 7.504070000000000462e-01
9.679180000000000064e+02, -5.854139999999999899e-01
9.679349999999999454e+02, -8.043930000000000247e-01
9.679510000000000218e+02, 3.442060000000000120e-01
9.679679999999999609e+02, 1.177249999999999908e+00
9.679850000000000136e+02, 3.732639999999999847e-01
9.680009999999999764e+02, -3.694889999999999980e-02
9.680180000000000291e+02, -1.384339999999999904e+00
9.680349999999999682e+02, -1.086060000000000025e+00
9.680510000000000446e+02, -3.359019999999999784e-01
9.680679999999999836e+02, -5.319580000000000419e-01
9.680850000000000364e+02, 3.308650000000000202e-01
9.681009999999999991e+02, 1.163100000000000023e+00
9.681180000000000518e+02, -7.070220000000000393e-01
9.681349999999999909e+02, 1.619460000000000066e-01
9.681509999999999536e+02, 5.265469999999999873e-01
9.681680000000000064e+02, 9.014619999999999855e-01
9.681849999999999454e+02, 7.213060000000000027e-01
9.682010000000000218e+02, -2.166970000000000007e-01
9.682179999999999609e+02, -2.025939999999999852e+00
9.682350000000000136e+02, -1.214059999999999917e+00
9.682509999999999764e+02, -3.245439999999999992e-01
9.682680000000000291e+02, -9.984859999999999847e-01
9.682849999999999682e+02, -9.546470000000000233e-01
9.683010000000000446e+02, -3.035599999999999965e-01
9.683179999999999836e+02, -2.010109999999999952e-01
9.683350000000000364e+02, 1.493049999999999988e+00
9.683509999999999991e+02, -1.485829999999999929e-01
9.683680000000000518e+02, -8.355339999999999989e-01
9.683849999999999909e+02, -5.452820000000000444e-01
9.684009999999999536e+02, 5.775540000000000118e-01
9.684180000000000064e+02, 1.452970000000000095e+00
9.684349999999999454e+02, 1.051719999999999988e+00
9.684510000000000218e+02, -2.219649999999999956e-01
9.684679999999999609e+02, -1.424230000000000107e+00
9.684850000000000136e+02, -1.005220000000000002e+00
9.685009999999999764e+02, 9.193810000000000038e-01
9.685180000000000291e+02, 1.088000000000000078e+00
9.685349999999999682e+02, -1.443370000000000042e+00
9.685510000000000446e+02, -9.048709999999999809e-01
9.685679999999999836e+02, 9.852640000000000287e-01
9.685850000000000364e+02, 1.006739999999999968e+00
9.686009999999999991e+02, 1.004289999999999905e+00
9.686180000000000518e+02, 7.946950000000000403e-01
9.686349999999999909e+02, 9.164320000000000105e-04
9.686509999999999536e+02, 1.581679999999999975e+00
9.686680000000000064e+02, 1.752909999999999968e+00
9.686849999999999454e+02, 4.045050000000000034e-02
9.687010000000000218e+02, -5.047840000000000105e-01
9.687179999999999609e+02, -6.406659999999999577e-01
9.687350000000000136e+02, 8.616880000000000095e-01
9.687509999999999764e+02, -5.892580000000000040e-02
9.687680000000000291e+02, 8.394949999999999912e-01
9.687849999999999682e+02, -9.445010000000000350e-01
9.688010000000000446e+02, -9.580469999999999819e-01
9.688179999999999836e+02, 1.002320000000000100e+00
9.688350000000000364e+02, -5.699319999999999942e-01
9.688509999999999991e+02, 5.785450000000000315e-02
9.688680000000000518e+02, 5.311399999999999455e-01
9.688849999999999909e+02, 1.579779999999999962e+00
9.689009999999999536e+02, 5.487429999999999808e-01
9.689180000000000064e+02, 1.180290000000000061e+00
9.689349999999999454e+02, -2.255639999999999867e-01
9.689510000000000218e+02, -1.875509999999999955e-01
9.689679999999999609e+02, -2.545600000000000085e-01
9.689850000000000136e+02, -6.812880000000000047e-01
9.690009999999999764e+02, 2.212999999999999967e-01
9.690180000000000291e+02, 3.729879999999999862e-01
9.690349999999999682e+02, 5.443620000000000125e-01
9.690510000000000446e+02, -9.796580000000000288e-01
9.690679999999999836e+02, -1.077299999999999924e+00
9.690850000000000364e+02, -1.906390000000000029e+00
9.691009999999999991e+02, 1.198319999999999941e-01
9.691180000000000518e+02, -5.799609999999999488e-01
9.691349999999999909e+02, -8.527749999999999497e-01
9.691509999999999536e+02, 4.905689999999999877e-03
9.691680000000000064e+02, 7.835360000000000102e-01
9.691849999999999454e+02, 8.802720000000000544e-01
9.692010000000000218e+02, 6.990950000000000220e-01
9.692179999999999609e+02, 5.532150000000000123e-01
9.692350000000000136e+02, 2.646729999999999916e-01
9.692509999999999764e+02, -7.688580000000000414e-02
9.692680000000000291e+02, -3.040740000000000109e-01
9.692849999999999682e+02, -2.108970000000000011e-01
9.693010000000000446e+02, -4.044969999999999954e-01
9.693179999999999836e+02, -5.258680000000000021e-01
9.693350000000000364e+02, -7.225610000000000088e-01
9.693509999999999991e+02, 9.559069999999999512e-01
9.693680000000000518e+02, 2.078850000000000087e+00
9.693849999999999909e+02, 1.171850000000000058e+00
9.694009999999999536e+02, 1.078610000000000069e+00
9.694180000000000064e+02, 3.773130000000000095e-01
9.694349999999999454e+02, 6.055610000000000159e-01
9.694510000000000218e+02, 6.426870000000000083e-01
9.694679999999999609e+02, 5.951539999999999608e-01
9.694850000000000136e+02, -5.813040000000000429e-01
9.695009999999999764e+02, -1.675839999999999996e+00
9.695180000000000291e+02, -2.718850000000000211e+00
9.695349999999999682e+02, -4.576060000000000128e-01
9.695510000000000446e+02, 1.358559999999999990e+00
9.695679999999999836e+02, 9.177819999999999867e-01
9.695850000000000364e+02, 9.351699999999999458e-01
9.696009999999999991e+02, 2.910760000000000014e-01
9.696180000000000518e+02, -4.906920000000000170e-01
9.696349999999999909e+02, 2.045659999999999840e-02
9.696509999999999536e+02, -2.713019999999999876e-01
9.696680000000000064e+02, 7.684860000000000024e-01
9.696849999999999454e+02, 4.502069999999999683e-02
9.697010000000000218e+02, -1.737460000000000004e+00
9.697179999999999609e+02, -4.650750000000000162e-01
9.697350000000000136e+02, -1.117639999999999967e+00
9.697509999999999764e+02, -1.896569999999999853e-02
9.697680000000000291e+02, 3.458479999999999888e-01
9.697849999999999682e+02, 2.253060000000000063e-01
9.698010000000000446e+02, 1.129660000000000108e+00
9.698179999999999836e+02, 9.481020000000000003e-01
9.698350000000000364e+02, -9.793789999999999996e-01
9.698509999999999991e+02, -1.587469999999999937e+00
9.698680000000000518e+02, -5.415579999999999838e-01
9.698849999999999909e+02, -1.130759999999999960e-01
9.699009999999999536e+02, 4.542930000000000024e-01
9.699180000000000064e+02, 2.578559999999999963e+00
9.699349999999999454e+02, -4.539839999999999987e-01
9.699510000000000218e+02, 2.432040000000000035e-01
9.699679999999999609e+02, -3.935060000000000224e-01
9.699850000000000136e+02, 2.753009999999999832e-02
9.700009999999999764e+02, -8.405160000000000409e-01
9.700180000000000291e+02, 1.684769999999999879e-01
9.700349999999999682e+02, 6.698009999999999797e-01
9.700510000000000446e+02, 1.740110000000000046e+00
9.700679999999999836e+02, -7.585990000000000233e-01
9.700850000000000364e+02, -8.613740000000000285e-02
9.701009999999999991e+02, -4.516860000000000319e-02
9.701180000000000518e+02, 9.105189999999999673e-01
9.701349999999999909e+02, 1.252420000000000089e+00
9.701509999999999536e+02, 3.731410000000000005e-01
9.701680000000000064e+02, -2.084290000000000032e-01
9.701849999999999454e+02, 5.671650000000000302e-01
9.702010000000000218e+02, 1.939190000000000080e-01
9.702179999999999609e+02, 6.052330000000000210e-01
9.702350000000000136e+02, 5.160019999999999607e-01
9.702509999999999764e+02, -5.665270000000000028e-01
9.702680000000000291e+02, -6.072760000000000380e-01
9.702849999999999682e+02, 9.080310000000000326e-01
9.703010000000000446e+02, 8.390589999999999993e-01
9.703179999999999836e+02, -1.461850000000000094e+00
9.703350000000000364e+02, -1.302219999999999933e+00
9.703509999999999991e+02, 4.503920000000000146e-01
9.703680000000000518e+02, 6.590660000000000407e-01
9.703849999999999909e+02, 6.326310000000000544e-01
9.704009999999999536e+02, 2.680799999999999850e-01
9.704180000000000064e+02, 4.550319999999999920e-01
9.704349999999999454e+02, 8.426569999999999894e-01
9.704510000000000218e+02, 3.859380000000000033e-01
9.704679999999999609e+02, 9.307349999999999790e-01
9.704850000000000136e+02, 5.663160000000000416e-01
9.705009999999999764e+02, 4.841469999999999940e-01
9.705180000000000291e+02, 3.552020000000000177e-01
9.705349999999999682e+02, -5.347389999999999782e-02
9.705510000000000446e+02, 9.379170000000000562e-02
9.705679999999999836e+02, 5.534639999999999699e-02
9.705850000000000364e+02, -6.649339999999999418e-02
9.706009999999999991e+02, -1.564659999999999940e+00
9.706180000000000518e+02, -7.125770000000000159e-01
9.706349999999999909e+02, 9.796709999999999585e-01
9.706509999999999536e+02, -1.040980000000000016e+00
9.706680000000000064e+02, -6.690629999999999633e-01
9.706849999999999454e+02, 4.038019999999999943e-01
9.707010000000000218e+02, -9.627499999999999947e-01
9.707179999999999609e+02, -1.766510000000000025e-01
9.707350000000000136e+02, -3.267880000000000229e-01
9.707509999999999764e+02, 6.244870000000000143e-01
9.707680000000000291e+02, -9.269720000000000182e-01
9.707849999999999682e+02, 4.887179999999999858e-01
9.708010000000000446e+02, 6.924059999999999659e-01
9.708179999999999836e+02, 7.167590000000000350e-01
9.708350000000000364e+02, 7.651179999999999648e-01
9.708509999999999991e+02, 5.767050000000000232e-01
9.708680000000000518e+02, -9.479290000000000216e-01
9.708849999999999909e+02, -5.102170000000000316e-01
9.709009999999999536e+02, -1.205249999999999932e+00
9.709180000000000064e+02, 5.280989999999999851e-01
9.709349999999999454e+02, 1.069380000000000053e-01
9.709510000000000218e+02, 5.383529999999999704e-01
9.709679999999999609e+02, 1.410979999999999901e+00
9.709850000000000136e+02, 5.261510000000000353e-01
9.710009999999999764e+02, 2.465360000000000051e-01
9.710180000000000291e+02, -1.900430000000000064e+00
9.710349999999999682e+02, -9.270009999999999639e-01
9.710510000000000446e+02, -1.438669999999999893e+00
9.710679999999999836e+02, 4.243580000000000130e-01
9.710850000000000364e+02, 1.043260000000000076e+00
9.711009999999999991e+02, -9.213449999999999696e-01
9.711180000000000518e+02, -8.987810000000000243e-02
9.711349999999999909e+02, -3.171169999999999822e-01
9.711509999999999536e+02, 1.849030000000000118e-01
9.711680000000000064e+02, 1.008560000000000012e-01
9.711849999999999454e+02, 4.861139999999999906e-01
9.712010000000000218e+02, -8.379269999999999774e-01
9.712179999999999609e+02, 9.647390000000000132e-01
9.712350000000000136e+02, -8.929249999999999687e-01
9.712509999999999764e+02, -8.217729999999999480e-02
9.712680000000000291e+02, -7.272149999999999448e-02
9.712849999999999682e+02, -9.875690000000000301e-01
9.713010000000000446e+02, -1.391899999999999915e+00
9.713179999999999836e+02, -9.906249999999999778e-01
9.713350000000000364e+02, 1.407129999999999992e+00
9.713509999999999991e+02, 1.200469999999999926e+00
9.713680000000000518e+02, 7.795130000000000114e-01
9.713849999999999909e+02, 5.584019999999999539e-01
9.714009999999999536e+02, -5.201050000000000118e-02
9.714180000000000064e+02, -8.017459999999999587e-01
9.714349999999999454e+02, -1.679780000000000051e+00
9.714510000000000218e+02, -4.713939999999999797e-01
9.714679999999999609e+02, 5.471679999999999877e-01
9.714850000000000136e+02, 1.125459999999999905e+00
9.715009999999999764e+02, 8.576129999999999587e-01
9.715180000000000291e+02, 4.150050000000000128e-01
9.715349999999999682e+02, 3.516610000000000014e-01
9.715510000000000446e+02, -1.278739999999999988e+00
9.715679999999999836e+02, -9.601969999999999672e-01
9.715850000000000364e+02, 1.166569999999999968e-01
9.716009999999999991e+02, 5.427220000000000377e-01
9.716180000000000518e+02, 1.940299999999999914e+00
9.716349999999999909e+02, 1.410369999999999957e-01
9.716509999999999536e+02, 7.564469999999999805e-01
9.716680000000000064e+02, 2.677169999999999828e-01
9.716849999999999454e+02, 6.337260000000000115e-01
9.717010000000000218e+02, 2.011709999999999887e-01
9.717179999999999609e+02, -6.975289999999999546e-01
9.717350000000000136e+02, -4.925390000000000046e-01
9.717509999999999764e+02, -6.122990000000000377e-01
9.717680000000000291e+02, -6.578070000000000306e-01
9.717849999999999682e+02, -1.228690000000000060e+00
9.718010000000000446e+02, 1.534659999999999913e-01
9.718179999999999836e+02, 4.951920000000000210e-01
9.718350000000000364e+02, -1.107370000000000021e-01
9.718509999999999991e+02, 4.168609999999999816e-01
9.718680000000000518e+02, 2.864140000000000089e-02
9.718849999999999909e+02, 9.382829999999999782e-01
9.719009999999999536e+02, -4.090529999999999999e-01
9.719180000000000064e+02, -1.265550000000000008e-01
9.719349999999999454e+02, 8.025369999999999449e-01
9.719510000000000218e+02, -4.399770000000000070e-01
9.719679999999999609e+02, 3.978210000000000079e-02
9.719850000000000136e+02, 1.312260000000000093e-01
9.720009999999999764e+02, -9.224890000000000034e-01
9.720180000000000291e+02, -8.691269999999999829e-01
9.720349999999999682e+02, 4.363620000000000276e-01
9.720510000000000446e+02, -7.271269999999999678e-01
9.720679999999999836e+02, 3.427040000000000086e-01
9.720850000000000364e+02, 1.171729999999999938e+00
9.721009999999999991e+02, -4.385330000000000061e-01
9.721180000000000518e+02, 1.498739999999999961e+00
9.721349999999999909e+02, 2.021070000000000089e-01
9.721509999999999536e+02, -4.354759999999999742e-01
9.721680000000000064e+02, 8.369409999999999350e-02
9.721849999999999454e+02, 2.833350000000000035e-01
9.722010000000000218e+02, -8.330670000000000019e-01
9.722179999999999609e+02, -3.986359999999999904e-01
9.722350000000000136e+02, -5.838039999999999896e-01
9.722509999999999764e+02, -7.238240000000000229e-01
9.722680000000000291e+02, 1.367170000000000052e-01
9.722849999999999682e+02, 1.519709999999999894e+00
9.723010000000000446e+02, 4.732640000000000180e-01
9.723179999999999836e+02, 4.163290000000000046e-01
9.723350000000000364e+02, 1.353679999999999994e+00
9.723509999999999991e+02, 6.780939999999999745e-01
9.723680000000000518e+02, -3.233179999999999943e-01
9.723849999999999909e+02, -7.950939999999999674e-01
9.724009999999999536e+02, -2.610169999999999990e-01
9.724180000000000064e+02, -2.688559999999999839e-01
9.724349999999999454e+02, 7.267780000000000351e-01
9.724510000000000218e+02, 2.577320000000000166e-01
9.724679999999999609e+02, -3.777050000000000129e-01
9.724850000000000136e+02, -8.499879999999999658e-01
9.725009999999999764e+02, -9.728860000000000285e-02
9.725180000000000291e+02, -3.082260000000000000e-01
9.725349999999999682e+02, 3.440509999999999957e-01
9.725510000000000446e+02, 9.155799999999999494e-01
9.725679999999999836e+02, 5.544850000000000056e-01
9.725850000000000364e+02, 3.507580000000000142e-01
9.726009999999999991e+02, 6.059350000000000014e-01
9.726180000000000518e+02, 1.457779999999999909e-01
9.726349999999999909e+02, -1.277490000000000014e+00
9.726509999999999536e+02, -9.570419999999999483e-01
9.726680000000000064e+02, 3.172820000000000085e-01
9.726849999999999454e+02, -6.659990000000000077e-01
9.727010000000000218e+02, -1.298249999999999904e+00
9.727179999999999609e+02, 5.921830000000000149e-01
9.727350000000000136e+02, 1.960109999999999908e-01
9.727509999999999764e+02, 1.986560000000000104e+00
9.727680000000000291e+02, 6.192960000000000131e-02
9.727849999999999682e+02, -1.987109999999999932e+00
9.728010000000000446e+02, -1.203770000000000007e+00
9.728179999999999836e+02, -2.359329999999999927e+00
9.728350000000000364e+02, -2.162030000000000063e-01
9.728509999999999991e+02, 3.594029999999999725e-01
9.728680000000000518e+02, 3.497029999999999861e-01
9.728849999999999909e+02, 5.836170000000000524e-01
9.729009999999999536e+02, -2.389239999999999975e-01
9.729180000000000064e+02, 6.335439999999999960e-01
9.729349999999999454e+02, -1.446900000000000075e+00
9.729510000000000218e+02, -1.580279999999999907e+00
9.729679999999999609e+02, -8.071890000000000454e-01
9.729850000000000136e+02, 2.011760000000000215e+00
9.730009999999999764e+02, 8.160460000000000491e-01
9.730180000000000291e+02, 6.573510000000000464e-02
9.730349999999999682e+02, 4.486600000000000033e-01
9.730510000000000446e+02, -5.700509999999999744e-01
9.730679999999999836e+02, 9.293629999999999947e-02
9.730850000000000364e+02, 2.538130000000000108e-01
9.731009999999999991e+02, -3.273300000000000098e-01
9.731180000000000518e+02, 4.743040000000000034e-01
9.731349999999999909e+02, -9.263700000000000268e-01
9.731509999999999536e+02, -4.754260000000000153e-01
9.731680000000000064e+02, -1.126239999999999908e+00
9.731849999999999454e+02, -4.489159999999999817e-01
9.732010000000000218e+02, -7.746089999999999920e-01
9.732179999999999609e+02, -5.722779999999999534e-01
9.732350000000000136e+02, 9.432859999999999578e-01
9.732509999999999764e+02, 6.821979999999999711e-02
9.732680000000000291e+02, -1.044550000000000090e+00
9.732849999999999682e+02, 2.354070000000000051e-01
9.733010000000000446e+02, 1.774809999999999999e-01
9.733179999999999836e+02, -1.401269999999999946e-02
9.733350000000000364e+02, -1.780569999999999931e-01
9.733509999999999991e+02, -5.112449999999999495e-01
9.733680000000000518e+02, 6.645489999999999453e-01
9.733849999999999909e+02, -3.048669999999999991e-01
9.734009999999999536e+02, 1.342410000000000103e+00
9.734180000000000064e+02, 8.774220000000000352e-01
9.734349999999999454e+02, 8.658439999999999470e-01
9.734510000000000218e+02, -5.184819999999999984e-01
9.734679999999999609e+02, -1.401459999999999928e+00
9.734850000000000136e+02, -1.266529999999999934e+00
9.735009999999999764e+02, 9.063440000000000385e-01
9.735180000000000291e+02, 1.774540000000000145e-02
9.735349999999999682e+02, -6.837139999999999884e-02
9.735510000000000446e+02, -1.030419999999999892e+00
9.735679999999999836e+02, -8.851400000000000379e-01
9.735850000000000364e+02, -1.197880000000000056e-01
9.736009999999999991e+02, 2.353379999999999916e-01
9.736180000000000518e+02, 1.037630000000000052e+00
9.736349999999999909e+02, 1.335460000000000091e+00
9.736509999999999536e+02, 1.393259999999999943e+00
9.736680000000000064e+02, -2.929340000000000277e-01
9.736849999999999454e+02, -1.557790000000000008e+00
9.737010000000000218e+02, -3.426899999999999946e-01
9.737179999999999609e+02, 7.053859999999999575e-01
9.737350000000000136e+02, 1.104740000000000055e+00
9.737509999999999764e+02, 1.814699999999999994e-02
9.737680000000000291e+02, -7.557030000000000136e-01
9.737849999999999682e+02, -1.298280000000000101e+00
9.738010000000000446e+02, -1.752050000000000107e+00
9.738179999999999836e+02, -2.366629999999999789e+00
9.738350000000000364e+02, -1.607769999999999921e+00
9.738509999999999991e+02, 3.542339999999999933e-01
9.738680000000000518e+02, 1.619939999999999936e+00
9.738849999999999909e+02, 3.283960000000000212e-01
9.739009999999999536e+02, -5.422299999999999898e-01
9.739180000000000064e+02, 9.746380000000000043e-01
9.739349999999999454e+02, 1.452119999999999973e-02
9.739510000000000218e+02, -1.540390000000000092e-01
9.739679999999999609e+02, 1.358659999999999868e-01
9.739850000000000136e+02, -2.463549999999999907e-01
9.740009999999999764e+02, -6.343139999999999890e-02
9.740180000000000291e+02, 7.715769999999999573e-01
9.740349999999999682e+02, 2.820579999999999754e-01
9.740510000000000446e+02, -3.109839999999999827e-01
9.740679999999999836e+02, -7.198989999999999556e-01
9.740850000000000364e+02, 5.191590000000000371e-01
9.741009999999999991e+02, -5.312839999999999924e-02
9.741180000000000518e+02, 1.087690000000000046e-01
9.741349999999999909e+02, 1.129000000000000004e+00
9.741509999999999536e+02, -1.482989999999999864e-01
9.741680000000000064e+02, 9.008500000000000396e-01
9.741849999999999454e+02, 2.033119999999999816e+00
9.742010000000000218e+02, 8.525629999999999598e-01
9.742179999999999609e+02, -1.721880000000000077e-01
9.742350000000000136e+02, -5.620849999999999458e-01
9.742509999999999764e+02, 7.629560000000000508e-02
9.742680000000000291e+02, -1.204289999999999944e-01
9.742849999999999682e+02, -7.054679999999999840e-01
9.743010000000000446e+02, -4.521939999999999849e-01
9.743179999999999836e+02, -7.367500000000000160e-01
9.743350000000000364e+02, 7.394010000000000339e-03
9.743509999999999991e+02, 3.535849999999999826e-01
9.743680000000000518e+02, 6.422759999999999581e-01
9.743849999999999909e+02, -9.165539999999999798e-01
9.744009999999999536e+02, -5.112060000000000493e-01
9.744180000000000064e+02, 1.318060000000000009e+00
9.744349999999999454e+02, -5.997350000000000181e-01
9.744510000000000218e+02, 2.499109999999999943e-01
9.744679999999999609e+02, -6.144079999999999542e-01
9.744850000000000136e+02, -7.050589999999999913e-01
9.745009999999999764e+02, 7.816990000000000327e-01
9.745180000000000291e+02, -5.124560000000000226e-01
9.745349999999999682e+02, -3.366620000000000168e-01
9.745510000000000446e+02, -8.243660000000000432e-01
9.745679999999999836e+02, 2.330450000000000021e-01
9.745850000000000364e+02, -1.226299999999999946e+00
9.746009999999999991e+02, -6.105610000000000204e-01
9.746180000000000518e+02, 1.072480000000000100e+00
9.746349999999999909e+02, 1.166320000000000023e+00
9.746509999999999536e+02, 1.015679999999999916e+00
9.746680000000000064e+02, -2.983460000000000001e-01
9.746849999999999454e+02, -9.317469999999999919e-01
9.747010000000000218e+02, 7.097080000000000055e-01
9.747179999999999609e+02, 7.166339999999999932e-01
9.747350000000000136e+02, -1.892530000000000046e-01
9.747509999999999764e+02, 1.430560000000000054e+00
9.747680000000000291e+02, 1.426290000000000058e+00
9.747849999999999682e+02, 3.795799999999999730e-01
9.748010000000000446e+02, -1.347529999999999895e+00
9.748179999999999836e+02, -2.399109999999999854e+00
9.748350000000000364e+02, 2.669030000000000014e-01
9.748509999999999991e+02, 6.792880000000000029e-01
9.748680000000000518e+02, -3.811970000000000081e-01
9.748849999999999909e+02, 5.329390000000000516e-01
9.749009999999999536e+02, -6.078400000000000469e-01
9.749180000000000064e+02, 1.617689999999999961e-01
9.749349999999999454e+02, 3.600249999999999839e-01
9.749510000000000218e+02, -3.299849999999999728e-01
9.749679999999999609e+02, 7.010709999999999997e-01
9.749850000000000136e+02, 1.161500000000000032e-01
9.750009999999999764e+02, -1.850390000000000090e-01
9.750180000000000291e+02, 1.280040000000000067e-01
9.750349999999999682e+02, 7.042809999999999349e-02
9.750510000000000446e+02, 6.126719999999999944e-01
9.750679999999999836e+02, -7.737159999999999593e-01
9.750850000000000364e+02, -6.573149999999999826e-01
9.751009999999999991e+02, 1.986519999999999953e-01
9.751180000000000518e+02, 2.008070000000000133e-01
9.751349999999999909e+02, -5.096099999999999935e-02
9.751509999999999536e+02, 9.496369999999999534e-01
9.751680000000000064e+02, 1.102459999999999968e-01
9.751849999999999454e+02, -4.405299999999999772e-01
9.752010000000000218e+02, -1.029940000000000078e+00
9.752179999999999609e+02, 1.444600000000000106e+00
9.752350000000000136e+02, 9.688839999999999952e-02
9.752509999999999764e+02, 7.635269999999999557e-01
9.752680000000000291e+02, -1.600249999999999950e+00
9.752849999999999682e+02, -1.068869999999999987e+00
9.753010000000000446e+02, -1.211140000000000105e+00
9.753179999999999836e+02, 5.555170000000000385e-01
9.753350000000000364e+02, 1.517749999999999932e+00
9.753509999999999991e+02, 7.803060000000000551e-01
9.753680000000000518e+02, 2.064040000000000041e-01
9.753849999999999909e+02, -6.934759999999999813e-01
9.754009999999999536e+02, -5.250000000000000222e-01
9.754180000000000064e+02, -9.677890000000000104e-01
9.754349999999999454e+02, -7.395899999999999697e-02
9.754510000000000218e+02, -6.813609999999999944e-01
9.754679999999999609e+02, -1.253430000000000044e+00
9.754850000000000136e+02, -7.877610000000000168e-02
9.755009999999999764e+02, 1.766180000000000083e+00
9.755180000000000291e+02, 1.106899999999999995e+00
9.755349999999999682e+02, 9.159690000000000332e-01
9.755510000000000446e+02, -4.818479999999999985e-01
9.755679999999999836e+02, -4.390539999999999998e-01
9.755850000000000364e+02, -1.179510000000000058e+00
9.756009999999999991e+02, -1.248539999999999983e+00
9.756180000000000518e+02, -7.084190000000000209e-01
9.756349999999999909e+02, 1.137990000000000008e-02
9.756509999999999536e+02, 1.251959999999999962e+00
9.756680000000000064e+02, 2.547820000000000196e+00
9.756849999999999454e+02, -7.966879999999999518e-01
9.757010000000000218e+02, -6.238310000000000244e-01
9.757179999999999609e+02, -6.413980000000000237e-01
9.757350000000000136e+02, 1.917889999999999873e-01
9.757509999999999764e+02, 5.271750000000000047e-02
9.757680000000000291e+02, 6.806910000000000460e-01
9.757849999999999682e+02, 3.353309999999999902e-01
9.758010000000000446e+02, 5.651720000000000077e-01
9.758179999999999836e+02, -2.663829999999999809e-01
9.758350000000000364e+02, 1.709940000000000071e-01
9.758509999999999991e+02, 4.233720000000000261e-01
9.758680000000000518e+02, 8.970829999999999638e-01
9.758849999999999909e+02, 8.014740000000000197e-01
9.759009999999999536e+02, -1.204620000000000024e+00
9.759180000000000064e+02, 7.495289999999999939e-03
9.759349999999999454e+02, -6.671430000000000415e-01
9.759510000000000218e+02, 1.353419999999999901e-01
9.759679999999999609e+02, -2.599230000000000151e-01
9.759850000000000136e+02, 1.898630000000000040e-01
9.760009999999999764e+02, 2.498859999999999970e-01
9.760180000000000291e+02, 1.568410000000000082e-01
9.760349999999999682e+02, -1.136719999999999953e+00
9.760510000000000446e+02, -7.633940000000000170e-01
9.760679999999999836e+02, -7.146329999999999627e-01
9.760850000000000364e+02, 1.124760000000000065e-01
9.761009999999999991e+02, -3.389900000000000135e-01
9.761180000000000518e+02, 7.401379999999999626e-01
9.761349999999999909e+02, -7.133259999999999601e-02
9.761509999999999536e+02, 9.779120000000000035e-01
9.761680000000000064e+02, -4.499440000000000106e-01
9.761849999999999454e+02, 5.265039999999999720e-01
9.762010000000000218e+02, 1.252529999999999921e+00
9.762179999999999609e+02, 1.180369999999999919e+00
9.762350000000000136e+02, 9.301509999999999501e-01
9.762509999999999764e+02, -1.414080000000000004e+00
9.762680000000000291e+02, -1.219300000000000050e+00
9.762849999999999682e+02, -2.089109999999999800e+00
9.763010000000000446e+02, 1.387669999999999959e+00
9.763179999999999836e+02, 2.124310000000000087e-01
9.763350000000000364e+02, 1.174069999999999947e+00
9.763509999999999991e+02, 7.538660000000000361e-01
9.763680000000000518e+02, 7.180269999999999708e-01
9.763849999999999909e+02, 3.778560000000000252e-02
9.764009999999999536e+02, -3.593339999999999868e-01
9.764180000000000064e+02, -4.176420000000000132e-01
9.764349999999999454e+02, 4.438739999999999908e-01
9.764510000000000218e+02, -4.601369999999999766e-02
9.764679999999999609e+02, 1.223649999999999904e+00
9.764850000000000136e+02, 8.867220000000000102e-01
9.765009999999999764e+02, -9.742140000000000244e-01
9.765180000000000291e+02, -1.928109999999999991e+00
9.765349999999999682e+02, 3.968800000000000106e-02
9.765510000000000446e+02, 9.671950000000000269e-01
9.765679999999999836e+02, 1.602880000000000082e+00
9.765850000000000364e+02, -3.628069999999999906e-02
9.766009999999999991e+02, -8.915960000000000552e-01
9.766180000000000518e+02, -4.566430000000000211e-01
9.766349999999999909e+02, -1.639220000000000121e-01
9.766509999999999536e+02, 1.069730000000000070e+00
9.766680000000000064e+02, 5.769520000000000204e-01
9.766849999999999454e+02, 1.181429999999999980e+00
9.767010000000000218e+02, -6.533750000000000391e-01
9.767179999999999609e+02, -1.779519999999999991e+00
9.767350000000000136e+02, -1.809539999999999926e+00
9.767509999999999764e+02, -8.612999999999999545e-01
9.767680000000000291e+02, 5.614350000000000174e-01
9.767849999999999682e+02, -2.085160000000000069e-01
9.768010000000000446e+02, -3.684350000000000125e-01
9.768179999999999836e+02, -7.076510000000000300e-01
9.768350000000000364e+02, -8.329410000000000425e-01
9.768509999999999991e+02, -1.331790000000000029e+00
9.768680000000000518e+02, -2.875759999999999983e-01
9.768849999999999909e+02, 3.646699999999999942e-01
9.769009999999999536e+02, 4.082790000000000030e-02
9.769180000000000064e+02, 1.654079999999999995e+00
9.769349999999999454e+02, -9.039949999999999930e-01
9.769510000000000218e+02, 1.056729999999999947e+00
9.769679999999999609e+02, 1.105779999999999985e+00
9.769850000000000136e+02, 1.585590000000000055e-01
9.770009999999999764e+02, 3.627239999999999909e-01
9.770180000000000291e+02, -1.643449999999999911e-01
9.770349999999999682e+02, -1.565340000000000065e-01
9.770510000000000446e+02, -7.797279999999999767e-01
9.770679999999999836e+02, 3.376109999999999944e-01
9.770850000000000364e+02, -4.305149999999999776e-03
9.771009999999999991e+02, 1.086230000000000029e+00
9.771180000000000518e+02, 2.552789999999999782e-01
9.771349999999999909e+02, 4.215209999999999790e-01
9.771509999999999536e+02, 4.590790000000000148e-01
9.771680000000000064e+02, -1.029279999999999973e+00
9.771849999999999454e+02, -4.597859999999999725e-01
9.772010000000000218e+02, -2.972159999999999802e-01
9.772179999999999609e+02, -6.090539999999999843e-02
9.772350000000000136e+02, -1.012729999999999908e+00
9.772509999999999764e+02, -4.966809999999999836e-01
9.772680000000000291e+02, -9.244160000000000155e-01
9.772849999999999682e+02, 2.260909999999999864e-01
9.773010000000000446e+02, 2.779130000000000211e-01
9.773179999999999836e+02, -4.049049999999999871e-02
9.773350000000000364e+02, 2.557229999999999781e-01
9.773509999999999991e+02, -1.990480000000000027e-01
9.773680000000000518e+02, 1.581320000000000059e+00
9.773849999999999909e+02, 6.000710000000000210e-01
9.774009999999999536e+02, 9.144409999999999483e-01
9.774180000000000064e+02, -1.953070000000000084e-01
9.774349999999999454e+02, -2.146560000000000135e-01
9.774510000000000218e+02, -3.015109999999999735e-01
9.774679999999999609e+02, 4.753859999999999753e-01
9.774850000000000136e+02, -6.718319999999999848e-01
9.775009999999999764e+02, 1.638650000000000106e-01
9.775180000000000291e+02, 1.816119999999999957e-01
9.775349999999999682e+02, 8.021840000000000082e-01
9.775510000000000446e+02, 1.377320000000000100e+00
9.775679999999999836e+02, 5.761389999999999567e-01
9.775850000000000364e+02, -4.745719999999999938e-01
9.776009999999999991e+02, 2.429189999999999960e-01
9.776180000000000518e+02, 1.005390000000000006e+00
9.776349999999999909e+02, 6.943720000000000447e-02
9.776509999999999536e+02, -1.051370000000000082e-02
9.776680000000000064e+02, 6.867649999999999588e-01
9.776849999999999454e+02, 2.410710000000000075e-01
9.777010000000000218e+02, -1.069050000000000056e+00
9.777179999999999609e+02, 3.508100000000000107e-02
9.777350000000000136e+02, -2.983819999999999806e-01
9.777509999999999764e+02, -3.231530000000000236e-01
9.777680000000000291e+02, -1.114989999999999926e+00
9.777849999999999682e+02, -6.559260000000000090e-02
9.778010000000000446e+02, 3.195899999999999852e-01
9.778179999999999836e+02, 1.959489999999999954e+00
9.778350000000000364e+02, 4.628599999999999937e-01
9.778509999999999991e+02, 1.101960000000000051e+00
9.778680000000000518e+02, -8.737989999999999924e-01
9.778849999999999909e+02, 1.538380000000000081e+00
9.779009999999999536e+02, -1.910809999999999897e+00
9.779180000000000064e+02, -6.935620000000000118e-01
9.779349999999999454e+02, -1.355979999999999963e-01
9.779510000000000218e+02, 7.726410000000000222e-01
9.779679999999999609e+02, -7.920500000000000457e-03
9.779850000000000136e+02, 1.500119999999999898e+00
9.780009999999999764e+02, -1.218080000000000052e+00
9.780180000000000291e+02, -5.350700000000000456e-01
9.780349999999999682e+02, -1.510499999999999954e+00
9.780510000000000446e+02, 2.962029999999999941e-01
9.780679999999999836e+02, 5.952439999999999953e-01
9.780850000000000364e+02, -6.664609999999999979e-02
9.781009999999999991e+02, 4.161239999999999939e-01
9.781180000000000518e+02, -6.864149999999999974e-01
9.781349999999999909e+02, -1.015900000000000025e+00
9.781509999999999536e+02, 2.580330000000000124e-01
9.781680000000000064e+02, -1.068790000000000018e-01
9.781849999999999454e+02, -5.256319999999999881e-01
9.782010000000000218e+02, -3.962220000000000186e-01
9.782179999999999609e+02, -1.754000000000000004e-02
9.782350000000000136e+02, -6.380949999999999678e-01
9.782509999999999764e+02, 1.204890000000000017e+00
9.782680000000000291e+02, -4.583249999999999824e-01
9.782849999999999682e+02, 2.332639999999999991e-01
9.783010000000000446e+02, 6.960910000000000274e-04
9.783179999999999836e+02, 5.026760000000000117e-01
9.783350000000000364e+02, 2.817879999999999829e-01
9.783509999999999991e+02, 8.484369999999999967e-01
9.783680000000000518e+02, 2.005720000000000169e+00
9.783849999999999909e+02, 6.447760000000000158e-01
9.784009999999999536e+02, 2.967199999999999838e-01
9.784180000000000064e+02, 9.708459999999999868e-01
9.784349999999999454e+02, -3.958099999999999952e-01
9.784510000000000218e+02, -9.776289999999999702e-01
9.784679999999999609e+02, -3.653259999999999841e-01
9.784850000000000136e+02, -3.403390000000000026e-01
9.785009999999999764e+02, 6.237539999999999751e-02
9.785180000000000291e+02, 6.445119999999999738e-01
9.785349999999999682e+02, 6.185519999999999907e-01
9.785510000000000446e+02, 4.572199999999999875e-02
9.785679999999999836e+02, 1.459900000000000087e-01
9.785850000000000364e+02, 9.174860000000000237e-01
9.786009999999999991e+02, 3.051650000000000196e-01
9.786180000000000518e+02, 1.142009999999999970e+00
9.786349999999999909e+02, 7.596330000000000027e-01
9.786509999999999536e+02, 6.953920000000000101e-01
9.786680000000000064e+02, -6.812000000000000277e-01
9.786849999999999454e+02, -4.271179999999999977e-01
9.787010000000000218e+02, -2.963129999999999931e-01
9.787179999999999609e+02, 5.435550000000000104e-01
9.787350000000000136e+02, -8.291199999999999681e-01
9.787509999999999764e+02, -4.771210000000000173e-01
9.787680000000000291e+02, 3.592170000000000085e-01
9.787849999999999682e+02, 1.218529999999999891e+00
9.788010000000000446e+02, 6.447580000000000533e-01
9.788179999999999836e+02, 1.025179999999999980e+00
9.788350000000000364e+02, 8.502250000000000085e-01
9.788509999999999991e+02, -5.815169999999999506e-01
9.788680000000000518e+02, -1.100139999999999896e+00
9.788849999999999909e+02, -2.132060000000000066e-01
9.789009999999999536e+02, 1.462480000000000002e+00
9.789180000000000064e+02, 7.288890000000000091e-01
9.789349999999999454e+02, -1.022329999999999961e+00
9.789510000000000218e+02, -1.878919999999999924e+00
9.789679999999999609e+02, 1.169829999999999925e+00
9.789850000000000136e+02, 4.525179999999999758e-01
9.790009999999999764e+02, 2.200100000000000111e-01
9.790180000000000291e+02, 4.070179999999999909e-01
9.790349999999999682e+02, 1.092940000000000023e+00
9.790510000000000446e+02, -1.000049999999999967e-01
9.790679999999999836e+02, -6.709140000000000104e-01
9.790850000000000364e+02, 1.442019999999999968e-01
9.791009999999999991e+02, 9.991539999999999866e-01
9.791180000000000518e+02, 1.492370000000000085e-01
9.791349999999999909e+02, 2.579119999999999746e-01
9.791509999999999536e+02, 2.023929999999999896e-01
9.791680000000000064e+02, -3.667429999999999857e-01
9.791849999999999454e+02, 2.280420000000000016e-02
9.792010000000000218e+02, 1.194660000000000027e-01
9.792179999999999609e+02, -4.060659999999999825e-01
9.792350000000000136e+02, -1.823829999999999896e-01
9.792509999999999764e+02, -4.517749999999999821e-01
9.792680000000000291e+02, 7.427489999999999926e-01
9.792849999999999682e+02, -2.131899999999999906e-01
9.793010000000000446e+02, -4.314049999999999829e-01
9.793179999999999836e+02, 4.501350000000000073e-01
9.793350000000000364e+02, -3.790089999999999848e-01
9.793509999999999991e+02, -5.327760000000000135e-02
9.793680000000000518e+02, 1.303920000000000079e-01
9.793849999999999909e+02, -4.581760000000000277e-01
9.794009999999999536e+02, 6.742660000000000320e-02
9.794180000000000064e+02, -1.909909999999999941e-01
9.794349999999999454e+02, 3.355509999999999882e-01
9.794510000000000218e+02, 4.952440000000000175e-01
9.794679999999999609e+02, 3.417109999999999870e-01
9.794850000000000136e+02, -1.119699999999999918e+00
9.795009999999999764e+02, 1.317830000000000057e+00
9.795180000000000291e+02, -1.179059999999999997e+00
9.795349999999999682e+02, -9.712429999999999675e-01
9.795510000000000446e+02, -1.154239999999999933e+00
9.795679999999999836e+02, -1.250729999999999897e+00
9.795850000000000364e+02, 4.803910000000000124e-01
9.796009999999999991e+02, 4.345100000000000073e-01
9.796180000000000518e+02, 9.107690000000000508e-01
9.796349999999999909e+02, 2.455700000000000216e+00
9.796509999999999536e+02, -8.557479999999999531e-01
9.796680000000000064e+02, -5.279810000000000336e-01
9.796849999999999454e+02, -4.426220000000000154e-01
9.797010000000000218e+02, -7.575939999999999896e-01
9.797179999999999609e+02, 4.226779999999999982e-01
9.797350000000000136e+02, 5.333350000000000035e-01
9.797509999999999764e+02, 1.351930000000000076e+00
9.797680000000000291e+02, -4.461049999999999738e-01
9.797849999999999682e+02, -1.314690000000000025e-01
9.798010000000000446e+02, 4.034119999999999928e-01
9.798179999999999836e+02, 1.715780000000000083e+00
9.798350000000000364e+02, 1.220190000000000108e+00
9.798509999999999991e+02, 1.660430000000000073e+00
9.798680000000000518e+02, 7.909689999999999777e-02
9.798849999999999909e+02, -6.881650000000000267e-01
9.799009999999999536e+02, -8.606249999999999734e-01
9.799180000000000064e+02, -3.657320000000000015e-01
9.799349999999999454e+02, 1.325169999999999959e+00
9.799510000000000218e+02, 6.985170000000000545e-01
9.799679999999999609e+02, -1.329649999999999999e+00
9.799850000000000136e+02, 4.770769999999999733e-01
9.800009999999999764e+02, -1.707730000000000081e-01
9.800180000000000291e+02, 7.115650000000000031e-01
9.800349999999999682e+02, 8.300039999999999640e-01
9.800510000000000446e+02, 2.277559999999999862e-01
9.800679999999999836e+02, -1.550510000000000083e-02
9.800850000000000364e+02, -5.813879999999999743e-02
9.801009999999999991e+02, -9.205299999999999594e-01
9.801180000000000518e+02, -6.623559999999999448e-01
9.801349999999999909e+02, -4.564739999999999909e-01
9.801509999999999536e+02, 1.226679999999999993e-01
9.801680000000000064e+02, -7.823870000000000546e-01
9.801849999999999454e+02, 5.980630000000000113e-01
9.802010000000000218e+02, 3.532049999999999912e-01
9.802179999999999609e+02, 1.455049999999999955e+00
9.802350000000000136e+02, 4.238680000000000225e-01
9.802509999999999764e+02, -6.513529999999999598e-01
9.802680000000000291e+02, 9.548980000000000246e-01
9.802849999999999682e+02, 1.184830000000000050e+00
9.803010000000000446e+02, 1.471030000000000060e+00
9.803179999999999836e+02, 1.421529999999999960e+00
9.803350000000000364e+02, 4.259580000000000310e-02
9.803509999999999991e+02, -5.287800000000000139e-02
9.803680000000000518e+02, -8.878840000000000066e-01
9.803849999999999909e+02, 4.699769999999999781e-01
9.804009999999999536e+02, 1.218260000000000037e-01
9.804180000000000064e+02, 5.365539999999999754e-01
9.804349999999999454e+02, 5.353660000000000085e-01
9.804510000000000218e+02, 2.162479999999999958e-01
9.804679999999999609e+02, -5.156480000000000091e-02
9.804850000000000136e+02, 7.046010000000000328e-01
9.805009999999999764e+02, 8.214900000000000535e-01
9.805180000000000291e+02, -9.573180000000000578e-02
9.805349999999999682e+02, 1.550310000000000021e-01
9.805510000000000446e+02, 2.413650000000000073e+00
9.805679999999999836e+02, 6.115580000000000460e-01
9.805850000000000364e+02, -2.582430000000000003e-01
9.806009999999999991e+02, 2.909329999999999972e-01
9.806180000000000518e+02, -1.012760000000000105e+00
9.806349999999999909e+02, 1.324170000000000069e+00
9.806509999999999536e+02, 4.761420000000000097e-01
9.806680000000000064e+02, 6.752510000000000456e-01
9.806849999999999454e+02, -2.187060000000000115e-01
9.807010000000000218e+02, -5.008620000000000294e-01
9.807179999999999609e+02, 6.631459999999999612e-03
9.807350000000000136e+02, 9.139749999999999819e-01
9.807509999999999764e+02, -9.832729999999999526e-01
9.807680000000000291e+02, 2.257299999999999862e+00
9.807849999999999682e+02, 3.899650000000000061e-01
9.808010000000000446e+02, -8.340629999999999988e-01
9.808179999999999836e+02, -4.602350000000000052e-01
9.808350000000000364e+02, -6.869439999999999991e-01
9.808509999999999991e+02, 8.203270000000000284e-01
9.808680000000000518e+02, 2.447419999999999873e-01
9.808849999999999909e+02, -1.122020000000000017e+00
9.809009999999999536e+02, 6.901210000000000677e-02
9.809180000000000064e+02, 3.650680000000000036e-01
9.809349999999999454e+02, 1.259319999999999995e+00
9.809510000000000218e+02, 8.331610000000000404e-01
9.809679999999999609e+02, -9.321589999999999598e-01
9.809850000000000136e+02, 1.372389999999999999e+00
9.810009999999999764e+02, 8.985469999999999846e-01
9.810180000000000291e+02, -1.003249999999999975e+00
9.810349999999999682e+02, 1.236619999999999941e-01
9.810510000000000446e+02, -9.579010000000000025e-01
9.810679999999999836e+02, 1.521750000000000047e-01
9.810850000000000364e+02, -5.662390000000000478e-01
9.811009999999999991e+02, 4.568820000000000103e-01
9.811180000000000518e+02, -7.829530000000000101e-01
9.811349999999999909e+02, 2.214949999999999974e-01
9.811509999999999536e+02, 1.364549999999999930e+00
9.811680000000000064e+02, 1.278960000000000097e+00
9.811849999999999454e+02, -3.317069999999999741e-01
9.812010000000000218e+02, 3.661949999999999927e-01
9.812179999999999609e+02, -9.274189999999999934e-01
9.812350000000000136e+02, 1.095900000000000096e+00
9.812509999999999764e+02, 4.718289999999999984e-01
9.812680000000000291e+02, -8.406500000000000083e-01
9.812849999999999682e+02, -1.109159999999999924e+00
9.813010000000000446e+02, -5.756200000000000205e-01
9.813179999999999836e+02, -1.436379999999999990e+00
9.813350000000000364e+02, 1.543109999999999968e-02
9.813509999999999991e+02, 3.700720000000000121e-01
9.813680000000000518e+02, 6.300510000000000277e-01
9.813849999999999909e+02, 4.645849999999999980e-02
9.814009999999999536e+02, -3.358189999999999786e-01
9.814180000000000064e+02, -1.011789999999999967e+00
9.814349999999999454e+02, -7.857739999999999725e-01
9.814510000000000218e+02, -2.938700000000000201e-01
9.814679999999999609e+02, 1.041860000000000008e+00
9.814850000000000136e+02, 3.024530000000000274e-01
9.815009999999999764e+02, 1.051979999999999915e+00
9.815180000000000291e+02, -3.385600000000000276e-01
9.815349999999999682e+02, -2.094350000000000100e-01
9.815510000000000446e+02, -1.335309999999999997e+00
9.815679999999999836e+02, -3.494979999999999754e-01
9.815850000000000364e+02, 7.374909999999999799e-02
9.816009999999999991e+02, -1.054279999999999939e-01
9.816180000000000518e+02, -7.609150000000000635e-02
9.816349999999999909e+02, 9.552479999999999860e-01
9.816509999999999536e+02, -1.219999999999999973e+00
9.816680000000000064e+02, 3.654339999999999811e-01
9.816849999999999454e+02, 7.422929999999999806e-01
9.817010000000000218e+02, -6.587629999999999875e-01
9.817179999999999609e+02, -8.376970000000000249e-01
9.817350000000000136e+02, 3.695860000000000256e-01
9.817509999999999764e+02, -3.055530000000000190e-01
9.817680000000000291e+02, 7.328550000000000342e-01
9.817849999999999682e+02, -4.481140000000000123e-01
9.818010000000000446e+02, -5.179730000000000167e-01
9.818179999999999836e+02, -1.385999999999999899e+00
9.818350000000000364e+02, -1.045490000000000030e+00
9.818509999999999991e+02, 3.664319999999999800e-01
9.818680000000000518e+02, 3.334260000000000002e-01
9.818849999999999909e+02, -1.667960000000000109e+00
9.819009999999999536e+02, -4.925510000000000166e-01
9.819180000000000064e+02, 3.951939999999999897e-01
9.819349999999999454e+02, -6.971669999999999812e-01
9.819510000000000218e+02, -1.604939999999999978e-01
9.819679999999999609e+02, 9.355290000000000550e-01
9.819850000000000136e+02, -4.416849999999999943e-01
9.820009999999999764e+02, -4.387389999999999901e-01
9.820180000000000291e+02, 2.194679999999999895e-02
9.820349999999999682e+02, -2.762879999999999781e-01
9.820510000000000446e+02, -3.587529999999999886e-01
9.820679999999999836e+02, 1.577110000000000012e+00
9.820850000000000364e+02, 1.138580000000000009e-01
9.821009999999999991e+02, -7.988800000000000345e-01
9.821180000000000518e+02, -4.237920000000000020e-01
9.821349999999999909e+02, -9.087579999999999547e-01
9.821509999999999536e+02, -1.878970000000000029e+00
9.821680000000000064e+02, 3.821390000000000065e-01
9.821849999999999454e+02, 7.633020000000000360e-01
9.822010000000000218e+02, 6.060060000000000446e-01
9.822179999999999609e+02, -6.435600000000000209e-01
9.822350000000000136e+02, -3.994130000000000180e-01
9.822509999999999764e+02, -9.808499999999999996e-01
9.822680000000000291e+02, 9.925479999999999858e-01
9.822849999999999682e+02, 8.745840000000000281e-01
9.823010000000000446e+02, -8.835929999999999618e-01
9.823179999999999836e+02, -1.498520000000000130e-01
9.823350000000000364e+02, 3.260270000000000112e-01
9.823509999999999991e+02, 7.006229999999999958e-01
9.823680000000000518e+02, -8.250619999999999621e-01
9.823849999999999909e+02, -2.376089999999999869e-01
9.824009999999999536e+02, -4.331940000000000235e-01
9.824180000000000064e+02, -1.727259999999999907e-01
9.824349999999999454e+02, 1.312550000000000106e+00
9.824510000000000218e+02, -2.710919999999999996e-01
9.824679999999999609e+02, 2.247419999999999973e-01
9.824850000000000136e+02, -4.371140000000000025e-01
9.825009999999999764e+02, -4.631759999999999766e-01
9.825180000000000291e+02, -9.380990000000000162e-01
9.825349999999999682e+02, -2.876360000000000028e-01
9.825510000000000446e+02, 6.466509999999999758e-01
9.825679999999999836e+02, 7.526249999999999885e-01
9.825850000000000364e+02, 2.590270000000000072e-01
9.826009999999999991e+02, -1.760429999999999981e-02
9.826180000000000518e+02, 6.051400000000000112e-01
9.826349999999999909e+02, 1.522650000000000114e-01
9.826509999999999536e+02, 3.913539999999999797e-01
9.826680000000000064e+02, -2.002510000000000123e-01
9.826849999999999454e+02, 1.091359999999999969e-01
9.827010000000000218e+02, 1.727649999999999908e+00
9.827179999999999609e+02, 1.234450000000000047e+00
9.827350000000000136e+02, 6.732960000000000056e-01
9.827509999999999764e+02, -5.504499999999999948e-01
9.827680000000000291e+02, -9.628740000000000077e-01
9.827849999999999682e+02, 4.935219999999999711e-03
9.828010000000000446e+02, -3.981350000000000167e-01
9.828179999999999836e+02, -1.356009999999999938e+00
9.828350000000000364e+02, 1.028359999999999941e+00
9.828509999999999991e+02, 7.997670000000000057e-01
9.828680000000000518e+02, 7.837960000000000482e-01
9.828849999999999909e+02, -1.024189999999999934e+00
9.829009999999999536e+02, -5.311759999999999815e-01
9.829180000000000064e+02, -4.374520000000000075e-01
9.829349999999999454e+02, 1.475529999999999897e-01
9.829510000000000218e+02, -8.658500000000000085e-01
9.829679999999999609e+02, -9.618499999999999828e-01
9.829850000000000136e+02, 3.709180000000000255e-01
9.830009999999999764e+02, 3.332820000000000227e-01
9.830180000000000291e+02, 6.164500000000000535e-01
9.830349999999999682e+02, 8.996410000000000240e-01
9.830510000000000446e+02, 3.293260000000000076e-01
9.830679999999999836e+02, -9.643179999999999460e-03
9.830850000000000364e+02, 1.886660000000000004e+00
9.831009999999999991e+02, 2.845759999999999956e-01
9.831180000000000518e+02, -1.750140000000000029e-01
9.831349999999999909e+02, -7.351950000000000429e-01
9.831509999999999536e+02, -7.575430000000000184e-03
9.831680000000000064e+02, -7.069959999999999578e-01
9.831849999999999454e+02, 4.647149999999999892e-01
9.832010000000000218e+02, -6.784419999999999895e-01
9.832179999999999609e+02, 1.135680000000000023e+00
9.832350000000000136e+02, -2.337309999999999943e-01
9.832509999999999764e+02, 1.127009999999999956e-01
9.832680000000000291e+02, -7.158409999999999496e-01
9.832849999999999682e+02, -7.515450000000000186e-01
9.833010000000000446e+02, -1.579700000000000104e+00
9.833179999999999836e+02, -8.379450000000000509e-01
9.833350000000000364e+02, 2.889470000000000094e-01
9.833509999999999991e+02, 7.548409999999999842e-01
9.833680000000000518e+02, 8.675610000000000266e-01
9.833849999999999909e+02, -4.571740000000000248e-01
9.834009999999999536e+02, 4.543630000000000169e-01
9.834180000000000064e+02, 3.322249999999999925e-01
9.834349999999999454e+02, 1.332559999999999967e+00
9.834510000000000218e+02, 8.040209999999999857e-01
9.834679999999999609e+02, -6.705280000000000129e-01
9.834850000000000136e+02, 3.021499999999999742e-01
9.835009999999999764e+02, 4.576190000000000119e-02
9.835180000000000291e+02, 5.186349999999999572e-01
9.835349999999999682e+02, 1.183459999999999956e+00
9.835510000000000446e+02, 7.144190000000000262e-01
9.835679999999999836e+02, -5.565909999999999469e-01
9.835850000000000364e+02, -3.335839999999999916e-01
9.836009999999999991e+02, -8.680149999999999810e-01
9.836180000000000518e+02, -5.511449999999999960e-01
9.836349999999999909e+02, -2.988169999999999993e-01
9.836509999999999536e+02, 6.561310000000000198e-01
9.836680000000000064e+02, 2.008370000000000211e+00
9.836849999999999454e+02, -4.306929999999999925e-01
9.837010000000000218e+02, -8.058330000000000215e-01
9.837179999999999609e+02, -2.548989999999999867e+00
9.837350000000000136e+02, 6.510010000000000518e-01
9.837509999999999764e+02, 9.553279999999999550e-01
9.837680000000000291e+02, 5.153419999999999668e-01
9.837849999999999682e+02, -8.301460000000000505e-01
9.838010000000000446e+02, -4.031159999999999743e-01
9.838179999999999836e+02, -1.318230000000000013e+00
9.838350000000000364e+02, 4.671179999999999777e-01
9.838509999999999991e+02, 7.087470000000000159e-01
9.838680000000000518e+02, 8.652410000000000379e-01
9.838849999999999909e+02, -7.430509999999999893e-02
9.839009999999999536e+02, 9.467919999999999670e-01
9.839180000000000064e+02, -7.438749999999999529e-02
9.839349999999999454e+02, -1.489530000000000021e-01
9.839510000000000218e+02, -4.511040000000000050e-01
9.839679999999999609e+02, -1.737019999999999953e-01
9.839850000000000136e+02, -6.669770000000000421e-01
9.840009999999999764e+02, 1.406789999999999985e+00
9.840180000000000291e+02, 9.531410000000000160e-01
9.840349999999999682e+02, 3.076860000000000150e-01
9.840510000000000446e+02, -9.010079999999999478e-02
9.840679999999999836e+02, -1.190819999999999990e+00
9.840850000000000364e+02, -1.081900000000000084e+00
9.841009999999999991e+02, 1.048650000000000082e+00
9.841180000000000518e+02, 6.607659999999999645e-01
9.841349999999999909e+02, 1.161979999999999957e-01
9.841509999999999536e+02, -1.225179999999999936e+00
9.841680000000000064e+02, 3.663870000000000321e-02
9.841849999999999454e+02, 3.780519999999999992e-01
9.842010000000000218e+02, 1.618900000000000006e+00
9.842179999999999609e+02, 7.976689999999999614e-01
9.842350000000000136e+02, 8.285320000000000462e-01
9.842509999999999764e+02, -1.485849999999999949e-01
9.842680000000000291e+02, -6.554039999999999866e-02
9.842849999999999682e+02, -6.318869999999999765e-01
9.843010000000000446e+02, 1.036699999999999955e+00
9.843179999999999836e+02, -3.825399999999999912e-01
9.843350000000000364e+02, 1.637399999999999967e-01
9.843509999999999991e+02, -7.555659999999999599e-01
9.843680000000000518e+02, 9.159009999999999652e-01
9.843849999999999909e+02, 7.136230000000000073e-01
9.844009999999999536e+02, 1.577739999999999920e+00
9.844180000000000064e+02, 3.652250000000000218e-01
9.844349999999999454e+02, 9.533479999999999732e-02
9.844510000000000218e+02, -3.317189999999999861e-01
9.844679999999999609e+02, -1.152420000000000000e+00
9.844850000000000136e+02, -7.084529999999999994e-01
9.845009999999999764e+02, 5.524170000000000469e-01
9.845180000000000291e+02, 6.633670000000000400e-01
9.845349999999999682e+02, 2.598969999999999818e-04
9.845510000000000446e+02, 6.600120000000000431e-01
9.845679999999999836e+02, 4.499399999999999927e-02
9.845850000000000364e+02, -1.198909999999999920e+00
9.846009999999999991e+02, -7.951589999999999492e-01
9.846180000000000518e+02, 1.130850000000000050e-01
9.846349999999999909e+02, -4.013470000000000093e-01
9.846509999999999536e+02, -8.472709999999999964e-01
9.846680000000000064e+02, 3.660720000000000085e-01
9.846849999999999454e+02, 1.177559999999999940e+00
9.847010000000000218e+02, 5.292949999999999600e-01
9.847179999999999609e+02, -4.163490000000000246e-01
9.847350000000000136e+02, -1.311940000000000051e-01
9.847509999999999764e+02, 6.588810000000000500e-01
9.847680000000000291e+02, -1.982849999999999890e-01
9.847849999999999682e+02, -3.263389999999999902e-01
9.848010000000000446e+02, 1.572920000000000096e+00
9.848179999999999836e+02, -5.711770000000000458e-01
9.848350000000000364e+02, 8.854180000000000383e-01
9.848509999999999991e+02, 4.267779999999999907e-01
9.848680000000000518e+02, -6.332940000000000236e-01
9.848849999999999909e+02, 1.117850000000000010e+00
9.849009999999999536e+02, -1.305690000000000017e+00
9.849180000000000064e+02, -6.870340000000000336e-01
9.849349999999999454e+02, -3.276609999999999800e-01
9.849510000000000218e+02, -8.909599999999999742e-01
9.849679999999999609e+02, -6.591150000000000064e-01
9.849850000000000136e+02, 1.203279999999999905e+00
9.850009999999999764e+02, -1.265060000000000073e+00
9.850180000000000291e+02, 2.983480000000000021e-01
9.850349999999999682e+02, 8.376190000000000024e-01
9.850510000000000446e+02, 2.182109999999999883e-01
9.850679999999999836e+02, 8.223679999999999879e-01
9.850850000000000364e+02, 8.907700000000000340e-02
9.851009999999999991e+02, 2.490960000000000119e-01
9.851180000000000518e+02, -1.668949999999999878e-01
9.851349999999999909e+02, 4.589500000000000246e-01
9.851509999999999536e+02, -4.152930000000000232e-01
9.851680000000000064e+02, 3.043109999999999982e-01
9.851849999999999454e+02, -2.706640000000000157e-01
9.852010000000000218e+02, 1.097709999999999964e+00
9.852179999999999609e+02, 3.336649999999999894e-01
9.852350000000000136e+02, 1.092570000000000041e+00
9.852509999999999764e+02, -7.117219999999999658e-01
9.852680000000000291e+02, -5.229219999999999979e-01
9.852849999999999682e+02, -4.711139999999999772e-01
9.853010000000000446e+02, -3.580280000000000129e-01
9.853179999999999836e+02, 4.686839999999999895e-01
9.853350000000000364e+02, -9.979949999999999655e-01
9.853509999999999991e+02, 7.621599999999999486e-01
9.853680000000000518e+02, -4.732120000000000215e-01
9.853849999999999909e+02, -6.775010000000000199e-01
9.854009999999999536e+02, -2.166410000000000002e-01
9.854180000000000064e+02, 5.835099999999999731e-01
9.854349999999999454e+02, -5.940569999999999462e-01
9.854510000000000218e+02, 3.324520000000000253e-01
9.854679999999999609e+02, -2.013270000000000060e-01
9.854850000000000136e+02, 5.868160000000000043e-01
9.855009999999999764e+02, -1.030439999999999967e-01
9.855180000000000291e+02, -4.356400000000000272e-01
9.855349999999999682e+02, -1.850710000000000133e-01
9.855510000000000446e+02, 5.190730000000000344e-02
9.855679999999999836e+02, 2.111939999999999928e-01
9.855850000000000364e+02, 2.188019999999999965e-01
9.856009999999999991e+02, 1.953509999999999969e-02
9.856180000000000518e+02, -9.443139999999999867e-02
9.856349999999999909e+02, -6.300769999999999982e-01
9.856509999999999536e+02, 1.789169999999999927e-01
9.856680000000000064e+02, 1.022860000000000102e+00
9.856849999999999454e+02, 8.055689999999999795e-01
9.857010000000000218e+02, -1.569439999999999946e+00
9.857179999999999609e+02, -4.867779999999999885e-01
9.857350000000000136e+02, -9.407010000000000094e-01
9.857509999999999764e+02, 8.161399999999999766e-01
9.857680000000000291e+02, 2.341429999999999900e-01
9.857849999999999682e+02, 7.845360000000000111e-01
9.858010000000000446e+02, 9.498780000000000001e-01
9.858179999999999836e+02, -3.346609999999999863e-01
9.858350000000000364e+02, -1.130670000000000064e+00
9.858509999999999991e+02, 3.285450000000000176e-02
9.858680000000000518e+02, 8.133789999999999631e-01
9.858849999999999909e+02, 1.046910000000000007e+00
9.859009999999999536e+02, 4.400700000000000167e-01
9.859180000000000064e+02, 4.464739999999999820e-01
9.859349999999999454e+02, -1.209689999999999932e-01
9.859510000000000218e+02, -1.627280000000000115e-01
9.859679999999999609e+02, -1.115539999999999976e+00
9.859850000000000136e+02, 2.700040000000000218e-01
9.860009999999999764e+02, 9.607529999999999681e-01
9.860180000000000291e+02, 1.074489999999999945e+00
9.860349999999999682e+02, 1.174679999999999946e+00
9.860510000000000446e+02, -1.888680000000000081e-01
9.860679999999999836e+02, -1.667319999999999913e+00
9.860850000000000364e+02, -6.240679999999999561e-01
9.861009999999999991e+02, 5.095079999999999609e-01
9.861180000000000518e+02, 1.528380000000000072e+00
9.861349999999999909e+02, 4.645799999999999930e-01
9.861509999999999536e+02, 4.589509999999999978e-01
9.861680000000000064e+02, 4.171619999999999773e-01
9.861849999999999454e+02, 9.297250000000000236e-01
9.862010000000000218e+02, 6.764559999999999462e-01
9.862179999999999609e+02, 8.680400000000000338e-01
9.862350000000000136e+02, -1.360919999999999908e+00
9.862509999999999764e+02, -9.649029999999999552e-01
9.862680000000000291e+02, -8.203119999999999856e-02
9.862849999999999682e+02, -1.954940000000000011e-01
9.863010000000000446e+02, 8.412190000000000500e-01
9.863179999999999836e+02, 3.477060000000000151e-01
9.863350000000000364e+02, 3.896049999999999791e-01
9.863509999999999991e+02, 1.800660000000000038e-01
9.863680000000000518e+02, 1.154819999999999978e-02
9.863849999999999909e+02, 1.382049999999999945e-01
9.864009999999999536e+02, -1.998429999999999929e-01
9.864180000000000064e+02, -9.958289999999999642e-01
9.864349999999999454e+02, 1.703880000000000117e-01
9.864510000000000218e+02, -1.748889999999999889e-01
9.864679999999999609e+02, -7.001859999999999751e-01
9.864850000000000136e+02, -1.203359999999999985e+00
9.865009999999999764e+02, -1.550130000000000084e-02
9.865180000000000291e+02, -2.311910000000000076e-01
9.865349999999999682e+02, 2.457380000000000120e-01
9.865510000000000446e+02, 5.544099999999999584e-01
9.865679999999999836e+02, 6.365570000000000395e-01
9.865850000000000364e+02, -5.016399999999999748e-01
9.866009999999999991e+02, 4.012620000000000076e-01
9.866180000000000518e+02, -1.067080000000000028e+00
9.866349999999999909e+02, -4.438610000000000055e-01
9.866509999999999536e+02, -2.600089999999999901e-01
9.866680000000000064e+02, -2.568019999999999747e-01
9.866849999999999454e+02, 3.198389999999999844e-01
9.867010000000000218e+02, 3.853639999999999843e-01
9.867179999999999609e+02, 5.404550000000000187e-01
9.867350000000000136e+02, 7.351490000000000524e-01
9.867509999999999764e+02, 4.025969999999999827e-01
9.867680000000000291e+02, 7.909650000000000292e-01
9.867849999999999682e+02, -4.135769999999999724e-01
9.868010000000000446e+02, 4.096159999999999801e-01
9.868179999999999836e+02, -5.271339999999999915e-01
9.868350000000000364e+02, 1.806989999999999985e-01
9.868509999999999991e+02, 5.796860000000000346e-01
9.868680000000000518e+02, 6.207829999999999737e-01
9.868849999999999909e+02, -2.726259999999999795e-01
9.869009999999999536e+02, 4.886829999999999785e-01
9.869180000000000064e+02, 3.266310000000000047e-01
9.869349999999999454e+02, 2.067009999999999958e-01
9.869510000000000218e+02, 1.257319999999999993e+00
9.869679999999999609e+02, -7.138320000000000221e-01
9.869850000000000136e+02, -9.573509999999999520e-01
9.870009999999999764e+02, -5.656459999999999821e-01
9.870180000000000291e+02, 6.822000000000000286e-01
9.870349999999999682e+02, -7.634539999999999660e-01
9.870510000000000446e+02, -3.534740000000000104e-01
9.870679999999999836e+02, 4.877900000000000014e-01
9.870850000000000364e+02, -1.191459999999999964e+00
9.871009999999999991e+02, 4.582889999999999880e-02
9.871180000000000518e+02, -4.588330000000000186e-02
9.871349999999999909e+02, -9.523929999999999896e-02
9.871509999999999536e+02, 5.520810000000000300e-02
9.871680000000000064e+02, -1.415349999999999941e-01
9.871849999999999454e+02, 5.758919999999999595e-01
9.872010000000000218e+02, -1.469330000000000028e-03
9.872179999999999609e+02, 9.351580000000000448e-01
9.872350000000000136e+02, 3.635340000000000238e-01
9.872509999999999764e+02, 3.333459999999999757e-01
9.872680000000000291e+02, 7.396939999999999626e-01
9.872849999999999682e+02, 1.746139999999999914e-01
9.873010000000000446e+02, -5.080310000000000104e-01
9.873179999999999836e+02, -1.100379999999999969e-01
9.873350000000000364e+02, 1.249910000000000049e-01
9.873509999999999991e+02, -5.547490000000000476e-01
9.873680000000000518e+02, 8.712899999999999812e-02
9.873849999999999909e+02, 1.327860000000000040e+00
9.874009999999999536e+02, 1.145199999999999996e+00
9.874180000000000064e+02, -8.649060000000000081e-02
9.874349999999999454e+02, 1.040869999999999962e+00
9.874510000000000218e+02, -1.395939999999999959e+00
9.874679999999999609e+02, -1.445559999999999956e+00
9.874850000000000136e+02, -1.738580000000000125e-01
9.875009999999999764e+02, -2.338590000000000113e-01
9.875180000000000291e+02, 1.755589999999999984e+00
9.875349999999999682e+02, 3.712759999999999949e-01
9.875510000000000446e+02, 5.297530000000000294e-01
9.875679999999999836e+02, -3.928480000000000166e-02
9.875850000000000364e+02, -6.362649999999999695e-01
9.876009999999999991e+02, 2.599230000000000151e-01
9.876180000000000518e+02, 2.037229999999999874e-01
9.876349999999999909e+02, 2.558799999999999963e-01
9.876509999999999536e+02, -1.879860000000000086e+00
9.876680000000000064e+02, -5.336950000000000305e-01
9.876849999999999454e+02, -7.933750000000000524e-01
9.877010000000000218e+02, -3.374460000000000237e-01
9.877179999999999609e+02, -1.349359999999999893e+00
9.877350000000000136e+02, -9.834690000000000099e-02
9.877509999999999764e+02, -8.832119999999999971e-01
9.877680000000000291e+02, 5.682770000000000321e-01
9.877849999999999682e+02, -8.359710000000000196e-01
9.878010000000000446e+02, -7.847680000000000211e-01
9.878179999999999836e+02, -3.321700000000000347e-02
9.878350000000000364e+02, -6.442059999999999453e-01
9.878509999999999991e+02, 5.686780000000000168e-01
9.878680000000000518e+02, -4.023889999999999967e-01
9.878849999999999909e+02, 2.742919999999999803e-01
9.879009999999999536e+02, -1.996590000000000031e-01
9.879180000000000064e+02, 6.048550000000000315e-01
9.879349999999999454e+02, -1.404900000000000038e+00
9.879510000000000218e+02, -3.133909999999999751e-01
9.879679999999999609e+02, -1.263689999999999980e+00
9.879850000000000136e+02, -2.421470000000000011e-01
9.880009999999999764e+02, -1.041979999999999990e-01
9.880180000000000291e+02, 5.040630000000000388e-01
9.880349999999999682e+02, -1.739370000000000083e-01
9.880510000000000446e+02, 8.954729999999999634e-02
9.880679999999999836e+02, -4.010929999999999773e-01
9.880850000000000364e+02, -6.889000000000000679e-02
9.881009999999999991e+02, 5.884220000000000006e-01
9.881180000000000518e+02, -8.031589999999999563e-01
9.881349999999999909e+02, 1.096270000000000078e+00
9.881509999999999536e+02, 9.538280000000000092e-01
9.881680000000000064e+02, 9.546369999999999578e-01
9.881849999999999454e+02, 2.031880000000000130e+00
9.882010000000000218e+02, -1.019730000000000025e+00
9.882179999999999609e+02, -6.421980000000000466e-01
9.882350000000000136e+02, 1.013730000000000048e-01
9.882509999999999764e+02, -3.758179999999999854e-02
9.882680000000000291e+02, 1.006459999999999910e+00
9.882849999999999682e+02, 7.208890000000000020e-01
9.883010000000000446e+02, 2.819389999999999952e-01
9.883179999999999836e+02, 2.788349999999999995e-01
9.883350000000000364e+02, -2.749539999999999762e-01
9.883509999999999991e+02, -3.368619999999999948e-01
9.883680000000000518e+02, -3.965670000000000028e-01
9.883849999999999909e+02, -3.628109999999999669e-02
9.884009999999999536e+02, -4.052359999999999851e-01
9.884180000000000064e+02, -9.079610000000000458e-02
9.884349999999999454e+02, 2.986039999999999806e-01
9.884510000000000218e+02, 7.544199999999999795e-01
9.884679999999999609e+02, 9.850750000000000339e-01
9.884850000000000136e+02, -9.118239999999999679e-01
9.885009999999999764e+02, -8.606210000000000249e-02
9.885180000000000291e+02, 6.894169999999999465e-01
9.885349999999999682e+02, 2.551300000000000234e-01
9.885510000000000446e+02, 1.873609999999999998e+00
9.885679999999999836e+02, 6.324229999999999574e-01
9.885850000000000364e+02, 1.292030000000000012e+00
9.886009999999999991e+02, 4.080360000000000098e-01
9.886180000000000518e+02, 3.690720000000000112e-01
9.886349999999999909e+02, -5.900849999999999707e-01
9.886509999999999536e+02, -1.292219999999999924e+00
9.886680000000000064e+02, -1.197240000000000082e+00
9.886849999999999454e+02, 5.361900000000000555e-01
9.887010000000000218e+02, 1.343209999999999960e-01
9.887179999999999609e+02, -3.856850000000000001e-01
9.887350000000000136e+02, 3.380250000000000199e-01
9.887509999999999764e+02, 4.896460000000000257e-01
9.887680000000000291e+02, -2.827649999999999886e-01
9.887849999999999682e+02, -1.139109999999999984e-01
9.888010000000000446e+02, -5.672449999999999992e-01
9.888179999999999836e+02, 1.834840000000000082e-02
9.888350000000000364e+02, 8.319220000000000503e-01
9.888509999999999991e+02, 3.072980000000000156e-01
9.888680000000000518e+02, -5.736010000000000275e-01
9.888849999999999909e+02, -3.427990000000000204e-01
9.889009999999999536e+02, -7.089100000000000401e-01
9.889180000000000064e+02, 3.530829999999999802e-01
9.889349999999999454e+02, 1.197370000000000045e+00
9.889510000000000218e+02, 2.184139999999999970e-01
9.889679999999999609e+02, 4.581979999999999942e-01
9.889850000000000136e+02, -6.042969999999999731e-01
9.890009999999999764e+02, -1.116619999999999974e-01
9.890180000000000291e+02, -9.688830000000000497e-01
9.890349999999999682e+02, -8.194500000000000117e-01
9.890510000000000446e+02, -1.001549999999999940e+00
9.890679999999999836e+02, 1.177270000000000039e+00
9.890850000000000364e+02, 5.901739999999999764e-01
9.891009999999999991e+02, 8.074620000000000408e-02
9.891180000000000518e+02, 5.629769999999999497e-01
9.891349999999999909e+02, -4.569829999999999726e-01
9.891509999999999536e+02, 1.515479999999999883e-01
9.891680000000000064e+02, 1.564249999999999918e+00
9.891849999999999454e+02, -6.593579999999999997e-01
9.892010000000000218e+02, -1.825579999999999981e+00
9.892179999999999609e+02, -3.244130000000000069e-01
9.892350000000000136e+02, 5.280259999999999954e-01
9.892509999999999764e+02, 2.857089999999999907e-01
9.892680000000000291e+02, 3.285269999999999857e-02
9.892849999999999682e+02, 1.073640000000000011e-01
9.893010000000000446e+02, 7.135099999999999776e-01
9.893179999999999836e+02, 4.511350000000000082e-01
9.893350000000000364e+02, 3.695350000000000024e-01
9.893509999999999991e+02, 8.305890000000000495e-02
9.893680000000000518e+02, -1.144549999999999956e+00
9.893849999999999909e+02, -1.613939999999999930e+00
9.894009999999999536e+02, -6.119599999999999485e-01
9.894180000000000064e+02, -1.383429999999999938e+00
9.894349999999999454e+02, 7.769760000000000000e-01
9.894510000000000218e+02, 1.394879999999999898e+00
9.894679999999999609e+02, 1.764710000000000001e+00
9.894850000000000136e+02, 1.630319999999999991e+00
9.895009999999999764e+02, 4.537550000000000194e-01
9.895180000000000291e+02, -4.448130000000000139e-01
9.895349999999999682e+02, -2.203679999999999861e+00
9.895510000000000446e+02, -9.339239999999999764e-01
9.895679999999999836e+02, 7.893980000000000441e-01
9.895850000000000364e+02, 4.849700000000000122e-01
9.896009999999999991e+02, -3.358129999999999726e-01
9.896180000000000518e+02, 1.095590000000000036e-01
9.896349999999999909e+02, -9.527550000000000185e-01
9.896509999999999536e+02, 1.902639999999999887e-02
9.896680000000000064e+02, 1.248709999999999987e+00
9.896849999999999454e+02, 1.163610000000000033e+00
9.897010000000000218e+02, -4.323400000000000021e-01
9.897179999999999609e+02, -2.421549999999999869e+00
9.897350000000000136e+02, -5.126929999999999543e-01
9.897509999999999764e+02, 4.762689999999999762e-04
9.897680000000000291e+02, -5.788569999999999549e-01
9.897849999999999682e+02, -3.181260000000000199e-01
9.898010000000000446e+02, -1.050429999999999940e-02
9.898179999999999836e+02, -3.207849999999999868e-01
9.898350000000000364e+02, 7.807009999999999783e-01
9.898509999999999991e+02, 2.289779999999999871e-01
