9.898680000000000518e+02, -8.710339999999999749e-01
9.898849999999999909e+02, 1.774189999999999934e-01
9.899009999999999536e+02, -7.773269999999999902e-01
9.899180000000000064e+02, -4.267059999999999742e-01
9.899349999999999454e+02, -7.965880000000000183e-02
9.899510000000000218e+02, 5.296880000000000477e-01
9.899679999999999609e+02, 1.529840000000000089e+00
9.899850000000000136e+02, -1.729630000000000056e-01
9.900009999999999764e+02, -6.069930000000000048e-01
9.900180000000000291e+02, 6.862420000000000186e-01
9.900349999999999682e+02, 1.028950000000000031e+00
9.900510000000000446e+02, 1.522250000000000103e+00
9.900679999999999836e+02, 8.389140000000000486e-01
9.900850000000000364e+02, 1.339420000000000055e+00
9.901009999999999991e+02, -1.181249999999999911e+00
9.901180000000000518e+02, -7.178649999999999753e-01
9.901349999999999909e+02, -2.043350000000000222e+00
9.901509999999999536e+02, -4.838740000000000263e-01
9.901680000000000064e+02, -1.767900000000000027e-01
9.901849999999999454e+02, 2.272230000000000083e-01
9.902010000000000218e+02, -6.399070000000000036e-01
9.902179999999999609e+02, 5.582529999999999992e-01
9.902350000000000136e+02, -1.875840000000000007e-01
9.902509999999999764e+02, 8.444020000000000692e-02
9.902680000000000291e+02, 6.564100000000000490e-01
9.902849999999999682e+02, 1.065429999999999988e-01
9.903010000000000446e+02, -1.341460000000000097e+00
9.903179999999999836e+02, -7.949520000000000197e-02
9.903350000000000364e+02, -1.138849999999999918e+00
9.903509999999999991e+02, -1.526190000000000047e-01
9.903680000000000518e+02, -8.546449999999999880e-02
9.903849999999999909e+02, 1.646640000000000048e-01
9.904009999999999536e+02, -7.334429999999999561e-01
9.904180000000000064e+02, -3.026499999999999746e-01
9.904349999999999454e+02, -7.337799999999999878e-01
9.904510000000000218e+02, 4.033680000000000043e-01
9.904679999999999609e+02, 1.607850000000000112e-01
9.904850000000000136e+02, 2.528070000000000039e+00
9.905009999999999764e+02, -1.416070000000000106e-01
9.905180000000000291e+02, 4.679830000000000101e-02
9.905349999999999682e+02, -1.184930000000000011e-01
9.905510000000000446e+02, -8.411650000000000515e-01
9.905679999999999836e+02, -5.280270000000000241e-01
9.905850000000000364e+02, -4.921820000000000084e-01
9.906009999999999991e+02, -1.234790000000000054e-01
9.906180000000000518e+02, -2.547550000000000092e-01
9.906349999999999909e+02, -8.287120000000000042e-01
9.906509999999999536e+02, 2.181190000000000073e-01
9.906680000000000064e+02, -2.633860000000000090e-01
9.906849999999999454e+02, 4.886969999999999925e-01
9.907010000000000218e+02, 5.397089999999999943e-01
9.907179999999999609e+02, 1.089879999999999960e+00
9.907350000000000136e+02, 7.640930000000000222e-01
9.907509999999999764e+02, 9.082219999999999738e-01
9.907680000000000291e+02, -1.967959999999999987e-01
9.907849999999999682e+02, -5.031320000000000237e-01
9.908010000000000446e+02, -2.158770000000000133e-01
9.908179999999999836e+02, 8.480240000000000000e-01
9.908350000000000364e+02, 7.645979999999999999e-01
9.908509999999999991e+02, -5.428760000000000252e-01
9.908680000000000518e+02, 1.158549999999999996e-01
9.908849999999999909e+02, 6.843320000000000514e-01
9.909009999999999536e+02, -3.320159999999999778e-01
9.909180000000000064e+02, 1.320289999999999964e+00
9.909349999999999454e+02, 1.058219999999999938e+00
9.909510000000000218e+02, 1.159920000000000062e+00
9.909679999999999609e+02, 4.417710000000000248e-01
9.909850000000000136e+02, 1.050650000000000056e-01
9.910009999999999764e+02, 7.358800000000000063e-02
9.910180000000000291e+02, -4.470999999999999974e-01
9.910349999999999682e+02, 5.866040000000000143e-01
9.910510000000000446e+02, 3.239650000000000030e-01
9.910679999999999836e+02, 1.274599999999999955e+00
9.910850000000000364e+02, 1.104880000000000084e+00
9.911009999999999991e+02, -9.798900000000000665e-02
9.911180000000000518e+02, 1.224439999999999973e+00
9.911349999999999909e+02, 2.890170000000000239e-01
9.911509999999999536e+02, -3.816619999999999735e-02
9.911680000000000064e+02, -4.778109999999999857e-01
9.911849999999999454e+02, -2.156460000000000043e+00
9.912010000000000218e+02, -1.807330000000000103e+00
9.912179999999999609e+02, -1.558440000000000047e+00
9.912350000000000136e+02, -3.410650000000000071e-01
9.912509999999999764e+02, 5.741640000000000077e-01
9.912680000000000291e+02, -2.377360000000000029e-01
9.912849999999999682e+02, -1.099509999999999932e-01
9.913010000000000446e+02, 5.457009999999999916e-01
9.913179999999999836e+02, 6.351900000000000324e-01
9.913350000000000364e+02, -1.532709999999999975e-02
9.913509999999999991e+02, -4.184620000000000006e-01
9.913680000000000518e+02, -8.326010000000000355e-01
9.913849999999999909e+02, -2.711859999999999965e-02
9.914009999999999536e+02, 2.539769999999999875e-02
9.914180000000000064e+02, 2.189010000000000122e+00
9.914349999999999454e+02, 8.834220000000000406e-01
9.914510000000000218e+02, -1.163330000000000058e-01
9.914679999999999609e+02, -1.284370000000000012e+00
9.914850000000000136e+02, -3.418070000000000275e-01
9.915009999999999764e+02, 6.802709999999999591e-01
9.915180000000000291e+02, -2.678920000000000190e-01
9.915349999999999682e+02, 2.089399999999999868e-01
9.915510000000000446e+02, 5.736269999999999980e-01
9.915679999999999836e+02, 7.123779999999999557e-01
9.915850000000000364e+02, 1.718890000000000029e+00
9.916009999999999991e+02, 1.307679999999999954e+00
9.916180000000000518e+02, 3.324230000000000240e-02
9.916349999999999909e+02, -1.825630000000000031e-01
9.916509999999999536e+02, -3.714230000000000032e-01
9.916680000000000064e+02, -1.155459999999999932e+00
9.916849999999999454e+02, 3.186979999999999674e-02
9.917010000000000218e+02, -4.876010000000000066e-01
9.917179999999999609e+02, 1.126179999999999959e+00
9.917350000000000136e+02, 6.502200000000000202e-01
9.917509999999999764e+02, -1.489989999999999926e+00
9.917680000000000291e+02, 2.924320000000000253e-01
9.917849999999999682e+02, 2.168069999999999997e-01
9.918010000000000446e+02, 7.412140000000000395e-01
9.918179999999999836e+02, 2.803889999999999993e-01
9.918350000000000364e+02, -2.426979999999999971e-01
9.918509999999999991e+02, -3.750419999999999865e-01
9.918680000000000518e+02, -3.445859999999999895e-02
9.918849999999999909e+02, -1.097820000000000018e+00
9.919009999999999536e+02, -3.245049999999999879e-01
9.919180000000000064e+02, 3.231240000000000223e-01
9.919349999999999454e+02, -1.161910000000000026e-01
9.919510000000000218e+02, -2.449550000000000061e-01
9.919679999999999609e+02, -2.814459999999999740e-01
9.919850000000000136e+02, 1.159389999999999921e+00
9.920009999999999764e+02, 9.536580000000000057e-01
9.920180000000000291e+02, -7.574440000000000062e-01
9.920349999999999682e+02, -7.236330000000000540e-02
9.920510000000000446e+02, 1.746429999999999927e-01
9.920679999999999836e+02, 3.403780000000000139e-01
9.920850000000000364e+02, -2.313959999999999906e-01
9.921009999999999991e+02, -3.104810000000000070e-01
9.921180000000000518e+02, -3.283289999999999820e-02
9.921349999999999909e+02, -6.291630000000000278e-01
9.921509999999999536e+02, -9.689809999999999812e-01
9.921680000000000064e+02, -9.981090000000000240e-01
9.921849999999999454e+02, 1.055579999999999963e+00
9.922010000000000218e+02, 1.302189999999999959e+00
9.922179999999999609e+02, 1.475149999999999961e+00
9.922350000000000136e+02, -1.710210000000000063e-01
9.922509999999999764e+02, -1.474420000000000064e+00
9.922680000000000291e+02, -5.949750000000000316e-01
9.922849999999999682e+02, -2.536610000000000253e-01
9.923010000000000446e+02, -1.127680000000000016e+00
9.923179999999999836e+02, 1.896599999999999953e-01
9.923350000000000364e+02, -2.053719999999999990e-01
9.923509999999999991e+02, -6.630080000000000418e-01
9.923680000000000518e+02, -1.654339999999999922e+00
9.923849999999999909e+02, -5.586980000000000279e-01
9.924009999999999536e+02, -2.931270000000000264e-01
9.924180000000000064e+02, 1.523709999999999898e+00
9.924349999999999454e+02, 1.077830000000000066e+00
9.924510000000000218e+02, 1.526510000000000034e+00
9.924679999999999609e+02, -3.616380000000000150e-01
9.924850000000000136e+02, 8.503669999999999632e-03
9.925009999999999764e+02, -4.349660000000000193e-01
9.925180000000000291e+02, -1.064410000000000078e+00
9.925349999999999682e+02, -1.233439999999999953e-01
9.925510000000000446e+02, -1.584299999999999944e-02
9.925679999999999836e+02, 1.640109999999999901e-01
9.925850000000000364e+02, 4.259920000000000373e-03
9.926009999999999991e+02, 4.474339999999999984e-01
9.926180000000000518e+02, -3.196060000000000012e-01
9.926349999999999909e+02, 1.598340000000000094e+00
9.926509999999999536e+02, 8.376000000000000112e-02
9.926680000000000064e+02, 9.296649999999999636e-01
9.926849999999999454e+02, -5.212059999999999471e-01
9.927010000000000218e+02, -2.297569999999999890e+00
9.927179999999999609e+02, 3.621090000000000142e-01
9.927350000000000136e+02, -4.940689999999999804e-01
9.927509999999999764e+02, 5.822060000000000013e-01
9.927680000000000291e+02, -2.797270000000000034e-01
9.927849999999999682e+02, -4.004139999999999922e-01
9.928010000000000446e+02, -3.281250000000000000e-01
9.928179999999999836e+02, 1.770229999999999970e+00
9.928350000000000364e+02, 6.079769999999999897e-01
9.928509999999999991e+02, -1.009719999999999951e+00
9.928680000000000518e+02, -1.227540000000000020e-01
9.928849999999999909e+02, 1.855140000000000122e-01
9.929009999999999536e+02, -5.113999999999999657e-01
9.929180000000000064e+02, 1.061700000000000088e+00
9.929349999999999454e+02, 6.188270000000000159e-01
9.929510000000000218e+02, -1.371769999999999934e+00
9.929679999999999609e+02, -8.960230000000000139e-01
9.929850000000000136e+02, -1.058110000000000106e+00
9.930009999999999764e+02, 1.462240000000000067e-02
9.930180000000000291e+02, 4.366400000000000142e-02
9.930349999999999682e+02, -1.821180000000000021e-01
9.930510000000000446e+02, 6.849950000000000483e-02
9.930679999999999836e+02, -2.296150000000000135e-01
9.930850000000000364e+02, 3.997629999999999795e-01
9.931009999999999991e+02, 9.342580000000000329e-01
9.931180000000000518e+02, 4.811170000000000169e-01
9.931349999999999909e+02, 7.554859999999999909e-01
9.931509999999999536e+02, 1.255030000000000090e+00
9.931680000000000064e+02, 5.905799999999999939e-01
9.931849999999999454e+02, 5.447950000000000292e-01
9.932010000000000218e+02, -7.292119999999999713e-01
9.932179999999999609e+02, -1.563129999999999908e+00
9.932350000000000136e+02, 2.379749999999999921e-01
9.932509999999999764e+02, 5.976930000000000298e-01
9.932680000000000291e+02, 1.089139999999999997e+00
9.932849999999999682e+02, -2.217510000000000037e-01
9.933010000000000446e+02, -5.999460000000000209e-02
9.933179999999999836e+02, -4.549259999999999970e-01
9.933350000000000364e+02, -7.116139999999999688e-01
9.933509999999999991e+02, 2.993000000000000105e-01
9.933680000000000518e+02, -5.477149999999999519e-01
9.933849999999999909e+02, -6.723190000000000000e-01
9.934009999999999536e+02, -6.997970000000000024e-01
9.934180000000000064e+02, 1.628239999999999965e-01
9.934349999999999454e+02, -2.693849999999999856e-01
9.934510000000000218e+02, -5.403090000000000150e-03
9.934679999999999609e+02, 4.648370000000000002e-01
9.934850000000000136e+02, -5.442890000000000228e-02
9.935009999999999764e+02, 7.093199999999999505e-01
9.935180000000000291e+02, 8.098060000000000258e-01
9.935349999999999682e+02, 3.611779999999999990e-01
9.935510000000000446e+02, 3.643549999999999844e-01
9.935679999999999836e+02, 6.688929999999999598e-01
9.935850000000000364e+02, -1.278219999999999912e-01
9.936009999999999991e+02, 7.743689999999999740e-01
9.936180000000000518e+02, 6.028000000000000025e-01
9.936349999999999909e+02, 9.201599999999999779e-01
9.936509999999999536e+02, -1.097409999999999997e+00
9.936680000000000064e+02, -1.503209999999999935e+00
9.936849999999999454e+02, 4.153299999999999770e-01
9.937010000000000218e+02, 1.590189999999999937e-01
9.937179999999999609e+02, 9.001489999999999492e-02
9.937350000000000136e+02, 8.057330000000000325e-01
9.937509999999999764e+02, -3.805950000000000166e-01
9.937680000000000291e+02, -1.227250000000000008e-01
9.937849999999999682e+02, 5.011579999999999924e-01
9.938010000000000446e+02, -8.752649999999999320e-02
9.938179999999999836e+02, 3.044689999999999896e-02
9.938350000000000364e+02, 1.002439999999999998e-01
9.938509999999999991e+02, 2.588920000000000110e-01
9.938680000000000518e+02, -1.314639999999999975e-01
9.938849999999999909e+02, 7.199740000000000029e-01
9.939009999999999536e+02, 3.938710000000000266e-01
9.939180000000000064e+02, -1.970719999999999972e-01
9.939349999999999454e+02, -1.548580000000000068e+00
9.939510000000000218e+02, -1.426649999999999974e+00
9.939679999999999609e+02, -1.380039999999999933e+00
9.939850000000000136e+02, -1.239290000000000003e+00
9.940009999999999764e+02, -6.220069999999999766e-01
9.940180000000000291e+02, 9.228100000000000191e-01
9.940349999999999682e+02, -4.553749999999999742e-01
9.940510000000000446e+02, -3.021030000000000069e-03
9.940679999999999836e+02, 3.441020000000000190e-01
9.940850000000000364e+02, 4.802819999999999867e-01
9.941009999999999991e+02, 1.202799999999999980e-01
9.941180000000000518e+02, -8.731949999999999434e-02
9.941349999999999909e+02, 4.900510000000000144e-01
9.941509999999999536e+02, -4.987389999999999879e-02
9.941680000000000064e+02, 7.375690000000000301e-01
9.941849999999999454e+02, 7.973240000000000327e-01
9.942010000000000218e+02, 2.815059999999999785e-01
9.942179999999999609e+02, 7.402910000000000323e-01
9.942350000000000136e+02, -1.125380000000000047e+00
9.942509999999999764e+02, -2.159280000000000088e-01
9.942680000000000291e+02, 1.897580000000000044e+00
9.942849999999999682e+02, 7.132119999999999606e-03
9.943010000000000446e+02, 2.852149999999999963e-01
9.943179999999999836e+02, -4.072290000000000076e-01
9.943350000000000364e+02, -9.291199999999999459e-01
9.943509999999999991e+02, -7.222709999999999964e-01
9.943680000000000518e+02, -1.158970000000000056e+00
9.943849999999999909e+02, 1.100740000000000052e+00
9.944009999999999536e+02, -1.841039999999999899e-01
9.944180000000000064e+02, 4.981499999999999817e-01
9.944349999999999454e+02, 5.735989999999999700e-01
9.944510000000000218e+02, 1.000289999999999901e+00
9.944679999999999609e+02, -6.026850000000000263e-01
9.944850000000000136e+02, 3.165250000000000008e-02
9.945009999999999764e+02, -1.465260000000000007e+00
9.945180000000000291e+02, -4.451930000000000054e-01
9.945349999999999682e+02, -4.802040000000000197e-01
9.945510000000000446e+02, -1.250059999999999949e+00
9.945679999999999836e+02, 1.637340000000000018e+00
9.945850000000000364e+02, -2.086860000000000104e-01
9.946009999999999991e+02, -3.242539999999999867e-01
9.946180000000000518e+02, -5.725079999999999752e-02
9.946349999999999909e+02, 1.293080000000000007e+00
9.946509999999999536e+02, -2.470259999999999956e-01
9.946680000000000064e+02, 4.797969999999999735e-01
9.946849999999999454e+02, 7.923839999999999772e-01
9.947010000000000218e+02, -1.701060000000000016e+00
9.947179999999999609e+02, 1.260850000000000026e-01
9.947350000000000136e+02, -6.394520000000000204e-01
9.947509999999999764e+02, 2.567229999999999790e-01
9.947680000000000291e+02, 7.017590000000000217e-01
9.947849999999999682e+02, 4.774169999999999803e-01
9.948010000000000446e+02, 1.004780000000000006e+00
9.948179999999999836e+02, 9.737179999999999724e-01
9.948350000000000364e+02, 1.696529999999999982e-01
9.948509999999999991e+02, 7.062739999999999574e-01
9.948680000000000518e+02, 1.222290000000000043e-01
9.948849999999999909e+02, -4.383759999999999879e-01
9.949009999999999536e+02, -6.769810000000000549e-01
9.949180000000000064e+02, 2.451719999999999941e-02
9.949349999999999454e+02, -1.050959999999999894e+00
9.949510000000000218e+02, 9.291490000000000027e-01
9.949679999999999609e+02, -1.477819999999999911e+00
9.949850000000000136e+02, 1.516339999999999910e-01
9.950009999999999764e+02, 9.045910000000000339e-01
9.950180000000000291e+02, 1.897170000000000023e+00
9.950349999999999682e+02, -1.129050000000000109e+00
9.950510000000000446e+02, -2.188450000000000006e+00
9.950679999999999836e+02, -3.353309999999999902e-01
9.950850000000000364e+02, 1.589069999999999983e+00
9.951009999999999991e+02, 1.703589999999999938e+00
9.951180000000000518e+02, 8.522340000000000471e-01
9.951349999999999909e+02, -6.046920000000000073e-01
9.951509999999999536e+02, 6.117040000000000255e-01
9.951680000000000064e+02, -1.157829999999999915e+00
9.951849999999999454e+02, -8.658069999999999933e-01
9.952010000000000218e+02, 6.255290000000000017e-01
9.952179999999999609e+02, -9.838200000000000278e-01
9.952350000000000136e+02, -1.534739999999999993e+00
9.952509999999999764e+02, 2.674300000000000010e-01
9.952680000000000291e+02, 1.503079999999999972e+00
9.952849999999999682e+02, 1.685249999999999915e+00
9.953010000000000446e+02, -7.326629999999999532e-01
9.953179999999999836e+02, -7.769540000000000335e-01
9.953350000000000364e+02, 2.231720000000000093e-01
9.953509999999999991e+02, 1.602749999999999897e+00
9.953680000000000518e+02, 9.566369999999999596e-01
9.953849999999999909e+02, -1.442569999999999908e+00
9.954009999999999536e+02, -7.026459999999999928e-01
9.954180000000000064e+02, -8.825819999999999776e-01
9.954349999999999454e+02, -1.263169999999999904e+00
9.954510000000000218e+02, -1.887140000000000040e+00
9.954679999999999609e+02, 8.674920000000000408e-01
9.954850000000000136e+02, 3.955040000000000222e-01
9.955009999999999764e+02, 2.953839999999999799e-01
9.955180000000000291e+02, 1.272010000000000085e+00
9.955349999999999682e+02, 2.518940000000000068e-01
9.955510000000000446e+02, -1.477489999999999970e+00
9.955679999999999836e+02, -5.794099999999999806e-01
9.955850000000000364e+02, -5.948450000000000265e-02
9.956009999999999991e+02, 8.473659999999999526e-01
9.956180000000000518e+02, -6.724499999999999922e-01
9.956349999999999909e+02, -2.328079999999999927e+00
9.956509999999999536e+02, -9.410969999999999613e-01
9.956680000000000064e+02, -5.930159999999999876e-01
9.956849999999999454e+02, 5.398340000000000360e-01
9.957010000000000218e+02, 1.134700000000000042e+00
9.957179999999999609e+02, 3.751189999999999802e-01
9.957350000000000136e+02, 2.151480000000000059e-01
9.957509999999999764e+02, -1.013249999999999984e+00
9.957680000000000291e+02, -2.679639999999999800e-01
9.957849999999999682e+02, 6.373180000000000511e-01
9.958010000000000446e+02, -3.304229999999999667e-02
9.958179999999999836e+02, 9.642370000000000108e-01
9.958350000000000364e+02, 3.894279999999999964e-01
9.958509999999999991e+02, 4.756690000000000085e-01
9.958680000000000518e+02, 8.008999999999999453e-01
9.958849999999999909e+02, 1.990159999999999985e-01
9.959009999999999536e+02, 2.320379999999999943e-01
9.959180000000000064e+02, -1.258999999999999897e+00
9.959349999999999454e+02, -1.011409999999999920e+00
9.959510000000000218e+02, 1.354409999999999989e-02
9.959679999999999609e+02, 8.447599999999999554e-03
9.959850000000000136e+02, 1.122249999999999970e+00
9.960009999999999764e+02, 1.913699999999999957e+00
9.960180000000000291e+02, 1.300359999999999960e+00
9.960349999999999682e+02, -9.631520000000000081e-01
9.960510000000000446e+02, -1.518049999999999899e+00
9.960679999999999836e+02, -1.777859999999999996e+00
9.960850000000000364e+02, -3.694709999999999939e-01
9.961009999999999991e+02, 4.280059999999999976e-01
9.961180000000000518e+02, 9.791840000000000543e-01
9.961349999999999909e+02, 1.243849999999999900e+00
9.961509999999999536e+02, 7.160210000000000186e-01
9.961680000000000064e+02, -8.335679999999999479e-02
9.961849999999999454e+02, 4.711069999999999980e-01
9.962010000000000218e+02, 9.753879999999999495e-02
9.962179999999999609e+02, 4.446180000000000132e-01
9.962350000000000136e+02, -1.041890000000000038e-01
9.962509999999999764e+02, 2.329260000000000011e-02
9.962680000000000291e+02, -1.166859999999999981e-01
9.962849999999999682e+02, 7.397359999999999491e-01
9.963010000000000446e+02, 4.283319999999999905e-01
9.963179999999999836e+02, -1.219240000000000046e-01
9.963350000000000364e+02, 6.779640000000000111e-01
9.963509999999999991e+02, 3.552509999999999835e-01
9.963680000000000518e+02, 5.568619999999999681e-01
9.963849999999999909e+02, -7.098130000000000273e-01
9.964009999999999536e+02, -2.410440000000000083e-01
9.964180000000000064e+02, -2.160319999999999949e-02
9.964349999999999454e+02, -2.921309999999999879e-02
9.964510000000000218e+02, -1.409019999999999939e+00
9.964679999999999609e+02, -1.130130000000000079e+00
9.964850000000000136e+02, -5.205539999999999612e-01
9.965009999999999764e+02, -1.184579999999999966e+00
9.965180000000000291e+02, -9.534449999999999870e-02
9.965349999999999682e+02, 6.947680000000000522e-01
9.965510000000000446e+02, 5.207699999999999552e-01
9.965679999999999836e+02, -2.116879999999999873e-01
9.965850000000000364e+02, 7.265359999999999596e-01
9.966009999999999991e+02, -1.169759999999999966e-01
9.966180000000000518e+02, -1.075779999999999959e+00
9.966349999999999909e+02, -4.385499999999999954e-01
9.966509999999999536e+02, -4.567019999999999968e-01
9.966680000000000064e+02, -5.197359999999999758e-01
9.966849999999999454e+02, 1.427429999999999977e+00
9.967010000000000218e+02, 2.132779999999999898e+00
9.967179999999999609e+02, 1.806319999999999926e+00
9.967350000000000136e+02, -2.495500000000000149e-02
9.967509999999999764e+02, -2.335879999999999901e-01
9.967680000000000291e+02, 2.081449999999999967e-01
9.967849999999999682e+02, -6.755170000000000619e-02
9.968010000000000446e+02, 4.776360000000000050e-01
9.968179999999999836e+02, 4.442900000000000182e-01
9.968350000000000364e+02, 3.571889999999999787e-01
9.968509999999999991e+02, 1.726590000000000069e+00
9.968680000000000518e+02, 1.116109999999999935e+00
9.968849999999999909e+02, 1.648000000000000020e-01
9.969009999999999536e+02, -2.600230000000000041e-01
9.969180000000000064e+02, -8.561140000000000416e-01
9.969349999999999454e+02, -3.260569999999999857e-01
9.969510000000000218e+02, 1.231140000000000012e-01
9.969679999999999609e+02, -2.622120000000000006e-01
9.969850000000000136e+02, 1.420810000000000128e-01
9.970009999999999764e+02, -6.198090000000000543e-01
9.970180000000000291e+02, 8.288219999999999477e-01
9.970349999999999682e+02, -9.711410000000000320e-01
9.970510000000000446e+02, 1.548200000000000132e-01
9.970679999999999836e+02, 4.696089999999999987e-01
9.970850000000000364e+02, 4.006449999999999942e-03
9.971009999999999991e+02, 4.931860000000000133e-01
9.971180000000000518e+02, 3.786840000000000206e-01
9.971349999999999909e+02, -5.570260000000000211e-01
9.971509999999999536e+02, -2.255089999999999872e-01
9.971680000000000064e+02, 4.685690000000000133e-01
9.971849999999999454e+02, -6.145450000000000079e-01
9.972010000000000218e+02, -1.554410000000000069e+00
9.972179999999999609e+02, -1.521090000000000053e+00
9.972350000000000136e+02, -1.259130000000000082e+00
9.972509999999999764e+02, 1.194919999999999982e+00
9.972680000000000291e+02, -2.562099999999999933e-01
9.972849999999999682e+02, 1.495049999999999990e+00
9.973010000000000446e+02, 1.068079999999999918e+00
9.973179999999999836e+02, 1.509579999999999950e-02
9.973350000000000364e+02, -4.275770000000000265e-02
9.973509999999999991e+02, -1.041130000000000111e+00
9.973680000000000518e+02, 4.752500000000000058e-01
9.973849999999999909e+02, -1.244750000000000023e-01
9.974009999999999536e+02, -1.029269999999999907e+00
9.974180000000000064e+02, 4.896499999999999742e-01
9.974349999999999454e+02, 3.598190000000000000e-01
9.974510000000000218e+02, -3.161950000000000038e-01
9.974679999999999609e+02, -1.265779999999999905e+00
9.974850000000000136e+02, -7.875760000000000538e-01
9.975009999999999764e+02, -1.858619999999999994e-01
9.975180000000000291e+02, -3.367330000000000323e-02
9.975349999999999682e+02, 4.802779999999999827e-01
9.975510000000000446e+02, 6.857469999999999954e-01
9.975679999999999836e+02, 7.865240000000000009e-01
9.975850000000000364e+02, 8.282450000000000229e-03
9.976009999999999991e+02, 1.143240000000000034e+00
9.976180000000000518e+02, -3.460869999999999780e-01
9.976349999999999909e+02, -1.030880000000000019e+00
9.976509999999999536e+02, -1.775060000000000082e+00
9.976680000000000064e+02, -8.241490000000000204e-01
9.976849999999999454e+02, 3.058029999999999915e-01
9.977010000000000218e+02, 6.699610000000000287e-01
9.977179999999999609e+02, 1.269919999999999938e+00
9.977350000000000136e+02, 6.532400000000000428e-01
9.977509999999999764e+02, 5.488070000000000448e-01
9.977680000000000291e+02, 5.909299999999999969e-02
9.977849999999999682e+02, -9.820959999999999690e-01
9.978010000000000446e+02, 6.805160000000000098e-01
9.978179999999999836e+02, 8.399699999999999944e-01
9.978350000000000364e+02, 2.108229999999999826e+00
9.978509999999999991e+02, 8.645369999999999999e-01
9.978680000000000518e+02, 3.755169999999999897e-01
9.978849999999999909e+02, 8.411319999999999908e-01
9.979009999999999536e+02, 5.630619999999999514e-01
9.979180000000000064e+02, 7.119750000000000245e-01
9.979349999999999454e+02, 4.522900000000000253e-01
9.979510000000000218e+02, -8.479470000000000063e-01
9.979679999999999609e+02, 8.497150000000000536e-02
9.979850000000000136e+02, 5.623890000000000278e-01
9.980009999999999764e+02, 1.115870000000000056e-01
9.980180000000000291e+02, -8.899700000000000388e-01
9.980349999999999682e+02, -3.498680000000000123e-01
9.980510000000000446e+02, 6.168439999999999479e-01
9.980679999999999836e+02, -1.180870000000000086e+00
9.980850000000000364e+02, -4.917610000000000037e-01
9.981009999999999991e+02, -1.196280000000000010e+00
9.981180000000000518e+02, 1.204679999999999973e+00
9.981349999999999909e+02, -5.119069999999999870e-02
9.981509999999999536e+02, 7.397730000000000139e-01
9.981680000000000064e+02, -1.010550000000000059e+00
9.981849999999999454e+02, -4.913319999999999910e-01
9.982010000000000218e+02, -3.888179999999999970e-01
9.982179999999999609e+02, 1.060170000000000001e-01
9.982350000000000136e+02, -2.444410000000000159e-03
9.982509999999999764e+02, 5.074530000000000429e-01
9.982680000000000291e+02, -1.118079999999999963e+00
9.982849999999999682e+02, 5.523770000000000069e-01
9.983010000000000446e+02, 7.727119999999999822e-02
9.983179999999999836e+02, -3.693529999999999869e-01
9.983350000000000364e+02, -2.371630000000000127e-01
9.983509999999999991e+02, 1.203659999999999952e+00
9.983680000000000518e+02, 6.816600000000000437e-01
9.983849999999999909e+02, 2.842749999999999999e-01
9.984009999999999536e+02, -7.194120000000000514e-01
9.984180000000000064e+02, -7.590550000000000075e-02
9.984349999999999454e+02, 1.403550000000000075e-01
9.984510000000000218e+02, 1.317609999999999892e-01
9.984679999999999609e+02, -1.115169999999999995e+00
9.984850000000000136e+02, -6.326709999999999834e-01
9.985009999999999764e+02, -7.084650000000000114e-01
9.985180000000000291e+02, -8.847929999999999684e-02
9.985349999999999682e+02, -4.794740000000000113e-02
9.985510000000000446e+02, 6.700099999999999945e-01
9.985679999999999836e+02, -1.484120000000000106e+00
9.985850000000000364e+02, -5.245499999999999607e-01
9.986009999999999991e+02, -7.346030000000000060e-01
9.986180000000000518e+02, 2.155819999999999959e-01
9.986349999999999909e+02, 7.750850000000000239e-01
9.986509999999999536e+02, -6.693459999999999965e-01
9.986680000000000064e+02, -2.737840000000000273e-01
9.986849999999999454e+02, 7.202399999999999913e-01
9.987010000000000218e+02, -3.909139999999999837e-01
9.987179999999999609e+02, 2.403059999999999918e-01
9.987350000000000136e+02, -9.160570000000000102e-01
9.987509999999999764e+02, 1.228979999999999961e+00
9.987680000000000291e+02, 5.415720000000000534e-01
9.987849999999999682e+02, -1.219340000000000090e+00
9.988010000000000446e+02, -2.208469999999999878e-01
9.988179999999999836e+02, -5.497839999999999672e-02
9.988350000000000364e+02, -8.445369999999999822e-01
9.988509999999999991e+02, 9.137560000000000127e-02
9.988680000000000518e+02, -1.962569999999999940e-02
9.988849999999999909e+02, 3.584579999999999989e-01
9.989009999999999536e+02, 6.384760000000000435e-01
9.989180000000000064e+02, 1.420170000000000043e-01
9.989349999999999454e+02, -5.511939999999999618e-01
9.989510000000000218e+02, -5.037800000000000056e-01
9.989679999999999609e+02, -5.389009999999999634e-01
9.989850000000000136e+02, 2.451039999999999885e-01
9.990009999999999764e+02, 3.428709999999999813e-01
9.990180000000000291e+02, 9.449159999999999782e-01
9.990349999999999682e+02, 8.122759999999999980e-01
9.990510000000000446e+02, 1.029169999999999918e+00
9.990679999999999836e+02, 7.481160000000000032e-01
9.990850000000000364e+02, 8.481309999999999683e-01
9.991009999999999991e+02, 4.789999999999999813e-01
9.991180000000000518e+02, -3.885439999999999987e-03
9.991349999999999909e+02, -8.868340000000000112e-01
9.991509999999999536e+02, -1.915689999999999893e+00
9.991680000000000064e+02, -7.350560000000000427e-01
9.991849999999999454e+02, -4.510029999999999872e-01
9.992010000000000218e+02, -2.099979999999999902e-02
9.992179999999999609e+02, -6.985740000000000005e-02
9.992350000000000136e+02, -4.720309999999999784e-01
9.992509999999999764e+02, -1.871729999999999922e-02
9.992680000000000291e+02, -5.356229999999999603e-01
9.992849999999999682e+02, -7.192009999999999792e-01
9.993010000000000446e+02, 7.080060000000000242e-01
9.993179999999999836e+02, -3.252090000000000258e-01
9.993350000000000364e+02, -4.896299999999999958e-02
9.993509999999999991e+02, -2.591539999999999955e-01
9.993680000000000518e+02, -1.059970000000000079e+00
9.993849999999999909e+02, -1.467060000000000031e-01
9.994009999999999536e+02, 2.195159999999999889e-01
9.994180000000000064e+02, -5.631880000000000219e-02
9.994349999999999454e+02, 4.662450000000000205e-01
9.994510000000000218e+02, 1.738920000000000021e+00
9.994679999999999609e+02, -1.311579999999999968e+00
9.994850000000000136e+02, 3.377269999999999994e-01
9.995009999999999764e+02, -1.123769999999999936e+00
9.995180000000000291e+02, -4.778020000000000045e-01
9.995349999999999682e+02, -6.752310000000000256e-01
9.995510000000000446e+02, 1.871389999999999998e-01
9.995679999999999836e+02, -1.183400000000000007e-01
9.995850000000000364e+02, -8.595479999999999787e-01
9.996009999999999991e+02, 7.777470000000000216e-02
9.996180000000000518e+02, -1.174530000000000074e+00
9.996349999999999909e+02, -7.547359999999999625e-01
9.996509999999999536e+02, 1.311750000000000138e-01
9.996680000000000064e+02, 6.591690000000000049e-01
9.996849999999999454e+02, 1.738199999999999967e+00
9.997010000000000218e+02, 4.508710000000000218e-01
9.997179999999999609e+02, -4.452240000000000086e-01
9.997350000000000136e+02, -4.526000000000000023e-01
9.997509999999999764e+02, -1.129289999999999905e+00
9.997680000000000291e+02, -8.733140000000000347e-01
9.997849999999999682e+02, 5.318060000000000009e-01
9.998010000000000446e+02, 9.379020000000000135e-01
9.998179999999999836e+02, 1.057970000000000077e+00
9.998350000000000364e+02, 5.058639999999999803e-01
9.998509999999999991e+02, -3.462509999999999755e-01
9.998680000000000518e+02, -9.967880000000000074e-01
9.998849999999999909e+02, 7.797589999999999799e-01
9.999009999999999536e+02, 1.069720000000000004e+00
9.999180000000000064e+02, -3.205210000000000004e-01
9.999349999999999454e+02, -6.688100000000000156e-01
9.999510000000000218e+02, 7.670900000000000496e-01
9.999679999999999609e+02, 1.452649999999999997e+00
9.999850000000000136e+02, 9.181880000000000597e-02
1.000000000000000000e+03, -1.632639999999999925e-01
1.000019999999999982e+03, 3.189000000000000168e-01
1.000029999999999973e+03, 4.506049999999999778e-01
1.000049999999999955e+03, -1.226060000000000066e-01
1.000070000000000050e+03, -1.238720000000000043e+00
1.000080000000000041e+03, -7.251950000000000340e-01
1.000100000000000023e+03, 6.162060000000000315e-01
1.000120000000000005e+03, 1.065490000000000048e+00
1.000129999999999995e+03, -3.039780000000000260e-01
1.000149999999999977e+03, -6.106790000000000135e-02
1.000169999999999959e+03, 1.699799999999999922e-01
1.000179999999999950e+03, -2.137000000000000011e-01
1.000200000000000045e+03, -1.591460000000000097e+00
1.000220000000000027e+03, -2.530609999999999804e-01
1.000230000000000018e+03, 6.299059999999999659e-01
1.000250000000000000e+03, 1.017589999999999995e+00
1.000269999999999982e+03, 5.301649999999999974e-01
1.000279999999999973e+03, 1.323950000000000127e-01
1.000299999999999955e+03, -4.184189999999999854e-01
1.000320000000000050e+03, -7.905640000000000445e-01
1.000330000000000041e+03, -2.127720000000000056e+00
1.000350000000000023e+03, -8.112469999999999404e-02
1.000370000000000005e+03, 6.256289999999999907e-01
1.000379999999999995e+03, 1.225039999999999907e+00
1.000399999999999977e+03, 5.222590000000000288e-01
1.000419999999999959e+03, -1.691979999999999873e-01
1.000429999999999950e+03, -1.825090000000000046e-01
1.000450000000000045e+03, -7.922109999999999985e-01
1.000470000000000027e+03, -7.169499999999999762e-01
1.000480000000000018e+03, 4.328929999999999723e-01
1.000500000000000000e+03, 8.904100000000000348e-01
1.000519999999999982e+03, 2.498080000000000023e-01
1.000529999999999973e+03, -1.031360000000000054e+00
1.000549999999999955e+03, 1.815350000000000019e-01
1.000570000000000050e+03, 4.094980000000000148e-02
1.000580000000000041e+03, 2.227159999999999973e-01
1.000600000000000023e+03, 7.496110000000000273e-01
1.000620000000000005e+03, -6.729699999999999571e-01
1.000629999999999995e+03, -2.056920000000000137e-01
1.000649999999999977e+03, -4.750090000000000146e-01
1.000669999999999959e+03, -1.173899999999999944e-01
1.000679999999999950e+03, -6.343229999999999702e-01
1.000700000000000045e+03, 1.972170000000000173e-02
1.000720000000000027e+03, -9.915090000000000015e-02
1.000730000000000018e+03, 3.491420000000000079e-01
1.000750000000000000e+03, 1.142559999999999965e-01
1.000769999999999982e+03, -1.994829999999999937e-01
1.000779999999999973e+03, -5.496249999999999747e-02
1.000799999999999955e+03, 5.111930000000000085e-01
1.000820000000000050e+03, 2.668200000000000016e-01
1.000830000000000041e+03, -1.432470000000000132e-01
1.000850000000000023e+03, -3.031110000000000193e-01
1.000870000000000005e+03, 1.141650000000000054e+00
1.000879999999999995e+03, 7.543270000000000530e-02
1.000899999999999977e+03, 2.365600000000000147e+00
1.000919999999999959e+03, 2.039350000000000218e+00
1.000929999999999950e+03, 8.838049999999999518e-01
1.000950000000000045e+03, 5.045690000000000244e-03
1.000970000000000027e+03, -1.550720000000000098e+00
1.000980000000000018e+03, -5.549129999999999896e-01
1.001000000000000000e+03, -1.928819999999999979e+00
1.001019999999999982e+03, 9.481530000000000236e-01
1.001029999999999973e+03, 1.383029999999999982e+00
1.001049999999999955e+03, 2.538710000000000022e+00
1.001070000000000050e+03, 3.459260000000000113e-01
1.001080000000000041e+03, -8.675509999999999611e-01
1.001100000000000023e+03, -8.509380000000000416e-03
1.001120000000000005e+03, -8.989340000000000108e-01
1.001129999999999995e+03, -8.129210000000000047e-01
1.001149999999999977e+03, -2.263940000000000119e-01
1.001169999999999959e+03, -5.347939999999999916e-01
1.001179999999999950e+03, -1.571569999999999911e-01
1.001200000000000045e+03, 2.855019999999999780e-01
1.001220000000000027e+03, -1.341360000000000052e-01
1.001230000000000018e+03, -7.925109999999999655e-01
1.001250000000000000e+03, -9.144390000000000018e-01
1.001269999999999982e+03, 5.765339999999999909e-01
1.001279999999999973e+03, -3.249730000000000119e-01
1.001299999999999955e+03, -1.848779999999999868e-01
1.001320000000000050e+03, 8.938399999999999679e-01
1.001330000000000041e+03, 5.154090000000000060e-01
1.001350000000000023e+03, 4.108220000000000205e-01
1.001370000000000005e+03, -3.867759999999999948e-02
1.001379999999999995e+03, -1.073749999999999982e-01
1.001399999999999977e+03, -6.989739999999999842e-01
1.001419999999999959e+03, -4.221280000000000032e-01
1.001429999999999950e+03, 2.476980000000000015e-01
1.001450000000000045e+03, -6.523120000000000307e-02
1.001470000000000027e+03, 3.643079999999999929e-02
1.001480000000000018e+03, -6.942660000000000498e-01
1.001500000000000000e+03, 1.525230000000000086e+00
1.001519999999999982e+03, 1.016399999999999970e+00
1.001529999999999973e+03, 7.475800000000000223e-01
1.001549999999999955e+03, -2.659779999999999922e-01
1.001570000000000050e+03, 3.025220000000000131e-01
1.001580000000000041e+03, -9.748609999999999776e-01
1.001600000000000023e+03, 2.273139999999999883e-01
1.001620000000000005e+03, -4.948469999999999813e-01
1.001629999999999995e+03, -1.260310000000000041e+00
1.001649999999999977e+03, -8.581520000000000259e-01
1.001669999999999959e+03, -3.956770000000000009e-01
1.001679999999999950e+03, 1.263390000000000069e-01
1.001700000000000045e+03, 1.575320000000000054e-01
1.001720000000000027e+03, 2.009799999999999920e-01
1.001730000000000018e+03, 3.705820000000000225e-01
1.001750000000000000e+03, 4.059670000000000223e-01
1.001769999999999982e+03, -7.895659999999999901e-01
1.001779999999999973e+03, 9.634479999999999711e-01
1.001799999999999955e+03, 1.607180000000000053e+00
1.001820000000000050e+03, 7.653490000000000293e-02
1.001830000000000041e+03, -6.551970000000000294e-01
1.001850000000000023e+03, -8.027250000000000218e-01
1.001870000000000005e+03, -1.072889999999999899e+00
1.001879999999999995e+03, -6.993970000000000464e-01
1.001899999999999977e+03, -4.831380000000000119e-01
1.001919999999999959e+03, 5.394170000000000215e-02
1.001929999999999950e+03, 5.364119999999999999e-01
1.001950000000000045e+03, -6.151159999999999961e-02
1.001970000000000027e+03, -1.622689999999999966e-01
1.001980000000000018e+03, 7.563879999999999493e-01
1.002000000000000000e+03, -7.147489999999999677e-01
1.002019999999999982e+03, 1.281130000000000102e+00
1.002029999999999973e+03, -5.201950000000000324e-02
1.002049999999999955e+03, 2.594199999999999839e-01
1.002070000000000050e+03, 9.383449999999999847e-01
1.002080000000000041e+03, -1.912910000000000088e-03
1.002100000000000023e+03, -9.374740000000000295e-01
1.002120000000000005e+03, -7.830169999999999630e-01
1.002129999999999995e+03, -5.215469999999999828e-01
1.002149999999999977e+03, -5.888360000000000261e-01
1.002169999999999959e+03, 9.340439999999999854e-02
1.002179999999999950e+03, -6.811300000000000132e-01
1.002200000000000045e+03, 1.783360000000000056e+00
1.002220000000000027e+03, -2.203180000000000138e-01
1.002230000000000018e+03, 1.714900000000000091e+00
1.002250000000000000e+03, 2.610029999999999850e-01
1.002269999999999982e+03, -3.901790000000000119e-02
1.002279999999999973e+03, 5.254199999999999982e-01
1.002299999999999955e+03, -4.244749999999999912e-02
1.002320000000000050e+03, 1.036139999999999978e-01
1.002330000000000041e+03, 6.043589999999999796e-01
1.002350000000000023e+03, 2.641660000000000119e-01
1.002370000000000005e+03, -1.899929999999999952e-01
1.002379999999999995e+03, -9.953570000000000473e-01
1.002399999999999977e+03, 4.450609999999999983e-02
1.002419999999999959e+03, 1.806570000000000009e+00
1.002429999999999950e+03, -1.103859999999999980e-01
1.002450000000000045e+03, -6.221590000000000176e-01
1.002470000000000027e+03, -1.065479999999999983e+00
1.002480000000000018e+03, -1.442620000000000013e+00
1.002500000000000000e+03, -4.382900000000000129e-01
1.002519999999999982e+03, 1.207750000000000101e+00
1.002529999999999973e+03, 1.204509999999999970e+00
1.002549999999999955e+03, 9.707209999999999450e-01
1.002570000000000050e+03, 6.037139999999999729e-01
1.002580000000000041e+03, 1.137259999999999938e-01
1.002600000000000023e+03, -6.691840000000000011e-01
1.002620000000000005e+03, -3.627819999999999934e-01
1.002629999999999995e+03, -7.670209999999999528e-01
1.002649999999999977e+03, 7.500780000000000225e-01
1.002669999999999959e+03, 7.598610000000000086e-01
1.002679999999999950e+03, -1.411100000000000132e-01
1.002700000000000045e+03, 2.661100000000000132e-01
1.002720000000000027e+03, 1.060379999999999934e-01
1.002730000000000018e+03, 1.121930000000000011e-01
1.002750000000000000e+03, 6.463889999999999914e-01
1.002769999999999982e+03, 9.686090000000000533e-01
1.002779999999999973e+03, -5.309989999999999988e-01
1.002799999999999955e+03, -8.383399999999999741e-01
1.002820000000000050e+03, -3.806570000000000231e-01
1.002830000000000041e+03, 1.107520000000000060e+00
1.002850000000000023e+03, 5.856959999999999944e-01
1.002870000000000005e+03, 9.426309999999999967e-01
1.002879999999999995e+03, -6.017219999999999791e-01
1.002899999999999977e+03, -8.061850000000000405e-01
1.002919999999999959e+03, -1.553319999999999979e-01
1.002929999999999950e+03, 1.366849999999999898e+00
1.002950000000000045e+03, 7.006440000000000445e-01
1.002970000000000027e+03, -2.343619999999999870e-01
1.002980000000000018e+03, 7.040520000000000111e-01
1.003000000000000000e+03, 8.206449999999999578e-01
1.003019999999999982e+03, -8.802919999999999634e-01
1.003029999999999973e+03, -1.308110000000000106e+00
1.003049999999999955e+03, 7.751069999999999904e-01
1.003070000000000050e+03, -3.252149999999999763e-01
1.003080000000000041e+03, 6.065500000000000058e-02
1.003100000000000023e+03, -6.748910000000000187e-01
1.003120000000000005e+03, -8.545629999999999615e-01
1.003129999999999995e+03, -4.021199999999999775e-02
1.003149999999999977e+03, -6.150989999999999513e-01
1.003169999999999959e+03, -7.341379999999999573e-01
1.003179999999999950e+03, -8.970489999999999853e-01
1.003200000000000045e+03, 1.557880000000000098e-01
1.003220000000000027e+03, -2.041640000000000121e-01
1.003230000000000018e+03, -5.500580000000000469e-01
1.003250000000000000e+03, -1.430690000000000017e+00
1.003269999999999982e+03, -6.383689999999999642e-01
1.003279999999999973e+03, 1.016959999999999947e-01
1.003299999999999955e+03, 5.733699999999999908e-02
1.003320000000000050e+03, 1.204639999999999933e+00
1.003330000000000041e+03, -2.460779999999999912e-01
1.003350000000000023e+03, 2.484760000000000024e-01
1.003370000000000005e+03, 8.155280000000000307e-01
1.003379999999999995e+03, 6.975879999999999859e-01
1.003399999999999977e+03, -2.397489999999999899e-01
1.003419999999999959e+03, 8.675840000000000218e-01
1.003429999999999950e+03, 7.926500000000000212e-02
1.003450000000000045e+03, -5.850629999999999997e-01
1.003470000000000027e+03, -7.324380000000000335e-01
1.003480000000000018e+03, -4.201130000000000142e-01
1.003500000000000000e+03, 2.116709999999999980e-01
1.003519999999999982e+03, -2.429520000000000013e-01
1.003529999999999973e+03, 6.295309999999999517e-01
1.003549999999999955e+03, 9.804939999999999767e-01
1.003570000000000050e+03, -4.029400000000000204e-01
1.003580000000000041e+03, -7.831320000000000503e-01
1.003600000000000023e+03, 2.329120000000000079e-01
1.003620000000000005e+03, 3.999070000000000125e-01
1.003629999999999995e+03, -1.359620000000000051e+00
1.003649999999999977e+03, -8.596359999999999557e-01
1.003669999999999959e+03, 4.768549999999999733e-01
1.003679999999999950e+03, -1.245589999999999975e+00
1.003700000000000045e+03, 2.397829999999999961e-01
1.003720000000000027e+03, 1.192479999999999984e+00
1.003730000000000018e+03, 3.233849999999999780e-01
1.003750000000000000e+03, -4.383449999999999847e-01
1.003769999999999982e+03, -5.712760000000000060e-02
1.003779999999999973e+03, -2.755500000000000171e-01
1.003799999999999955e+03, -6.436300000000000354e-01
1.003820000000000050e+03, 1.243069999999999897e+00
1.003830000000000041e+03, -2.490670000000000106e-01
1.003850000000000023e+03, -5.773519999999999763e-01
1.003870000000000005e+03, -4.255090000000000261e-01
1.003879999999999995e+03, -2.822850000000000012e-02
1.003899999999999977e+03, 1.123369999999999980e+00
1.003919999999999959e+03, 3.473069999999999768e-01
1.003929999999999950e+03, 3.438050000000000272e-01
1.003950000000000045e+03, 1.793399999999999994e-01
1.003970000000000027e+03, 2.981790000000000274e-01
1.003980000000000018e+03, -4.018349999999999977e-01
1.004000000000000000e+03, 3.232550000000000145e-01
1.004019999999999982e+03, 8.199279999999999902e-01
1.004029999999999973e+03, 1.846340000000000092e+00
1.004049999999999955e+03, 5.762610000000000232e-01
1.004070000000000050e+03, -7.949199999999999600e-01
1.004080000000000041e+03, -1.401330000000000076e-01
1.004100000000000023e+03, -4.784030000000000227e-01
1.004120000000000005e+03, -4.565620000000000234e-01
1.004129999999999995e+03, 7.128439999999999777e-02
1.004149999999999977e+03, 1.253269999999999940e-01
1.004169999999999959e+03, 1.426330000000000098e+00
1.004179999999999950e+03, -6.654120000000000035e-01
1.004200000000000045e+03, -6.497030000000000305e-01
1.004220000000000027e+03, -1.638390000000000013e+00
1.004230000000000018e+03, 1.865150000000000086e+00
1.004250000000000000e+03, 4.567979999999999818e-01
1.004269999999999982e+03, 1.110109999999999930e+00
1.004279999999999973e+03, -3.990290000000000226e-01
1.004299999999999955e+03, -1.031600000000000017e-01
1.004320000000000050e+03, -7.702130000000000365e-01
1.004330000000000041e+03, 6.323569999999999469e-01
1.004350000000000023e+03, -7.846490000000000409e-01
1.004370000000000005e+03, 1.591220000000000134e-01
1.004379999999999995e+03, 5.654510000000000369e-01
1.004399999999999977e+03, 5.381700000000000372e-01
1.004419999999999959e+03, 1.209600000000000009e+00
1.004429999999999950e+03, 3.617660000000000320e-02
1.004450000000000045e+03, 2.179159999999999986e-01
1.004470000000000027e+03, 6.128440000000000554e-01
1.004480000000000018e+03, -2.044420000000000126e-01
1.004500000000000000e+03, 3.197269999999999834e-01
1.004519999999999982e+03, 5.980520000000000280e-01
1.004529999999999973e+03, 1.252410000000000023e+00
1.004549999999999955e+03, 1.150810000000000111e+00
1.004570000000000050e+03, -2.674059999999999770e-01
1.004580000000000041e+03, 2.349350000000000049e-01
1.004600000000000023e+03, -4.038450000000000095e-01
1.004620000000000005e+03, -7.467120000000000424e-01
1.004629999999999995e+03, 9.111339999999999995e-01
1.004649999999999977e+03, -6.944919999999999982e-01
1.004669999999999959e+03, -1.157080000000000108e+00
1.004679999999999950e+03, -3.019379999999999842e-01
1.004700000000000045e+03, -4.385720000000000174e-01
1.004720000000000027e+03, -8.133559999999999679e-01
1.004730000000000018e+03, 5.504120000000000124e-01
1.004750000000000000e+03, 8.203730000000000189e-01
1.004769999999999982e+03, -7.892540000000000111e-01
1.004779999999999973e+03, 1.113499999999999934e+00
1.004799999999999955e+03, -4.452690000000000259e-01
1.004820000000000050e+03, 1.186490000000000045e-01
1.004830000000000041e+03, 1.584870000000000001e+00
1.004850000000000023e+03, 2.450569999999999971e-01
1.004870000000000005e+03, 1.357169999999999987e+00
1.004879999999999995e+03, 1.098819999999999936e-01
1.004899999999999977e+03, 9.659259999999999513e-01
1.004919999999999959e+03, 7.546570000000000222e-01
1.004929999999999950e+03, 1.776429999999999954e-01
1.004950000000000045e+03, 8.740869999999999473e-01
1.004970000000000027e+03, -5.994340000000000224e-01
1.004980000000000018e+03, -6.884510000000000629e-02
1.005000000000000000e+03, 1.590549999999999908e+00
1.005019999999999982e+03, -2.603409999999999891e-01
1.005029999999999973e+03, 1.150039999999999951e+00
1.005049999999999955e+03, -5.267889999999999517e-01
1.005070000000000050e+03, -1.962839999999999918e+00
1.005080000000000041e+03, -4.697870000000000101e-01
1.005100000000000023e+03, -4.353420000000000067e-01
1.005120000000000005e+03, -5.208899999999999642e-01
1.005129999999999995e+03, 3.689330000000000109e-01
1.005149999999999977e+03, -7.801379999999999981e-01
1.005169999999999959e+03, 2.713439999999999741e-01
1.005179999999999950e+03, 2.888069999999999804e-01
1.005200000000000045e+03, -6.831369999999999942e-01
1.005220000000000027e+03, 3.212610000000000188e-01
1.005230000000000018e+03, 6.178550000000000014e-02
1.005250000000000000e+03, -9.131890000000000285e-01
1.005269999999999982e+03, 2.969490000000000185e-01
1.005279999999999973e+03, 1.624319999999999986e+00
1.005299999999999955e+03, -3.819069999999999965e-01
1.005320000000000050e+03, -2.851549999999999918e-01
1.005330000000000041e+03, -5.084370000000000278e-01
1.005350000000000023e+03, -9.926350000000000451e-01
1.005370000000000005e+03, 1.079870000000000108e+00
1.005379999999999995e+03, 4.620909999999999740e-01
1.005399999999999977e+03, 9.978780000000000427e-01
1.005419999999999959e+03, -2.159480000000000080e-02
1.005429999999999950e+03, 4.767500000000000071e-01
1.005450000000000045e+03, 1.785770000000000135e-01
1.005470000000000027e+03, -3.836769999999999903e-01
1.005480000000000018e+03, -7.275220000000000020e-01
1.005500000000000000e+03, -5.411949999999999816e-01
1.005519999999999982e+03, 1.119699999999999918e+00
1.005529999999999973e+03, -1.634190000000000031e+00
1.005549999999999955e+03, -9.666919999999999957e-01
1.005570000000000050e+03, 1.076610000000000067e+00
1.005580000000000041e+03, 1.283689999999999998e+00
1.005600000000000023e+03, 1.615580000000000016e+00
1.005620000000000005e+03, 1.400649999999999951e+00
1.005629999999999995e+03, -6.904200000000000337e-01
1.005649999999999977e+03, 4.455810000000000326e-02
1.005669999999999959e+03, 2.048520000000000063e-01
1.005679999999999950e+03, 5.883610000000000229e-01
1.005700000000000045e+03, 1.120179999999999954e+00
1.005720000000000027e+03, 7.036379999999999857e-01
1.005730000000000018e+03, 2.337730000000000016e-02
1.005750000000000000e+03, 5.956519999999999593e-01
1.005769999999999982e+03, -5.835919999999999996e-01
1.005779999999999973e+03, -5.965620000000000367e-01
1.005799999999999955e+03, -8.730490000000000472e-02
1.005820000000000050e+03, -2.639810000000000212e-01
1.005830000000000041e+03, 1.202389999999999987e-01
1.005850000000000023e+03, -2.223809999999999842e+00
1.005870000000000005e+03, -5.962579999999999547e-01
1.005879999999999995e+03, -3.252849999999999908e-01
1.005899999999999977e+03, 1.848720000000000085e-01
1.005919999999999959e+03, 6.622449999999999726e-01
1.005929999999999950e+03, 2.667269999999999808e+00
1.005950000000000045e+03, -3.179919999999999969e-01
1.005970000000000027e+03, 2.942520000000000135e-01
1.005980000000000018e+03, -2.651200000000000223e-01
1.006000000000000000e+03, 1.143620000000000053e-01
1.006019999999999982e+03, 6.536809999999999565e-01
1.006029999999999973e+03, 1.147909999999999986e+00
1.006049999999999955e+03, 5.457429999999999781e-01
1.006070000000000050e+03, -8.760729999999999906e-01
1.006080000000000041e+03, 1.494179999999999953e-01
1.006100000000000023e+03, 6.910570000000000324e-01
1.006120000000000005e+03, 1.876460000000000072e-01
1.006129999999999995e+03, -8.639120000000000132e-01
1.006149999999999977e+03, -1.860759999999999914e-01
1.006169999999999959e+03, -6.687100000000000266e-01
1.006179999999999950e+03, -1.317639999999999922e+00
1.006200000000000045e+03, -1.916869999999999963e-01
1.006220000000000027e+03, -2.614380000000000037e-01
1.006230000000000018e+03, 4.816150000000000292e-02
1.006250000000000000e+03, 2.129129999999999967e+00
1.006269999999999982e+03, 1.056099999999999955e-01
1.006279999999999973e+03, 9.513130000000000197e-02
1.006299999999999955e+03, -4.963969999999999771e-01
1.006320000000000050e+03, -6.008499999999999952e-01
1.006330000000000041e+03, -5.769889999999999741e-01
1.006350000000000023e+03, -7.053580000000000405e-01
1.006370000000000005e+03, 1.961499999999999910e-01
1.006379999999999995e+03, -2.573289999999999744e-01
1.006399999999999977e+03, -1.146360000000000018e-01
1.006419999999999959e+03, 1.260550000000000059e+00
1.006429999999999950e+03, -6.824069999999999858e-01
1.006450000000000045e+03, -8.907169999999999810e-01
1.006470000000000027e+03, -1.604479999999999906e+00
1.006480000000000018e+03, -6.571569999999999911e-01
1.006500000000000000e+03, -3.675069999999999726e-01
1.006519999999999982e+03, -5.065899999999999848e-01
1.006529999999999973e+03, -1.043509999999999938e+00
1.006549999999999955e+03, -2.433029999999999915e-01
1.006570000000000050e+03, 2.696999999999999953e-01
1.006580000000000041e+03, -5.646499999999999853e-01
1.006600000000000023e+03, -5.461570000000000313e-02
1.006620000000000005e+03, 1.622300000000000075e+00
1.006629999999999995e+03, -4.432900000000000174e-01
1.006649999999999977e+03, 3.762769999999999726e-01
1.006669999999999959e+03, 3.594579999999999997e-01
1.006679999999999950e+03, -1.042880000000000029e+00
1.006700000000000045e+03, -1.678109999999999991e+00
1.006720000000000027e+03, 1.779689999999999883e-01
1.006730000000000018e+03, -1.668119999999999881e-01
1.006750000000000000e+03, 3.016440000000000232e-01
1.006769999999999982e+03, 9.320089999999999764e-01
1.006779999999999973e+03, 2.428939999999999919e-02
1.006799999999999955e+03, -4.059989999999999988e-01
1.006820000000000050e+03, -7.842510000000000314e-01
1.006830000000000041e+03, 4.810920000000000196e-01
1.006850000000000023e+03, -6.254499999999999504e-01
1.006870000000000005e+03, 4.234229999999999938e-01
1.006879999999999995e+03, 1.504149999999999932e-01
1.006899999999999977e+03, -1.115529999999999994e-01
1.006919999999999959e+03, -1.077320000000000014e-02
1.006929999999999950e+03, 1.463079999999999936e-01
1.006950000000000045e+03, -1.001880000000000104e+00
1.006970000000000027e+03, 8.464030000000000165e-01
1.006980000000000018e+03, 1.694289999999999963e-01
1.007000000000000000e+03, 1.002709999999999990e+00
1.007019999999999982e+03, -8.795119999999999605e-01
1.007029999999999973e+03, 3.093979999999999994e-02
1.007049999999999955e+03, 1.304319999999999924e+00
1.007070000000000050e+03, 1.919730000000000047e-01
1.007080000000000041e+03, -2.305149999999999810e+00
1.007100000000000023e+03, -6.879830000000000112e-01
1.007120000000000005e+03, -3.794879999999999920e-01
1.007129999999999995e+03, 1.261889999999999956e+00
1.007149999999999977e+03, 5.403869999999999507e-01
1.007169999999999959e+03, 3.355710000000000082e-01
1.007179999999999950e+03, -1.543420000000000014e+00
1.007200000000000045e+03, -9.558959999999999679e-02
1.007220000000000027e+03, 2.200979999999999881e-01
1.007230000000000018e+03, -5.080949999999999633e-01
1.007250000000000000e+03, -3.400960000000000094e-02
1.007269999999999982e+03, -1.467100000000000071e-01
1.007279999999999973e+03, 1.158050000000000024e+00
1.007299999999999955e+03, 3.258749999999999928e-03
1.007320000000000050e+03, -4.886170000000000097e-02
1.007330000000000041e+03, -8.941639999999999588e-01
1.007350000000000023e+03, -6.283159999999999856e-01
1.007370000000000005e+03, 5.351420000000000066e-01
1.007379999999999995e+03, 1.506570000000000131e-01
1.007399999999999977e+03, -2.861670000000000047e-01
1.007419999999999959e+03, 4.675190000000000179e-01
1.007429999999999950e+03, -9.812250000000000139e-01
1.007450000000000045e+03, -1.946569999999999911e+00
1.007470000000000027e+03, -2.320079999999999920e+00
1.007480000000000018e+03, 5.498300000000000409e-01
1.007500000000000000e+03, 8.966290000000000093e-01
1.007519999999999982e+03, 3.068560000000000176e-01
1.007529999999999973e+03, 2.246160000000000101e-01
1.007549999999999955e+03, 1.305269999999999930e+00
1.007570000000000050e+03, 6.014429999999999499e-01
1.007580000000000041e+03, -6.429019999999999735e-01
1.007600000000000023e+03, 7.555830000000000046e-01
1.007620000000000005e+03, 2.499029999999999863e-01
1.007629999999999995e+03, 1.087679999999999980e+00
1.007649999999999977e+03, -5.119399999999999507e-01
1.007669999999999959e+03, -1.634480000000000099e-01
1.007679999999999950e+03, -1.062840000000000007e+00
1.007700000000000045e+03, 7.540540000000000020e-01
1.007720000000000027e+03, -1.543519999999999892e-01
1.007730000000000018e+03, -2.798279999999999865e-02
1.007750000000000000e+03, 1.722590000000000066e+00
1.007769999999999982e+03, 1.142819999999999947e+00
1.007779999999999973e+03, 6.329919999999999991e-01
1.007799999999999955e+03, -1.100819999999999993e-01
1.007820000000000050e+03, -7.210539999999999727e-01
1.007830000000000041e+03, 1.548229999999999995e+00
1.007850000000000023e+03, 5.731209999999999916e-01
1.007870000000000005e+03, 2.274120000000000030e-01
1.007879999999999995e+03, -3.348229999999999817e-01
1.007899999999999977e+03, -1.488730000000000053e-01
1.007919999999999959e+03, -2.057469999999999910e+00
1.007929999999999950e+03, -1.244040000000000035e+00
1.007950000000000045e+03, -1.466749999999999998e-01
1.007970000000000027e+03, 6.263699999999999823e-01
1.007980000000000018e+03, 1.072570000000000051e-01
1.008000000000000000e+03, 2.520220000000000238e-01
1.008019999999999982e+03, 1.758819999999999828e-02
1.008029999999999973e+03, 4.673689999999999789e-01
1.008049999999999955e+03, 3.447930000000000161e-01
1.008070000000000050e+03, -3.847419999999999729e-01
1.008080000000000041e+03, -1.151299999999999990e+00
1.008100000000000023e+03, -1.241640000000000077e+00
1.008120000000000005e+03, 3.302160000000000095e-01
1.008129999999999995e+03, 1.277930000000000010e+00
1.008149999999999977e+03, -4.369390000000000218e-01
1.008169999999999959e+03, -1.161540000000000017e+00
1.008179999999999950e+03, 1.578780000000000072e+00
1.008200000000000045e+03, 1.533309999999999951e+00
1.008220000000000027e+03, -6.847580000000000333e-02
1.008230000000000018e+03, -1.216150000000000064e+00
1.008250000000000000e+03, 9.631889999999999619e-01
1.008269999999999982e+03, -2.880079999999999862e-01
1.008279999999999973e+03, 2.602510000000000101e-01
1.008299999999999955e+03, -1.366479999999999917e-01
1.008320000000000050e+03, 1.425150000000000028e-01
1.008330000000000041e+03, -2.748070000000000235e-01
1.008350000000000023e+03, -4.728760000000000185e-01
1.008370000000000005e+03, -1.495910000000000017e-01
1.008379999999999995e+03, 8.240579999999999572e-01
1.008399999999999977e+03, 3.125269999999999992e-01
1.008419999999999959e+03, 4.716349999999999709e-02
1.008429999999999950e+03, 5.950020000000000309e-01
1.008450000000000045e+03, 9.795639999999999903e-01
1.008470000000000027e+03, 5.164590000000000014e-01
1.008480000000000018e+03, 7.157419999999999893e-01
1.008500000000000000e+03, -1.199840000000000018e+00
1.008519999999999982e+03, -8.383829999999999893e-01
1.008529999999999973e+03, -5.638119999999999798e-01
1.008549999999999955e+03, 2.891929999999999779e-01
1.008570000000000050e+03, -1.607439999999999980e-01
1.008580000000000041e+03, -3.652619999999999756e-01
1.008600000000000023e+03, 1.707710000000000061e-01
1.008620000000000005e+03, 3.726700000000000013e-01
1.008629999999999995e+03, -2.159269999999999801e+00
1.008649999999999977e+03, 1.114540000000000086e+00
1.008669999999999959e+03, -9.004769999999999719e-01
1.008679999999999950e+03, 1.139180000000000081e+00
1.008700000000000045e+03, -1.321979999999999933e+00
1.008720000000000027e+03, -6.796750000000000291e-01
1.008730000000000018e+03, 3.559620000000000006e-01
1.008750000000000000e+03, 7.281410000000000382e-01
1.008769999999999982e+03, 3.637210000000000165e-01
1.008779999999999973e+03, -6.396359999999999824e-01
1.008799999999999955e+03, -1.197689999999999921e+00
1.008820000000000050e+03, -3.691459999999999742e-01
1.008830000000000041e+03, 4.447010000000000372e-03
1.008850000000000023e+03, 5.309810000000000363e-01
1.008870000000000005e+03, -4.780920000000000170e-01
1.008879999999999995e+03, -7.772489999999999677e-01
1.008899999999999977e+03, 4.299029999999999796e-01
1.008919999999999959e+03, -2.584130000000000038e-01
1.008929999999999950e+03, 4.796560000000000268e-01
1.008950000000000045e+03, -3.488459999999999894e-01
1.008970000000000027e+03, 7.389550000000000285e-01
1.008980000000000018e+03, -7.047130000000000338e-01
1.009000000000000000e+03, -1.293819999999999970e+00
1.009019999999999982e+03, -7.810849999999999738e-02
1.009029999999999973e+03, -4.462519999999999820e-01
1.009049999999999955e+03, 4.461149999999999838e-01
1.009070000000000050e+03, 2.488309999999999966e-01
1.009080000000000041e+03, 6.014169999999999933e-02
1.009100000000000023e+03, -1.823349999999999971e-02
1.009120000000000005e+03, 1.859159999999999924e+00
1.009129999999999995e+03, 3.891459999999999919e-01
1.009149999999999977e+03, -8.654319999999999791e-01
1.009169999999999959e+03, 3.161900000000000266e-01
1.009179999999999950e+03, -8.054270000000000040e-01
1.009200000000000045e+03, 1.643259999999999943e+00
1.009220000000000027e+03, 1.832850000000000090e+00
1.009230000000000018e+03, 4.235160000000000036e-01
1.009250000000000000e+03, -9.750410000000000466e-01
1.009269999999999982e+03, 8.765090000000000381e-02
1.009279999999999973e+03, 2.590930000000000177e-01
1.009299999999999955e+03, -9.786620000000000319e-01
1.009320000000000050e+03, -5.574210000000000553e-01
1.009330000000000041e+03, 4.386959999999999749e-01
1.009350000000000023e+03, -7.842289999999999539e-01
1.009370000000000005e+03, 7.414020000000000055e-01
1.009379999999999995e+03, 5.853319999999999634e-01
1.009399999999999977e+03, -5.783930000000000460e-01
1.009419999999999959e+03, -1.493009999999999948e+00
1.009429999999999950e+03, -1.251279999999999948e+00
1.009450000000000045e+03, 1.050769999999999982e+00
1.009470000000000027e+03, 8.720489999999999631e-01
1.009480000000000018e+03, 1.229899999999999993e+00
1.009500000000000000e+03, -8.689430000000000209e-01
1.009519999999999982e+03, 8.006849999999999801e-01
1.009529999999999973e+03, 3.756149999999999767e-01
1.009549999999999955e+03, -2.637800000000000145e-01
1.009570000000000050e+03, 1.868029999999999968e-01
1.009580000000000041e+03, 9.859520000000000506e-01
1.009600000000000023e+03, -8.040699999999999514e-01
1.009620000000000005e+03, -6.362560000000000437e-01
1.009629999999999995e+03, -9.665460000000000163e-01
1.009649999999999977e+03, -5.668750000000000178e-01
1.009669999999999959e+03, 1.899629999999999930e+00
1.009679999999999950e+03, 1.208250000000000046e+00
1.009700000000000045e+03, -9.247520000000000184e-01
1.009720000000000027e+03, -1.464920000000000000e+00
1.009730000000000018e+03, -4.239760000000000195e-01
1.009750000000000000e+03, -9.590180000000000371e-01
1.009769999999999982e+03, 1.592419999999999947e+00
1.009779999999999973e+03, 9.865000000000000435e-01
1.009799999999999955e+03, 6.380639999999999645e-01
1.009820000000000050e+03, 5.488220000000000320e-01
1.009830000000000041e+03, 1.241249999999999992e-01
1.009850000000000023e+03, 5.265180000000000415e-01
1.009870000000000005e+03, -1.281290000000000040e+00
1.009879999999999995e+03, -2.572200000000000042e-01
1.009899999999999977e+03, -6.552550000000000041e-02
1.009919999999999959e+03, -7.440349999999999742e-02
1.009929999999999950e+03, -5.999179999999999513e-01
1.009950000000000045e+03, 4.863230000000000053e-01
1.009970000000000027e+03, 6.149369999999999559e-01
1.009980000000000018e+03, -6.715229999999999810e-01
1.010000000000000000e+03, -8.605629999999999669e-01
1.010019999999999982e+03, 3.663270000000000137e-01
1.010029999999999973e+03, 3.807570000000000121e-01
1.010049999999999955e+03, -4.387730000000000241e-01
1.010070000000000050e+03, -4.339129999999999932e-01
1.010080000000000041e+03, -8.092080000000000384e-01
1.010100000000000023e+03, -1.959519999999999929e+00
1.010120000000000005e+03, 2.139000000000000068e-01
1.010129999999999995e+03, 1.120000000000000107e+00
1.010149999999999977e+03, -1.561329999999999940e-01
1.010169999999999959e+03, 1.461320000000000119e-01
1.010179999999999950e+03, -1.905940000000000134e-01
1.010200000000000045e+03, -5.210000000000000187e-01
1.010220000000000027e+03, -9.432329999999999881e-01
1.010230000000000018e+03, 1.669069999999999998e-01
1.010250000000000000e+03, -1.972980000000000012e-01
1.010269999999999982e+03, -7.291580000000000283e-02
1.010279999999999973e+03, -7.672560000000000491e-01
1.010299999999999955e+03, -2.238080000000000069e-01
1.010320000000000050e+03, 8.990650000000000031e-01
1.010330000000000041e+03, -6.261919999999999709e-01
1.010350000000000023e+03, -2.006660000000000110e+00
1.010370000000000005e+03, -1.320189999999999975e+00
1.010379999999999995e+03, -1.961940000000000017e+00
1.010399999999999977e+03, 1.226430000000000020e-01
1.010419999999999959e+03, 1.838430000000000009e+00
1.010429999999999950e+03, 1.819299999999999917e+00
1.010450000000000045e+03, 1.430209999999999981e+00
1.010470000000000027e+03, 2.958109999999999906e-01
1.010480000000000018e+03, -1.314629999999999965e+00
1.010500000000000000e+03, -8.528810000000000002e-01
1.010519999999999982e+03, -2.942799999999999860e-01
1.010529999999999973e+03, 1.653880000000000017e+00
1.010549999999999955e+03, -6.941640000000000033e-01
1.010570000000000050e+03, 4.502559999999999896e-01
1.010580000000000041e+03, 2.102100000000000080e-01
1.010600000000000023e+03, -1.163819999999999993e-01
1.010620000000000005e+03, 5.893880000000000230e-01
1.010629999999999995e+03, 7.765680000000000360e-01
1.010649999999999977e+03, -6.290540000000000020e-01
1.010669999999999959e+03, 3.196220000000000172e-01
1.010679999999999950e+03, -9.305099999999999483e-01
1.010700000000000045e+03, 4.024449999999999972e-01
1.010720000000000027e+03, 1.338419999999999943e+00
1.010730000000000018e+03, 9.867890000000000272e-01
1.010750000000000000e+03, -1.169159999999999977e+00
1.010769999999999982e+03, -1.236539999999999973e+00
1.010779999999999973e+03, 3.417209999999999970e-01
1.010799999999999955e+03, -7.328550000000000342e-01
1.010820000000000050e+03, 2.977009999999999934e-01
1.010830000000000041e+03, -1.714140000000000108e-01
1.010850000000000023e+03, -6.521029999999999882e-01
1.010870000000000005e+03, 2.050879999999999925e-01
1.010879999999999995e+03, 9.137230000000000352e-02
1.010899999999999977e+03, -1.031429999999999986e-01
1.010919999999999959e+03, 1.139520000000000088e+00
1.010929999999999950e+03, 1.016170000000000018e+00
1.010950000000000045e+03, -3.487009999999999832e-01
1.010970000000000027e+03, 7.937619999999999676e-01
1.010980000000000018e+03, -1.308629999999999960e+00
1.011000000000000000e+03, -2.734050000000000022e-02
1.011019999999999982e+03, 2.682660000000000045e-01
1.011029999999999973e+03, 7.749319999999999542e-01
1.011049999999999955e+03, 4.932329999999999770e-01
1.011070000000000050e+03, -6.896569999999999645e-01
1.011080000000000041e+03, -8.360049999999999981e-01
1.011100000000000023e+03, 2.542169999999999846e-02
1.011120000000000005e+03, 7.627119999999999456e-01
1.011129999999999995e+03, 5.754669999999999508e-01
1.011149999999999977e+03, -6.464029999999999498e-01
1.011169999999999959e+03, 5.694889999999999675e-02
1.011179999999999950e+03, 4.664309999999999845e-01
1.011200000000000045e+03, 8.827249999999999819e-01
1.011220000000000027e+03, 6.980119999999999658e-01
1.011230000000000018e+03, -9.792579999999999341e-02
1.011250000000000000e+03, 3.655769999999999853e-01
1.011269999999999982e+03, -1.183419999999999916e+00
1.011279999999999973e+03, -1.407599999999999962e+00
1.011299999999999955e+03, -7.767150000000000443e-01
1.011320000000000050e+03, -2.264940000000000009e-01
1.011330000000000041e+03, -4.141900000000000026e-01
1.011350000000000023e+03, 9.400870000000000060e-01
1.011370000000000005e+03, 4.874669999999999837e-01
1.011379999999999995e+03, 2.086840000000000084e-01
1.011399999999999977e+03, -6.920030000000000348e-01
1.011419999999999959e+03, 4.390819999999999723e-01
1.011429999999999950e+03, -1.819570000000000076e-01
1.011450000000000045e+03, -3.756639999999999979e-01
1.011470000000000027e+03, 6.382599999999999385e-02
1.011480000000000018e+03, -6.246129999999999738e-01
1.011500000000000000e+03, 3.755410000000000137e-01
1.011519999999999982e+03, 6.729850000000000554e-01
1.011529999999999973e+03, 5.679629999999999956e-01
1.011549999999999955e+03, -8.294219999999999371e-02
1.011570000000000050e+03, 4.209669999999999801e-01
1.011580000000000041e+03, 8.615350000000000508e-01
1.011600000000000023e+03, 1.995460000000000012e-01
1.011620000000000005e+03, -3.578749999999999987e-01
1.011629999999999995e+03, -4.492569999999999897e-02
1.011649999999999977e+03, 1.424209999999999976e+00
1.011669999999999959e+03, 9.088110000000000632e-02
1.011679999999999950e+03, -3.734979999999999967e-01
1.011700000000000045e+03, -9.829160000000000119e-01
1.011720000000000027e+03, -3.564470000000000138e-01
1.011730000000000018e+03, 2.437549999999999994e-01
1.011750000000000000e+03, -2.744730000000000225e-01
1.011769999999999982e+03, -1.321749999999999980e+00
1.011779999999999973e+03, 4.514940000000000064e-01
1.011799999999999955e+03, 7.077630000000000310e-01
1.011820000000000050e+03, 1.000089999999999923e+00
1.011830000000000041e+03, 7.691340000000000676e-02
1.011850000000000023e+03, -2.576320000000000277e-01
1.011870000000000005e+03, 1.665220000000000034e-01
1.011879999999999995e+03, 3.192710000000000270e-01
1.011899999999999977e+03, -1.711729999999999974e+00
1.011919999999999959e+03, -1.116800000000000015e+00
1.011929999999999950e+03, 2.154169999999999974e-01
1.011950000000000045e+03, 3.608149999999999968e-01
1.011970000000000027e+03, -3.106059999999999932e-01
1.011980000000000018e+03, 9.946139999999999981e-01
1.012000000000000000e+03, 9.557409999999999517e-01
1.012019999999999982e+03, -1.506429999999999991e-01
1.012029999999999973e+03, -2.044959999999999833e-02
1.012049999999999955e+03, -1.373650000000000038e+00
1.012070000000000050e+03, -2.984379999999999811e-01
1.012080000000000041e+03, -7.778319999999999679e-01
1.012100000000000023e+03, 4.175789999999999780e-01
1.012120000000000005e+03, 1.567209999999999992e+00
1.012129999999999995e+03, -3.885290000000000011e-03
1.012149999999999977e+03, -8.518940000000000401e-01
1.012169999999999959e+03, -1.089800000000000102e+00
1.012179999999999950e+03, -4.342210000000000236e-01
1.012200000000000045e+03, 8.896249999999999991e-01
1.012220000000000027e+03, 3.034120000000000150e-01
1.012230000000000018e+03, -1.330089999999999995e+00
1.012250000000000000e+03, -1.729509999999999936e-01
1.012269999999999982e+03, 8.073489999999999833e-01
1.012279999999999973e+03, 9.631280000000000396e-02
1.012299999999999955e+03, 3.024949999999999861e-02
1.012320000000000050e+03, -1.105769999999999920e+00
1.012330000000000041e+03, -8.115820000000000256e-01
1.012350000000000023e+03, 1.455440000000000067e+00
1.012370000000000005e+03, 1.755100000000000104e+00
1.012379999999999995e+03, 4.134439999999999782e-01
1.012399999999999977e+03, -7.289560000000000484e-01
1.012419999999999959e+03, -6.227519999999999722e-01
1.012429999999999950e+03, 4.537249999999999894e-01
1.012450000000000045e+03, -6.850039999999999463e-01
1.012470000000000027e+03, 6.130750000000000088e-02
1.012480000000000018e+03, -8.768930000000000335e-01
1.012500000000000000e+03, -1.261430000000000051e+00
1.012519999999999982e+03, -1.963060000000000083e-01
1.012529999999999973e+03, -4.477710000000000197e-03
1.012549999999999955e+03, 7.587099999999999400e-02
1.012570000000000050e+03, 8.316179999999999684e-01
1.012580000000000041e+03, 7.399680000000000146e-02
1.012600000000000023e+03, -7.412480000000000180e-01
1.012620000000000005e+03, -8.712870000000000337e-01
1.012629999999999995e+03, -7.586779999999999635e-01
1.012649999999999977e+03, 9.613589999999999636e-01
1.012669999999999959e+03, 3.955310000000000215e-01
1.012679999999999950e+03, 1.744539999999999980e+00
1.012700000000000045e+03, -1.343900000000000095e-01
1.012720000000000027e+03, 2.369900000000000131e-02
1.012730000000000018e+03, -3.048779999999999824e-01
1.012750000000000000e+03, -5.111369999999999525e-01
1.012769999999999982e+03, -1.427389999999999937e+00
1.012779999999999973e+03, 5.428790000000000004e-01
1.012799999999999955e+03, 5.624259999999999815e-01
1.012820000000000050e+03, 1.677149999999999919e+00
1.012830000000000041e+03, 8.439130000000000242e-01
1.012850000000000023e+03, 7.014620000000000299e-01
1.012870000000000005e+03, -4.052520000000000011e-01
1.012879999999999995e+03, -1.724879999999999969e+00
1.012899999999999977e+03, -1.710099999999999953e+00
1.012919999999999959e+03, -8.856650000000000633e-02
1.012929999999999950e+03, 4.002709999999999879e-01
1.012950000000000045e+03, 5.812119999999999509e-01
1.012970000000000027e+03, 2.847589999999999844e-01
1.012980000000000018e+03, -1.182509999999999950e+00
1.013000000000000000e+03, -6.169130000000000447e-01
1.013019999999999982e+03, -1.185200000000000031e+00
1.013029999999999973e+03, 1.199440000000000062e+00
1.013049999999999955e+03, 5.533550000000000413e-01
1.013070000000000050e+03, 5.373860000000000303e-01
1.013080000000000041e+03, 2.267000000000000126e-01
1.013100000000000023e+03, 8.020260000000000167e-01
1.013120000000000005e+03, 1.572130000000000027e+00
1.013129999999999995e+03, -5.345110000000000139e-02
1.013149999999999977e+03, 1.434719999999999884e-01
1.013169999999999959e+03, -9.893720000000000292e-01
1.013179999999999950e+03, 6.348040000000000349e-01
1.013200000000000045e+03, 1.452509999999999968e+00
1.013220000000000027e+03, 4.040090000000000070e-01
1.013230000000000018e+03, 9.156830000000000247e-01
1.013250000000000000e+03, 1.374650000000000039e-01
1.013269999999999982e+03, -1.392640000000000100e+00
1.013279999999999973e+03, 8.152420000000000500e-02
1.013299999999999955e+03, 4.822890000000000232e-01
1.013320000000000050e+03, 6.250040000000000040e-01
1.013330000000000041e+03, -7.358290000000000664e-02
1.013350000000000023e+03, -9.830550000000000122e-01
1.013370000000000005e+03, -7.884200000000000097e-01
1.013379999999999995e+03, -3.494689999999999741e-01
1.013399999999999977e+03, 1.208730000000000082e+00
1.013419999999999959e+03, -5.546069999999999611e-01
1.013429999999999950e+03, -4.756950000000000067e-02
1.013450000000000045e+03, -1.035890000000000005e-01
1.013470000000000027e+03, 5.433099999999999596e-01
1.013480000000000018e+03, 9.019040000000000390e-01
1.013500000000000000e+03, -3.452359999999999873e-01
1.013519999999999982e+03, -9.458980000000000166e-01
1.013529999999999973e+03, -8.097539999999999738e-01
1.013549999999999955e+03, -3.047630000000000061e-01
1.013570000000000050e+03, -7.208700000000000108e-01
1.013580000000000041e+03, 7.031650000000000400e-02
1.013600000000000023e+03, 7.747309999999999475e-01
1.013620000000000005e+03, 3.768549999999999955e-01
1.013629999999999995e+03, 5.027230000000000310e-01
1.013649999999999977e+03, 1.030660000000000048e-01
1.013669999999999959e+03, 1.613019999999999898e+00
1.013679999999999950e+03, -8.150730000000000475e-01
1.013700000000000045e+03, -1.540599999999999969e+00
1.013720000000000027e+03, -7.089659999999999851e-01
1.013730000000000018e+03, -7.859300000000000175e-01
1.013750000000000000e+03, 6.304239999999999844e-01
1.013769999999999982e+03, 6.238769999999999732e-02
1.013779999999999973e+03, 4.127730000000000010e-01
1.013799999999999955e+03, -7.777020000000000044e-01
1.013820000000000050e+03, 3.906370000000000120e-01
1.013830000000000041e+03, 5.666600000000000525e-01
1.013850000000000023e+03, -3.231499999999999928e-01
1.013870000000000005e+03, 2.679619999999999780e-01
1.013879999999999995e+03, -6.327779999999999516e-01
1.013899999999999977e+03, -1.697959999999999914e+00
1.013919999999999959e+03, 5.044429999999999747e-01
1.013929999999999950e+03, 3.805359999999999854e-01
1.013950000000000045e+03, 1.389369999999999994e+00
1.013970000000000027e+03, 7.960829999999999851e-01
1.013980000000000018e+03, -1.214730000000000020e-03
1.014000000000000000e+03, -1.866230000000000111e-01
1.014019999999999982e+03, -8.752760000000000540e-01
1.014029999999999973e+03, -8.524469999999999548e-01
1.014049999999999955e+03, 2.298749999999999960e-01
1.014070000000000050e+03, -2.762430000000000163e-01
1.014080000000000041e+03, 1.413370000000000015e+00
1.014100000000000023e+03, 3.605099999999999971e-01
1.014120000000000005e+03, 4.488559999999999772e-01
1.014129999999999995e+03, -9.161070000000000046e-01
1.014149999999999977e+03, -4.605710000000000082e-01
1.014169999999999959e+03, -4.080989999999999895e-01
1.014179999999999950e+03, 2.406179999999999986e-01
1.014200000000000045e+03, 1.317300000000000137e-01
1.014220000000000027e+03, 3.237229999999999830e-01
1.014230000000000018e+03, 2.179770000000000041e-01
1.014250000000000000e+03, 8.042219999999999924e-01
1.014269999999999982e+03, 3.244960000000000067e-01
1.014279999999999973e+03, 3.693870000000000209e-01
1.014299999999999955e+03, 1.820959999999999912e+00
1.014320000000000050e+03, -7.701590000000000380e-01
1.014330000000000041e+03, 1.847029999999999950e+00
1.014350000000000023e+03, 3.589550000000000241e-01
1.014370000000000005e+03, 5.948259999999999659e-02
1.014379999999999995e+03, 3.221080000000000054e-01
1.014399999999999977e+03, 3.559860000000000246e-01
1.014419999999999959e+03, 5.098889999999999673e-02
1.014429999999999950e+03, -6.113439999999999985e-01
1.014450000000000045e+03, -1.575519999999999976e-01
1.014470000000000027e+03, -9.551690000000000180e-02
1.014480000000000018e+03, 1.168330000000000091e+00
1.014500000000000000e+03, 1.079119999999999940e-01
1.014519999999999982e+03, -1.494540000000000035e-01
1.014529999999999973e+03, -4.551520000000000010e-01
1.014549999999999955e+03, 8.450590000000000046e-01
1.014570000000000050e+03, -5.335750000000000215e-01
1.014580000000000041e+03, 7.715509999999999868e-01
1.014600000000000023e+03, 2.619260000000000144e+00
1.014620000000000005e+03, 1.587689999999999935e-01
1.014629999999999995e+03, -1.193380000000000107e+00
1.014649999999999977e+03, -3.499399999999999733e-01
1.014669999999999959e+03, -1.449480000000000102e+00
1.014679999999999950e+03, 2.809479999999999755e-01
1.014700000000000045e+03, -9.603730000000000322e-01
1.014720000000000027e+03, -1.598890000000000033e-01
1.014730000000000018e+03, -4.558880000000000154e-01
1.014750000000000000e+03, -6.190550000000000219e-01
1.014769999999999982e+03, -1.050389999999999935e-01
1.014779999999999973e+03, 1.858729999999999993e+00
1.014799999999999955e+03, 5.231360000000000454e-01
1.014820000000000050e+03, 2.013450000000000184e+00
1.014830000000000041e+03, -1.068689999999999918e+00
1.014850000000000023e+03, -4.223540000000000072e-01
1.014870000000000005e+03, 5.605310000000000015e-01
1.014879999999999995e+03, 3.357510000000000217e-01
1.014899999999999977e+03, 2.350309999999999899e-01
1.014919999999999959e+03, -1.045579999999999954e+00
1.014929999999999950e+03, -1.276180000000000092e+00
1.014950000000000045e+03, 1.164309999999999956e+00
1.014970000000000027e+03, 8.358470000000000066e-01
1.014980000000000018e+03, 7.067769999999999608e-02
1.015000000000000000e+03, -1.087909999999999988e-01
1.015019999999999982e+03, 5.804369999999999669e-02
1.015029999999999973e+03, -9.766000000000000236e-01
1.015049999999999955e+03, -7.418569999999999887e-01
1.015070000000000050e+03, -6.096829999999999750e-01
1.015080000000000041e+03, 8.148670000000000080e-01
1.015100000000000023e+03, -1.282719999999999971e-01
1.015120000000000005e+03, -1.995200000000000029e-01
1.015129999999999995e+03, -5.495769999999999822e-01
1.015149999999999977e+03, -2.632430000000000048e-01
1.015169999999999959e+03, 1.055309999999999970e+00
1.015179999999999950e+03, -1.117250000000000076e+00
1.015200000000000045e+03, -4.481390000000000096e-01
1.015220000000000027e+03, -6.460510000000000419e-01
1.015230000000000018e+03, 1.051279999999999992e+00
1.015250000000000000e+03, 1.370500000000000052e+00
1.015269999999999982e+03, -7.150300000000000544e-01
1.015279999999999973e+03, -2.786649999999999960e-01
1.015299999999999955e+03, -1.363760000000000083e+00
1.015320000000000050e+03, -1.018069999999999947e-01
1.015330000000000041e+03, 3.725769999999999915e-01
1.015350000000000023e+03, 4.810679999999999956e-01
1.015370000000000005e+03, -6.565860000000000030e-01
1.015379999999999995e+03, -4.727259999999999796e-01
1.015399999999999977e+03, -7.198769999999999891e-01
1.015419999999999959e+03, 3.590419999999999723e-01
1.015429999999999950e+03, -1.094929999999999959e+00
1.015450000000000045e+03, 1.277139999999999942e-01
1.015470000000000027e+03, -6.546039999999999637e-01
1.015480000000000018e+03, 4.217409999999999770e-01
1.015500000000000000e+03, -5.892819999999999725e-01
1.015519999999999982e+03, 6.654330000000000522e-01
1.015529999999999973e+03, -2.684920000000000084e-01
1.015549999999999955e+03, 2.939910000000000023e-01
1.015570000000000050e+03, 3.264059999999999739e-01
1.015580000000000041e+03, 7.633180000000000520e-02
1.015600000000000023e+03, 6.538339999999999430e-02
1.015620000000000005e+03, 6.674729999999999830e-01
1.015629999999999995e+03, -4.751239999999999908e-01
1.015649999999999977e+03, 1.970469999999999999e-01
1.015669999999999959e+03, 3.243950000000000305e-02
1.015679999999999950e+03, -5.616589999999999777e-02
1.015700000000000045e+03, -1.242400000000000032e-01
1.015720000000000027e+03, -1.610509999999999997e-01
1.015730000000000018e+03, 9.581410000000000204e-01
1.015750000000000000e+03, -2.713260000000000116e-01
1.015769999999999982e+03, 1.795570000000000152e-02
1.015779999999999973e+03, 1.038720000000000088e+00
1.015799999999999955e+03, 1.137360000000000038e-01
1.015820000000000050e+03, -2.779650000000000176e-01
1.015830000000000041e+03, -7.654250000000000220e-01
1.015850000000000023e+03, -1.328610000000000069e-01
1.015870000000000005e+03, -1.212909999999999933e+00
1.015879999999999995e+03, 1.661430000000000129e-01
1.015899999999999977e+03, 9.664260000000000073e-01
1.015919999999999959e+03, 9.076980000000000048e-01
1.015929999999999950e+03, -9.143440000000000456e-01
1.015950000000000045e+03, 3.484749999999999792e-01
1.015970000000000027e+03, 3.100499999999999923e-01
1.015980000000000018e+03, -6.393069999999999586e-01
1.016000000000000000e+03, -6.862850000000000339e-01
1.016019999999999982e+03, -1.911879999999999968e-01
1.016029999999999973e+03, 1.181619999999999893e+00
1.016049999999999955e+03, -4.209780000000000189e-01
1.016070000000000050e+03, 1.658020000000000049e+00
1.016080000000000041e+03, 3.016559999999999797e-01
1.016100000000000023e+03, -1.797209999999999919e-01
1.016120000000000005e+03, 4.654829999999999801e-01
1.016129999999999995e+03, 2.909940000000000096e-02
1.016149999999999977e+03, -9.344080000000000163e-01
1.016169999999999959e+03, -1.129990000000000050e+00
1.016179999999999950e+03, 3.798579999999999735e-01
1.016200000000000045e+03, 9.283869999999999623e-01
1.016220000000000027e+03, -6.357709999999999750e-01
1.016230000000000018e+03, -1.825579999999999981e-01
1.016250000000000000e+03, -7.610970000000000235e-01
1.016269999999999982e+03, -6.540470000000000450e-01
1.016279999999999973e+03, -1.742899999999999918e-03
1.016299999999999955e+03, 1.080219999999999958e+00
1.016320000000000050e+03, 2.363169999999999993e-01
1.016330000000000041e+03, 8.888099999999999890e-01
1.016350000000000023e+03, 2.004259999999999931e-01
1.016370000000000005e+03, -4.617499999999999938e-01
1.016379999999999995e+03, 3.936379999999999879e-01
1.016399999999999977e+03, -2.540799999999999725e-01
1.016419999999999959e+03, -5.965120000000000422e-01
1.016429999999999950e+03, -5.479380000000000361e-01
1.016450000000000045e+03, -1.342600000000000016e+00
1.016470000000000027e+03, 3.639629999999999810e-01
1.016480000000000018e+03, 4.946909999999999918e-01
1.016500000000000000e+03, 1.784659999999999913e+00
1.016519999999999982e+03, 1.123790000000000067e+00
1.016529999999999973e+03, -3.323820000000000108e-01
1.016549999999999955e+03, 2.247640000000000082e+00
1.016570000000000050e+03, 7.989849999999999730e-02
1.016580000000000041e+03, 4.298230000000000106e-01
1.016600000000000023e+03, -1.838180000000000092e-01
1.016620000000000005e+03, -6.905350000000000099e-01
1.016629999999999995e+03, 2.150250000000000078e-02
1.016649999999999977e+03, 8.293779999999999486e-01
1.016669999999999959e+03, -6.619559999999999889e-01
1.016679999999999950e+03, -1.336980000000000057e+00
1.016700000000000045e+03, -1.905419999999999892e+00
1.016720000000000027e+03, -1.508860000000000090e+00
1.016730000000000018e+03, -8.578949999999999632e-01
1.016750000000000000e+03, -7.592680000000000540e-01
1.016769999999999982e+03, 5.074629999999999974e-01
1.016779999999999973e+03, 1.333489999999999953e-01
1.016799999999999955e+03, -5.112780000000000102e-01
1.016820000000000050e+03, 2.520410000000000150e-01
1.016830000000000041e+03, 4.083860000000000268e-01
1.016850000000000023e+03, 2.130299999999999971e-01
1.016870000000000005e+03, 1.082300000000000040e+00
1.016879999999999995e+03, 1.988399999999999890e-01
1.016899999999999977e+03, -1.521069999999999922e-01
1.016919999999999959e+03, 4.024559999999999943e-03
1.016929999999999950e+03, 1.500620000000000065e+00
1.016950000000000045e+03, 7.839129999999999709e-01
1.016970000000000027e+03, -7.698019999999999863e-02
1.016980000000000018e+03, -1.647860000000000102e+00
1.017000000000000000e+03, -5.170069999999999943e-01
1.017019999999999982e+03, -2.151909999999999934e-01
1.017029999999999973e+03, 1.070519999999999916e+00
1.017049999999999955e+03, -4.104039999999999910e-01
1.017070000000000050e+03, 1.270100000000000007e+00
1.017080000000000041e+03, -7.726389999999999647e-01
1.017100000000000023e+03, -3.011809999999999765e-01
1.017120000000000005e+03, -5.720180000000000264e-01
1.017129999999999995e+03, 2.879539999999999877e-01
1.017149999999999977e+03, -1.198879999999999946e+00
1.017169999999999959e+03, -1.051039999999999974e+00
1.017179999999999950e+03, -1.017619999999999969e+00
1.017200000000000045e+03, 9.559849999999999737e-01
1.017220000000000027e+03, 4.996289999999999898e-01
1.017230000000000018e+03, 2.203079999999999927e+00
1.017250000000000000e+03, -9.605209999999999582e-01
1.017269999999999982e+03, -1.129920000000000035e+00
1.017279999999999973e+03, -1.220949999999999980e+00
1.017299999999999955e+03, -5.463590000000000391e-01
1.017320000000000050e+03, 3.043910000000000227e-01
1.017330000000000041e+03, -1.334780000000000078e+00
1.017350000000000023e+03, 5.309939999999999660e-01
1.017370000000000005e+03, -3.202949999999999964e-01
1.017379999999999995e+03, -2.198239999999999916e-01
1.017399999999999977e+03, 1.127559999999999896e+00
1.017419999999999959e+03, 5.449960000000000360e-01
1.017429999999999950e+03, 2.197060000000000124e-01
1.017450000000000045e+03, 3.940400000000000014e-01
1.017470000000000027e+03, 2.091889999999999805e+00
1.017480000000000018e+03, -6.599700000000000011e-03
1.017500000000000000e+03, -1.240380000000000038e+00
1.017519999999999982e+03, 8.581189999999999651e-01
1.017529999999999973e+03, -6.525339999999999474e-01
1.017549999999999955e+03, 3.476659999999999751e-01
1.017570000000000050e+03, -4.473500000000000254e-01
1.017580000000000041e+03, -3.773560000000000247e-01
1.017600000000000023e+03, 4.195130000000000248e-01
1.017620000000000005e+03, -3.161039999999999961e-01
1.017629999999999995e+03, -5.082659999999999956e-01
1.017649999999999977e+03, 6.625450000000000506e-01
1.017669999999999959e+03, -1.305770000000000097e+00
1.017679999999999950e+03, 1.668199999999999905e+00
1.017700000000000045e+03, 1.564880000000000049e+00
1.017720000000000027e+03, 8.182080000000000464e-01
1.017730000000000018e+03, 4.261949999999999766e-02
1.017750000000000000e+03, -4.749980000000000174e-02
1.017769999999999982e+03, -1.015239999999999920e+00
1.017779999999999973e+03, -7.512080000000000146e-02
1.017799999999999955e+03, -7.165489999999999915e-01
1.017820000000000050e+03, -1.252799999999999914e+00
1.017830000000000041e+03, -9.326470000000000038e-01
1.017850000000000023e+03, -6.639119999999999466e-01
1.017870000000000005e+03, -9.686669999999999447e-01
1.017879999999999995e+03, 1.736060000000000103e-01
1.017899999999999977e+03, 1.251710000000000100e+00
1.017919999999999959e+03, 4.852670000000000039e-01
1.017929999999999950e+03, -1.274899999999999922e-01
1.017950000000000045e+03, -8.754570000000000407e-01
1.017970000000000027e+03, 8.089819999999999789e-01
1.017980000000000018e+03, -6.809250000000000025e-02
1.018000000000000000e+03, -7.984310000000000018e-01
1.018019999999999982e+03, 1.712229999999999919e+00
1.018029999999999973e+03, -8.258250000000000313e-02
1.018049999999999955e+03, -1.239240000000000064e-01
1.018070000000000050e+03, -1.232440000000000063e-01
1.018080000000000041e+03, -2.370589999999999919e-01
1.018100000000000023e+03, -8.860689999999999955e-01
1.018120000000000005e+03, 4.479400000000000048e-01
1.018129999999999995e+03, -2.852239999999999776e-01
1.018149999999999977e+03, 8.053059999999999663e-01
1.018169999999999959e+03, 2.148460000000000092e-01
1.018179999999999950e+03, -2.999310000000000032e-01
1.018200000000000045e+03, 1.204659999999999932e-02
1.018220000000000027e+03, -3.523109999999999853e-01
1.018230000000000018e+03, -3.482649999999999912e-01
1.018250000000000000e+03, 5.972359999999999891e-01
1.018269999999999982e+03, -2.031890000000000085e-01
1.018279999999999973e+03, 1.492160000000000014e-02
1.018299999999999955e+03, 1.000830000000000108e+00
1.018320000000000050e+03, 7.797370000000000134e-01
1.018330000000000041e+03, -7.610850000000000115e-01
1.018350000000000023e+03, -4.805449999999999999e-01
1.018370000000000005e+03, -5.603669999999999485e-01
1.018379999999999995e+03, -1.080839999999999926e-02
1.018399999999999977e+03, 1.576770000000000116e-01
1.018419999999999959e+03, 1.549190000000000067e+00
1.018429999999999950e+03, 6.093499999999999472e-01
1.018450000000000045e+03, 1.315989999999999993e+00
1.018470000000000027e+03, -5.496889999999999832e-01
1.018480000000000018e+03, -8.018629999999999924e-01
1.018500000000000000e+03, -5.477349999999999719e-01
1.018519999999999982e+03, -3.562159999999999771e-01
1.018529999999999973e+03, 4.807519999999999849e-02
1.018549999999999955e+03, -4.241940000000000155e-01
1.018570000000000050e+03, 2.059390000000000109e-01
1.018580000000000041e+03, 6.316760000000000153e-01
1.018600000000000023e+03, 4.395000000000000018e-01
1.018620000000000005e+03, 1.447060000000000013e-01
1.018629999999999995e+03, 1.941840000000000011e+00
1.018649999999999977e+03, 2.787009999999999765e-01
1.018669999999999959e+03, 2.141560000000000130e-01
1.018679999999999950e+03, -4.380209999999999937e-01
1.018700000000000045e+03, -6.179629999999999845e-02
1.018720000000000027e+03, -1.403979999999999950e-01
1.018730000000000018e+03, -6.128289999999999571e-01
1.018750000000000000e+03, -4.553329999999999878e-01
1.018769999999999982e+03, -5.690579999999999528e-01
1.018779999999999973e+03, -3.925279999999999880e-01
1.018799999999999955e+03, -1.971630000000000049e-01
1.018820000000000050e+03, -1.900419999999999887e-01
1.018830000000000041e+03, 1.077439999999999953e+00
1.018850000000000023e+03, 4.437659999999999938e-01
1.018870000000000005e+03, -1.784000000000000030e+00
1.018879999999999995e+03, -3.266829999999999734e-02
1.018899999999999977e+03, -5.852600000000000025e-01
1.018919999999999959e+03, 6.642949999999999688e-01
1.018929999999999950e+03, -4.295350000000000001e-01
1.018950000000000045e+03, -6.771000000000000629e-02
1.018970000000000027e+03, -4.334600000000000120e-01
1.018980000000000018e+03, -1.954140000000000044e-02
1.019000000000000000e+03, 2.964879999999999738e-01
1.019019999999999982e+03, -1.409120000000000095e-01
1.019029999999999973e+03, 1.556850000000000067e+00
1.019049999999999955e+03, 2.498900000000000010e-01
1.019070000000000050e+03, 1.074230000000000018e+00
1.019080000000000041e+03, 4.375609999999999777e-01
1.019100000000000023e+03, -7.709439999999999626e-01
1.019120000000000005e+03, -3.163799999999999946e-01
1.019129999999999995e+03, -3.673429999999999751e-01
1.019149999999999977e+03, 6.046190000000000175e-01
1.019169999999999959e+03, 1.843990000000000018e+00
1.019179999999999950e+03, 1.621650000000000036e-01
1.019200000000000045e+03, -2.605060000000000153e-01
1.019220000000000027e+03, -9.527919999999999723e-01
1.019230000000000018e+03, -1.007050000000000001e+00
1.019250000000000000e+03, -1.550689999999999902e+00
1.019269999999999982e+03, -2.148710000000000064e-01
1.019279999999999973e+03, 4.324520000000000031e-01
1.019299999999999955e+03, -5.340549999999999464e-01
1.019320000000000050e+03, 3.069660000000000166e-01
1.019330000000000041e+03, -3.234230000000000160e-01
1.019350000000000023e+03, 7.224289999999999878e-01
1.019370000000000005e+03, -3.761909999999999976e-01
1.019379999999999995e+03, -3.287359999999999727e-01
1.019399999999999977e+03, 1.111990000000000034e+00
1.019419999999999959e+03, 1.324059999999999959e-01
1.019429999999999950e+03, -2.379010000000000014e-01
1.019450000000000045e+03, -1.578920000000000046e-01
1.019470000000000027e+03, -1.465019999999999989e+00
1.019480000000000018e+03, 1.952319999999999889e-01
1.019500000000000000e+03, -3.270020000000000149e-01
1.019519999999999982e+03, -2.171349999999999947e-01
1.019529999999999973e+03, 1.222430000000000044e-01
1.019549999999999955e+03, 5.044549999999999867e-01
1.019570000000000050e+03, 7.735319999999999974e-01
1.019580000000000041e+03, 7.477380000000000138e-01
1.019600000000000023e+03, -1.610049999999999981e+00
1.019620000000000005e+03, -1.508599999999999941e+00
1.019629999999999995e+03, -2.343820000000000070e-01
1.019649999999999977e+03, -4.141599999999999726e-01
1.019669999999999959e+03, 8.324949999999999850e-01
1.019679999999999950e+03, 5.385210000000000274e-01
1.019700000000000045e+03, 5.290390000000000370e-01
1.019720000000000027e+03, -7.959500000000000464e-01
1.019730000000000018e+03, -2.484629999999999894e-01
1.019750000000000000e+03, -2.273249999999999993e-01
1.019769999999999982e+03, -1.159319999999999934e-01
1.019779999999999973e+03, -3.044939999999999869e-01
1.019799999999999955e+03, 9.827709999999999502e-01
1.019820000000000050e+03, 5.152299999999999658e-01
1.019830000000000041e+03, 1.266019999999999923e-01
1.019850000000000023e+03, 1.634540000000000104e+00
1.019870000000000005e+03, -6.508080000000000531e-01
1.019879999999999995e+03, -7.111490000000000311e-01
1.019899999999999977e+03, -1.341509999999999980e+00
1.019919999999999959e+03, 1.260529999999999928e+00
1.019929999999999950e+03, 3.623540000000000094e-01
1.019950000000000045e+03, -7.010199999999999765e-01
1.019970000000000027e+03, -1.741620000000000112e-01
1.019980000000000018e+03, 1.490940000000000043e-01
1.020000000000000000e+03, 1.486169999999999991e+00
1.020019999999999982e+03, 1.183890000000000109e+00
1.020029999999999973e+03, 1.823790000000000022e+00
1.020049999999999955e+03, 4.065819999999999990e-01
1.020070000000000050e+03, -3.159969999999999724e-01
1.020080000000000041e+03, -2.417559999999999987e-01
1.020100000000000023e+03, 1.014939999999999953e+00
1.020120000000000005e+03, 2.427999999999999881e-01
1.020129999999999995e+03, -2.480120000000000102e-01
1.020149999999999977e+03, -6.495149999999999535e-01
1.020169999999999959e+03, -1.843069999999999986e-01
1.020179999999999950e+03, -9.985150000000000414e-01
1.020200000000000045e+03, -9.989470000000000294e-01
1.020220000000000027e+03, 1.718010000000000093e-01
1.020230000000000018e+03, -5.674310000000000187e-01
1.020250000000000000e+03, -6.005159999999999838e-03
1.020269999999999982e+03, -5.881039999999999705e-03
1.020279999999999973e+03, 9.049089999999999634e-01
1.020299999999999955e+03, 3.429160000000000107e-03
1.020320000000000050e+03, -6.123049999999999882e-01
1.020330000000000041e+03, -2.211690000000000045e-01
1.020350000000000023e+03, -5.750969999999999693e-01
1.020370000000000005e+03, -2.289179999999999993e+00
1.020379999999999995e+03, 8.826910000000000311e-03
1.020399999999999977e+03, 7.883970000000000145e-01
1.020419999999999959e+03, -3.764939999999999953e-01
1.020429999999999950e+03, 5.906930000000000236e-01
1.020450000000000045e+03, 7.942820000000000435e-01
1.020470000000000027e+03, 4.528110000000000190e-01
1.020480000000000018e+03, -7.521489999999999565e-01
1.020500000000000000e+03, -8.055660000000000043e-01
1.020519999999999982e+03, 1.224890000000000034e+00
1.020529999999999973e+03, -9.420610000000000095e-02
1.020549999999999955e+03, 2.841230000000000144e-02
1.020570000000000050e+03, -3.978590000000000182e-01
1.020580000000000041e+03, -1.089259999999999895e+00
1.020600000000000023e+03, -1.569630000000000081e+00
1.020620000000000005e+03, 6.457380000000000342e-01
1.020629999999999995e+03, 4.541399999999999881e-01
1.020649999999999977e+03, 8.303380000000000205e-01
1.020669999999999959e+03, -8.229649999999999466e-01
1.020679999999999950e+03, -1.454380000000000082e-02
1.020700000000000045e+03, -1.559919999999999918e-01
1.020720000000000027e+03, -6.720160000000000022e-02
1.020730000000000018e+03, 5.610509999999999664e-01
1.020750000000000000e+03, 5.235659999999999759e-01
1.020769999999999982e+03, 1.629919999999999980e-02
1.020779999999999973e+03, 5.207760000000000167e-01
1.020799999999999955e+03, 5.869619999999999838e-01
1.020820000000000050e+03, 1.052289999999999948e+00
1.020830000000000041e+03, 3.605579999999999896e-01
1.020850000000000023e+03, 7.587139999999999995e-01
1.020870000000000005e+03, -1.601259999999999906e-01
1.020879999999999995e+03, -2.298480000000000079e+00
1.020899999999999977e+03, -6.867400000000000171e-01
1.020919999999999959e+03, -2.578419999999999934e+00
1.020929999999999950e+03, 8.370049999999999990e-01
1.020950000000000045e+03, 7.319889999999999730e-02
1.020970000000000027e+03, 9.816960000000000131e-01
1.020980000000000018e+03, -9.689219999999999500e-01
1.021000000000000000e+03, 4.560779999999999695e-02
1.021019999999999982e+03, 2.306600000000000039e-01
1.021029999999999973e+03, -4.707379999999999898e-01
1.021049999999999955e+03, 7.350750000000000339e-01
1.021070000000000050e+03, 1.446939999999999893e+00
1.021080000000000041e+03, -1.159749999999999948e-01
1.021100000000000023e+03, 3.743929999999999758e-01
1.021120000000000005e+03, -1.397780000000000022e+00
1.021129999999999995e+03, -3.547870000000000190e-01
1.021149999999999977e+03, -9.882760000000000433e-01
1.021169999999999959e+03, 2.832259999999999778e-01
1.021179999999999950e+03, 2.519529999999999825e-01
1.021200000000000045e+03, -1.675759999999999916e+00
1.021220000000000027e+03, -7.947149999999999492e-01
1.021230000000000018e+03, -9.898820000000000396e-01
1.021250000000000000e+03, -2.841690000000000049e-01
1.021269999999999982e+03, -5.460479999999999778e-01
1.021279999999999973e+03, 4.216639999999999833e-01
1.021299999999999955e+03, -4.166369999999999796e-01
1.021320000000000050e+03, -3.254500000000000171e-01
1.021330000000000041e+03, 1.530169999999999864e-01
1.021350000000000023e+03, 1.030070000000000041e+00
1.021370000000000005e+03, 1.334440000000000071e+00
1.021379999999999995e+03, 8.832719999999999461e-01
1.021399999999999977e+03, 8.875929999999999653e-01
1.021419999999999959e+03, -5.620300000000000296e-01
1.021429999999999950e+03, 4.086499999999999855e-02
1.021450000000000045e+03, -5.289439999999999698e-01
1.021470000000000027e+03, -1.389299999999999979e+00
1.021480000000000018e+03, -1.398400000000000087e+00
1.021500000000000000e+03, -5.678180000000000449e-01
1.021519999999999982e+03, -1.119520000000000071e+00
1.021529999999999973e+03, 4.005130000000000079e-01
1.021549999999999955e+03, 4.559489999999999932e-01
1.021570000000000050e+03, 8.921449999999999658e-01
1.021580000000000041e+03, -2.833689999999999820e-01
1.021600000000000023e+03, -6.223790000000000155e-01
1.021620000000000005e+03, 1.685030000000000028e+00
1.021629999999999995e+03, 3.035539999999999905e-01
1.021649999999999977e+03, 1.151170000000000027e+00
1.021669999999999959e+03, 9.845730000000000315e-01
1.021679999999999950e+03, -2.782990000000000186e-01
1.021700000000000045e+03, -5.836240000000000316e-01
1.021720000000000027e+03, -4.673749999999999849e-01
1.021730000000000018e+03, -1.202350000000000030e+00
1.021750000000000000e+03, 4.221989999999999910e-01
1.021769999999999982e+03, 2.448839999999999906e-01
1.021779999999999973e+03, 1.616540000000000088e+00
1.021799999999999955e+03, 1.262169999999999959e-01
1.021820000000000050e+03, -1.787249999999999950e-01
1.021830000000000041e+03, -7.102709999999999857e-01
1.021850000000000023e+03, -5.587210000000000232e-01
1.021870000000000005e+03, 1.302159999999999984e-01
1.021879999999999995e+03, 9.512650000000000272e-01
1.021899999999999977e+03, 8.328569999999999585e-01
1.021919999999999959e+03, 5.345630000000000104e-01
1.021929999999999950e+03, 7.168459999999999832e-01
1.021950000000000045e+03, -6.642670000000000519e-01
1.021970000000000027e+03, 6.422690000000000343e-02
1.021980000000000018e+03, -1.815209999999999990e+00
1.022000000000000000e+03, 5.742329999999999934e-01
1.022019999999999982e+03, -6.947870000000000434e-02
1.022029999999999973e+03, 1.357319999999999915e-01
1.022049999999999955e+03, 2.575740000000000252e-01
1.022070000000000050e+03, 3.171450000000000102e-01
1.022080000000000041e+03, 3.050390000000000046e-01
1.022100000000000023e+03, 5.258150000000000324e-01
1.022120000000000005e+03, 1.494409999999999905e-01
1.022129999999999995e+03, 1.940919999999999979e+00
1.022149999999999977e+03, 1.466490000000000071e+00
1.022169999999999959e+03, 3.787440000000000251e-01
1.022179999999999950e+03, -9.254539999999999988e-01
1.022200000000000045e+03, -7.017660000000000009e-01
1.022220000000000027e+03, -4.413400000000000101e-01
1.022230000000000018e+03, -8.862309999999999910e-01
1.022250000000000000e+03, -3.079839999999999800e-01
1.022269999999999982e+03, -6.093049999999999855e-01
1.022279999999999973e+03, 1.722190000000000110e-01
1.022299999999999955e+03, 1.171810000000000018e+00
1.022320000000000050e+03, 1.395110000000000072e+00
1.022330000000000041e+03, 6.191640000000000477e-01
1.022350000000000023e+03, 7.381560000000000343e-01
1.022370000000000005e+03, -6.349759999999999849e-01
1.022379999999999995e+03, -5.941980000000000040e-01
1.022399999999999977e+03, -5.843059999999999921e-01
1.022419999999999959e+03, 1.824729999999999963e+00
1.022429999999999950e+03, -8.375369999999999759e-01
1.022450000000000045e+03, 1.716969999999999885e-01
1.022470000000000027e+03, 3.607179999999999831e-01
1.022480000000000018e+03, 4.045159999999999867e-01
1.022500000000000000e+03, -3.085379999999999789e-01
1.022519999999999982e+03, -4.853790000000000049e-01
1.022529999999999973e+03, -1.394600000000000006e-02
1.022549999999999955e+03, 1.050489999999999924e+00
1.022570000000000050e+03, 7.877189999999999470e-01
1.022580000000000041e+03, -4.651669999999999972e-01
1.022600000000000023e+03, 1.326030000000000042e+00
1.022620000000000005e+03, -3.141599999999999948e-01
1.022629999999999995e+03, 4.066110000000000002e-01
1.022649999999999977e+03, -3.255469999999999753e-01
1.022669999999999959e+03, -4.557450000000000112e-01
1.022679999999999950e+03, 1.372630000000000017e+00
1.022700000000000045e+03, 9.383559999999999679e-01
1.022720000000000027e+03, -3.604559999999999986e-01
1.022730000000000018e+03, -4.458739999999999926e-01
1.022750000000000000e+03, -7.124120000000000452e-01
1.022769999999999982e+03, 1.311870000000000092e+00
1.022779999999999973e+03, 4.178729999999999944e-01
1.022799999999999955e+03, -6.565999999999999615e-01
1.022820000000000050e+03, -2.293969999999999898e-01
1.022830000000000041e+03, -1.001249999999999973e+00
1.022850000000000023e+03, -5.761079999999999535e-01
1.022870000000000005e+03, 4.556790000000000007e-01
1.022879999999999995e+03, -2.521409999999999971e-02
1.022899999999999977e+03, 6.607469999999999732e-01
1.022919999999999959e+03, 7.893559999999999466e-01
1.022929999999999950e+03, 5.222139999999999560e-01
1.022950000000000045e+03, 3.892189999999999817e-01
1.022970000000000027e+03, -5.222010000000000263e-01
1.022980000000000018e+03, 1.331860000000000044e+00
1.023000000000000000e+03, -2.791589999999999905e-01
1.023019999999999982e+03, 7.470470000000000166e-01
1.023029999999999973e+03, 4.390040000000000053e-01
1.023049999999999955e+03, 8.110969999999999569e-01
1.023070000000000050e+03, 1.929440000000000044e-01
1.023080000000000041e+03, 5.185039999999999788e-02
1.023100000000000023e+03, -7.942329999999999668e-01
1.023120000000000005e+03, -3.212960000000000260e-01
1.023129999999999995e+03, -6.699049999999999727e-01
1.023149999999999977e+03, 1.844989999999999963e-01
1.023169999999999959e+03, -6.503060000000000507e-01
1.023179999999999950e+03, 5.162160000000000082e-01
1.023200000000000045e+03, 1.911490000000000064e-02
1.023220000000000027e+03, -3.070120000000000071e-01
1.023230000000000018e+03, 9.434360000000000523e-01
1.023250000000000000e+03, -1.205430000000000001e+00
1.023269999999999982e+03, -1.421740000000000004e+00
1.023279999999999973e+03, 5.827160000000000117e-01
1.023299999999999955e+03, 7.237609999999999877e-02
1.023320000000000050e+03, 3.560119999999999951e-01
1.023330000000000041e+03, 2.407469999999999888e-01
1.023350000000000023e+03, 2.349650000000000072e-01
1.023370000000000005e+03, 7.200309999999999766e-01
1.023379999999999995e+03, -2.828609999999999736e-01
1.023399999999999977e+03, -1.468949999999999978e-01
1.023419999999999959e+03, -5.295849999999999724e-01
1.023429999999999950e+03, 5.412200000000000344e-01
1.023450000000000045e+03, 2.055680000000000007e-01
1.023470000000000027e+03, -2.744619999999999838e-01
1.023480000000000018e+03, -1.430229999999999890e+00
1.023500000000000000e+03, 3.441270000000000162e-01
1.023519999999999982e+03, -3.074339999999999851e-01
1.023529999999999973e+03, -2.242469999999999880e-02
1.023549999999999955e+03, 2.867810000000000081e-01
1.023570000000000050e+03, -9.827000000000000179e-01
1.023580000000000041e+03, 2.767729999999999912e-01
1.023600000000000023e+03, 1.075819999999999971e-01
1.023620000000000005e+03, -5.736219999999999652e-01
1.023629999999999995e+03, -1.003239999999999910e+00
1.023649999999999977e+03, 2.337529999999999886e-01
1.023669999999999959e+03, 1.112819999999999920e+00
1.023679999999999950e+03, 1.624100000000000099e+00
1.023700000000000045e+03, -2.221140000000000059e-01
1.023720000000000027e+03, -1.961140000000000105e-01
1.023730000000000018e+03, -4.909209999999999963e-01
1.023750000000000000e+03, -3.910469999999999779e-01
1.023769999999999982e+03, 6.034710000000000074e-02
1.023779999999999973e+03, 6.633449999999999624e-01
1.023799999999999955e+03, -5.727940000000000254e-01
1.023820000000000050e+03, -4.329549999999999788e-01
1.023830000000000041e+03, 2.420930000000000026e-01
1.023850000000000023e+03, 3.169810000000000128e-01
1.023870000000000005e+03, 6.544980000000000242e-01
1.023879999999999995e+03, 6.995989999999999709e-01
1.023899999999999977e+03, 4.603929999999999967e-01
1.023919999999999959e+03, -3.205180000000000251e-01
1.023929999999999950e+03, -1.248159999999999936e+00
1.023950000000000045e+03, 2.713979999999999726e-01
1.023970000000000027e+03, -9.474380000000000024e-01
1.023980000000000018e+03, -1.141839999999999938e-01
1.024000000000000000e+03, 3.480309999999999793e-01
1.024019999999999982e+03, 9.072919999999999874e-01
1.024029999999999973e+03, 1.308610000000000051e+00
1.024049999999999955e+03, 9.346050000000000191e-02
1.024069999999999936e+03, 1.012610000000000010e+00
1.024079999999999927e+03, -5.582340000000000080e-01
1.024099999999999909e+03, -1.830589999999999939e+00
1.024119999999999891e+03, 8.803890000000000327e-02
1.024130000000000109e+03, 1.287409999999999943e+00
1.024150000000000091e+03, 8.201310000000000544e-01
1.024170000000000073e+03, 5.400380000000000180e-01
1.024180000000000064e+03, 7.081739999999999702e-01
1.024200000000000045e+03, -1.144219999999999959e-01
1.024220000000000027e+03, -1.363960000000000061e+00
1.024230000000000018e+03, -4.386530000000000151e-01
1.024250000000000000e+03, -5.013769999999999616e-01
1.024269999999999982e+03, -8.065879999999999717e-01
1.024279999999999973e+03, -9.764110000000000289e-01
1.024299999999999955e+03, 8.732860000000000622e-02
1.024319999999999936e+03, 4.474079999999999724e-01
1.024329999999999927e+03, 8.767470000000000541e-01
1.024349999999999909e+03, -4.342019999999999769e-01
1.024369999999999891e+03, -2.442750000000000130e-02
1.024380000000000109e+03, 4.081480000000000108e-01
1.024400000000000091e+03, 1.235949999999999965e-01
1.024420000000000073e+03, 3.874139999999999806e-01
1.024430000000000064e+03, -7.536680000000000046e-01
1.024450000000000045e+03, 6.162600000000000300e-01
1.024470000000000027e+03, 8.917199999999999571e-01
1.024480000000000018e+03, 5.685820000000000318e-01
1.024500000000000000e+03, 7.989589999999999748e-01
1.024519999999999982e+03, 4.195760000000000045e-01
1.024529999999999973e+03, -6.415260000000000407e-01
1.024549999999999955e+03, -3.836200000000000165e-01
1.024569999999999936e+03, 1.357740000000000058e-01
1.024579999999999927e+03, 4.610210000000000141e-01
1.024599999999999909e+03, -6.338160000000000460e-01
1.024619999999999891e+03, 1.055699999999999972e-01
1.024630000000000109e+03, -7.005200000000000315e-01
1.024650000000000091e+03, -8.074879999999999836e-01
1.024670000000000073e+03, -7.697460000000000413e-01
1.024680000000000064e+03, -8.015830000000000455e-01
1.024700000000000045e+03, -3.388939999999999730e-01
1.024720000000000027e+03, -2.580459999999999976e+00
1.024730000000000018e+03, 3.190930000000000155e-01
1.024750000000000000e+03, -5.853059999999999929e-01
1.024769999999999982e+03, -3.191200000000000286e-02
1.024779999999999973e+03, -2.681439999999999935e-01
1.024799999999999955e+03, 7.417160000000000419e-01
1.024819999999999936e+03, 1.216930000000000067e+00
1.024829999999999927e+03, -3.566520000000000246e-01
1.024849999999999909e+03, -5.540190000000000392e-01
1.024869999999999891e+03, -1.368579999999999908e+00
1.024880000000000109e+03, -2.020259999999999945e+00
1.024900000000000091e+03, -7.337040000000000228e-01
1.024920000000000073e+03, -1.211060000000000025e+00
1.024930000000000064e+03, -1.651219999999999910e+00
1.024950000000000045e+03, 1.444179999999999908e-01
1.024970000000000027e+03, -1.840040000000000009e-01
1.024980000000000018e+03, 9.076710000000000056e-01
1.025000000000000000e+03, -5.234560000000000324e-01
1.025019999999999982e+03, -1.050769999999999982e+00
1.025029999999999973e+03, -6.336340000000000028e-02
1.025049999999999955e+03, 4.062189999999999968e-01
1.025069999999999936e+03, 2.727670000000000095e-02
1.025079999999999927e+03, 3.363079999999999958e-01
1.025099999999999909e+03, 1.381709999999999994e+00
1.025119999999999891e+03, 6.896480000000000388e-01
1.025130000000000109e+03, 2.811859999999999915e-01
1.025150000000000091e+03, -8.092819999999999458e-01
1.025170000000000073e+03, -1.709710000000000063e+00
1.025180000000000064e+03, -2.816649999999999987e-01
1.025200000000000045e+03, -7.040100000000000247e-01
1.025220000000000027e+03, -3.112179999999999946e-01
1.025230000000000018e+03, 3.552270000000000150e-01
1.025250000000000000e+03, 2.343789999999999818e+00
1.025269999999999982e+03, -6.669009999999999661e-01
1.025279999999999973e+03, -3.451080000000000259e-01
1.025299999999999955e+03, -8.759430000000000271e-01
1.025319999999999936e+03, -1.054159999999999958e-01
1.025329999999999927e+03, 3.587350000000000261e-01
1.025349999999999909e+03, -8.364739999999999676e-02
1.025369999999999891e+03, 6.404069999999999485e-01
1.025380000000000109e+03, 3.000680000000000014e-01
1.025400000000000091e+03, -1.254469999999999974e+00
1.025420000000000073e+03, 1.007870000000000044e+00
1.025430000000000064e+03, -1.006139999999999951e-01
1.025450000000000045e+03, 2.518409999999999815e-01
1.025470000000000027e+03, -1.488120000000000109e+00
1.025480000000000018e+03, -3.139520000000000088e-01
1.025500000000000000e+03, 5.731060000000000043e-01
1.025519999999999982e+03, 4.508150000000000213e-01
1.025529999999999973e+03, -1.032149999999999901e+00
1.025549999999999955e+03, 8.108250000000000179e-01
1.025569999999999936e+03, -2.221930000000000016e-01
1.025579999999999927e+03, -4.594750000000000223e-01
1.025599999999999909e+03, -3.629530000000000256e-01
1.025619999999999891e+03, 1.380530000000000035e+00
1.025630000000000109e+03, -2.381689999999999918e-01
1.025650000000000091e+03, -1.113380000000000036e+00
1.025670000000000073e+03, 7.756169999999999731e-03
1.025680000000000064e+03, -4.108700000000000130e-01
1.025700000000000045e+03, -3.006340000000000123e-01
1.025720000000000027e+03, -9.083449999999999858e-02
1.025730000000000018e+03, 9.330529999999999380e-02
1.025750000000000000e+03, 2.317879999999999940e-01
1.025769999999999982e+03, 2.065899999999999959e-01
1.025779999999999973e+03, 4.263299999999999867e-01
1.025799999999999955e+03, -8.629729999999999346e-02
1.025819999999999936e+03, 1.118829999999999963e-01
1.025829999999999927e+03, -3.788300000000000001e-01
1.025849999999999909e+03, 9.036710000000000020e-01
1.025869999999999891e+03, -1.808929999999999982e-01
1.025880000000000109e+03, 8.523910000000000098e-01
1.025900000000000091e+03, 9.017349999999999532e-01
1.025920000000000073e+03, 1.695940000000000003e+00
1.025930000000000064e+03, 5.911300000000000443e-01
1.025950000000000045e+03, 8.678120000000000278e-01
1.025970000000000027e+03, -2.305399999999999984e-03
1.025980000000000018e+03, -2.500419999999999865e-01
1.026000000000000000e+03, 3.259850000000000247e-01
1.026019999999999982e+03, 5.570500000000000451e-01
1.026029999999999973e+03, 8.059720000000000217e-01
1.026049999999999955e+03, 2.662349999999999994e-01
1.026069999999999936e+03, 2.402940000000000076e-01
1.026079999999999927e+03, 7.397270000000000234e-01
1.026099999999999909e+03, -8.623250000000000082e-01
1.026119999999999891e+03, -1.105709999999999971e+00
1.026130000000000109e+03, -9.840440000000000298e-01
1.026150000000000091e+03, -8.494169999999999499e-02
1.026170000000000073e+03, 1.119720000000000049e+00
1.026180000000000064e+03, 2.433849999999999902e-01
1.026200000000000045e+03, -1.038899999999999962e-01
1.026220000000000027e+03, -1.578680000000000014e-02
1.026230000000000018e+03, 4.385180000000000328e-02
1.026250000000000000e+03, 1.935400000000000009e+00
1.026269999999999982e+03, 4.818600000000000105e-01
1.026279999999999973e+03, -1.274080000000000004e-02
1.026299999999999955e+03, -1.484739999999999949e-01
1.026319999999999936e+03, -7.061880000000000379e-01
1.026329999999999927e+03, -6.746339999999999559e-01
1.026349999999999909e+03, -2.242210000000000036e-01
1.026369999999999891e+03, -3.068850000000000189e-01
1.026380000000000109e+03, 1.279560000000000031e+00
1.026400000000000091e+03, -8.295190000000000063e-01
1.026420000000000073e+03, 7.735600000000000254e-01
1.026430000000000064e+03, -8.553469999999999684e-01
1.026450000000000045e+03, -3.495299999999999796e-02
1.026470000000000027e+03, 6.267989999999999950e-01
1.026480000000000018e+03, -5.044319999999999915e-01
1.026500000000000000e+03, -1.537939999999999863e-01
1.026519999999999982e+03, -9.721260000000000456e-01
1.026529999999999973e+03, -3.034700000000000175e-01
1.026549999999999955e+03, 4.872390000000000054e-02
1.026569999999999936e+03, -2.655109999999999970e-01
1.026579999999999927e+03, 6.827140000000000430e-01
1.026599999999999909e+03, 5.724679999999999769e-01
1.026619999999999891e+03, -2.397990000000000121e-01
1.026630000000000109e+03, -1.498189999999999911e+00
1.026650000000000091e+03, -5.232580000000000009e-01
1.026670000000000073e+03, -5.784599999999999742e-01
1.026680000000000064e+03, 7.972059999999999702e-01
1.026700000000000045e+03, -1.377790000000000070e+00
1.026720000000000027e+03, -5.889659999999999895e-01
1.026730000000000018e+03, 2.853559999999999985e-01
1.026750000000000000e+03, -6.374790000000000179e-01
1.026769999999999982e+03, 5.656099999999999461e-01
1.026779999999999973e+03, 2.801319999999999921e-01
1.026799999999999955e+03, 4.445209999999999995e-01
1.026819999999999936e+03, 8.298389999999999933e-01
1.026829999999999927e+03, -3.933400000000000230e-01
1.026849999999999909e+03, -6.573309999999999986e-01
1.026869999999999891e+03, -1.154260000000000064e+00
1.026880000000000109e+03, 3.466139999999999777e-01
1.026900000000000091e+03, -1.243810000000000082e+00
1.026920000000000073e+03, -2.992970000000000005e-02
1.026930000000000064e+03, -4.906539999999999790e-01
1.026950000000000045e+03, 6.065369999999999928e-01
1.026970000000000027e+03, 1.513330000000000064e+00
1.026980000000000018e+03, 8.976929999999999632e-01
1.027000000000000000e+03, 7.524180000000000312e-01
1.027019999999999982e+03, 6.861599999999999644e-02
1.027029999999999973e+03, -1.466579999999999995e+00
1.027049999999999955e+03, -5.442190000000000083e-01
1.027069999999999936e+03, -1.135219999999999896e+00
1.027079999999999927e+03, 2.539029999999999898e-01
1.027099999999999909e+03, 3.726050000000000195e-01
1.027119999999999891e+03, 3.460489999999999955e-01
1.027130000000000109e+03, 6.755120000000000013e-01
1.027150000000000091e+03, 8.231979999999999853e-01
1.027170000000000073e+03, 3.003339999999999899e-01
1.027180000000000064e+03, -9.778470000000000217e-01
1.027200000000000045e+03, -1.477880000000000082e+00
1.027220000000000027e+03, -6.654079999999999995e-01
1.027230000000000018e+03, 5.497030000000000527e-01
1.027250000000000000e+03, 1.015220000000000011e+00
1.027269999999999982e+03, 2.791919999999999957e-01
1.027279999999999973e+03, 3.261519999999999975e-01
1.027299999999999955e+03, 5.208469999999999489e-01
1.027319999999999936e+03, -4.085980000000000167e-02
1.027329999999999927e+03, 4.640969999999999818e-01
1.027349999999999909e+03, -9.420309999999999517e-01
1.027369999999999891e+03, -8.122789999999999733e-01
1.027380000000000109e+03, 9.066859999999999919e-01
1.027400000000000091e+03, 7.986459999999999670e-01
1.027420000000000073e+03, 3.517060000000000186e-01
1.027430000000000064e+03, 7.569329999999999670e-01
1.027450000000000045e+03, 3.546380000000000088e-01
1.027470000000000027e+03, 1.742620000000000002e-01
1.027480000000000018e+03, -8.044200000000000239e-01
1.027500000000000000e+03, -3.834440000000000071e-01
1.027519999999999982e+03, 1.722329999999999972e-01
1.027529999999999973e+03, -6.323870000000000324e-01
1.027549999999999955e+03, -5.562700000000000422e-01
1.027569999999999936e+03, 3.106749999999999790e-01
1.027579999999999927e+03, -2.959479999999999889e-01
1.027599999999999909e+03, -1.623060000000000058e-01
1.027619999999999891e+03, -1.176069999999999949e+00
1.027630000000000109e+03, -5.080759999999999721e-01
1.027650000000000091e+03, -3.179980000000000029e-01
1.027670000000000073e+03, 1.445249999999999868e-01
1.027680000000000064e+03, -7.333840000000000359e-01
1.027700000000000045e+03, -5.985260000000000025e-01
1.027720000000000027e+03, 5.372519999999999518e-01
1.027730000000000018e+03, 1.065930000000000044e+00
1.027750000000000000e+03, -1.449660000000000115e-01
1.027769999999999982e+03, -8.266679999999999584e-01
1.027779999999999973e+03, 2.911190000000000166e-01
1.027799999999999955e+03, 1.234089999999999909e+00
1.027819999999999936e+03, 7.027269999999999905e-01
1.027829999999999927e+03, 8.726829999999999310e-02
1.027849999999999909e+03, 1.937149999999999983e-01
1.027869999999999891e+03, -3.713139999999999774e-01
1.027880000000000109e+03, -1.208679999999999977e+00
1.027900000000000091e+03, 2.078520000000000090e-01
1.027920000000000073e+03, -3.527109999999999967e-01
1.027930000000000064e+03, 1.577939999999999898e-01
1.027950000000000045e+03, 5.612169999999999659e-01
1.027970000000000027e+03, 4.269889999999999797e-02
1.027980000000000018e+03, 1.569949999999999957e-01
1.028000000000000000e+03, 2.059359999999999857e+00
1.028019999999999982e+03, 5.583970000000000322e-01
1.028029999999999973e+03, -4.688039999999999985e-01
1.028049999999999955e+03, -2.966360000000000108e-01
1.028069999999999936e+03, -7.718979999999999730e-01
1.028079999999999927e+03, -1.984870000000000037e-02
1.028099999999999909e+03, -2.371630000000000127e-01
1.028119999999999891e+03, 1.075649999999999995e+00
1.028130000000000109e+03, 1.034400000000000042e-01
1.028150000000000091e+03, -8.388609999999999678e-01
1.028170000000000073e+03, 7.040440000000000031e-01
1.028180000000000064e+03, -1.329900000000000082e+00
1.028200000000000045e+03, 2.870900000000000118e-01
1.028220000000000027e+03, -6.851049999999999640e-01
1.028230000000000018e+03, -3.030479999999999841e-01
1.028250000000000000e+03, 9.510640000000000205e-01
1.028269999999999982e+03, 2.713450000000000029e-01
1.028279999999999973e+03, 8.189840000000000453e-01
1.028299999999999955e+03, -1.351390000000000091e+00
1.028319999999999936e+03, 2.843149999999999844e-01
1.028329999999999927e+03, -4.197000000000000036e-02
1.028349999999999909e+03, 2.629650000000000043e-01
1.028369999999999891e+03, 1.135289999999999910e+00
1.028380000000000109e+03, 2.279289999999999927e-01
1.028400000000000091e+03, -9.318009999999999904e-01
1.028420000000000073e+03, -2.886989999999999834e-01
1.028430000000000064e+03, -1.780799999999999883e-01
1.028450000000000045e+03, -6.161400000000000210e-02
1.028470000000000027e+03, -6.833860000000000490e-01
1.028480000000000018e+03, -1.318610000000000060e+00
1.028500000000000000e+03, -2.743459999999999788e-01
1.028519999999999982e+03, 8.138490000000000446e-01
1.028529999999999973e+03, -5.913760000000000128e-01
1.028549999999999955e+03, -6.904559999999999587e-01
1.028569999999999936e+03, 2.377939999999999915e-02
1.028579999999999927e+03, 9.536740000000000217e-01
1.028599999999999909e+03, 1.522779999999999967e-01
1.028619999999999891e+03, -3.225120000000000209e-01
1.028630000000000109e+03, -1.084140000000000104e+00
1.028650000000000091e+03, 5.003199999999999870e-01
1.028670000000000073e+03, -3.733319999999999972e-01
1.028680000000000064e+03, 2.428080000000000169e-02
1.028700000000000045e+03, -6.776189999999999714e-01
1.028720000000000027e+03, 1.214849999999999985e+00
1.028730000000000018e+03, 7.898969999999999603e-01
1.028750000000000000e+03, 1.441929999999999934e+00
1.028769999999999982e+03, -9.187560000000000171e-01
1.028779999999999973e+03, -7.879209999999999825e-01
1.028799999999999955e+03, 8.557639999999999691e-01
1.028819999999999936e+03, 5.592430000000000456e-01
1.028829999999999927e+03, -2.988049999999999873e-01
1.028849999999999909e+03, -3.615689999999999737e-01
1.028869999999999891e+03, 9.793840000000000323e-01
1.028880000000000109e+03, 9.731950000000000323e-01
1.028900000000000091e+03, 1.885250000000000092e+00
1.028920000000000073e+03, 6.051800000000000512e-01
1.028930000000000064e+03, -3.146269999999999900e-01
1.028950000000000045e+03, 1.474350000000000049e+00
1.028970000000000027e+03, 9.499900000000000011e-01
1.028980000000000018e+03, 4.977739999999999942e-01
1.029000000000000000e+03, 7.424790000000000001e-01
1.029019999999999982e+03, -7.569430000000000325e-01
1.029029999999999973e+03, -2.045009999999999994e+00
1.029049999999999955e+03, 3.699100000000000166e-01
1.029069999999999936e+03, 2.835349999999999815e-01
1.029079999999999927e+03, 2.545180000000000220e-01
1.029099999999999909e+03, 1.478439999999999976e+00
1.029119999999999891e+03, 1.192309999999999981e+00
1.029130000000000109e+03, -9.537280000000000202e-01
1.029150000000000091e+03, -5.295600000000000307e-02
1.029170000000000073e+03, -1.460339999999999971e+00
1.029180000000000064e+03, 4.497099999999999986e-01
1.029200000000000045e+03, 7.180619999999999781e-01
1.029220000000000027e+03, -2.076300000000000090e-01
1.029230000000000018e+03, -5.957409999999999650e-01
1.029250000000000000e+03, -5.709180000000000366e-01
1.029269999999999982e+03, -7.316000000000000281e-02
1.029279999999999973e+03, -1.001560000000000006e+00
1.029299999999999955e+03, 2.610540000000000083e-01
1.029319999999999936e+03, -1.036040000000000051e-02
1.029329999999999927e+03, -1.232160000000000061e-01
1.029349999999999909e+03, -7.823369999999999491e-01
1.029369999999999891e+03, -4.322869999999999768e-01
1.029380000000000109e+03, 3.999840000000000062e-01
1.029400000000000091e+03, -1.653519999999999990e-01
1.029420000000000073e+03, -2.002120000000000011e-01
1.029430000000000064e+03, -3.264299999999999979e-01
1.029450000000000045e+03, -4.878060000000000174e-01
1.029470000000000027e+03, -6.625400000000000178e-01
1.029480000000000018e+03, -1.573299999999999921e+00
1.029500000000000000e+03, -5.992309999999999581e-01
1.029519999999999982e+03, 2.406830000000000080e-01
1.029529999999999973e+03, 5.248690000000000300e-01
1.029549999999999955e+03, 7.032890000000000530e-01
1.029569999999999936e+03, 3.759489999999999776e-01
1.029579999999999927e+03, -2.685859999999999914e-01
1.029599999999999909e+03, -1.174900000000000055e+00
1.029619999999999891e+03, 3.279469999999999885e-01
1.029630000000000109e+03, 1.687690000000000023e-01
1.029650000000000091e+03, -1.064859999999999973e-01
1.029670000000000073e+03, 1.064270000000000049e+00
1.029680000000000064e+03, 1.536900000000000072e-02
1.029700000000000045e+03, -7.574950000000000294e-01
1.029720000000000027e+03, -5.375560000000000338e-01
1.029730000000000018e+03, -3.460130000000000150e-01
1.029750000000000000e+03, -7.431659999999999655e-02
1.029769999999999982e+03, 6.431280000000000330e-01
1.029779999999999973e+03, 2.847520000000000051e-01
1.029799999999999955e+03, -9.036269999999999580e-01
1.029819999999999936e+03, -1.267740000000000089e+00
1.029829999999999927e+03, -9.996910000000000518e-02
1.029849999999999909e+03, 5.670119999999999605e-01
1.029869999999999891e+03, 9.160559999999999814e-01
1.029880000000000109e+03, 1.058759999999999923e+00
1.029900000000000091e+03, 1.024199999999999999e+00
1.029920000000000073e+03, -1.213359999999999994e+00
1.029930000000000064e+03, 6.170200000000000129e-01
1.029950000000000045e+03, 1.372060000000000057e+00
1.029970000000000027e+03, 2.514310000000000156e-01
1.029980000000000018e+03, 7.408800000000000108e-02
1.030000000000000000e+03, 6.913510000000000488e-01
1.030019999999999982e+03, 9.781929999999999792e-01
1.030029999999999973e+03, 1.180660000000000043e+00
1.030049999999999955e+03, 7.391299999999999537e-01
1.030069999999999936e+03, -1.922200000000000020e-01
1.030079999999999927e+03, -6.982260000000000133e-01
1.030099999999999909e+03, 6.169729999999999936e-01
1.030119999999999891e+03, 1.639539999999999997e+00
1.030130000000000109e+03, 1.380749999999999922e+00
1.030150000000000091e+03, -5.846350000000000158e-01
1.030170000000000073e+03, 1.425609999999999933e-01
1.030180000000000064e+03, -1.073329999999999895e+00
1.030200000000000045e+03, -9.414679999999999715e-01
1.030220000000000027e+03, 7.214750000000000330e-02
1.030230000000000018e+03, 6.370980000000000532e-01
1.030250000000000000e+03, -1.753720000000000001e-01
1.030269999999999982e+03, -8.373089999999999700e-01
1.030279999999999973e+03, 5.661560000000000203e-02
1.030299999999999955e+03, -8.999559999999999782e-01
1.030319999999999936e+03, 1.622249999999999970e+00
1.030329999999999927e+03, 3.860660000000000203e-01
1.030349999999999909e+03, 1.907520000000000049e-01
1.030369999999999891e+03, 5.782270000000000465e-01
1.030380000000000109e+03, 5.610800000000000232e-01
1.030400000000000091e+03, -8.901980000000000448e-01
1.030420000000000073e+03, -1.583360000000000045e-01
1.030430000000000064e+03, -6.001109999999999500e-01
1.030450000000000045e+03, 3.434980000000000255e-01
1.030470000000000027e+03, -4.061989999999999768e-01
1.030480000000000018e+03, 2.225219999999999976e-01
1.030500000000000000e+03, 1.762019999999999975e-01
1.030519999999999982e+03, -1.039400000000000102e+00
1.030529999999999973e+03, -4.800920000000000187e-01
1.030549999999999955e+03, 9.847519999999999607e-01
1.030569999999999936e+03, 1.015169999999999961e-01
1.030579999999999927e+03, -4.363819999999999921e-01
1.030599999999999909e+03, -1.470909999999999940e+00
1.030619999999999891e+03, 3.635019999999999918e-01
1.030630000000000109e+03, 9.334670000000000467e-01
1.030650000000000091e+03, -6.731049999999999534e-01
1.030670000000000073e+03, 7.078740000000000032e-01
1.030680000000000064e+03, 2.215469999999999939e-01
1.030700000000000045e+03, 1.053760000000000030e+00
1.030720000000000027e+03, -1.523900000000000032e+00
1.030730000000000018e+03, -2.794200000000000017e-01
1.030750000000000000e+03, 7.185719999999999885e-01
1.030769999999999982e+03, 1.467680000000000096e+00
1.030779999999999973e+03, 8.436329999999999663e-01
1.030799999999999955e+03, -2.258469999999999922e-01
1.030819999999999936e+03, -8.331460000000000532e-01
1.030829999999999927e+03, -2.019179999999999864e-01
1.030849999999999909e+03, 7.444979999999999931e-01
1.030869999999999891e+03, 9.506449999999999623e-01
1.030880000000000109e+03, -7.060589999999999922e-01
1.030900000000000091e+03, -3.487770000000000037e-01
1.030920000000000073e+03, -7.959640000000000049e-01
1.030930000000000064e+03, -9.446139999999999537e-01
1.030950000000000045e+03, -1.159960000000000102e+00
1.030970000000000027e+03, -7.315059999999999896e-01
1.030980000000000018e+03, 3.925750000000000073e-01
1.031000000000000000e+03, 3.780259999999999732e-01
1.031019999999999982e+03, 2.118379999999999985e-01
1.031029999999999973e+03, -2.402420000000000111e-01
1.031049999999999955e+03, 2.874499999999999833e-01
1.031069999999999936e+03, 5.186760000000000259e-01
1.031079999999999927e+03, -2.483219999999999872e-01
1.031099999999999909e+03, 3.576090000000000102e-01
1.031119999999999891e+03, -1.136600000000000055e+00
1.031130000000000109e+03, -7.208580000000000543e-02
1.031150000000000091e+03, -1.005500000000000005e-01
1.031170000000000073e+03, -5.361709999999999532e-01
1.031180000000000064e+03, -2.605120000000000213e-01
1.031200000000000045e+03, -3.208369999999999833e-01
1.031220000000000027e+03, -6.888189999999999591e-01
1.031230000000000018e+03, -3.442700000000000204e-01
1.031250000000000000e+03, -5.143280000000000074e-01
1.031269999999999982e+03, -1.711270000000000013e-01
1.031279999999999973e+03, 5.294750000000000290e-01
1.031299999999999955e+03, 1.379389999999999894e+00
1.031319999999999936e+03, 9.293120000000000547e-02
1.031329999999999927e+03, -6.255290000000000017e-01
1.031349999999999909e+03, -8.514920000000000266e-01
1.031369999999999891e+03, 4.397440000000000238e-01
1.031380000000000109e+03, 2.352499999999999990e-03
1.031400000000000091e+03, -3.299449999999999883e-01
1.031420000000000073e+03, 9.431910000000000294e-02
1.031430000000000064e+03, 7.264990000000000336e-02
1.031450000000000045e+03, -6.280620000000000092e-01
1.031470000000000027e+03, -2.898270000000000013e-01
1.031480000000000018e+03, -2.544980000000000020e-01
1.031500000000000000e+03, -5.025859999999999772e-01
1.031519999999999982e+03, 2.046769999999999978e-01
1.031529999999999973e+03, -1.446420000000000039e+00
1.031549999999999955e+03, -1.805680000000000063e-01
1.031569999999999936e+03, 1.514520000000000033e-01
1.031579999999999927e+03, 7.713419999999999721e-01
1.031599999999999909e+03, 7.104160000000000474e-01
1.031619999999999891e+03, 3.072090000000000098e-01
1.031630000000000109e+03, -8.942229999999999901e-01
1.031650000000000091e+03, -1.392870000000000046e-02
1.031670000000000073e+03, 2.184030000000000138e-01
1.031680000000000064e+03, -1.449360000000000093e-01
1.031700000000000045e+03, 3.082599999999999785e-01
1.031720000000000027e+03, 5.147850000000000481e-01
1.031730000000000018e+03, 4.384029999999999871e-01
1.031750000000000000e+03, -5.283309999999999951e-01
1.031769999999999982e+03, 5.722789999999999822e-01
1.031779999999999973e+03, -1.328240000000000087e+00
1.031799999999999955e+03, -5.961720000000000352e-01
1.031819999999999936e+03, -4.728740000000000165e-01
1.031829999999999927e+03, 6.067339999999999955e-01
1.031849999999999909e+03, 9.049420000000000510e-04
1.031869999999999891e+03, -9.413989999999999858e-01
1.031880000000000109e+03, 4.685190000000000188e-01
1.031900000000000091e+03, 8.437590000000000368e-01
1.031920000000000073e+03, 1.592410000000000006e-02
1.031930000000000064e+03, -1.178779999999999967e-01
1.031950000000000045e+03, -1.028939999999999966e+00
1.031970000000000027e+03, -2.100730000000000097e-01
1.031980000000000018e+03, 8.684699999999999642e-01
1.032000000000000000e+03, 4.197359999999999980e-01
1.032019999999999982e+03, -5.092320000000000180e-01
1.032029999999999973e+03, -4.520390000000000241e-01
1.032049999999999955e+03, -1.276319999999999899e+00
1.032069999999999936e+03, 2.511479999999999824e-01
1.032079999999999927e+03, 1.746250000000000024e-01
1.032099999999999909e+03, -1.425119999999999998e-01
1.032119999999999891e+03, 5.782749999999999835e-01
1.032130000000000109e+03, 9.079009999999999581e-01
1.032150000000000091e+03, -3.411060000000000203e-01
1.032170000000000073e+03, -4.796500000000000069e-02
1.032180000000000064e+03, -5.547750000000000181e-01
1.032200000000000045e+03, 2.075349999999999973e-01
1.032220000000000027e+03, -1.614929999999999838e-02
1.032230000000000018e+03, 9.696960000000000024e-01
1.032250000000000000e+03, 8.952689999999999815e-01
1.032269999999999982e+03, 6.926750000000000407e-01
1.032279999999999973e+03, 4.703629999999999756e-01
1.032299999999999955e+03, 3.702840000000000298e-02
1.032319999999999936e+03, 6.128309999999999660e-03
1.032329999999999927e+03, 4.661859999999999893e-01
1.032349999999999909e+03, 1.313409999999999966e+00
1.032369999999999891e+03, 5.936409999999999743e-01
1.032380000000000109e+03, 2.302319999999999922e-01
1.032400000000000091e+03, -1.271889999999999965e+00
1.032420000000000073e+03, 1.904959999999999987e-01
1.032430000000000064e+03, 1.422800000000000065e+00
1.032450000000000045e+03, -2.728130000000000277e-01
1.032470000000000027e+03, 5.078519999999999701e-01
1.032480000000000018e+03, 1.665679999999999938e-01
1.032500000000000000e+03, 1.892400000000000082e+00
1.032519999999999982e+03, 8.161890000000000533e-01
1.032529999999999973e+03, -1.303970000000000073e+00
1.032549999999999955e+03, -7.700810000000000155e-01
1.032569999999999936e+03, -3.060180000000000122e-01
1.032579999999999927e+03, -7.289439999999999809e-02
1.032599999999999909e+03, -3.649459999999999926e-01
1.032619999999999891e+03, -2.458490000000000120e-01
1.032630000000000109e+03, -2.188170000000000115e-01
1.032650000000000091e+03, 7.368449999999999722e-01
1.032670000000000073e+03, 1.043719999999999981e+00
1.032680000000000064e+03, 4.195420000000000260e-01
1.032700000000000045e+03, -4.995879999999999765e-01
1.032720000000000027e+03, 1.687849999999999906e-01
1.032730000000000018e+03, -9.027690000000000436e-01
1.032750000000000000e+03, 1.050569999999999976e-01
1.032769999999999982e+03, 6.955249999999999488e-01
1.032779999999999973e+03, -5.565440000000000387e-01
1.032799999999999955e+03, -2.367469999999999963e+00
1.032819999999999936e+03, -1.515640000000000098e+00
1.032829999999999927e+03, -1.308780000000000054e+00
1.032849999999999909e+03, -1.657649999999999957e-01
1.032869999999999891e+03, 4.057740000000000236e-01
1.032880000000000109e+03, 9.415259999999999740e-01
1.032900000000000091e+03, -7.323720000000000230e-01
1.032920000000000073e+03, -3.151639999999999997e-02
1.032930000000000064e+03, -5.436410000000000409e-01
1.032950000000000045e+03, 4.125980000000000203e-01
1.032970000000000027e+03, 4.136210000000000164e-01
1.032980000000000018e+03, 2.193890000000000007e-01
1.033000000000000000e+03, -1.677319999999999922e+00
1.033019999999999982e+03, 4.060340000000000060e-01
1.033029999999999973e+03, 5.921490000000000364e-01
1.033049999999999955e+03, 4.621700000000000252e-01
1.033069999999999936e+03, -1.642290000000000139e-01
1.033079999999999927e+03, -4.266519999999999757e-01
1.033099999999999909e+03, -7.813109999999999777e-01
1.033119999999999891e+03, 3.652920000000000056e-01
1.033130000000000109e+03, 2.774429999999999952e-01
1.033150000000000091e+03, -5.477279999999999927e-01
1.033170000000000073e+03, 1.176839999999999969e-01
1.033180000000000064e+03, 1.370719999999999938e+00
1.033200000000000045e+03, 5.692890000000000450e-01
1.033220000000000027e+03, 4.051370000000000249e-01
1.033230000000000018e+03, -8.122890000000000388e-01
1.033250000000000000e+03, -5.951149999999999496e-01
1.033269999999999982e+03, 1.330319999999999947e+00
1.033279999999999973e+03, -4.079030000000000156e-01
1.033299999999999955e+03, 9.647630000000000372e-01
1.033319999999999936e+03, 1.642390000000000017e+00
1.033329999999999927e+03, 1.914800000000000113e-01
1.033349999999999909e+03, -7.696370000000000121e-03
1.033369999999999891e+03, -8.453509999999999636e-01
1.033380000000000109e+03, 5.612460000000000226e-01
1.033400000000000091e+03, 1.484040000000000081e-01
1.033420000000000073e+03, -6.101060000000000372e-01
1.033430000000000064e+03, -1.556070000000000064e+00
1.033450000000000045e+03, 5.715219999999999745e-01
1.033470000000000027e+03, 8.974590000000000067e-01
1.033480000000000018e+03, -1.033700000000000063e+00
1.033500000000000000e+03, 8.974959999999999605e-01
1.033519999999999982e+03, -6.741300000000000070e-01
1.033529999999999973e+03, -7.026829999999999465e-01
1.033549999999999955e+03, -6.443729999999999736e-01
1.033569999999999936e+03, -1.036499999999999977e+00
1.033579999999999927e+03, -7.933059999999999556e-01
1.033599999999999909e+03, -1.351040000000000019e+00
1.033619999999999891e+03, 7.161819999999999853e-01
1.033630000000000109e+03, 1.932540000000000091e-01
1.033650000000000091e+03, 1.488700000000000023e-01
1.033670000000000073e+03, 7.159609999999999586e-01
1.033680000000000064e+03, -3.544039999999999968e-01
1.033700000000000045e+03, 1.090270000000000072e+00
1.033720000000000027e+03, -1.215189999999999992e+00
1.033730000000000018e+03, 3.605410000000000004e-01
1.033750000000000000e+03, -1.078510000000000080e+00
1.033769999999999982e+03, 1.661710000000000131e-01
1.033779999999999973e+03, 6.920520000000000005e-01
1.033799999999999955e+03, -5.884019999999999806e-01
1.033819999999999936e+03, 1.568589999999999915e-02
1.033829999999999927e+03, -1.572070000000000078e+00
1.033849999999999909e+03, -8.028540000000000676e-02
1.033869999999999891e+03, 4.117390000000000216e-01
1.033880000000000109e+03, 2.814980000000000260e-01
1.033900000000000091e+03, -8.304690000000000127e-01
1.033920000000000073e+03, -5.013339999999999463e-01
1.033930000000000064e+03, -1.008429999999999938e+00
1.033950000000000045e+03, 2.841429999999999789e-01
1.033970000000000027e+03, -4.279209999999999958e-01
1.033980000000000018e+03, 4.669090000000000046e-02
1.034000000000000000e+03, 2.191329999999999945e-01
1.034019999999999982e+03, 7.957009999999999916e-01
1.034029999999999973e+03, 9.079819999999999558e-01
1.034049999999999955e+03, -4.014510000000000023e-01
1.034069999999999936e+03, -6.990150000000000530e-01
1.034079999999999927e+03, 5.128819999999999490e-01
1.034099999999999909e+03, 1.787009999999999987e+00
1.034119999999999891e+03, 7.931439999999999602e-01
1.034130000000000109e+03, 6.443050000000000166e-01
1.034150000000000091e+03, 1.746429999999999927e-01
1.034170000000000073e+03, -3.575340000000000185e-01
1.034180000000000064e+03, 3.795140000000000319e-02
1.034200000000000045e+03, 1.381420000000000092e+00
1.034220000000000027e+03, -2.970960000000000267e-01
1.034230000000000018e+03, -1.667620000000000102e+00
1.034250000000000000e+03, -1.675560000000000105e-01
1.034269999999999982e+03, -1.266199999999999992e+00
1.034279999999999973e+03, 8.290340000000000209e-02
1.034299999999999955e+03, -4.198910000000000142e-01
1.034319999999999936e+03, -1.065569999999999989e-01
1.034329999999999927e+03, -5.244619999999999838e-01
1.034349999999999909e+03, -9.488309999999999800e-02
1.034369999999999891e+03, -4.247040000000000259e-01
1.034380000000000109e+03, -3.291560000000000041e-01
1.034400000000000091e+03, 1.201509999999999939e-01
1.034420000000000073e+03, -4.961069999999999716e-03
1.034430000000000064e+03, -4.393960000000000088e-01
1.034450000000000045e+03, 9.023630000000000262e-01
1.034470000000000027e+03, 8.215419999999999945e-01
1.034480000000000018e+03, -1.137270000000000003e+00
1.034500000000000000e+03, -6.619899999999999396e-02
1.034519999999999982e+03, -9.460690000000000488e-01
1.034529999999999973e+03, -1.222720000000000029e+00
1.034549999999999955e+03, -4.131329999999999725e-01
1.034569999999999936e+03, -1.989810000000000079e+00
1.034579999999999927e+03, -9.672100000000000142e-01
1.034599999999999909e+03, 1.627139999999999975e-01
1.034619999999999891e+03, 6.762620000000000298e-01
1.034630000000000109e+03, 1.110489999999999977e+00
1.034650000000000091e+03, 7.847730000000000539e-01
1.034670000000000073e+03, -6.463530000000000664e-02
1.034680000000000064e+03, 5.119120000000000337e-01
1.034700000000000045e+03, 6.019270000000000176e-02
1.034720000000000027e+03, -4.385049999999999781e-01
1.034730000000000018e+03, -2.779310000000000114e-02
1.034750000000000000e+03, -9.663920000000000288e-01
1.034769999999999982e+03, 9.371439999999999770e-01
1.034779999999999973e+03, -7.442739999999999773e-03
1.034799999999999955e+03, -1.232510000000000029e-02
1.034819999999999936e+03, 1.101399999999999935e+00
1.034829999999999927e+03, 6.287880000000000136e-01
1.034849999999999909e+03, 1.593869999999999898e+00
1.034869999999999891e+03, -3.056699999999999973e-01
1.034880000000000109e+03, -1.616829999999999934e-01
1.034900000000000091e+03, 3.424289999999999834e-01
1.034920000000000073e+03, 1.600109999999999866e-01
1.034930000000000064e+03, 4.047529999999999739e-01
1.034950000000000045e+03, 2.641939999999999913e-02
1.034970000000000027e+03, -7.126489999999999769e-01
1.034980000000000018e+03, -2.914579999999999949e-01
1.035000000000000000e+03, 9.533169999999999700e-01
1.035019999999999982e+03, -7.245709999999999651e-01
1.035029999999999973e+03, 3.738059999999999994e-02
1.035049999999999955e+03, -2.050309999999999910e-01
1.035069999999999936e+03, 1.384800000000000031e+00
1.035079999999999927e+03, -1.529050000000000020e+00
1.035099999999999909e+03, -9.136689999999999534e-01
1.035119999999999891e+03, 9.613629999999999676e-01
1.035130000000000109e+03, -3.569880000000000275e-01
1.035150000000000091e+03, -5.554110000000000297e-02
1.035170000000000073e+03, -6.937010000000000121e-01
1.035180000000000064e+03, -7.228930000000000078e-01
1.035200000000000045e+03, -1.453040000000000109e+00
1.035220000000000027e+03, -3.325480000000000103e-01
1.035230000000000018e+03, 1.913610000000000033e-01
1.035250000000000000e+03, 2.036599999999999966e+00
1.035269999999999982e+03, 4.085059999999999802e-01
1.035279999999999973e+03, -8.117349999999999843e-01
1.035299999999999955e+03, -5.161510000000000264e-01
1.035319999999999936e+03, -1.465239999999999876e-01
1.035329999999999927e+03, -2.398569999999999869e-01
1.035349999999999909e+03, 3.200740000000000252e-01
1.035369999999999891e+03, 8.328269999999999840e-01
1.035380000000000109e+03, 9.371220000000000105e-01
1.035400000000000091e+03, -5.563209999999999544e-01
1.035420000000000073e+03, 1.397980000000000056e-01
1.035430000000000064e+03, -8.613089999999999913e-01
1.035450000000000045e+03, 7.986590000000000078e-01
1.035470000000000027e+03, 1.222679999999999989e+00
1.035480000000000018e+03, 1.888870000000000049e+00
1.035500000000000000e+03, -1.883829999999999893e+00
1.035519999999999982e+03, -1.169920000000000071e+00
1.035529999999999973e+03, -8.861560000000000548e-01
1.035549999999999955e+03, 6.995469999999999466e-02
1.035569999999999936e+03, 6.664069999999999716e-01
1.035579999999999927e+03, 3.619870000000000032e-01
1.035599999999999909e+03, 4.602299999999999724e-01
1.035619999999999891e+03, 1.105369999999999964e+00
1.035630000000000109e+03, 1.974089999999999900e+00
1.035650000000000091e+03, -1.185139999999999944e-01
1.035670000000000073e+03, -3.545139999999999958e-01
1.035680000000000064e+03, -1.301180000000000114e-01
1.035700000000000045e+03, -2.670919999999999961e-01
1.035720000000000027e+03, -4.993839999999999946e-01
1.035730000000000018e+03, -8.637090000000000045e-03
1.035750000000000000e+03, -4.149769999999999848e-02
1.035769999999999982e+03, 1.634109999999999951e+00
1.035779999999999973e+03, 5.293099999999999472e-01
1.035799999999999955e+03, 7.339480000000000448e-01
1.035819999999999936e+03, -5.419800000000000173e-01
1.035829999999999927e+03, 5.811560000000000059e-01
1.035849999999999909e+03, 5.977789999999999493e-01
1.035869999999999891e+03, 1.204299999999999926e+00
1.035880000000000109e+03, -4.946059999999999901e-01
1.035900000000000091e+03, 5.818929999999999936e-02
1.035920000000000073e+03, 9.211399999999999588e-01
1.035930000000000064e+03, -1.389710000000000001e+00
1.035950000000000045e+03, -9.670130000000000114e-01
1.035970000000000027e+03, -1.361150000000000138e-01
1.035980000000000018e+03, 5.807900000000000285e-01
1.036000000000000000e+03, 8.707579999999999487e-02
1.036019999999999982e+03, 1.231780000000000097e+00
1.036029999999999973e+03, -5.279779999999999474e-01
1.036049999999999955e+03, -5.438579999999999526e-01
1.036069999999999936e+03, 2.995530000000000137e-01
1.036079999999999927e+03, -3.391330000000000178e-01
1.036099999999999909e+03, 2.609179999999999833e-01
1.036119999999999891e+03, -3.811260000000000203e-01
1.036130000000000109e+03, -3.884569999999999967e-01
1.036150000000000091e+03, -1.004850000000000021e+00
1.036170000000000073e+03, -8.798390000000000377e-01
1.036180000000000064e+03, 1.968149999999999900e-01
1.036200000000000045e+03, -5.840030000000000499e-01
1.036220000000000027e+03, 2.982839999999999936e-01
1.036230000000000018e+03, -6.644660000000000011e-01
1.036250000000000000e+03, -9.238769999999999483e-01
1.036269999999999982e+03, -1.489409999999999901e+00
1.036279999999999973e+03, -1.009560000000000013e+00
1.036299999999999955e+03, 4.416379999999999750e-01
1.036319999999999936e+03, 1.704990000000000117e-01
1.036329999999999927e+03, -9.720320000000000349e-02
1.036349999999999909e+03, -1.995069999999999899e-01
1.036369999999999891e+03, 2.079239999999999977e-01
1.036380000000000109e+03, 7.449869999999999548e-01
1.036400000000000091e+03, 4.569289999999999741e-01
1.036420000000000073e+03, 5.619699999999999696e-01
1.036430000000000064e+03, -1.395180000000000087e+00
1.036450000000000045e+03, 3.797980000000000245e-01
1.036470000000000027e+03, 1.134040000000000048e-01
1.036480000000000018e+03, -8.445890000000000342e-02
1.036500000000000000e+03, 3.845480000000000009e-01
1.036519999999999982e+03, 1.407090000000000007e-01
1.036529999999999973e+03, -1.728250000000000064e-01
1.036549999999999955e+03, -6.703789999999999472e-01
1.036569999999999936e+03, 1.003470000000000084e+00
1.036579999999999927e+03, 5.823570000000000135e-01
1.036599999999999909e+03, -1.140930000000000000e-01
1.036619999999999891e+03, -2.915659999999999918e-01
1.036630000000000109e+03, -3.763480000000000159e-01
1.036650000000000091e+03, -1.728989999999999971e-01
1.036670000000000073e+03, 5.064640000000000253e-01
1.036680000000000064e+03, 4.377940000000000165e-01
1.036700000000000045e+03, -3.656789999999999763e-01
1.036720000000000027e+03, -5.538049999999999917e-01
1.036730000000000018e+03, -8.403800000000000159e-01
1.036750000000000000e+03, -5.112210000000000365e-01
1.036769999999999982e+03, 9.407440000000000246e-01
1.036779999999999973e+03, -2.805449999999999888e-01
1.036799999999999955e+03, 3.293960000000000221e-01
1.036819999999999936e+03, 1.535979999999999901e+00
1.036829999999999927e+03, 5.662439999999999696e-01
1.036849999999999909e+03, -1.898970000000000102e-01
1.036869999999999891e+03, -1.583930000000000060e+00
1.036880000000000109e+03, -9.171810000000000240e-01
1.036900000000000091e+03, 6.210970000000000102e-01
1.036920000000000073e+03, -1.863269999999999926e-01
1.036930000000000064e+03, -5.782800000000000162e-01
1.036950000000000045e+03, 1.831609999999999960e+00
1.036970000000000027e+03, 5.626689999999999747e-01
1.036980000000000018e+03, -2.566430000000000100e-01
1.037000000000000000e+03, -2.898589999999999778e-01
1.037019999999999982e+03, -6.451480000000000548e-01
1.037029999999999973e+03, 8.636869999999999825e-01
1.037049999999999955e+03, 5.754000000000000226e-01
1.037069999999999936e+03, -2.204089999999999938e-01
1.037079999999999927e+03, 1.194370000000000015e-01
1.037099999999999909e+03, -8.224549999999999916e-02
1.037119999999999891e+03, 1.081930000000000058e+00
1.037130000000000109e+03, 8.259720000000000395e-01
1.037150000000000091e+03, 1.391070000000000084e-01
1.037170000000000073e+03, -8.255339999999999900e-01
1.037180000000000064e+03, 3.383669999999999733e-01
1.037200000000000045e+03, 5.975730000000000208e-01
1.037220000000000027e+03, 4.608280000000000154e-01
1.037230000000000018e+03, -3.896700000000000164e-01
1.037250000000000000e+03, -1.005169999999999897e+00
1.037269999999999982e+03, -6.262159999999999949e-01
1.037279999999999973e+03, 6.866200000000000081e-01
1.037299999999999955e+03, 9.657540000000000013e-01
1.037319999999999936e+03, 1.156809999999999894e+00
1.037329999999999927e+03, 5.102250000000000014e-03
1.037349999999999909e+03, -1.450720000000000010e+00
1.037369999999999891e+03, -3.255939999999999945e-01
1.037380000000000109e+03, 8.580339999999999634e-01
1.037400000000000091e+03, -1.837380000000000124e-01
1.037420000000000073e+03, 1.388469999999999982e-01
1.037430000000000064e+03, 4.263569999999999860e-01
1.037450000000000045e+03, 3.746249999999999858e-01
1.037470000000000027e+03, -7.226960000000000051e-01
1.037480000000000018e+03, 1.152209999999999956e+00
1.037500000000000000e+03, 1.333199999999999941e+00
1.037519999999999982e+03, 9.253510000000000346e-01
1.037529999999999973e+03, 6.227890000000000370e-01
1.037549999999999955e+03, -6.361029999999999740e-01
1.037569999999999936e+03, -2.052450000000000108e-01
1.037579999999999927e+03, -1.908639999999999892e+00
1.037599999999999909e+03, 3.897900000000000253e-01
1.037619999999999891e+03, 4.549940000000000095e-01
1.037630000000000109e+03, 2.414139999999999897e-01
1.037650000000000091e+03, 3.139650000000000080e-02
1.037670000000000073e+03, 7.322699999999999765e-01
1.037680000000000064e+03, 9.751140000000000363e-01
1.037700000000000045e+03, -2.765940000000000065e-01
1.037720000000000027e+03, 1.804119999999999946e+00
1.037730000000000018e+03, -2.830259999999999998e-01
1.037750000000000000e+03, 3.874210000000000154e-02
1.037769999999999982e+03, 1.477900000000000047e-01
1.037779999999999973e+03, 5.985880000000000090e-01
1.037799999999999955e+03, -3.490460000000000229e-01
1.037819999999999936e+03, -1.560189999999999966e+00
1.037829999999999927e+03, -7.188109999999999777e-01
1.037849999999999909e+03, 7.688760000000000039e-01
1.037869999999999891e+03, 1.604610000000000092e+00
1.037880000000000109e+03, 8.850959999999999939e-01
1.037900000000000091e+03, 6.712150000000000061e-01
1.037920000000000073e+03, -6.320440000000000502e-01
1.037930000000000064e+03, -3.724439999999999973e-01
1.037950000000000045e+03, 6.635379999999999612e-01
1.037970000000000027e+03, 3.129540000000000100e-01
1.037980000000000018e+03, 3.865999999999999992e-01
1.038000000000000000e+03, 7.530069999999999819e-01
1.038019999999999982e+03, 8.908810000000000340e-01
1.038029999999999973e+03, -6.609479999999999800e-01
1.038049999999999955e+03, -7.284970000000000334e-02
1.038069999999999936e+03, -3.006949999999999901e-01
1.038079999999999927e+03, -1.406029999999999891e+00
1.038099999999999909e+03, 4.711520000000000152e-01
1.038119999999999891e+03, -2.691089999999999871e-01
1.038130000000000109e+03, 7.594359999999999999e-01
1.038150000000000091e+03, 2.149860000000000104e-01
1.038170000000000073e+03, -1.474420000000000064e+00
1.038180000000000064e+03, -1.996330000000000049e-01
1.038200000000000045e+03, -5.600089999999999790e-01
1.038220000000000027e+03, -8.981930000000000469e-02
1.038230000000000018e+03, 8.580449999999999466e-01
1.038250000000000000e+03, 6.573740000000000139e-01
1.038269999999999982e+03, 3.776909999999999989e-01
1.038279999999999973e+03, 4.603300000000000169e-01
1.038299999999999955e+03, 2.084159999999999902e-01
1.038319999999999936e+03, -1.712909999999999988e-01
1.038329999999999927e+03, 1.565100000000000102e-01
1.038349999999999909e+03, 6.073079999999999590e-01
1.038369999999999891e+03, 6.673930000000000140e-01
1.038380000000000109e+03, 3.308989999999999987e-01
1.038400000000000091e+03, -1.729509999999999936e-01
1.038420000000000073e+03, -5.621979999999999755e-01
1.038430000000000064e+03, -1.510210000000000052e+00
1.038450000000000045e+03, -8.088189999999999547e-01
1.038470000000000027e+03, 9.230549999999999589e-01
1.038480000000000018e+03, -9.461179999999999590e-02
1.038500000000000000e+03, -1.510839999999999961e+00
1.038519999999999982e+03, -4.388549999999999951e-01
1.038529999999999973e+03, 3.446710000000000051e-01
1.038549999999999955e+03, 2.436710000000000154e+00
1.038569999999999936e+03, 1.291690000000000005e+00
1.038579999999999927e+03, 9.770959999999999646e-01
1.038599999999999909e+03, -3.078420000000000115e-02
1.038619999999999891e+03, -2.162139999999999895e-01
1.038630000000000109e+03, 3.602360000000000007e-01
1.038650000000000091e+03, -3.647699999999999831e-01
1.038670000000000073e+03, -3.212090000000000223e-01
1.038680000000000064e+03, -9.598029999999999617e-01
1.038700000000000045e+03, 1.082410000000000094e+00
1.038720000000000027e+03, 1.646499999999999908e-01
1.038730000000000018e+03, -2.392849999999999838e-02
1.038750000000000000e+03, 3.167829999999999813e-01
1.038769999999999982e+03, 9.952419999999999600e-01
1.038779999999999973e+03, 1.322899999999999909e-01
1.038799999999999955e+03, 1.883930000000000049e-01
1.038819999999999936e+03, -1.164020000000000055e+00
1.038829999999999927e+03, -6.567359999999999864e-01
1.038849999999999909e+03, -7.006559999999999455e-01
1.038869999999999891e+03, -1.548980000000000024e+00
1.038880000000000109e+03, -3.800160000000000204e-01
1.038900000000000091e+03, -6.240570000000000145e-02
1.038920000000000073e+03, -5.041590000000000238e-01
1.038930000000000064e+03, -1.855370000000000075e-01
1.038950000000000045e+03, -5.192080000000000028e-01
1.038970000000000027e+03, 9.287419999999999565e-01
1.038980000000000018e+03, 4.875740000000000074e-01
1.039000000000000000e+03, 1.271290000000000031e+00
1.039019999999999982e+03, -1.864249999999999963e+00
1.039029999999999973e+03, -2.948319999999999830e-01
1.039049999999999955e+03, -1.212010000000000032e+00
1.039069999999999936e+03, -1.765819999999999945e+00
1.039079999999999927e+03, -1.052329999999999932e-01
1.039099999999999909e+03, 1.531029999999999891e+00
1.039119999999999891e+03, 2.681520000000000015e-01
1.039130000000000109e+03, 3.898859999999999826e-02
1.039150000000000091e+03, 2.408339999999999925e-01
1.039170000000000073e+03, -1.316840000000000011e+00
1.039180000000000064e+03, -6.454630000000000090e-01
1.039200000000000045e+03, -4.752069999999999905e-01
1.039220000000000027e+03, -4.414239999999999831e-01
1.039230000000000018e+03, 3.914920000000000067e-01
1.039250000000000000e+03, 1.258459999999999912e+00
1.039269999999999982e+03, 1.250850000000000017e+00
1.039279999999999973e+03, -3.779469999999999774e-01
1.039299999999999955e+03, 5.059620000000000228e-01
1.039319999999999936e+03, 1.754459999999999908e+00
1.039329999999999927e+03, 2.148610000000000131e+00
1.039349999999999909e+03, 2.014130000000000198e+00
1.039369999999999891e+03, 3.871009999999999729e-02
1.039380000000000109e+03, -8.843400000000000150e-01
1.039400000000000091e+03, -1.546899999999999942e+00
1.039420000000000073e+03, -8.324049999999999505e-01
1.039430000000000064e+03, 2.441790000000000106e-03
1.039450000000000045e+03, 4.861860000000000070e-01
1.039470000000000027e+03, -9.163010000000000321e-01
1.039480000000000018e+03, -1.715079999999999938e-01
1.039500000000000000e+03, -1.367899999999999949e-01
1.039519999999999982e+03, -1.309609999999999941e-01
1.039529999999999973e+03, -7.436460000000000292e-01
1.039549999999999955e+03, 1.087930000000000008e-01
1.039569999999999936e+03, -2.433569999999999900e-01
1.039579999999999927e+03, -1.384700000000000042e+00
1.039599999999999909e+03, -1.693699999999999983e+00
1.039619999999999891e+03, 3.270259999999999834e-01
1.039630000000000109e+03, 5.397619999999999640e-01
1.039650000000000091e+03, -4.884949999999999709e-02
1.039670000000000073e+03, 2.595870000000000122e-01
1.039680000000000064e+03, 1.566460000000000075e-01
1.039700000000000045e+03, 6.261309999999999931e-01
1.039720000000000027e+03, 2.822290000000000076e-01
1.039730000000000018e+03, 8.559759999999999591e-01
1.039750000000000000e+03, -4.981430000000000025e-01
1.039769999999999982e+03, 2.426540000000000086e-01
1.039779999999999973e+03, 4.001730000000000009e-01
1.039799999999999955e+03, 8.968450000000000033e-01
1.039819999999999936e+03, 1.583059999999999912e+00
1.039829999999999927e+03, -3.368920000000000248e-02
1.039849999999999909e+03, -4.007410000000000139e-01
1.039869999999999891e+03, 6.585170000000000190e-01
1.039880000000000109e+03, 9.901269999999999794e-01
1.039900000000000091e+03, 7.699700000000000433e-01
1.039920000000000073e+03, 8.608879999999999866e-01
1.039930000000000064e+03, -5.931220000000000381e-01
1.039950000000000045e+03, -1.698910000000000003e-02
1.039970000000000027e+03, -6.143250000000000099e-01
1.039980000000000018e+03, -1.757009999999999961e+00
1.040000000000000000e+03, -1.173769999999999980e+00
1.040019999999999982e+03, -4.199049999999999727e-01
1.040029999999999973e+03, 1.688209999999999988e-01
1.040049999999999955e+03, -3.754009999999999847e-01
1.040069999999999936e+03, -3.980690000000000062e-01
1.040079999999999927e+03, -1.210610000000000019e-01
1.040099999999999909e+03, 6.256110000000000282e-01
1.040119999999999891e+03, 4.699929999999999941e-01
1.040130000000000109e+03, 4.959379999999999900e-01
1.040150000000000091e+03, 1.443319999999999936e+00
1.040170000000000073e+03, -1.942419999999999980e-01
1.040180000000000064e+03, 6.724240000000000217e-01
1.040200000000000045e+03, -3.152599999999999847e-01
1.040220000000000027e+03, -7.836319999999999952e-01
1.040230000000000018e+03, -5.696219999999999617e-01
1.040250000000000000e+03, -2.872289999999999913e-02
1.040269999999999982e+03, -1.218099999999999961e+00
1.040279999999999973e+03, -8.321380000000000443e-01
1.040299999999999955e+03, 9.056079999999999686e-01
1.040319999999999936e+03, 9.178190000000000515e-01
1.040329999999999927e+03, 1.989360000000000017e+00
1.040349999999999909e+03, -3.693069999999999964e-01
1.040369999999999891e+03, -1.031709999999999905e+00
1.040380000000000109e+03, -9.157809999999999562e-01
1.040400000000000091e+03, -9.681600000000000206e-01
1.040420000000000073e+03, -5.713810000000000278e-01
1.040430000000000064e+03, -4.196960000000000135e-01
1.040450000000000045e+03, 3.377609999999999779e-01
1.040470000000000027e+03, 1.837179999999999924e-01
1.040480000000000018e+03, 3.030780000000000141e-01
1.040500000000000000e+03, 9.987960000000000171e-01
1.040519999999999982e+03, 1.147909999999999986e+00
1.040529999999999973e+03, -8.116260000000000141e-02
1.040549999999999955e+03, -8.319910000000000361e-01
1.040569999999999936e+03, -1.357799999999999896e+00
1.040579999999999927e+03, 2.079789999999999972e-01
1.040599999999999909e+03, 1.062980000000000036e+00
1.040619999999999891e+03, 1.520410000000000039e+00
1.040630000000000109e+03, 1.167729999999999935e+00
1.040650000000000091e+03, -4.950570000000000248e-01
1.040670000000000073e+03, -1.175310000000000077e+00
1.040680000000000064e+03, -1.283600000000000074e+00
1.040700000000000045e+03, -1.280749999999999944e-02
1.040720000000000027e+03, -1.667769999999999975e+00
1.040730000000000018e+03, -7.559789999999999566e-01
1.040750000000000000e+03, 4.442119999999999957e-01
1.040769999999999982e+03, 7.275869999999999838e-01
1.040779999999999973e+03, 2.024420000000000108e-01
1.040799999999999955e+03, 1.004469999999999974e+00
1.040819999999999936e+03, -6.918029999999999458e-01
1.040829999999999927e+03, -1.351269999999999971e+00
1.040849999999999909e+03, -1.167550000000000088e+00
1.040869999999999891e+03, -6.390280000000000404e-01
1.040880000000000109e+03, 1.186470000000000025e-01
1.040900000000000091e+03, -1.097620000000000040e+00
1.040920000000000073e+03, -1.639320000000000110e+00
1.040930000000000064e+03, -6.111849999999999783e-01
1.040950000000000045e+03, 6.198280000000000456e-01
1.040970000000000027e+03, 1.829050000000000120e-01
1.040980000000000018e+03, 8.405200000000000449e-01
1.041000000000000000e+03, -3.394490000000000007e-01
1.041019999999999982e+03, -1.288159999999999972e+00
1.041029999999999973e+03, -4.115329999999999822e-01
1.041049999999999955e+03, -6.540179999999999882e-01
1.041069999999999936e+03, -5.359319999999999640e-01
1.041079999999999927e+03, 9.111839999999999939e-01
1.041099999999999909e+03, 2.127739999999999909e-01
1.041119999999999891e+03, 4.058129999999999793e-01
1.041130000000000109e+03, 8.122639999999999860e-01
1.041150000000000091e+03, -1.357780000000000098e-01
1.041170000000000073e+03, -1.625320000000000098e-01
1.041180000000000064e+03, -4.427209999999999757e-01
1.041200000000000045e+03, -1.094610000000000083e+00
1.041220000000000027e+03, 3.564740000000000131e-01
1.041230000000000018e+03, 1.077849999999999975e+00
1.041250000000000000e+03, 4.352289999999999770e-01
1.041269999999999982e+03, 8.950930000000000275e-01
1.041279999999999973e+03, 1.218469999999999942e+00
1.041299999999999955e+03, 4.546709999999999918e-01
1.041319999999999936e+03, -1.860499999999999932e-01
1.041329999999999927e+03, 1.683959999999999901e+00
1.041349999999999909e+03, 1.327809999999999935e+00
1.041369999999999891e+03, -2.280600000000000127e-01
1.041380000000000109e+03, -6.150590000000000224e-01
1.041400000000000091e+03, 1.282760000000000011e-01
1.041420000000000073e+03, 4.678869999999999973e-01
1.041430000000000064e+03, 1.273819999999999952e+00
1.041450000000000045e+03, 3.380489999999999884e-01
1.041470000000000027e+03, -1.021470000000000100e+00
1.041480000000000018e+03, -1.447240000000000082e+00
1.041500000000000000e+03, 7.576429999999999554e-01
1.041519999999999982e+03, -4.431459999999999844e-01
1.041529999999999973e+03, 4.684789999999999788e-01
1.041549999999999955e+03, -1.986690000000000123e-01
1.041569999999999936e+03, -6.810019999999999962e-01
1.041579999999999927e+03, 3.001960000000000184e-01
1.041599999999999909e+03, 1.538950000000000040e+00
1.041619999999999891e+03, 8.233810000000000295e-01
1.041630000000000109e+03, -8.063850000000000184e-01
1.041650000000000091e+03, 4.880010000000000181e-01
1.041670000000000073e+03, -4.557629999999999737e-01
1.041680000000000064e+03, -3.131120000000000014e-01
1.041700000000000045e+03, 2.963080000000000158e-01
1.041720000000000027e+03, 7.477280000000000038e-02
1.041730000000000018e+03, -2.143009999999999915e-01
1.041750000000000000e+03, -2.589080000000000048e+00
1.041769999999999982e+03, -1.204749999999999988e+00
1.041779999999999973e+03, -6.577229999999999466e-01
1.041799999999999955e+03, 7.396340000000000137e-01
1.041819999999999936e+03, 1.968820000000000014e+00
1.041829999999999927e+03, 4.137339999999999907e-01
1.041849999999999909e+03, -1.180340000000000000e-01
1.041869999999999891e+03, 3.325629999999999975e-01
1.041880000000000109e+03, -1.072500000000000009e+00
1.041900000000000091e+03, 6.218270000000000186e-01
1.041920000000000073e+03, 2.089239999999999986e-01
1.041930000000000064e+03, -7.321889999999999787e-01
1.041950000000000045e+03, -1.667419999999999902e+00
1.041970000000000027e+03, 2.854749999999999788e-01
1.041980000000000018e+03, 8.470299999999999496e-01
1.042000000000000000e+03, 1.349969999999999892e+00
1.042019999999999982e+03, 7.753849999999999631e-02
1.042029999999999973e+03, -2.442290000000000016e-01
1.042049999999999955e+03, -5.348340000000000316e-01
1.042069999999999936e+03, 4.616689999999999960e-01
1.042079999999999927e+03, 8.534119999999999484e-01
1.042099999999999909e+03, 2.764099999999999890e-01
1.042119999999999891e+03, 3.648250000000000104e-01
1.042130000000000109e+03, 1.586610000000000076e+00
1.042150000000000091e+03, 2.268099999999999977e-02
1.042170000000000073e+03, -5.692169999999999869e-02
1.042180000000000064e+03, -2.429890000000000105e-01
1.042200000000000045e+03, -3.364909999999999846e-01
1.042220000000000027e+03, -1.834399999999999920e-01
1.042230000000000018e+03, 2.800360000000000002e-02
1.042250000000000000e+03, -1.238820000000000032e+00
1.042269999999999982e+03, -2.357259999999999911e-02
1.042279999999999973e+03, -1.041229999999999933e-01
1.042299999999999955e+03, -5.122910000000000519e-01
1.042319999999999936e+03, -3.212180000000000035e-01
1.042329999999999927e+03, 2.947640000000000260e-01
1.042349999999999909e+03, 3.657070000000000043e-01
1.042369999999999891e+03, -1.123480000000000034e+00
1.042380000000000109e+03, -5.081249999999999656e-02
1.042400000000000091e+03, 2.559469999999999801e-01
1.042420000000000073e+03, 3.379420000000000202e-01
1.042430000000000064e+03, 1.029879999999999907e+00
1.042450000000000045e+03, 9.516620000000000634e-02
1.042470000000000027e+03, -1.937190000000000023e-01
1.042480000000000018e+03, -2.130370000000000041e-01
1.042500000000000000e+03, 6.082370000000000276e-01
1.042519999999999982e+03, -1.035400000000000098e+00
1.042529999999999973e+03, -2.660819999999999852e-01
1.042549999999999955e+03, 6.932399999999999674e-01
1.042569999999999936e+03, -4.856909999999999838e-01
1.042579999999999927e+03, -1.457470000000000043e+00
1.042599999999999909e+03, -1.164710000000000051e-01
1.042619999999999891e+03, 3.339389999999999858e-01
1.042630000000000109e+03, 5.230789999999999607e-01
1.042650000000000091e+03, -3.096550000000000136e-01
1.042670000000000073e+03, -1.240300000000000014e-01
1.042680000000000064e+03, 8.832449999999999468e-01
1.042700000000000045e+03, -5.391000000000000236e-01
1.042720000000000027e+03, -3.189199999999999813e-01
1.042730000000000018e+03, -5.414780000000000149e-01
1.042750000000000000e+03, -6.928990000000000427e-01
1.042769999999999982e+03, -1.149010000000000087e+00
1.042779999999999973e+03, -6.036380000000000079e-01
1.042799999999999955e+03, 5.845970000000000333e-01
1.042819999999999936e+03, -1.780210000000000126e-01
1.042829999999999927e+03, -2.240069999999999784e+00
1.042849999999999909e+03, -1.093329999999999913e+00
1.042869999999999891e+03, 6.839959999999999747e-04
1.042880000000000109e+03, -1.158959999999999990e+00
1.042900000000000091e+03, 7.044089999999999518e-01
1.042920000000000073e+03, 1.634859999999999980e+00
1.042930000000000064e+03, 8.275010000000000421e-01
1.042950000000000045e+03, -8.926340000000000663e-02
1.042970000000000027e+03, -2.086009999999999920e+00
1.042980000000000018e+03, -9.174970000000000070e-01
1.043000000000000000e+03, -5.578180000000000360e-01
1.043019999999999982e+03, -1.043440000000000062e-01
1.043029999999999973e+03, 6.026770000000000183e-01
1.043049999999999955e+03, 4.626770000000000049e-01
1.043069999999999936e+03, 7.524629999999999930e-01
1.043079999999999927e+03, -2.965840000000000143e-01
1.043099999999999909e+03, -3.237090000000000245e-01
1.043119999999999891e+03, -1.298280000000000101e+00
1.043130000000000109e+03, 3.470460000000000211e-01
1.043150000000000091e+03, -1.278510000000000035e+00
1.043170000000000073e+03, 1.644269999999999898e-01
1.043180000000000064e+03, -4.454210000000000114e-01
1.043200000000000045e+03, 8.867990000000000039e-01
1.043220000000000027e+03, -1.300559999999999938e+00
1.043230000000000018e+03, 3.185060000000000113e-01
1.043250000000000000e+03, 3.077909999999999813e-01
1.043269999999999982e+03, 6.825959999999999805e-01
1.043279999999999973e+03, 7.360919999999999686e-01
1.043299999999999955e+03, 1.505689999999999973e+00
1.043319999999999936e+03, 2.366499999999999826e+00
1.043329999999999927e+03, 1.849480000000000013e+00
1.043349999999999909e+03, 5.026620000000000532e-01
1.043369999999999891e+03, -4.061679999999999735e-01
1.043380000000000109e+03, 3.361910000000000176e-01
1.043400000000000091e+03, -1.428080000000000016e+00
1.043420000000000073e+03, -2.030269999999999797e+00
1.043430000000000064e+03, -1.027179999999999982e+00
1.043450000000000045e+03, -3.728480000000000127e-01
1.043470000000000027e+03, 7.351509999999999989e-01
1.043480000000000018e+03, 1.024739999999999956e-01
1.043500000000000000e+03, 4.942529999999999979e-01
1.043519999999999982e+03, 3.533359999999999973e-02
1.043529999999999973e+03, 7.532940000000000469e-02
1.043549999999999955e+03, -3.064959999999999907e-01
1.043569999999999936e+03, 3.774839999999999862e-01
1.043579999999999927e+03, -5.312409999999999632e-01
1.043599999999999909e+03, -9.093210000000000459e-01
1.043619999999999891e+03, 1.032890000000000086e+00
1.043630000000000109e+03, -9.242329999999999712e-01
1.043650000000000091e+03, -1.563549999999999940e-01
1.043670000000000073e+03, 1.726900000000000102e-01
1.043680000000000064e+03, 3.345369999999999733e-01
1.043700000000000045e+03, 3.453910000000000036e-01
1.043720000000000027e+03, 1.463659999999999961e+00
1.043730000000000018e+03, -1.338870000000000060e-01
1.043750000000000000e+03, -1.866680000000000006e-01
1.043769999999999982e+03, -9.380650000000000377e-01
1.043779999999999973e+03, 2.041060000000000096e-01
1.043799999999999955e+03, 7.599930000000000296e-01
1.043819999999999936e+03, 9.465980000000000505e-01
1.043829999999999927e+03, 1.022149999999999892e+00
1.043849999999999909e+03, 2.367249999999999910e-01
1.043869999999999891e+03, 5.119409999999999794e-01
1.043880000000000109e+03, -8.111639999999999961e-01
1.043900000000000091e+03, -1.640730000000000022e+00
1.043920000000000073e+03, -8.820149999999999935e-01
1.043930000000000064e+03, -9.585129999999999484e-01
1.043950000000000045e+03, -1.274759999999999893e+00
1.043970000000000027e+03, -2.035800000000000110e-01
1.043980000000000018e+03, 2.785860000000000003e-01
1.044000000000000000e+03, -4.382220000000000004e-01
1.044019999999999982e+03, 4.666520000000000112e-01
1.044029999999999973e+03, 4.518490000000000006e-01
1.044049999999999955e+03, 3.801289999999999947e-01
1.044069999999999936e+03, -2.499260000000000093e-01
1.044079999999999927e+03, 5.455050000000000177e-01
1.044099999999999909e+03, 2.890989999999999966e-03
1.044119999999999891e+03, -2.202199999999999991e-01
1.044130000000000109e+03, -2.460690000000000099e-01
1.044150000000000091e+03, -9.502479999999999816e-01
1.044170000000000073e+03, -7.346279999999999477e-01
1.044180000000000064e+03, -1.271579999999999933e+00
1.044200000000000045e+03, 9.573990000000000000e-01
1.044220000000000027e+03, -4.190400000000000236e-01
1.044230000000000018e+03, 2.938089999999999868e-01
1.044250000000000000e+03, -7.895900000000000141e-01
1.044269999999999982e+03, -2.202330000000000121e-01
1.044279999999999973e+03, 5.419159999999999533e-01
1.044299999999999955e+03, 1.251659999999999925e-02
1.044319999999999936e+03, 2.115470000000000128e-01
1.044329999999999927e+03, -1.475489999999999968e+00
1.044349999999999909e+03, 8.824659999999999727e-01
1.044369999999999891e+03, 1.265509999999999913e+00
1.044380000000000109e+03, 2.815529999999999977e-01
1.044400000000000091e+03, -2.241430000000000089e-01
1.044420000000000073e+03, -1.107210000000000027e+00
1.044430000000000064e+03, -6.783320000000000460e-01
1.044450000000000045e+03, -4.876829999999999776e-01
1.044470000000000027e+03, 1.539369999999999905e-01
1.044480000000000018e+03, -8.624500000000000499e-01
1.044500000000000000e+03, -4.197119999999999740e-01
1.044519999999999982e+03, 1.347079999999999944e-01
1.044529999999999973e+03, -1.300560000000000049e-01
1.044549999999999955e+03, 2.281090000000000062e-01
1.044569999999999936e+03, 1.207330000000000014e+00
1.044579999999999927e+03, 1.338200000000000056e+00
1.044599999999999909e+03, 3.424329999999999874e-01
1.044619999999999891e+03, 5.831800000000000317e-01
1.044630000000000109e+03, -5.660479999999999956e-01
1.044650000000000091e+03, -4.606489999999999752e-01
1.044670000000000073e+03, -5.063640000000000363e-01
1.044680000000000064e+03, 6.000290000000000346e-01
1.044700000000000045e+03, 2.983069999999999888e-01
1.044720000000000027e+03, 8.895830000000000126e-01
1.044730000000000018e+03, 1.206790000000000029e+00
1.044750000000000000e+03, -1.022780000000000022e+00
1.044769999999999982e+03, -8.040410000000000057e-01
1.044779999999999973e+03, -5.181440000000000490e-01
1.044799999999999955e+03, 2.008030000000000093e-01
1.044819999999999936e+03, 1.728320000000000078e+00
1.044829999999999927e+03, 1.676320000000000032e+00
1.044849999999999909e+03, 4.504239999999999911e-01
1.044869999999999891e+03, -1.263730000000000020e+00
1.044880000000000109e+03, 1.555760000000000032e+00
1.044900000000000091e+03, 1.329609999999999959e+00
1.044920000000000073e+03, 9.256349999999999856e-01
1.044930000000000064e+03, 1.966340000000000032e-01
1.044950000000000045e+03, 1.501820000000000099e-01
1.044970000000000027e+03, -2.110499999999999876e-01
1.044980000000000018e+03, 1.134939999999999977e-01
1.045000000000000000e+03, 3.668429999999999747e-01
1.045019999999999982e+03, 5.586219999999999519e-01
1.045029999999999973e+03, -1.169240000000000057e+00
1.045049999999999955e+03, 8.850789999999999491e-01
1.045069999999999936e+03, -7.983419999999999406e-02
1.045079999999999927e+03, 1.717789999999999928e+00
1.045099999999999909e+03, 1.638840000000000019e-01
1.045119999999999891e+03, 1.026250000000000107e+00
1.045130000000000109e+03, 9.618809999999999860e-01
1.045150000000000091e+03, -2.688159999999999883e+00
1.045170000000000073e+03, -1.070599999999999996e+00
1.045180000000000064e+03, 2.310220000000000051e-01
1.045200000000000045e+03, -8.381020000000000136e-01
1.045220000000000027e+03, 6.210579999999999989e-01
1.045230000000000018e+03, -9.040690000000000115e-01
1.045250000000000000e+03, -5.467640000000000278e-01
1.045269999999999982e+03, 6.382820000000000160e-01
1.045279999999999973e+03, -1.713710000000000067e+00
1.045299999999999955e+03, 8.269279999999999686e-02
1.045319999999999936e+03, 3.600479999999999792e-01
1.045329999999999927e+03, 8.800689999999999902e-01
1.045349999999999909e+03, 2.349980000000000124e-01
1.045369999999999891e+03, 8.738420000000000076e-01
1.045380000000000109e+03, 6.898170000000000135e-01
1.045400000000000091e+03, -8.883370000000000433e-01
1.045420000000000073e+03, -5.431149999999999867e-02
1.045430000000000064e+03, -2.420229999999999881e-01
1.045450000000000045e+03, 1.056499999999999995e+00
1.045470000000000027e+03, -7.961880000000000068e-01
1.045480000000000018e+03, -1.471179999999999988e-01
1.045500000000000000e+03, -6.931540000000000479e-01
1.045519999999999982e+03, -1.400509999999999922e+00
1.045529999999999973e+03, 3.828960000000000141e-01
1.045549999999999955e+03, -1.804379999999999873e-01
1.045569999999999936e+03, 8.119169999999999998e-01
1.045579999999999927e+03, 5.672479999999999745e-01
1.045599999999999909e+03, -1.826249999999999929e+00
1.045619999999999891e+03, 1.166250000000000009e+00
1.045630000000000109e+03, 8.060349999999999460e-01
1.045650000000000091e+03, 6.234450000000000269e-01
1.045670000000000073e+03, 2.249440000000000051e-01
1.045680000000000064e+03, -5.884960000000000191e-02
1.045700000000000045e+03, -1.165129999999999999e+00
1.045720000000000027e+03, 5.642309999999999687e-02
1.045730000000000018e+03, 1.072089999999999987e+00
1.045750000000000000e+03, -1.676140000000000130e-01
1.045769999999999982e+03, 3.796829999999999927e-01
1.045779999999999973e+03, -9.663549999999999918e-02
1.045799999999999955e+03, -2.314569999999999961e-01
1.045819999999999936e+03, 1.286489999999999911e+00
1.045829999999999927e+03, -2.552470000000000017e-01
1.045849999999999909e+03, 5.713219999999999965e-01
1.045869999999999891e+03, 1.312400000000000011e+00
1.045880000000000109e+03, -1.011989999999999945e+00
1.045900000000000091e+03, -1.008789999999999965e-01
1.045920000000000073e+03, 9.439149999999999485e-01
1.045930000000000064e+03, -1.993970000000000020e+00
1.045950000000000045e+03, -1.059500000000000108e+00
1.045970000000000027e+03, -1.787770000000000081e+00
1.045980000000000018e+03, -3.085300000000000264e-01
1.046000000000000000e+03, 5.313099999999999490e-01
1.046019999999999982e+03, -6.139679999999999582e-01
1.046029999999999973e+03, -5.018700000000000244e-02
1.046049999999999955e+03, -3.360580000000000234e-01
1.046069999999999936e+03, -5.740389999999999660e-01
1.046079999999999927e+03, -3.695479999999999876e-01
1.046099999999999909e+03, 5.612169999999999659e-02
1.046119999999999891e+03, 8.534659999999999469e-01
1.046130000000000109e+03, 1.787090000000000067e+00
1.046150000000000091e+03, 7.781150000000000011e-01
1.046170000000000073e+03, -4.733080000000000065e-01
1.046180000000000064e+03, -1.348619999999999930e+00
1.046200000000000045e+03, 1.455449999999999910e+00
1.046220000000000027e+03, -9.785869999999999846e-01
1.046230000000000018e+03, -1.089239999999999986e+00
1.046250000000000000e+03, -2.032820000000000071e+00
1.046269999999999982e+03, -8.266970000000000152e-01
1.046279999999999973e+03, -3.211990000000000123e-01
1.046299999999999955e+03, 7.027510000000000145e-01
1.046319999999999936e+03, -1.502330000000000054e-01
1.046329999999999927e+03, 9.390519999999999978e-01
1.046349999999999909e+03, -3.459659999999999958e-01
1.046369999999999891e+03, -2.880610000000000115e-01
1.046380000000000109e+03, -3.785129999999999884e-01
1.046400000000000091e+03, -1.522169999999999912e-01
1.046420000000000073e+03, 7.451339999999999630e-01
1.046430000000000064e+03, 1.715459999999999985e+00
1.046450000000000045e+03, -1.421769999999999978e+00
1.046470000000000027e+03, -1.213189999999999991e+00
1.046480000000000018e+03, 9.010949999999999793e-01
1.046500000000000000e+03, -1.554850000000000065e+00
1.046519999999999982e+03, 1.255049999999999999e+00
1.046529999999999973e+03, -2.645689999999999986e-01
1.046549999999999955e+03, -1.432169999999999943e+00
1.046569999999999936e+03, -1.121529999999999916e+00
1.046579999999999927e+03, -6.017410000000000120e-02
1.046599999999999909e+03, -1.099990000000000023e+00
1.046619999999999891e+03, 1.906470000000000109e-01
1.046630000000000109e+03, 7.995020000000000460e-01
1.046650000000000091e+03, 6.477619999999999489e-01
1.046670000000000073e+03, 8.053660000000000263e-01
1.046680000000000064e+03, -7.563469999999999915e-01
1.046700000000000045e+03, 2.163009999999999933e-01
1.046720000000000027e+03, 3.340119999999999756e-01
1.046730000000000018e+03, -4.582959999999999812e-01
1.046750000000000000e+03, 2.025500000000000078e+00
1.046769999999999982e+03, 5.892190000000000483e-01
1.046779999999999973e+03, -3.856780000000000208e-01
1.046799999999999955e+03, -6.351820000000000244e-01
1.046819999999999936e+03, -9.089099999999999957e-02
1.046829999999999927e+03, -1.054559999999999942e+00
1.046849999999999909e+03, -8.784290000000000154e-01
1.046869999999999891e+03, -3.204080000000000261e-01
1.046880000000000109e+03, 6.127069999999999739e-02
1.046900000000000091e+03, -6.432350000000000012e-01
1.046920000000000073e+03, -2.469040000000000123e-01
1.046930000000000064e+03, 6.022380000000000511e-01
1.046950000000000045e+03, 1.054810000000000025e+00
1.046970000000000027e+03, 5.818790000000000073e-02
1.046980000000000018e+03, 6.714099999999999513e-01
1.047000000000000000e+03, 2.356070000000000109e-01
1.047019999999999982e+03, 8.467890000000000139e-01
1.047029999999999973e+03, 1.809649999999999981e+00
1.047049999999999955e+03, -4.312799999999999967e-01
1.047069999999999936e+03, -9.774699999999999500e-01
1.047079999999999927e+03, -2.922239999999999838e-01
1.047099999999999909e+03, -1.427669999999999995e+00
1.047119999999999891e+03, 2.110789999999999889e-01
1.047130000000000109e+03, 4.087779999999999747e-01
1.047150000000000091e+03, -6.877389999999999892e-01
1.047170000000000073e+03, 1.191500000000000004e+00
1.047180000000000064e+03, 1.340510000000000090e+00
1.047200000000000045e+03, 2.087400000000000089e-01
1.047220000000000027e+03, 3.601670000000000149e-01
1.047230000000000018e+03, -9.341629999999999379e-02
1.047250000000000000e+03, -1.232110000000000039e+00
1.047269999999999982e+03, -1.029879999999999907e+00
1.047279999999999973e+03, -6.248050000000000548e-01
1.047299999999999955e+03, -7.419390000000000152e-01
1.047319999999999936e+03, 6.768100000000000227e-01
1.047329999999999927e+03, 4.997480000000000255e-01
1.047349999999999909e+03, 3.777019999999999822e-01
1.047369999999999891e+03, -1.680150000000000032e+00
1.047380000000000109e+03, -1.339299999999999935e+00
1.047400000000000091e+03, -1.291809999999999903e-01
1.047420000000000073e+03, -1.977730000000000044e-01
1.047430000000000064e+03, -1.462050000000000072e+00
1.047450000000000045e+03, -4.453110000000000124e-01
1.047470000000000027e+03, -5.452780000000000404e-01
1.047480000000000018e+03, -3.624990000000000157e-01
1.047500000000000000e+03, -7.888009999999999744e-01
1.047519999999999982e+03, 3.989979999999999742e-03
1.047529999999999973e+03, 4.291579999999999839e-01
1.047549999999999955e+03, -1.021490000000000009e+00
1.047569999999999936e+03, 1.095730000000000093e+00
1.047579999999999927e+03, 2.815909999999999802e-01
1.047599999999999909e+03, 5.885810000000000208e-01
1.047619999999999891e+03, -1.312699999999999978e-01
1.047630000000000109e+03, 9.537630000000000274e-01
1.047650000000000091e+03, -8.245400000000000507e-01
1.047670000000000073e+03, -1.772330000000000017e-01
1.047680000000000064e+03, -7.109799999999999454e-01
1.047700000000000045e+03, 9.617759999999999643e-01
1.047720000000000027e+03, -3.375870000000000259e-01
1.047730000000000018e+03, 1.526280000000000081e+00
1.047750000000000000e+03, -4.550460000000000060e-01
1.047769999999999982e+03, -5.689899999999999958e-01
1.047779999999999973e+03, -4.272239999999999926e-01
1.047799999999999955e+03, -1.369159999999999933e+00
1.047819999999999936e+03, 2.975650000000000170e-02
1.047829999999999927e+03, -1.482900000000000051e-01
1.047849999999999909e+03, 3.639130000000000142e-02
1.047869999999999891e+03, 5.148709999999999676e-01
1.047880000000000109e+03, 1.349189999999999889e+00
1.047900000000000091e+03, -3.474389999999999978e-01
1.047920000000000073e+03, -1.668050000000000088e-01
1.047930000000000064e+03, 1.005190000000000028e+00
1.047950000000000045e+03, 2.976559999999999762e-01
1.047970000000000027e+03, 8.997560000000000002e-01
1.047980000000000018e+03, 6.916080000000000005e-01
1.048000000000000000e+03, -3.162340000000000151e-01
1.048019999999999982e+03, -1.692450000000000010e+00
1.048029999999999973e+03, -6.062220000000000386e-01
1.048049999999999955e+03, -1.081970000000000098e+00
1.048069999999999936e+03, -3.793940000000000090e-01
1.048079999999999927e+03, -1.448960000000000026e+00
1.048099999999999909e+03, 1.456139999999999990e+00
1.048119999999999891e+03, 1.643890000000000073e+00
1.048130000000000109e+03, -7.735480000000000134e-01
1.048150000000000091e+03, 1.575060000000000071e-01
1.048170000000000073e+03, 8.220800000000000329e-01
1.048180000000000064e+03, -1.520809999999999995e+00
1.048200000000000045e+03, -8.719050000000000411e-01
1.048220000000000027e+03, -5.540370000000000017e-01
1.048230000000000018e+03, 3.843089999999999701e-02
1.048250000000000000e+03, -7.063809999999999534e-02
1.048269999999999982e+03, 7.328599999999999559e-01
1.048279999999999973e+03, 1.067600000000000104e+00
1.048299999999999955e+03, 6.263739999999999863e-01
1.048319999999999936e+03, 4.788330000000000086e-01
1.048329999999999927e+03, -6.270790000000000530e-01
1.048349999999999909e+03, -8.747139999999999915e-01
1.048369999999999891e+03, -7.631759999999999655e-01
1.048380000000000109e+03, 2.307609999999999939e-01
1.048400000000000091e+03, 8.083039999999999670e-02
1.048420000000000073e+03, 2.400399999999999867e+00
1.048430000000000064e+03, 1.434419999999999862e-01
1.048450000000000045e+03, 5.953249999999999931e-01
1.048470000000000027e+03, -1.506589999999999874e-01
1.048480000000000018e+03, -1.035369999999999902e+00
1.048500000000000000e+03, 9.094800000000000106e-02
1.048519999999999982e+03, 3.068879999999999941e-01
1.048529999999999973e+03, 1.562489999999999990e-01
1.048549999999999955e+03, 1.020179999999999976e-01
1.048569999999999936e+03, -7.057839999999999669e-01
1.048579999999999927e+03, -3.554970000000000074e-01
1.048599999999999909e+03, -1.700609999999999900e-01
1.048619999999999891e+03, -3.121959999999999735e-01
1.048630000000000109e+03, -5.187359999999999749e-01
1.048650000000000091e+03, -5.244600000000000373e-01
1.048670000000000073e+03, -1.577749999999999986e+00
1.048680000000000064e+03, -6.102210000000000134e-01
1.048700000000000045e+03, 7.342419999999999503e-02
1.048720000000000027e+03, 7.899040000000000505e-01
1.048730000000000018e+03, -1.016640000000000044e-01
1.048750000000000000e+03, -6.928950000000000387e-01
1.048769999999999982e+03, -7.473980000000000068e-01
1.048779999999999973e+03, -8.338729999999999754e-01
1.048799999999999955e+03, 4.826110000000000122e-01
1.048819999999999936e+03, 1.253700000000000092e-01
1.048829999999999927e+03, -6.203359999999999985e-01
1.048849999999999909e+03, -2.360869999999999982e-02
1.048869999999999891e+03, -7.580099999999999616e-01
1.048880000000000109e+03, -3.410369999999999790e-01
1.048900000000000091e+03, -1.678490000000000038e+00
1.048920000000000073e+03, 1.072650000000000103e+00
1.048930000000000064e+03, 1.847879999999999967e+00
1.048950000000000045e+03, 1.023700000000000054e+00
1.048970000000000027e+03, -7.924609999999999710e-01
1.048980000000000018e+03, -5.729570000000000496e-01
1.049000000000000000e+03, -1.082489999999999952e+00
1.049019999999999982e+03, -2.445720000000000116e-01
1.049029999999999973e+03, 2.522349999999999870e-01
1.049049999999999955e+03, 6.719800000000000217e-01
1.049069999999999936e+03, 1.121920000000000001e-01
1.049079999999999927e+03, -2.144530000000000047e+00
1.049099999999999909e+03, -2.450829999999999953e-01
1.049119999999999891e+03, 3.364650000000000141e-01
1.049130000000000109e+03, 1.606910000000000061e+00
1.049150000000000091e+03, 2.934359999999999746e-01
1.049170000000000073e+03, 1.416789999999999994e+00
1.049180000000000064e+03, 1.720330000000000123e-02
1.049200000000000045e+03, -6.398049999999999571e-01
1.049220000000000027e+03, -4.953150000000000053e-01
1.049230000000000018e+03, 8.074900000000000411e-01
1.049250000000000000e+03, -3.513160000000000172e-01
1.049269999999999982e+03, 7.026050000000000351e-01
1.049279999999999973e+03, -1.242520000000000069e+00
1.049299999999999955e+03, -5.269679999999999920e-01
1.049319999999999936e+03, -3.728170000000000095e-01
1.049329999999999927e+03, 1.695719999999999894e+00
1.049349999999999909e+03, 1.100000000000000089e+00
1.049369999999999891e+03, 3.681719999999999993e-01
1.049380000000000109e+03, -1.787789999999999935e-01
1.049400000000000091e+03, 1.253609999999999891e+00
1.049420000000000073e+03, 5.657579999999999831e-01
1.049430000000000064e+03, -1.822880000000000056e+00
1.049450000000000045e+03, 5.522099999999999786e-01
1.049470000000000027e+03, 6.566889999999999672e-01
1.049480000000000018e+03, 2.894039999999999946e-01
1.049500000000000000e+03, -9.724669999999999703e-01
1.049519999999999982e+03, 4.510219999999999785e-01
1.049529999999999973e+03, 4.422470000000000012e-01
1.049549999999999955e+03, 1.172969999999999985e-01
1.049569999999999936e+03, 1.541220000000000090e-01
1.049579999999999927e+03, -7.099279999999999480e-02
1.049599999999999909e+03, -2.635890000000000177e-01
1.049619999999999891e+03, -4.539630000000000054e-01
1.049630000000000109e+03, -7.214909999999999379e-02
1.049650000000000091e+03, -3.278869999999999701e-02
1.049670000000000073e+03, 4.455140000000000211e-01
1.049680000000000064e+03, 1.017870000000000053e+00
1.049700000000000045e+03, 4.156189999999999884e-02
1.049720000000000027e+03, -8.216059999999999475e-01
1.049730000000000018e+03, -1.823460000000000081e-01
1.049750000000000000e+03, -4.379529999999999812e-01
1.049769999999999982e+03, 7.930000000000000382e-01
1.049779999999999973e+03, 9.537120000000000042e-01
1.049799999999999955e+03, -2.993339999999999890e-01
1.049819999999999936e+03, -5.100590000000000401e-01
1.049829999999999927e+03, -1.673679999999999959e-02
1.049849999999999909e+03, 1.835589999999999999e-01
1.049869999999999891e+03, -3.654529999999999723e-01
1.049880000000000109e+03, -8.738070000000000004e-01
1.049900000000000091e+03, -4.028190000000000243e-02
1.049920000000000073e+03, -1.146719999999999962e+00
1.049930000000000064e+03, -4.107950000000000212e-01
1.049950000000000045e+03, 2.607180000000000053e+00
1.049970000000000027e+03, 1.525320000000000009e+00
1.049980000000000018e+03, 3.220999999999999974e-01
1.050000000000000000e+03, -1.334980000000000055e+00
1.050019999999999982e+03, -1.175899999999999945e+00
1.050029999999999973e+03, 6.805080000000000018e-01
1.050049999999999955e+03, 1.293169999999999875e-01
1.050069999999999936e+03, -9.110800000000000010e-01
1.050079999999999927e+03, -6.784729999999999928e-01
1.050099999999999909e+03, 3.724430000000000240e-01
1.050119999999999891e+03, 8.278400000000000203e-01
1.050130000000000109e+03, -6.411759999999999682e-02
1.050150000000000091e+03, -2.218870000000000009e-01
1.050170000000000073e+03, 4.547140000000000071e-01
1.050180000000000064e+03, -3.501549999999999940e-01
1.050200000000000045e+03, 1.125010000000000038e-01
1.050220000000000027e+03, 7.672250000000000458e-01
1.050230000000000018e+03, 1.256189999999999918e+00
1.050250000000000000e+03, 1.072079999999999922e+00
1.050269999999999982e+03, -3.301950000000000024e-02
1.050279999999999973e+03, -1.001810000000000089e+00
1.050299999999999955e+03, -1.303600000000000092e+00
1.050319999999999936e+03, -2.561410000000000076e-01
1.050329999999999927e+03, 1.771230000000000027e-01
1.050349999999999909e+03, -1.519250000000000045e-01
1.050369999999999891e+03, 7.314500000000000446e-01
1.050380000000000109e+03, -6.477920000000000345e-01
1.050400000000000091e+03, -5.091139999999999555e-01
1.050420000000000073e+03, -8.451889999999999681e-01
1.050430000000000064e+03, 1.917750000000000010e-01
1.050450000000000045e+03, 4.741360000000000019e-03
1.050470000000000027e+03, 1.635020000000000084e-01
1.050480000000000018e+03, -8.836919999999999498e-02
1.050500000000000000e+03, 1.261230000000000129e-01
1.050519999999999982e+03, 6.574719999999999454e-01
1.050529999999999973e+03, 5.344229999999999814e-01
1.050549999999999955e+03, 2.759949999999999903e-01
1.050569999999999936e+03, -1.473479999999999901e+00
1.050579999999999927e+03, -4.846940000000000137e-01
1.050599999999999909e+03, -2.340180000000000038e-01
1.050619999999999891e+03, -5.604729999999999990e-01
1.050630000000000109e+03, -3.090970000000000106e-01
1.050650000000000091e+03, -5.271200000000000330e-01
1.050670000000000073e+03, -1.149550000000000072e+00
1.050680000000000064e+03, 1.490939999999999932e+00
1.050700000000000045e+03, 2.039130000000000109e+00
1.050720000000000027e+03, 5.090740000000000265e-01
1.050730000000000018e+03, -1.635840000000000072e-01
1.050750000000000000e+03, -6.158649999999999958e-01
1.050769999999999982e+03, -9.946180000000000021e-01
1.050779999999999973e+03, 1.262199999999999989e-01
1.050799999999999955e+03, 8.326170000000000515e-01
1.050819999999999936e+03, 1.127780000000000005e+00
1.050829999999999927e+03, 8.540539999999999798e-01
1.050849999999999909e+03, -1.219589999999999952e+00
1.050869999999999891e+03, -1.233680000000000110e+00
1.050880000000000109e+03, -6.864639999999999631e-01
1.050900000000000091e+03, 7.069929999999999826e-01
1.050920000000000073e+03, 7.490130000000000399e-01
1.050930000000000064e+03, 7.471520000000000383e-01
1.050950000000000045e+03, 1.110500000000000043e+00
1.050970000000000027e+03, -9.652189999999999381e-02
1.050980000000000018e+03, 1.390699999999999992e-01
1.051000000000000000e+03, -2.169880000000000031e+00
1.051019999999999982e+03, -2.324640000000000040e-01
1.051029999999999973e+03, 1.258039999999999992e-01
1.051049999999999955e+03, 4.803000000000000047e-01
1.051069999999999936e+03, 5.387009999999999854e-01
1.051079999999999927e+03, 9.813399999999999901e-01
1.051099999999999909e+03, -1.943480000000000096e+00
1.051119999999999891e+03, 1.584280000000000133e-01
1.051130000000000109e+03, -9.359579999999999567e-01
1.051150000000000091e+03, 2.726839999999999820e-01
1.051170000000000073e+03, 1.164619999999999989e+00
1.051180000000000064e+03, -7.186449999999999783e-01
1.051200000000000045e+03, 3.723750000000000115e-01
1.051220000000000027e+03, -6.204880000000000395e-01
1.051230000000000018e+03, -6.574940000000000229e-01
1.051250000000000000e+03, 4.486370000000000080e-01
1.051269999999999982e+03, 7.746170000000000000e-01
1.051279999999999973e+03, 1.314599999999999991e+00
1.051299999999999955e+03, -2.803200000000000136e-01
1.051319999999999936e+03, -8.643960000000000532e-01
1.051329999999999927e+03, 1.811979999999999980e-01
1.051349999999999909e+03, 2.727359999999999784e-01
1.051369999999999891e+03, -8.362939999999999818e-01
1.051380000000000109e+03, 1.137569999999999970e+00
1.051400000000000091e+03, 8.498970000000000136e-01
1.051420000000000073e+03, -1.961219999999999908e-01
1.051430000000000064e+03, 6.418920000000000181e-01
1.051450000000000045e+03, 3.471429999999999794e-01
1.051470000000000027e+03, 5.005260000000000264e-01
1.051480000000000018e+03, -1.567489999999999994e-01
1.051500000000000000e+03, -5.789950000000000374e-01
1.051519999999999982e+03, -7.423410000000000286e-01
1.051529999999999973e+03, -2.455809999999999937e-01
1.051549999999999955e+03, 7.598599999999999799e-01
1.051569999999999936e+03, -7.733780000000000099e-01
1.051579999999999927e+03, 9.321819999999999551e-01
1.051599999999999909e+03, -1.019390000000000018e+00
1.051619999999999891e+03, -1.698290000000000077e-01
1.051630000000000109e+03, -4.567410000000000081e-01
1.051650000000000091e+03, 2.705819999999999892e-01
1.051670000000000073e+03, -1.961390000000000078e-01
1.051680000000000064e+03, 3.021090000000000164e-01
1.051700000000000045e+03, -2.330959999999999976e-01
1.051720000000000027e+03, -3.162769999999999748e-01
1.051730000000000018e+03, 1.305579999999999963e+00
1.051750000000000000e+03, -3.997859999999999747e-01
1.051769999999999982e+03, -3.525739999999999985e-01
1.051779999999999973e+03, 1.674439999999999928e+00
1.051799999999999955e+03, -4.154120000000000035e-01
1.051819999999999936e+03, -5.233039999999999914e-01
1.051829999999999927e+03, -1.537279999999999980e+00
1.051849999999999909e+03, -4.018809999999999882e-01
1.051869999999999891e+03, -3.830489999999999728e-01
1.051880000000000109e+03, 2.863100000000000089e-01
1.051900000000000091e+03, 8.038610000000000477e-01
1.051920000000000073e+03, 1.261230000000000129e-01
1.051930000000000064e+03, -3.457560000000000078e-01
1.051950000000000045e+03, -6.213710000000000067e-01
1.051970000000000027e+03, -2.150739999999999874e-01
1.051980000000000018e+03, -1.634420000000000039e-01
1.052000000000000000e+03, 5.366400000000000059e-01
1.052019999999999982e+03, 3.629209999999999936e-01
1.052029999999999973e+03, 5.655129999999999879e-02
1.052049999999999955e+03, 2.047400000000000109e+00
1.052069999999999936e+03, 1.363359999999999905e+00
1.052079999999999927e+03, -4.405370000000000119e-01
1.052099999999999909e+03, -2.574569999999999914e-01
1.052119999999999891e+03, 5.023699999999999832e-01
1.052130000000000109e+03, -1.488799999999999901e+00
1.052150000000000091e+03, -9.817770000000000663e-02
1.052170000000000073e+03, -1.360800000000000065e-01
1.052180000000000064e+03, 2.933279999999999776e-01
1.052200000000000045e+03, -1.336999999999999966e+00
1.052220000000000027e+03, 1.528210000000000124e-01
1.052230000000000018e+03, -6.880709999999999882e-01
1.052250000000000000e+03, -3.903949999999999920e-01
1.052269999999999982e+03, -3.512300000000000144e-02
1.052279999999999973e+03, -5.249479999999999702e-01
1.052299999999999955e+03, 1.791360000000000063e+00
1.052319999999999936e+03, -5.134539999999999660e-01
1.052329999999999927e+03, -1.407319999999999904e+00
1.052349999999999909e+03, -8.106729999999999769e-01
1.052369999999999891e+03, -5.653860000000000552e-01
1.052380000000000109e+03, 5.709429999999999783e-01
1.052400000000000091e+03, 1.668609999999999927e+00
1.052420000000000073e+03, -7.954490000000000172e-02
1.052430000000000064e+03, -1.175539999999999918e-02
1.052450000000000045e+03, -2.833390000000000075e-01
1.052470000000000027e+03, 1.761850000000000083e-01
1.052480000000000018e+03, 4.493909999999999849e-01
1.052500000000000000e+03, -1.291839999999999933e-01
1.052519999999999982e+03, -8.875779999999999781e-01
1.052529999999999973e+03, 5.451009999999999467e-01
1.052549999999999955e+03, 1.827150000000000052e+00
1.052569999999999936e+03, 6.374790000000000179e-01
1.052579999999999927e+03, 6.043389999999999596e-01
1.052599999999999909e+03, 2.043600000000000139e-01
1.052619999999999891e+03, 1.231209999999999916e+00
1.052630000000000109e+03, 4.484139999999999793e-01
1.052650000000000091e+03, -1.918709999999999916e+00
1.052670000000000073e+03, -9.896059999999999857e-01
1.052680000000000064e+03, -1.490430000000000088e-01
1.052700000000000045e+03, 7.089999999999999636e-01
1.052720000000000027e+03, 1.671210000000000084e+00
1.052730000000000018e+03, -9.880400000000000293e-01
1.052750000000000000e+03, -4.044280000000000097e-01
1.052769999999999982e+03, -6.857199999999999962e-01
1.052779999999999973e+03, -5.057810000000000361e-01
1.052799999999999955e+03, -8.218899999999999817e-02
1.052819999999999936e+03, 5.126990000000000158e-01
1.052829999999999927e+03, 3.276389999999999858e-02
1.052849999999999909e+03, 1.299029999999999907e+00
1.052869999999999891e+03, -1.229459999999999997e+00
1.052880000000000109e+03, -4.645940000000000070e-01
1.052900000000000091e+03, 3.548970000000000180e-01
1.052920000000000073e+03, 5.251289999999999569e-01
1.052930000000000064e+03, 2.239770000000000039e+00
1.052950000000000045e+03, -3.983510000000000106e-01
1.052970000000000027e+03, 6.251910000000000522e-01
1.052980000000000018e+03, 9.556390000000000162e-01
1.053000000000000000e+03, -2.241200000000000137e-01
1.053019999999999982e+03, 8.819050000000000500e-02
1.053029999999999973e+03, 1.286750000000000060e+00
1.053049999999999955e+03, -6.121120000000000033e-02
1.053069999999999936e+03, -3.603540000000000076e-01
1.053079999999999927e+03, -7.021840000000000304e-01
1.053099999999999909e+03, 1.117760000000000087e+00
1.053119999999999891e+03, 2.493049999999999988e-01
1.053130000000000109e+03, -3.376560000000000117e-01
1.053150000000000091e+03, 6.048470000000000235e-01
1.053170000000000073e+03, 5.292170000000000485e-01
1.053180000000000064e+03, -1.096090000000000009e+00
1.053200000000000045e+03, -6.873979999999999535e-01
1.053220000000000027e+03, -1.387829999999999897e+00
1.053230000000000018e+03, -8.007659999999999778e-01
1.053250000000000000e+03, 4.545719999999999761e-01
1.053269999999999982e+03, 2.526140000000000052e-01
1.053279999999999973e+03, 7.002699999999999481e-01
1.053299999999999955e+03, 1.923740000000000006e+00
1.053319999999999936e+03, 3.940819999999999879e-01
1.053329999999999927e+03, -1.367070000000000007e+00
1.053349999999999909e+03, -1.943270000000000053e+00
1.053369999999999891e+03, -3.099020000000000108e-01
1.053380000000000109e+03, -1.285490000000000022e+00
1.053400000000000091e+03, -4.323750000000000093e-01
1.053420000000000073e+03, 7.987720000000000375e-01
1.053430000000000064e+03, 6.159449999999999648e-01
1.053450000000000045e+03, 5.294609999999999594e-01
1.053470000000000027e+03, 1.666700000000000126e-01
1.053480000000000018e+03, 3.213400000000000145e-01
1.053500000000000000e+03, 1.073309999999999959e-01
1.053519999999999982e+03, 1.450780000000000125e-01
1.053529999999999973e+03, -4.176039999999999752e-01
1.053549999999999955e+03, 3.133879999999999999e-01
1.053569999999999936e+03, -1.415480000000000071e+00
1.053579999999999927e+03, 8.501260000000000483e-01
1.053599999999999909e+03, 3.983309999999999906e-01
1.053619999999999891e+03, -4.573470000000000035e-01
1.053630000000000109e+03, 3.887729999999999797e-01
1.053650000000000091e+03, -7.304990000000000094e-01
1.053670000000000073e+03, -1.727370000000000017e-01
1.053680000000000064e+03, 2.693740000000000023e-01
1.053700000000000045e+03, 2.086330000000000129e-01
1.053720000000000027e+03, 4.065810000000000257e-01
1.053730000000000018e+03, -6.991530000000000244e-01
1.053750000000000000e+03, -6.322170000000000289e-01
1.053769999999999982e+03, -1.190979999999999928e+00
1.053779999999999973e+03, -5.157190000000000385e-01
1.053799999999999955e+03, 6.564480000000000315e-01
1.053819999999999936e+03, 4.889580000000000037e-01
1.053829999999999927e+03, 4.030639999999999779e-01
1.053849999999999909e+03, 7.487829999999999486e-02
1.053869999999999891e+03, 2.929939999999999767e-01
1.053880000000000109e+03, 6.853719999999999812e-01
1.053900000000000091e+03, -8.376890000000000169e-01
1.053920000000000073e+03, 6.929359999999999964e-01
1.053930000000000064e+03, 4.452869999999999884e-01
1.053950000000000045e+03, 7.117099999999999538e-01
1.053970000000000027e+03, -1.663890000000000091e+00
1.053980000000000018e+03, -5.360909999999999842e-01
1.054000000000000000e+03, 4.442829999999999835e-01
1.054019999999999982e+03, 1.826959999999999973e-01
1.054029999999999973e+03, -1.988119999999999887e-01
1.054049999999999955e+03, 6.300200000000000244e-02
1.054069999999999936e+03, 1.117520000000000069e+00
1.054079999999999927e+03, -3.924940000000000095e-01
1.054099999999999909e+03, -3.253820000000000046e-01
1.054119999999999891e+03, -5.015030000000000321e-01
1.054130000000000109e+03, -6.726389999999999869e-01
1.054150000000000091e+03, -3.100689999999999835e-01
1.054170000000000073e+03, -4.191810000000000258e-01
1.054180000000000064e+03, -2.331709999999999894e-01
1.054200000000000045e+03, -1.269780000000000075e-01
1.054220000000000027e+03, 4.692259999999999764e-01
1.054230000000000018e+03, 2.683159999999999989e-01
1.054250000000000000e+03, 7.009309999999999707e-01
1.054269999999999982e+03, 9.760280000000000067e-01
1.054279999999999973e+03, -1.027430000000000065e+00
1.054299999999999955e+03, 9.550279999999999880e-02
1.054319999999999936e+03, 2.497040000000000093e-01
1.054329999999999927e+03, 1.044219999999999926e+00
1.054349999999999909e+03, 1.406139999999999946e+00
1.054369999999999891e+03, 1.601779999999999871e-01
1.054380000000000109e+03, -1.018359999999999932e+00
1.054400000000000091e+03, -8.699419999999999931e-01
1.054420000000000073e+03, -4.636440000000000006e-01
1.054430000000000064e+03, -2.007029999999999925e-01
1.054450000000000045e+03, -5.708980000000000166e-01
1.054470000000000027e+03, 8.282270000000000465e-01
1.054480000000000018e+03, 7.410290000000000488e-01
1.054500000000000000e+03, 2.855709999999999846e-02
1.054519999999999982e+03, -4.594119999999999870e-01
1.054529999999999973e+03, 1.203169999999999934e-01
1.054549999999999955e+03, -6.194169999999999954e-01
1.054569999999999936e+03, 5.471530000000000005e-01
1.054579999999999927e+03, -1.633040000000000047e-01
1.054599999999999909e+03, -1.168080000000000007e+00
1.054619999999999891e+03, -1.854590000000000127e-01
1.054630000000000109e+03, -4.468139999999999890e-01
1.054650000000000091e+03, 6.943409999999999860e-01
1.054670000000000073e+03, -2.974600000000000022e-01
1.054680000000000064e+03, 2.539690000000000003e-01
1.054700000000000045e+03, 5.603810000000000180e-01
1.054720000000000027e+03, 1.287719999999999976e+00
1.054730000000000018e+03, 4.419029999999999903e-01
1.054750000000000000e+03, 1.515550000000000057e-02
1.054769999999999982e+03, -2.998270000000000102e-01
1.054779999999999973e+03, 7.277120000000000255e-01
1.054799999999999955e+03, 5.211139999999999661e-01
1.054819999999999936e+03, 1.550580000000000069e+00
1.054829999999999927e+03, 1.361279999999999990e-01
1.054849999999999909e+03, -3.449789999999999801e-01
1.054869999999999891e+03, -4.122680000000000233e-01
1.054880000000000109e+03, 6.381569999999999743e-01
1.054900000000000091e+03, 2.876659999999999773e-01
1.054920000000000073e+03, 2.261819999999999942e-01
1.054930000000000064e+03, -2.779249999999999776e-01
1.054950000000000045e+03, -1.445000000000000062e+00
1.054970000000000027e+03, -5.870800000000000463e-01
1.054980000000000018e+03, -1.151310000000000056e+00
1.055000000000000000e+03, -1.616869999999999974e-01
1.055019999999999982e+03, 4.506390000000000118e-01
1.055029999999999973e+03, 1.312780000000000058e+00
1.055049999999999955e+03, 8.703679999999999750e-02
1.055069999999999936e+03, 4.323850000000000193e-01
1.055079999999999927e+03, 2.780540000000000234e-01
1.055099999999999909e+03, -7.590249999999999497e-01
1.055119999999999891e+03, -9.357210000000000527e-02
1.055130000000000109e+03, -5.818450000000000011e-02
1.055150000000000091e+03, 2.349769999999999914e-01
1.055170000000000073e+03, 8.811130000000000351e-01
1.055180000000000064e+03, -6.399219999999999908e-02
1.055200000000000045e+03, 8.358189999999999786e-01
1.055220000000000027e+03, 1.039690000000000003e+00
1.055230000000000018e+03, -8.625089999999999701e-01
1.055250000000000000e+03, -7.051100000000000145e-01
1.055269999999999982e+03, -1.296450000000000102e-01
1.055279999999999973e+03, -9.264520000000000532e-01
1.055299999999999955e+03, 4.481490000000000196e-01
1.055319999999999936e+03, 3.054209999999999980e-01
1.055329999999999927e+03, 8.914650000000000352e-02
1.055349999999999909e+03, 9.622739999999999627e-01
1.055369999999999891e+03, 1.000899999999999984e-01
1.055380000000000109e+03, 2.721450000000000258e-01
1.055400000000000091e+03, -9.374419999999999975e-01
1.055420000000000073e+03, -2.062970000000000081e-01
1.055430000000000064e+03, -1.308340000000000058e+00
1.055450000000000045e+03, 9.190599999999999881e-01
1.055470000000000027e+03, 1.440499999999999892e+00
1.055480000000000018e+03, -2.768749999999999822e-01
1.055500000000000000e+03, 3.291080000000000116e-01
1.055519999999999982e+03, 3.365929999999999755e-01
1.055529999999999973e+03, -4.864490000000000203e-01
1.055549999999999955e+03, -1.314259999999999873e-01
1.055569999999999936e+03, -5.000869999999999482e-01
1.055579999999999927e+03, 2.242439999999999989e-01
1.055599999999999909e+03, 1.525799999999999934e-01
1.055619999999999891e+03, 8.958049999999999347e-02
1.055630000000000109e+03, 6.474370000000000402e-01
1.055650000000000091e+03, 7.682290000000000507e-01
1.055670000000000073e+03, -6.537389999999999590e-01
1.055680000000000064e+03, -8.689430000000000209e-01
1.055700000000000045e+03, -3.211269999999999958e-01
1.055720000000000027e+03, -1.686949999999999950e+00
1.055730000000000018e+03, -4.809840000000000226e-01
1.055750000000000000e+03, -1.540769999999999917e-01
1.055769999999999982e+03, 1.380740000000000078e+00
1.055779999999999973e+03, 4.233399999999999941e-01
1.055799999999999955e+03, 2.715259999999999896e-02
1.055819999999999936e+03, 4.469259999999999899e-01
1.055829999999999927e+03, 6.953939999999999566e-01
1.055849999999999909e+03, 1.041430000000000078e+00
1.055869999999999891e+03, -8.334479999999999666e-01
1.055880000000000109e+03, -4.077850000000000086e-01
1.055900000000000091e+03, 2.760489999999999888e-01
1.055920000000000073e+03, 6.160809999999999897e-01
1.055930000000000064e+03, 1.286210000000000131e-01
1.055950000000000045e+03, -1.080419999999999936e+00
1.055970000000000027e+03, 6.644809999999999606e-02
1.055980000000000018e+03, -1.367159999999999931e+00
1.056000000000000000e+03, -5.300359999999999516e-01
1.056019999999999982e+03, 6.886759999999999549e-01
1.056029999999999973e+03, 4.958989999999999787e-01
1.056049999999999955e+03, -1.239540000000000086e+00
1.056069999999999936e+03, -4.034550000000000081e-01
1.056079999999999927e+03, 5.843000000000000416e-01
1.056099999999999909e+03, 4.311510000000000342e-02
1.056119999999999891e+03, -1.793909999999999949e-01
1.056130000000000109e+03, -8.175949999999999607e-01
1.056150000000000091e+03, -7.557080000000000464e-01
1.056170000000000073e+03, 4.630679999999999796e-01
1.056180000000000064e+03, -4.238349999999999757e-02
1.056200000000000045e+03, 9.010190000000000143e-01
1.056220000000000027e+03, 1.276950000000000029e-01
1.056230000000000018e+03, 7.368879999999999875e-01
1.056250000000000000e+03, 5.199639999999999818e-01
1.056269999999999982e+03, -1.646029999999999993e-01
1.056279999999999973e+03, -2.928790000000000004e-01
1.056299999999999955e+03, -7.754459999999999686e-01
1.056319999999999936e+03, 8.608299999999999841e-01
1.056329999999999927e+03, -1.155559999999999921e+00
1.056349999999999909e+03, -4.323879999999999946e-01
1.056369999999999891e+03, -2.645620000000000194e-01
1.056380000000000109e+03, -6.421320000000000361e-01
1.056400000000000091e+03, 5.327009999999999801e-01
1.056420000000000073e+03, 6.350400000000000489e-01
1.056430000000000064e+03, 5.490660000000000540e-01
1.056450000000000045e+03, 9.574169999999999625e-01
1.056470000000000027e+03, 1.289849999999999941e+00
1.056480000000000018e+03, -2.252089999999999925e-01
1.056500000000000000e+03, -7.526339999999999419e-02
1.056519999999999982e+03, -1.092940000000000023e+00
1.056529999999999973e+03, 5.615359999999999796e-02
1.056549999999999955e+03, 3.262709999999999916e-02
1.056569999999999936e+03, 3.836870000000000003e-01
1.056579999999999927e+03, 2.102889999999999926e+00
1.056599999999999909e+03, -4.465219999999999745e-01
1.056619999999999891e+03, 2.726199999999999735e-01
1.056630000000000109e+03, 2.608130000000000170e-02
1.056650000000000091e+03, -1.059609999999999941e+00
1.056670000000000073e+03, 5.747970000000000024e-01
1.056680000000000064e+03, 3.299170000000000158e-01
1.056700000000000045e+03, -9.957150000000000167e-01
1.056720000000000027e+03, -1.170260000000000078e+00
1.056730000000000018e+03, -7.334060000000000024e-01
1.056750000000000000e+03, -6.036890000000000311e-01
1.056769999999999982e+03, 8.915480000000000071e-01
1.056779999999999973e+03, -1.109580000000000011e-01
1.056799999999999955e+03, 2.903749999999999942e-01
1.056819999999999936e+03, 1.524909999999999988e+00
1.056829999999999927e+03, 1.093839999999999923e+00
1.056849999999999909e+03, 7.077640000000000320e-02
1.056869999999999891e+03, -4.223849999999999827e-02
1.056880000000000109e+03, -4.796309999999999740e-01
1.056900000000000091e+03, -1.588079999999999936e+00
1.056920000000000073e+03, -1.825569999999999915e+00
1.056930000000000064e+03, -3.253480000000000261e-01
1.056950000000000045e+03, -5.320049999999999502e-01
1.056970000000000027e+03, 3.891160000000000174e-01
1.056980000000000018e+03, 1.724320000000000075e+00
1.057000000000000000e+03, -6.275380000000000402e-01
1.057019999999999982e+03, -1.902880000000000127e-01
1.057029999999999973e+03, -1.480380000000000029e+00
1.057049999999999955e+03, -2.923609999999999820e-01
1.057069999999999936e+03, -1.946680000000000077e-01
1.057079999999999927e+03, -7.532659999999999911e-01
1.057099999999999909e+03, 6.344159999999999799e-01
1.057119999999999891e+03, 8.517419999999999991e-01
1.057130000000000109e+03, -1.671179999999999888e-01
1.057150000000000091e+03, 1.653989999999999905e-01
1.057170000000000073e+03, -1.116670000000000051e+00
1.057180000000000064e+03, -1.307919999999999972e+00
1.057200000000000045e+03, 4.968679999999999763e-01
1.057220000000000027e+03, 1.101280000000000037e+00
1.057230000000000018e+03, 2.048800000000000066e-01
1.057250000000000000e+03, 1.139920000000000044e+00
1.057269999999999982e+03, 9.078709999999999836e-01
1.057279999999999973e+03, -3.356620000000000159e-01
1.057299999999999955e+03, 6.018459999999999782e-02
1.057319999999999936e+03, 7.604880000000000528e-01
1.057329999999999927e+03, -1.659850000000000048e+00
1.057349999999999909e+03, 1.136429999999999940e-01
1.057369999999999891e+03, -1.438940000000000108e+00
1.057380000000000109e+03, -1.298950000000000049e+00
1.057400000000000091e+03, 8.065679999999999517e-01
1.057420000000000073e+03, -2.558500000000000218e-01
1.057430000000000064e+03, 8.345139999999999780e-01
1.057450000000000045e+03, 2.907739999999999769e-01
1.057470000000000027e+03, 7.001839999999999453e-02
1.057480000000000018e+03, -1.889890000000000070e+00
1.057500000000000000e+03, -1.309020000000000072e+00
1.057519999999999982e+03, -9.176630000000000065e-01
1.057529999999999973e+03, -1.676910000000000067e-01
1.057549999999999955e+03, -7.508430000000000382e-01
1.057569999999999936e+03, -1.105669999999999931e+00
1.057579999999999927e+03, -1.135820000000000052e+00
1.057599999999999909e+03, 1.275640000000000107e-01
1.057619999999999891e+03, 7.298740000000000228e-01
1.057630000000000109e+03, 1.348219999999999974e+00
1.057650000000000091e+03, 2.294559999999999933e-01
1.057670000000000073e+03, -3.343419999999999725e-01
1.057680000000000064e+03, 4.737899999999999751e-02
1.057700000000000045e+03, 1.092070000000000096e+00
1.057720000000000027e+03, 9.395499999999999963e-01
1.057730000000000018e+03, -2.481049999999999922e-01
1.057750000000000000e+03, -4.058109999999999773e-01
1.057769999999999982e+03, -9.717430000000000512e-02
1.057779999999999973e+03, -4.067689999999999917e-01
1.057799999999999955e+03, -1.011789999999999967e+00
1.057819999999999936e+03, -1.413990000000000080e+00
1.057829999999999927e+03, -3.917669999999999764e-01
1.057849999999999909e+03, 1.863280000000000047e+00
1.057869999999999891e+03, 2.570590000000000153e+00
1.057880000000000109e+03, 1.042950000000000044e+00
1.057900000000000091e+03, -1.177470000000000017e+00
1.057920000000000073e+03, -1.264389999999999903e+00
1.057930000000000064e+03, 1.514909999999999979e+00
1.057950000000000045e+03, -2.827419999999999933e-01
1.057970000000000027e+03, 1.993109999999999937e+00
1.057980000000000018e+03, 7.904109999999999747e-01
1.058000000000000000e+03, -3.254200000000000148e-02
1.058019999999999982e+03, -1.262199999999999989e+00
1.058029999999999973e+03, -7.137879999999999781e-01
1.058049999999999955e+03, -1.618239999999999901e+00
1.058069999999999936e+03, -9.405310000000000059e-01
1.058079999999999927e+03, -1.253330000000000000e-01
1.058099999999999909e+03, 9.860259999999999581e-01
1.058119999999999891e+03, 9.943089999999999984e-01
1.058130000000000109e+03, 7.745929999999999760e-01
1.058150000000000091e+03, 1.017500000000000071e+00
1.058170000000000073e+03, -6.597319999999999851e-01
1.058180000000000064e+03, -1.597020000000000106e+00
1.058200000000000045e+03, 3.040590000000000237e-01
1.058220000000000027e+03, 6.457589999999999719e-01
1.058230000000000018e+03, 1.366729999999999889e-01
1.058250000000000000e+03, -1.349629999999999996e-01
1.058269999999999982e+03, -2.115539999999999921e-01
1.058279999999999973e+03, -2.619060000000000138e-02
1.058299999999999955e+03, 1.796669999999999989e+00
1.058319999999999936e+03, -1.974480000000000124e-01
1.058329999999999927e+03, 7.113479999999999803e-02
1.058349999999999909e+03, -1.761630000000000029e+00
1.058369999999999891e+03, -1.725740000000000052e+00
1.058380000000000109e+03, -7.983220000000000453e-05
1.058400000000000091e+03, 3.400539999999999813e-02
1.058420000000000073e+03, 1.041150000000000020e+00
1.058430000000000064e+03, -4.085150000000000170e-01
1.058450000000000045e+03, -4.396039999999999948e-01
1.058470000000000027e+03, -9.554200000000000470e-01
1.058480000000000018e+03, 1.135270000000000029e-01
1.058500000000000000e+03, -2.905549999999999855e+00
1.058519999999999982e+03, -8.142709999999999670e-01
1.058529999999999973e+03, 6.713719999999999688e-01
1.058549999999999955e+03, 1.213160000000000016e+00
1.058569999999999936e+03, 1.372740000000000071e+00
1.058579999999999927e+03, 1.848279999999999923e+00
1.058599999999999909e+03, -7.044089999999999518e-01
1.058619999999999891e+03, -9.926589999999999581e-01
1.058630000000000109e+03, -9.352319999999999522e-01
1.058650000000000091e+03, 1.325240000000000029e-01
1.058670000000000073e+03, -3.272160000000000069e-01
1.058680000000000064e+03, -6.518249999999999877e-01
1.058700000000000045e+03, 4.176640000000000214e-02
1.058720000000000027e+03, 6.989630000000000010e-01
1.058730000000000018e+03, 5.866670000000000496e-01
1.058750000000000000e+03, 1.051760000000000028e+00
1.058769999999999982e+03, -6.382330000000000503e-01
1.058779999999999973e+03, -1.233600000000000030e+00
1.058799999999999955e+03, 1.218849999999999989e+00
1.058819999999999936e+03, 7.313920000000000421e-01
1.058829999999999927e+03, -6.295130000000000170e-02
1.058849999999999909e+03, 5.285510000000000208e-02
1.058869999999999891e+03, 1.509800000000000031e+00
1.058880000000000109e+03, -1.840340000000000087e+00
1.058900000000000091e+03, -1.534270000000000023e+00
1.058920000000000073e+03, -1.741889999999999938e+00
1.058930000000000064e+03, 6.933570000000000011e-01
1.058950000000000045e+03, 8.548350000000000115e-01
1.058970000000000027e+03, -4.987530000000000019e-01
1.058980000000000018e+03, -3.735580000000000012e-01
1.059000000000000000e+03, -2.943970000000000198e-01
1.059019999999999982e+03, 1.066610000000000058e+00
1.059029999999999973e+03, 2.316979999999999873e-01
1.059049999999999955e+03, 1.535559999999999981e-01
1.059069999999999936e+03, -1.459969999999999990e+00
1.059079999999999927e+03, -3.174679999999999863e-02
1.059099999999999909e+03, 1.536720000000000086e+00
1.059119999999999891e+03, 4.385009999999999741e-01
1.059130000000000109e+03, -5.522399999999999531e-01
1.059150000000000091e+03, 8.312629999999999741e-01
1.059170000000000073e+03, 5.771119999999999722e-02
1.059180000000000064e+03, -6.959670000000000023e-01
1.059200000000000045e+03, 9.321199999999999486e-01
1.059220000000000027e+03, 7.615669999999999940e-01
1.059230000000000018e+03, -9.835389999999999411e-02
1.059250000000000000e+03, 7.196829999999999616e-01
1.059269999999999982e+03, -3.991239999999999788e-01
1.059279999999999973e+03, -3.315819999999999879e-01
1.059299999999999955e+03, 4.326030000000000153e-01
1.059319999999999936e+03, -1.331469999999999876e-01
1.059329999999999927e+03, -2.172979999999999912e-01
1.059349999999999909e+03, 6.488369999999999971e-01
1.059369999999999891e+03, 7.776119999999999699e-01
1.059380000000000109e+03, -8.940850000000000186e-01
1.059400000000000091e+03, -2.118320000000000203e+00
1.059420000000000073e+03, -5.049219999999999819e-01
1.059430000000000064e+03, 2.090889999999999971e-01
1.059450000000000045e+03, 5.117220000000000102e-01
1.059470000000000027e+03, 2.182759999999999978e-01
1.059480000000000018e+03, -1.519940000000000069e+00
1.059500000000000000e+03, -5.129430000000000378e-01
1.059519999999999982e+03, -5.783819999999999517e-01
1.059529999999999973e+03, -4.884009999999999740e-02
1.059549999999999955e+03, 4.262730000000000130e-01
1.059569999999999936e+03, -2.967489999999999850e-01
1.059579999999999927e+03, -7.184460000000000290e-01
1.059599999999999909e+03, -9.156140000000000390e-01
1.059619999999999891e+03, 4.508340000000000264e-02
1.059630000000000109e+03, 2.766149999999999998e-01
1.059650000000000091e+03, 2.086969999999999936e-01
1.059670000000000073e+03, -8.626890000000000391e-01
1.059680000000000064e+03, -1.204849999999999977e+00
1.059700000000000045e+03, -1.040859999999999896e+00
1.059720000000000027e+03, -1.072750000000000092e+00
1.059730000000000018e+03, 7.583290000000000308e-01
1.059750000000000000e+03, 1.439889999999999892e+00
1.059769999999999982e+03, 7.441379999999999661e-01
1.059779999999999973e+03, 5.701739999999999586e-01
1.059799999999999955e+03, 5.513350000000000195e-01
1.059819999999999936e+03, 4.854979999999999851e-01
1.059829999999999927e+03, 4.025619999999999754e-01
1.059849999999999909e+03, 2.055369999999999975e-01
1.059869999999999891e+03, 2.272959999999999980e-01
1.059880000000000109e+03, 4.536689999999999889e-01
1.059900000000000091e+03, 1.545859999999999942e-02
1.059920000000000073e+03, -7.366409999999999902e-01
1.059930000000000064e+03, -4.817080000000000251e-01
1.059950000000000045e+03, -9.669569999999999554e-01
1.059970000000000027e+03, -1.679960000000000064e-01
1.059980000000000018e+03, -3.009299999999999753e-01
1.060000000000000000e+03, 5.987209999999999754e-02
1.060019999999999982e+03, -2.944330000000000003e-01
1.060029999999999973e+03, 4.951470000000000177e-02
1.060049999999999955e+03, -1.958129999999999871e-01
1.060069999999999936e+03, -8.081690000000000262e-01
1.060079999999999927e+03, 2.750090000000000034e-01
1.060099999999999909e+03, -7.358670000000000488e-01
1.060119999999999891e+03, 5.387129999999999697e-02
1.060130000000000109e+03, 3.509430000000000049e-01
1.060150000000000091e+03, 1.642169999999999908e+00
1.060170000000000073e+03, -1.393880000000000119e-01
1.060180000000000064e+03, -3.645579999999999932e-01
1.060200000000000045e+03, -9.255349999999999966e-01
1.060220000000000027e+03, 7.694810000000000538e-02
1.060230000000000018e+03, -5.621129999999999738e-01
1.060250000000000000e+03, -3.456839999999999913e-01
1.060269999999999982e+03, 2.350820000000000132e-01
1.060279999999999973e+03, 5.804489999999999927e-01
1.060299999999999955e+03, -3.947049999999999725e-01
1.060319999999999936e+03, 3.700230000000000186e-02
1.060329999999999927e+03, -1.166409999999999947e+00
1.060349999999999909e+03, -2.550399999999999778e+00
1.060369999999999891e+03, -1.530860000000000110e+00
1.060380000000000109e+03, -6.047449999999999770e-01
1.060400000000000091e+03, 1.508130000000000026e-01
1.060420000000000073e+03, 2.430489999999999873e-01
1.060430000000000064e+03, 8.454430000000000278e-02
1.060450000000000045e+03, -8.573969999999999647e-01
1.060470000000000027e+03, -5.491340000000000110e-01
1.060480000000000018e+03, -1.720990000000000020e-01
1.060500000000000000e+03, -1.042219999999999924e+00
1.060519999999999982e+03, 1.800920000000000076e+00
1.060529999999999973e+03, 2.000430000000000152e+00
1.060549999999999955e+03, 6.836210000000000342e-01
1.060569999999999936e+03, 2.861770000000000147e-01
1.060579999999999927e+03, -6.354109999999999481e-01
1.060599999999999909e+03, 2.636319999999999775e-01
1.060619999999999891e+03, 2.619929999999999759e-01
1.060630000000000109e+03, 3.296299999999999786e-01
1.060650000000000091e+03, -6.099229999999999929e-01
1.060670000000000073e+03, -1.042920000000000069e+00
1.060680000000000064e+03, -7.200630000000000086e-01
1.060700000000000045e+03, 3.861029999999999740e-01
1.060720000000000027e+03, 1.310929999999999873e-01
1.060730000000000018e+03, 5.593599999999999961e-02
1.060750000000000000e+03, -4.499449999999999839e-01
1.060769999999999982e+03, -1.495959999999999956e+00
1.060779999999999973e+03, -4.195909999999999918e-01
1.060799999999999955e+03, 1.890689999999999871e-01
1.060819999999999936e+03, 9.663549999999999918e-02
1.060829999999999927e+03, 5.797459999999999836e-01
1.060849999999999909e+03, -9.949770000000000003e-01
1.060869999999999891e+03, -1.524399999999999922e-01
1.060880000000000109e+03, 1.107429999999999914e+00
1.060900000000000091e+03, 6.462759999999999616e-01
1.060920000000000073e+03, -1.919180000000000053e-01
1.060930000000000064e+03, 2.368730000000000002e-01
1.060950000000000045e+03, 4.188799999999999746e-01
1.060970000000000027e+03, 8.593950000000000200e-01
1.060980000000000018e+03, 1.049330000000000096e+00
1.061000000000000000e+03, -1.076190000000000063e-01
1.061019999999999982e+03, -1.386039999999999939e+00
1.061029999999999973e+03, -1.520229999999999970e+00
1.061049999999999955e+03, -6.249740000000000295e-01
1.061069999999999936e+03, 4.979529999999999790e-01
1.061079999999999927e+03, 1.057199999999999918e+00
1.061099999999999909e+03, -6.977980000000000294e-01
1.061119999999999891e+03, 6.447540000000000493e-01
1.061130000000000109e+03, 5.944359999999999644e-01
1.061150000000000091e+03, 3.357249999999999956e-01
1.061170000000000073e+03, 9.764310000000000489e-01
1.061180000000000064e+03, -1.744520000000000071e+00
1.061200000000000045e+03, -2.346219999999999972e-01
1.061220000000000027e+03, -5.447030000000000483e-01
1.061230000000000018e+03, 8.207200000000000606e-02
1.061250000000000000e+03, -1.034259999999999957e+00
1.061269999999999982e+03, 4.539219999999999922e-01
1.061279999999999973e+03, 1.295239999999999947e+00
1.061299999999999955e+03, 1.085499999999999909e+00
1.061319999999999936e+03, -1.214139999999999942e-01
1.061329999999999927e+03, -3.085140000000000104e-01
1.061349999999999909e+03, 2.236690000000000067e-01
1.061369999999999891e+03, 1.423760000000000026e-01
1.061380000000000109e+03, 8.613680000000000225e-01
1.061400000000000091e+03, 2.525390000000000135e-01
1.061420000000000073e+03, -6.663940000000000419e-01
1.061430000000000064e+03, 1.876950000000000007e-01
1.061450000000000045e+03, -7.355599999999999916e-01
1.061470000000000027e+03, -8.935389999999999722e-01
1.061480000000000018e+03, -9.663530000000000175e-01
1.061500000000000000e+03, 8.902809999999999890e-01
1.061519999999999982e+03, 4.332620000000000221e-02
1.061529999999999973e+03, 6.186369999999999925e-01
1.061549999999999955e+03, 7.685950000000000282e-01
1.061569999999999936e+03, 6.361609999999999765e-01
1.061579999999999927e+03, 3.305400000000000005e-01
1.061599999999999909e+03, 1.068980000000000069e-01
1.061619999999999891e+03, 7.083049999999999624e-01
1.061630000000000109e+03, 1.511449999999999960e+00
1.061650000000000091e+03, -4.950970000000000093e-01
1.061670000000000073e+03, -1.374940000000000051e+00
1.061680000000000064e+03, -4.365029999999999744e-01
1.061700000000000045e+03, 5.974720000000000031e-01
1.061720000000000027e+03, 1.104889999999999928e+00
1.061730000000000018e+03, 1.413310000000000066e+00
1.061750000000000000e+03, 5.812159999999999549e-01
1.061769999999999982e+03, -8.241950000000000109e-01
1.061779999999999973e+03, -7.630280000000000395e-01
1.061799999999999955e+03, -1.257749999999999924e+00
1.061819999999999936e+03, -7.534420000000000006e-02
1.061829999999999927e+03, 5.248000000000000442e-01
1.061849999999999909e+03, 2.025419999999999998e-01
1.061869999999999891e+03, 8.046560000000000379e-01
1.061880000000000109e+03, -1.448469999999999924e+00
1.061900000000000091e+03, 1.204439999999999955e-01
1.061920000000000073e+03, -1.672250000000000125e-02
1.061930000000000064e+03, 7.254110000000000280e-01
1.061950000000000045e+03, 4.985029999999999739e-01
1.061970000000000027e+03, 2.430190000000000128e-01
1.061980000000000018e+03, -8.028009999999999868e-01
1.062000000000000000e+03, 1.331759999999999888e-01
1.062019999999999982e+03, -1.952099999999999946e-01
1.062029999999999973e+03, 8.666890000000000427e-01
1.062049999999999955e+03, 5.721530000000000227e-01
1.062069999999999936e+03, 8.812509999999999788e-02
1.062079999999999927e+03, -4.946079999999999921e-01
1.062099999999999909e+03, 3.842909999999999937e-01
1.062119999999999891e+03, 7.577390000000000514e-01
1.062130000000000109e+03, -9.842440000000000078e-01
1.062150000000000091e+03, -1.575090000000000101e+00
1.062170000000000073e+03, -1.066510000000000069e+00
1.062180000000000064e+03, -4.601459999999999995e-01
1.062200000000000045e+03, 3.049760000000000248e-01
1.062220000000000027e+03, -6.513090000000000268e-01
1.062230000000000018e+03, 2.820980000000000154e-01
1.062250000000000000e+03, -3.240689999999999960e-01
1.062269999999999982e+03, 5.097629999999999661e-01
1.062279999999999973e+03, 9.495400000000000507e-01
1.062299999999999955e+03, 9.088239999999999652e-01
1.062319999999999936e+03, -1.836740000000000039e-01
1.062329999999999927e+03, -1.298599999999999977e+00
1.062349999999999909e+03, 6.811430000000000540e-01
1.062369999999999891e+03, -6.817760000000000487e-01
1.062380000000000109e+03, 2.998950000000000227e-01
1.062400000000000091e+03, 2.096150000000000180e+00
1.062420000000000073e+03, -7.887429999999999719e-01
1.062430000000000064e+03, 4.942420000000000146e-01
1.062450000000000045e+03, 4.661400000000000265e-02
1.062470000000000027e+03, -1.015190000000000037e+00
1.062480000000000018e+03, -5.216539999999999511e-01
1.062500000000000000e+03, 9.563070000000000181e-01
1.062519999999999982e+03, -1.069999999999999979e-01
1.062529999999999973e+03, -7.684330000000000327e-01
1.062549999999999955e+03, 2.032230000000000203e+00
1.062569999999999936e+03, 1.371809999999999974e+00
1.062579999999999927e+03, 8.881470000000000684e-03
1.062599999999999909e+03, -1.427680000000000060e+00
1.062619999999999891e+03, -9.659100000000000463e-01
1.062630000000000109e+03, -1.411759999999999904e+00
1.062650000000000091e+03, -2.482739999999999947e-01
1.062670000000000073e+03, -1.158500000000000085e+00
1.062680000000000064e+03, -1.396070000000000089e-01
1.062700000000000045e+03, 8.496289999999999398e-02
1.062720000000000027e+03, 2.449550000000000061e-01
1.062730000000000018e+03, 1.010459999999999914e+00
1.062750000000000000e+03, 1.153780000000000028e+00
1.062769999999999982e+03, 7.228470000000000173e-01
1.062779999999999973e+03, 1.477880000000000082e+00
1.062799999999999955e+03, 2.457409999999999872e-01
1.062819999999999936e+03, -1.178129999999999900e+00
1.062829999999999927e+03, -4.313989999999999769e-01
1.062849999999999909e+03, -7.478489999999999860e-01
1.062869999999999891e+03, 4.627649999999999819e-01
1.062880000000000109e+03, 4.943010000000000286e-03
1.062900000000000091e+03, -4.628329999999999944e-01
1.062920000000000073e+03, -2.471389999999999976e-01
1.062930000000000064e+03, -7.343950000000000200e-01
1.062950000000000045e+03, -1.371410000000000018e+00
1.062970000000000027e+03, -6.659549999999999637e-01
1.062980000000000018e+03, 1.614470000000000072e-01
1.063000000000000000e+03, 3.285620000000000207e-01
1.063019999999999982e+03, 6.896900000000000253e-01
1.063029999999999973e+03, -7.541309999999999680e-02
1.063049999999999955e+03, -3.763659999999999783e-01
1.063069999999999936e+03, 7.821829999999999616e-01
1.063079999999999927e+03, 8.253669999999999618e-01
1.063099999999999909e+03, 8.263989999999999947e-01
1.063119999999999891e+03, -2.983270000000000088e-01
1.063130000000000109e+03, -3.203179999999999916e-02
1.063150000000000091e+03, 4.800400000000000222e-01
1.063170000000000073e+03, -4.494109999999999772e-02
1.063180000000000064e+03, 5.449640000000000040e-01
1.063200000000000045e+03, 3.037130000000000107e-01
1.063220000000000027e+03, -2.043840000000000101e-01
1.063230000000000018e+03, -3.348200000000000065e-01
1.063250000000000000e+03, 4.273379999999999956e-01
1.063269999999999982e+03, 6.278709999999999847e-02
1.063279999999999973e+03, -8.010639999999999428e-03
1.063299999999999955e+03, 8.272699999999999498e-01
1.063319999999999936e+03, -5.388659999999999978e-02
1.063329999999999927e+03, 1.354889999999999983e-01
1.063349999999999909e+03, 2.963279999999999803e-01
1.063369999999999891e+03, -1.860150000000000137e-01
1.063380000000000109e+03, 1.350959999999999939e+00
1.063400000000000091e+03, 6.977579999999999893e-01
1.063420000000000073e+03, -6.156610000000000138e-01
1.063430000000000064e+03, 1.087410000000000043e-01
1.063450000000000045e+03, 2.194089999999999929e-01
1.063470000000000027e+03, 3.720760000000000040e-02
1.063480000000000018e+03, -9.276529999999999498e-01
1.063500000000000000e+03, -6.219770000000000021e-01
1.063519999999999982e+03, -3.368999999999999773e-01
1.063529999999999973e+03, 1.926330000000000098e+00
1.063549999999999955e+03, 9.733260000000000245e-01
1.063569999999999936e+03, 7.666009999999999769e-01
1.063579999999999927e+03, -1.552669999999999995e+00
1.063599999999999909e+03, -1.313360000000000083e+00
1.063619999999999891e+03, 1.503540000000000099e+00
1.063630000000000109e+03, -9.542050000000000531e-02
1.063650000000000091e+03, 2.022710000000000008e+00
1.063670000000000073e+03, 9.035389999999999810e-01
1.063680000000000064e+03, 1.150099999999999900e+00
1.063700000000000045e+03, 2.965409999999999990e-01
1.063720000000000027e+03, -1.078100000000000058e+00
1.063730000000000018e+03, -7.561529999999999641e-02
1.063750000000000000e+03, -9.637639999999999540e-01
1.063769999999999982e+03, -9.307619999999999783e-01
1.063779999999999973e+03, 9.496440000000000436e-02
1.063799999999999955e+03, -4.987179999999999946e-01
1.063819999999999936e+03, 5.766999999999999904e-01
1.063829999999999927e+03, 1.244080000000000075e+00
1.063849999999999909e+03, 5.623439999999999550e-01
1.063869999999999891e+03, -1.975880000000000081e+00
1.063880000000000109e+03, -1.318340000000000067e+00
1.063900000000000091e+03, 2.917489999999999806e-01
1.063920000000000073e+03, -4.088800000000000212e-01
1.063930000000000064e+03, 1.571649999999999991e+00
1.063950000000000045e+03, -8.582300000000000484e-01
1.063970000000000027e+03, -1.302179999999999893e+00
1.063980000000000018e+03, -9.848350000000000160e-01
1.064000000000000000e+03, -6.928310000000000024e-02
1.064019999999999982e+03, 6.381090000000000373e-01
1.064029999999999973e+03, 1.357739999999999947e+00
1.064049999999999955e+03, -2.352740000000000109e-01
1.064069999999999936e+03, -5.028489999999999904e-01
1.064079999999999927e+03, 1.482410000000000116e-01
1.064099999999999909e+03, -3.121419999999999750e-01
1.064119999999999891e+03, 7.742980000000000418e-01
1.064130000000000109e+03, 4.774880000000000235e-01
1.064150000000000091e+03, -3.519570000000000198e-01
1.064170000000000073e+03, 3.602319999999999967e-01
1.064180000000000064e+03, -5.744029999999999969e-01
1.064200000000000045e+03, -1.314689999999999914e+00
1.064220000000000027e+03, -9.332629999999999537e-01
1.064230000000000018e+03, -9.877050000000000551e-01
1.064250000000000000e+03, 2.448889999999999956e-01
1.064269999999999982e+03, -6.351250000000000506e-01
1.064279999999999973e+03, -3.882990000000000053e-01
1.064299999999999955e+03, -8.637679999999999803e-01
1.064319999999999936e+03, 6.059069999999999734e-01
1.064329999999999927e+03, 6.253929999999999767e-01
1.064349999999999909e+03, 8.154000000000000137e-01
1.064369999999999891e+03, -1.261669999999999892e-03
1.064380000000000109e+03, 1.438609999999999889e-01
1.064400000000000091e+03, -7.406260000000000066e-01
1.064420000000000073e+03, 3.158830000000000249e-01
1.064430000000000064e+03, 7.180870000000000308e-01
1.064450000000000045e+03, 4.297639999999999794e-01
1.064470000000000027e+03, 1.034890000000000088e+00
1.064480000000000018e+03, -4.517590000000000217e-01
1.064500000000000000e+03, 1.063700000000000090e+00
1.064519999999999982e+03, 1.054650000000000087e+00
1.064529999999999973e+03, -1.561520000000000130e-01
1.064549999999999955e+03, 1.669289999999999941e-01
1.064569999999999936e+03, -9.867879999999999985e-01
1.064579999999999927e+03, 9.220180000000000042e-01
1.064599999999999909e+03, -2.198930000000000051e-01
1.064619999999999891e+03, 6.580789999999999695e-01
1.064630000000000109e+03, -3.325250000000000150e-01
1.064650000000000091e+03, -3.328309999999999880e-01
1.064670000000000073e+03, -2.605600000000000138e-01
1.064680000000000064e+03, 4.165420000000000234e-01
1.064700000000000045e+03, 1.107150000000000079e+00
1.064720000000000027e+03, -9.214560000000000528e-01
1.064730000000000018e+03, -2.452989999999999782e+00
1.064750000000000000e+03, -2.297659999999999980e-01
1.064769999999999982e+03, 9.393219999999999348e-02
1.064779999999999973e+03, 1.867820000000000036e+00
1.064799999999999955e+03, 1.480750000000000011e+00
1.064819999999999936e+03, 5.186389999999999612e-01
1.064829999999999927e+03, 1.084240000000000093e+00
1.064849999999999909e+03, 5.937250000000000166e-02
1.064869999999999891e+03, -8.517810000000000104e-01
1.064880000000000109e+03, -4.553030000000000271e-02
1.064900000000000091e+03, 6.521930000000000227e-01
1.064920000000000073e+03, -6.534699999999999953e-01
1.064930000000000064e+03, 1.329150000000000054e-01
1.064950000000000045e+03, -8.905039999999999623e-01
1.064970000000000027e+03, -6.602209999999999468e-01
1.064980000000000018e+03, -3.079549999999999996e-02
1.065000000000000000e+03, -8.512750000000000039e-01
1.065019999999999982e+03, -1.415140000000000065e+00
1.065029999999999973e+03, 4.179089999999999888e-02
1.065049999999999955e+03, 2.731000000000000094e-02
1.065069999999999936e+03, 6.758370000000000211e-01
1.065079999999999927e+03, 6.682820000000000427e-01
1.065099999999999909e+03, 4.859140000000000126e-01
1.065119999999999891e+03, 7.007560000000000455e-01
1.065130000000000109e+03, 3.769339999999999913e-01
1.065150000000000091e+03, -1.342460000000000042e-01
1.065170000000000073e+03, 1.620409999999999906e+00
1.065180000000000064e+03, 8.119499999999999496e-01
1.065200000000000045e+03, -4.344609999999999861e-01
1.065220000000000027e+03, -1.146200000000000108e+00
1.065230000000000018e+03, -3.157579999999999831e-01
1.065250000000000000e+03, -1.056920000000000082e+00
1.065269999999999982e+03, 1.017900000000000027e+00
1.065279999999999973e+03, -4.587169999999999859e-01
1.065299999999999955e+03, 4.777310000000000167e-01
1.065319999999999936e+03, 1.787409999999999943e+00
1.065329999999999927e+03, 2.389920000000000100e-01
1.065349999999999909e+03, 1.389250000000000096e+00
1.065369999999999891e+03, -7.798450000000000104e-01
1.065380000000000109e+03, 1.024149999999999894e+00
1.065400000000000091e+03, 1.414949999999999930e+00
1.065420000000000073e+03, 1.054899999999999949e+00
1.065430000000000064e+03, -1.623110000000000053e+00
1.065450000000000045e+03, -1.094249999999999945e+00
1.065470000000000027e+03, 3.610599999999999921e-01
1.065480000000000018e+03, -5.277009999999999756e-01
1.065500000000000000e+03, 8.254660000000000331e-01
1.065519999999999982e+03, -2.013310000000000100e-01
1.065529999999999973e+03, 8.399100000000000454e-01
1.065549999999999955e+03, 3.812380000000000213e-01
1.065569999999999936e+03, -9.211470000000000491e-01
1.065579999999999927e+03, -7.851829999999999643e-01
1.065599999999999909e+03, -4.569739999999999913e-01
1.065619999999999891e+03, 2.331769999999999954e-01
1.065630000000000109e+03, 2.683699999999999974e-01
1.065650000000000091e+03, 6.467559999999999976e-01
1.065670000000000073e+03, 4.319350000000000134e-01
1.065680000000000064e+03, 6.687619999999999676e-01
1.065700000000000045e+03, 1.057239999999999958e+00
1.065720000000000027e+03, 6.056359999999999522e-01
1.065730000000000018e+03, 1.794209999999999972e-01
1.065750000000000000e+03, 1.255739999999999912e-01
1.065769999999999982e+03, 1.881930000000000103e+00
1.065779999999999973e+03, 2.017720000000000069e-01
1.065799999999999955e+03, 1.642230000000000079e+00
1.065819999999999936e+03, 9.526060000000000083e-02
1.065829999999999927e+03, 8.973510000000000097e-01
1.065849999999999909e+03, -9.169030000000000236e-01
1.065869999999999891e+03, -1.116719999999999935e+00
1.065880000000000109e+03, -1.279269999999999907e+00
1.065900000000000091e+03, -1.272799999999999931e+00
1.065920000000000073e+03, 4.957779999999999965e-01
1.065930000000000064e+03, 4.536319999999999936e-02
1.065950000000000045e+03, 7.789260000000000073e-01
1.065970000000000027e+03, 9.198129999999999917e-01
1.065980000000000018e+03, -7.397960000000000091e-01
1.066000000000000000e+03, -1.843480000000000119e-01
1.066019999999999982e+03, -1.749209999999999932e-01
1.066029999999999973e+03, 1.172809999999999908e+00
1.066049999999999955e+03, 4.136560000000000237e-01
1.066069999999999936e+03, 9.740240000000000009e-01
1.066079999999999927e+03, 9.546280000000000321e-01
1.066099999999999909e+03, -6.715370000000000505e-01
1.066119999999999891e+03, -8.582309999999999661e-01
1.066130000000000109e+03, -1.048790000000000000e-01
1.066150000000000091e+03, 3.936819999999999764e-01
1.066170000000000073e+03, 1.108279999999999932e+00
1.066180000000000064e+03, 1.155399999999999983e+00
1.066200000000000045e+03, -2.862759999999999749e-01
1.066220000000000027e+03, 4.665630000000000055e-01
1.066230000000000018e+03, 2.104949999999999877e-01
1.066250000000000000e+03, 5.923540000000000472e-01
1.066269999999999982e+03, 8.647089999999999499e-01
1.066279999999999973e+03, 1.485930000000000029e-01
1.066299999999999955e+03, 6.994420000000000325e-03
1.066319999999999936e+03, 7.330769999999999786e-01
1.066329999999999927e+03, -6.654069999999999707e-01
1.066349999999999909e+03, 6.885839999999999739e-01
1.066369999999999891e+03, -4.400049999999999795e-01
1.066380000000000109e+03, -1.285099999999999909e+00
1.066400000000000091e+03, 1.089090000000000058e-01
1.066420000000000073e+03, -1.646549999999999958e+00
1.066430000000000064e+03, 2.644480000000000094e-02
1.066450000000000045e+03, -8.286719999999999642e-01
1.066470000000000027e+03, 6.432290000000000230e-02
1.066480000000000018e+03, 1.394970000000000043e+00
1.066500000000000000e+03, 1.062070000000000070e+00
1.066519999999999982e+03, 9.786359999999999504e-02
1.066529999999999973e+03, 4.108200000000000185e-01
1.066549999999999955e+03, 4.544239999999999946e-01
1.066569999999999936e+03, -2.952810000000000157e-01
1.066579999999999927e+03, 4.158939999999999859e-01
1.066599999999999909e+03, -4.096969999999999779e-01
1.066619999999999891e+03, 1.490039999999999976e-01
1.066630000000000109e+03, 5.210820000000000451e-01
1.066650000000000091e+03, 3.481090000000000018e-01
1.066670000000000073e+03, -1.593759999999999899e-01
1.066680000000000064e+03, -6.004979999999999762e-01
1.066700000000000045e+03, 5.540589999999999682e-01
1.066720000000000027e+03, 1.075469999999999926e+00
1.066730000000000018e+03, -7.533590000000000009e-01
1.066750000000000000e+03, -1.321069999999999967e+00
1.066769999999999982e+03, 6.849550000000000083e-02
1.066779999999999973e+03, 1.444860000000000033e+00
1.066799999999999955e+03, 3.910860000000000031e-02
1.066819999999999936e+03, 1.550000000000000044e+00
1.066829999999999927e+03, 2.655039999999999831e-02
1.066849999999999909e+03, -1.347590000000000066e+00
1.066869999999999891e+03, -7.906630000000000047e-01
1.066880000000000109e+03, -3.974309999999999787e-01
1.066900000000000091e+03, -2.106619999999999882e-01
1.066920000000000073e+03, -1.248019999999999907e+00
1.066930000000000064e+03, -7.348209999999999464e-01
1.066950000000000045e+03, -7.478470000000000395e-01
1.066970000000000027e+03, 7.690879999999999939e-01
1.066980000000000018e+03, -5.325830000000000286e-01
1.067000000000000000e+03, 2.036689999999999889e-01
1.067019999999999982e+03, -3.079459999999999975e-01
1.067029999999999973e+03, 3.667270000000000252e-01
1.067049999999999955e+03, -3.329710000000000170e-01
1.067069999999999936e+03, 1.377059999999999951e+00
1.067079999999999927e+03, 1.262089999999999934e+00
1.067099999999999909e+03, -1.865090000000000081e-01
1.067119999999999891e+03, -7.897389999999999965e-02
1.067130000000000109e+03, 4.490640000000000187e-01
1.067150000000000091e+03, 1.497579999999999911e+00
1.067170000000000073e+03, -1.190549999999999997e+00
1.067180000000000064e+03, -5.085079999999999600e-01
1.067200000000000045e+03, -3.852289999999999881e-01
1.067220000000000027e+03, 3.273420000000000218e-01
1.067230000000000018e+03, 1.985010000000000108e-01
1.067250000000000000e+03, 2.413810000000000122e-01
1.067269999999999982e+03, 8.319079999999999808e-01
1.067279999999999973e+03, -4.169300000000000228e-01
1.067299999999999955e+03, -6.722200000000000397e-01
1.067319999999999936e+03, -1.222980000000000039e-01
1.067329999999999927e+03, 5.999780000000000113e-01
1.067349999999999909e+03, 4.108680000000000110e-01
1.067369999999999891e+03, 4.434259999999999868e-01
1.067380000000000109e+03, 1.114870000000000028e-01
1.067400000000000091e+03, -7.752289999999999459e-01
1.067420000000000073e+03, 3.229579999999999951e-02
1.067430000000000064e+03, 9.376529999999999587e-02
1.067450000000000045e+03, 6.528029999999999944e-02
1.067470000000000027e+03, 1.335900000000000087e+00
1.067480000000000018e+03, 1.180029999999999968e-01
1.067500000000000000e+03, 6.687060000000000226e-02
1.067519999999999982e+03, 1.176250000000000018e+00
1.067529999999999973e+03, -2.303469999999999962e-01
1.067549999999999955e+03, -6.398479999999999723e-01
1.067569999999999936e+03, 2.367579999999999962e-01
1.067579999999999927e+03, 1.317979999999999929e+00
1.067599999999999909e+03, 1.145100000000000007e+00
1.067619999999999891e+03, -3.281179999999999986e+00
1.067630000000000109e+03, -1.798570000000000002e+00
1.067650000000000091e+03, -9.387959999999999638e-01
1.067670000000000073e+03, 3.880500000000000060e-01
1.067680000000000064e+03, 7.734220000000000539e-01
1.067700000000000045e+03, 1.879879999999999995e+00
1.067720000000000027e+03, 2.585259999999999891e+00
1.067730000000000018e+03, 1.451009999999999911e+00
1.067750000000000000e+03, -3.033910000000000218e-01
1.067769999999999982e+03, -2.641970000000000152e+00
1.067779999999999973e+03, 4.712860000000000139e-04
1.067799999999999955e+03, 8.629750000000000476e-01
1.067819999999999936e+03, 3.559490000000000154e-01
1.067829999999999927e+03, 1.543639999999999901e+00
1.067849999999999909e+03, 2.958389999999999978e-02
1.067869999999999891e+03, 1.010360000000000008e-01
1.067880000000000109e+03, -5.781340000000000368e-01
1.067900000000000091e+03, -2.977069999999999994e-01
1.067920000000000073e+03, 9.223270000000000080e-01
1.067930000000000064e+03, 4.094720000000000026e-01
1.067950000000000045e+03, -5.558490000000000375e-01
1.067970000000000027e+03, -1.484490000000000087e+00
1.067980000000000018e+03, -1.260790000000000077e+00
1.068000000000000000e+03, -6.784529999999999728e-01
1.068019999999999982e+03, 7.520860000000000323e-01
1.068029999999999973e+03, 9.340460000000000429e-01
1.068049999999999955e+03, 6.571789999999999576e-01
1.068069999999999936e+03, 4.564099999999999824e-01
1.068079999999999927e+03, 1.827180000000000026e+00
1.068099999999999909e+03, -1.343020000000000047e-01
1.068119999999999891e+03, -2.645600000000000174e-01
1.068130000000000109e+03, -6.830169999999999852e-01
1.068150000000000091e+03, -4.210999999999999743e-01
1.068170000000000073e+03, -7.100520000000000165e-01
1.068180000000000064e+03, 2.331850000000000034e-01
1.068200000000000045e+03, -2.111049999999999871e-01
1.068220000000000027e+03, 9.526510000000000256e-01
1.068230000000000018e+03, -3.007650000000000046e-01
1.068250000000000000e+03, -7.441569999999999574e-01
1.068269999999999982e+03, 1.125270000000000020e-01
1.068279999999999973e+03, -1.863019999999999954e-01
1.068299999999999955e+03, -8.749440000000000550e-01
1.068319999999999936e+03, -1.553779999999999939e+00
1.068329999999999927e+03, -5.103760000000000518e-01
1.068349999999999909e+03, -1.112519999999999953e+00
1.068369999999999891e+03, -4.400319999999999787e-01
1.068380000000000109e+03, 4.832079999999999709e-02
1.068400000000000091e+03, -6.030930000000000318e-02
1.068420000000000073e+03, 7.226249999999999618e-01
1.068430000000000064e+03, -2.994640000000000080e-01
1.068450000000000045e+03, 1.682150000000000034e-01
1.068470000000000027e+03, -8.560149999999999704e-01
1.068480000000000018e+03, 7.148930000000000007e-01
1.068500000000000000e+03, 2.099190000000000111e+00
1.068519999999999982e+03, 4.002200000000000202e-02
1.068529999999999973e+03, 6.206660000000000510e-01
1.068549999999999955e+03, 4.716000000000000192e-01
1.068569999999999936e+03, -7.688049999999999606e-01
1.068579999999999927e+03, 4.203680000000000194e-01
1.068599999999999909e+03, -7.513779999999999903e-01
1.068619999999999891e+03, 4.190869999999999873e-01
1.068630000000000109e+03, -2.084580000000000044e-01
1.068650000000000091e+03, 1.306720000000000104e+00
1.068670000000000073e+03, 1.573280000000000012e+00
1.068680000000000064e+03, -5.527850000000000125e-02
1.068700000000000045e+03, -2.862600000000000144e-01
1.068720000000000027e+03, 1.907030000000000114e-01
1.068730000000000018e+03, -1.943780000000000063e+00
1.068750000000000000e+03, -5.823760000000000048e-01
1.068769999999999982e+03, 5.271709999999999452e-01
1.068779999999999973e+03, -6.301470000000000127e-01
1.068799999999999955e+03, 4.210690000000000266e-01
1.068819999999999936e+03, -1.223880000000000079e+00
1.068829999999999927e+03, 1.950189999999999979e-01
1.068849999999999909e+03, -6.188249999999999584e-01
1.068869999999999891e+03, -6.786210000000000298e-01
1.068880000000000109e+03, -5.875329999999999719e-01
1.068900000000000091e+03, 4.508240000000000025e-01
1.068920000000000073e+03, 4.596259999999999790e-01
1.068930000000000064e+03, -5.136509999999999687e-01
1.068950000000000045e+03, 1.387500000000000122e-01
1.068970000000000027e+03, 1.105659999999999976e-01
1.068980000000000018e+03, 8.349729999999999652e-02
1.069000000000000000e+03, 9.536139999999999617e-01
1.069019999999999982e+03, 5.631309999999999788e-02
1.069029999999999973e+03, 6.552799999999999736e-01
1.069049999999999955e+03, 3.105679999999999899e-02
1.069069999999999936e+03, -1.918610000000000038e-01
1.069079999999999927e+03, 3.014640000000000097e-01
1.069099999999999909e+03, 3.259400000000000075e-01
1.069119999999999891e+03, -3.963900000000000201e-01
1.069130000000000109e+03, -1.630160000000000053e+00
1.069150000000000091e+03, 2.318389999999999895e-01
1.069170000000000073e+03, 6.179989999999999650e-01
1.069180000000000064e+03, 7.360830000000000428e-01
1.069200000000000045e+03, 1.799099999999999921e+00
1.069220000000000027e+03, 7.249809999999999865e-01
1.069230000000000018e+03, 2.389979999999999882e-01
1.069250000000000000e+03, -6.304410000000000291e-01
1.069269999999999982e+03, -3.302059999999999995e-01
1.069279999999999973e+03, -4.196670000000000122e-01
1.069299999999999955e+03, -6.818459999999999521e-01
1.069319999999999936e+03, -1.943920000000000092e-01
1.069329999999999927e+03, 8.514469999999999539e-01
1.069349999999999909e+03, 1.874400000000000066e+00
1.069369999999999891e+03, 1.724150000000000071e+00
1.069380000000000109e+03, 4.724849999999999883e-02
1.069400000000000091e+03, -1.454150000000000054e+00
1.069420000000000073e+03, 1.027630000000000043e+00
1.069430000000000064e+03, -3.769669999999999965e-01
1.069450000000000045e+03, -3.427049999999999819e-01
1.069470000000000027e+03, -1.370170000000000110e+00
1.069480000000000018e+03, -6.926229999999999887e-01
1.069500000000000000e+03, -4.989210000000000034e-01
1.069519999999999982e+03, 5.269620000000000415e-01
1.069529999999999973e+03, 6.783289999999999598e-01
1.069549999999999955e+03, 1.161210000000000075e+00
1.069569999999999936e+03, -9.953069999999999973e-02
1.069579999999999927e+03, -6.717649999999999455e-01
1.069599999999999909e+03, -8.445869999999999767e-01
1.069619999999999891e+03, -9.234719999999999596e-01
1.069630000000000109e+03, 5.776499999999999690e-02
1.069650000000000091e+03, 1.451149999999999940e+00
1.069670000000000073e+03, 1.385829999999999895e+00
1.069680000000000064e+03, 1.902459999999999984e-01
1.069700000000000045e+03, 6.768380000000000507e-01
1.069720000000000027e+03, -2.442219999999999946e-01
1.069730000000000018e+03, -8.854779999999999873e-01
1.069750000000000000e+03, 1.394930000000000059e-01
1.069769999999999982e+03, -4.939359999999999862e-01
1.069779999999999973e+03, 1.157580000000000053e+00
1.069799999999999955e+03, -7.692419999999999813e-02
1.069819999999999936e+03, -3.290259999999999713e-02
1.069829999999999927e+03, 8.504350000000000520e-01
1.069849999999999909e+03, 1.598310000000000008e-01
1.069869999999999891e+03, 3.292599999999999971e-01
1.069880000000000109e+03, -1.869089999999999918e+00
1.069900000000000091e+03, 1.477930000000000077e-01
1.069920000000000073e+03, -1.292710000000000026e+00
1.069930000000000064e+03, 9.595069999999999988e-01
1.069950000000000045e+03, -7.693510000000000071e-01
1.069970000000000027e+03, 2.657919999999999727e-01
1.069980000000000018e+03, -7.278229999999999422e-02
1.070000000000000000e+03, 1.206549999999999984e-01
1.070019999999999982e+03, -3.188360000000000083e-01
1.070029999999999973e+03, 2.893439999999999901e-01
1.070049999999999955e+03, 2.492969999999999908e-02
1.070069999999999936e+03, 1.400299999999999878e-01
1.070079999999999927e+03, 1.162430000000000074e+00
1.070099999999999909e+03, -7.755210000000000159e-01
1.070119999999999891e+03, 7.592189999999999772e-01
1.070130000000000109e+03, -1.115019999999999900e+00
1.070150000000000091e+03, -2.596289999999999987e-01
1.070170000000000073e+03, 8.972339999999999760e-01
1.070180000000000064e+03, 8.583380000000000454e-01
1.070200000000000045e+03, 3.605700000000000016e-01
1.070220000000000027e+03, -7.272509999999999808e-01
1.070230000000000018e+03, -7.603400000000000158e-01
1.070250000000000000e+03, 1.446220000000000006e-01
1.070269999999999982e+03, -5.578659999999999730e-01
1.070279999999999973e+03, -8.703549999999999898e-01
1.070299999999999955e+03, -3.923039999999999861e-01
1.070319999999999936e+03, -1.955909999999999871e-01
1.070329999999999927e+03, -2.124290000000000067e-01
1.070349999999999909e+03, 7.364579999999999738e-02
1.070369999999999891e+03, 2.092700000000000116e-02
1.070380000000000109e+03, -9.984359999999999902e-01
1.070400000000000091e+03, -2.556570000000000231e-01
1.070420000000000073e+03, 9.962519999999999709e-02
1.070430000000000064e+03, 2.493289999999999951e-01
1.070450000000000045e+03, -8.951630000000000420e-01
1.070470000000000027e+03, -1.877209999999999990e-01
1.070480000000000018e+03, -3.406549999999999856e-01
1.070500000000000000e+03, 1.309770000000000101e+00
1.070519999999999982e+03, 7.455420000000000380e-01
1.070529999999999973e+03, 1.560570000000000013e+00
1.070549999999999955e+03, 8.934779999999999944e-01
1.070569999999999936e+03, -4.876510000000000011e-01
1.070579999999999927e+03, -3.733600000000000252e-01
1.070599999999999909e+03, 6.328819999999999446e-01
1.070619999999999891e+03, 7.837979999999999947e-01
1.070630000000000109e+03, 7.041600000000000081e-01
1.070650000000000091e+03, 7.130889999999999729e-01
1.070670000000000073e+03, 5.637889999999999846e-01
1.070680000000000064e+03, -2.169359999999999900e-01
1.070700000000000045e+03, 5.849729999999999652e-01
1.070720000000000027e+03, 9.638039999999999941e-01
1.070730000000000018e+03, 9.425029999999999797e-01
1.070750000000000000e+03, 1.434900000000000064e-01
1.070769999999999982e+03, -1.011689999999999978e+00
1.070779999999999973e+03, 1.045269999999999921e+00
1.070799999999999955e+03, 4.931479999999999753e-01
1.070819999999999936e+03, -3.432279999999999776e-01
1.070829999999999927e+03, -3.195040000000000102e-01
1.070849999999999909e+03, -2.011449999999999905e-01
1.070869999999999891e+03, -5.557990000000000153e-02
1.070880000000000109e+03, -1.374959999999999960e+00
1.070900000000000091e+03, -3.766979999999999773e-01
1.070920000000000073e+03, -1.071029999999999927e+00
1.070930000000000064e+03, 2.107539999999999969e-01
1.070950000000000045e+03, 1.617760000000000087e+00
1.070970000000000027e+03, -1.805660000000000043e-01
1.070980000000000018e+03, -5.561460000000000292e-01
1.071000000000000000e+03, -7.930049999999999599e-01
1.071019999999999982e+03, -3.010030000000000205e-01
1.071029999999999973e+03, 1.847380000000000133e-01
1.071049999999999955e+03, 1.047979999999999912e+00
1.071069999999999936e+03, -4.842710000000000070e-01
1.071079999999999927e+03, 9.320410000000000084e-01
1.071099999999999909e+03, -1.195019999999999971e-01
1.071119999999999891e+03, -1.620570000000000066e+00
1.071130000000000109e+03, -2.096760000000000179e+00
1.071150000000000091e+03, -1.137469999999999981e+00
1.071170000000000073e+03, 5.542980000000000129e-02
1.071180000000000064e+03, -3.525329999999999853e-01
1.071200000000000045e+03, -2.217179999999999984e-01
1.071220000000000027e+03, -1.145340000000000025e+00
1.071230000000000018e+03, -1.185489999999999933e+00
1.071250000000000000e+03, -6.462660000000000071e-01
1.071269999999999982e+03, 1.428590000000000027e+00
1.071279999999999973e+03, 8.913010000000000099e-01
1.071299999999999955e+03, 2.977460000000000107e-01
1.071319999999999936e+03, -1.076899999999999941e-01
1.071329999999999927e+03, -1.396519999999999984e+00
1.071349999999999909e+03, -5.333909999999999485e-01
1.071369999999999891e+03, -1.248110000000000053e+00
1.071380000000000109e+03, 8.549849999999999950e-01
1.071400000000000091e+03, 8.068480000000000096e-02
1.071420000000000073e+03, 8.905180000000000318e-01
1.071430000000000064e+03, 5.645080000000000237e-02
1.071450000000000045e+03, 5.946470000000000228e-02
1.071470000000000027e+03, -4.089829999999999854e-01
1.071480000000000018e+03, 1.071050000000000058e+00
1.071500000000000000e+03, 9.986479999999999801e-01
1.071519999999999982e+03, 1.654179999999999984e+00
1.071529999999999973e+03, 5.034880000000000466e-01
1.071549999999999955e+03, 3.992390000000000105e-01
1.071569999999999936e+03, -1.263749999999999929e+00
1.071579999999999927e+03, -1.108030000000000070e+00
1.071599999999999909e+03, -2.566609999999999725e-01
1.071619999999999891e+03, -1.292059999999999986e+00
1.071630000000000109e+03, -5.260249999999999648e-01
1.071650000000000091e+03, 5.314689999999999692e-01
1.071670000000000073e+03, -9.103189999999999893e-01
1.071680000000000064e+03, -4.646480000000000055e-01
1.071700000000000045e+03, 3.328889999999999905e-01
1.071720000000000027e+03, 9.669929999999999914e-01
1.071730000000000018e+03, 1.409419999999999895e+00
1.071750000000000000e+03, 1.506680000000000019e+00
1.071769999999999982e+03, -6.514630000000000143e-01
1.071779999999999973e+03, 1.104389999999999983e+00
1.071799999999999955e+03, 9.593679999999999986e-01
1.071819999999999936e+03, -1.288040000000000074e+00
1.071829999999999927e+03, -1.440239999999999965e+00
1.071849999999999909e+03, -9.391890000000000516e-01
1.071869999999999891e+03, -8.577529999999999877e-02
1.071880000000000109e+03, -1.567860000000000087e-01
1.071900000000000091e+03, 1.477409999999999890e+00
1.071920000000000073e+03, 5.621779999999999555e-01
1.071930000000000064e+03, -7.485429999999999584e-01
1.071950000000000045e+03, -8.945250000000000146e-01
1.071970000000000027e+03, -9.200850000000000417e-01
1.071980000000000018e+03, -1.133280000000000065e+00
1.072000000000000000e+03, -7.893860000000000321e-01
1.072019999999999982e+03, -2.964479999999999893e-01
1.072029999999999973e+03, -1.108899999999999997e+00
1.072049999999999955e+03, -6.113709999999999978e-01
1.072069999999999936e+03, -6.299559999999999604e-01
1.072079999999999927e+03, 6.720739999999999492e-01
1.072099999999999909e+03, 2.134359999999999868e-01
1.072119999999999891e+03, 1.206150000000000000e-01
1.072130000000000109e+03, -3.113290000000000224e-01
1.072150000000000091e+03, -8.233460000000000223e-01
1.072170000000000073e+03, 1.856759999999999966e+00
1.072180000000000064e+03, 1.468730000000000091e+00
1.072200000000000045e+03, 1.083239999999999981e+00
1.072220000000000027e+03, 1.577979999999999938e+00
1.072230000000000018e+03, 4.691250000000000142e-01
1.072250000000000000e+03, -1.477009999999999934e+00
1.072269999999999982e+03, -1.392949999999999910e+00
1.072279999999999973e+03, -4.733359999999999790e-01
1.072299999999999955e+03, -7.283720000000000194e-01
1.072319999999999936e+03, -5.150000000000000133e-01
1.072329999999999927e+03, 6.544560000000000377e-01
1.072349999999999909e+03, 2.257389999999999952e-01
1.072369999999999891e+03, -4.964890000000000136e-01
1.072380000000000109e+03, 4.900909999999999989e-01
1.072400000000000091e+03, -9.400559999999999472e-02
1.072420000000000073e+03, 7.746319999999999595e-02
1.072430000000000064e+03, -2.190749999999999920e-01
1.072450000000000045e+03, -1.539360000000000062e+00
1.072470000000000027e+03, -8.335470000000000379e-01
1.072480000000000018e+03, -1.632419999999999982e-01
1.072500000000000000e+03, 2.795480000000000187e-01
1.072519999999999982e+03, 4.539869999999999739e-01
1.072529999999999973e+03, 1.150279999999999969e+00
1.072549999999999955e+03, 7.310220000000000606e-02
1.072569999999999936e+03, -1.894720000000000015e-01
1.072579999999999927e+03, -5.068840000000000012e-01
1.072599999999999909e+03, -4.501319999999999766e-01
1.072619999999999891e+03, 8.442560000000000064e-01
1.072630000000000109e+03, 9.357619999999999827e-01
1.072650000000000091e+03, 2.257039999999999880e-01
1.072670000000000073e+03, -1.915929999999999911e+00
1.072680000000000064e+03, -1.344449999999999923e+00
1.072700000000000045e+03, -1.573579999999999979e+00
1.072720000000000027e+03, -6.402959999999999763e-01
1.072730000000000018e+03, 1.938219999999999943e-01
1.072750000000000000e+03, 1.563369999999999926e+00
1.072769999999999982e+03, 6.521730000000000027e-01
1.072779999999999973e+03, 6.882690000000000197e-01
1.072799999999999955e+03, -2.711520000000000041e-01
1.072819999999999936e+03, -3.747909999999999853e-01
1.072829999999999927e+03, 4.727120000000000211e-01
1.072849999999999909e+03, -4.732799999999999785e-01
1.072869999999999891e+03, -2.847819999999999796e-01
1.072880000000000109e+03, 1.108249999999999957e+00
1.072900000000000091e+03, -6.819790000000000574e-02
1.072920000000000073e+03, 1.766809999999999992e+00
1.072930000000000064e+03, 1.345320000000000071e+00
1.072950000000000045e+03, -1.082899999999999974e+00
1.072970000000000027e+03, -5.335429999999999895e-01
1.072980000000000018e+03, -5.200120000000000298e-01
1.073000000000000000e+03, -1.510460000000000136e-01
1.073019999999999982e+03, 3.677560000000000273e-01
1.073029999999999973e+03, -9.755890000000000395e-01
1.073049999999999955e+03, -1.236040000000000028e+00
1.073069999999999936e+03, -3.019339999999999802e-01
1.073079999999999927e+03, 3.817819999999999981e-03
1.073099999999999909e+03, 1.459459999999999980e+00
1.073119999999999891e+03, -5.248969999999999470e-01
1.073130000000000109e+03, 2.977609999999999979e-01
1.073150000000000091e+03, -1.034550000000000081e+00
1.073170000000000073e+03, 8.864820000000000685e-03
1.073180000000000064e+03, -5.814259999999999984e-01
1.073200000000000045e+03, 9.991170000000000606e-02
1.073220000000000027e+03, -5.848849999999999882e-01
1.073230000000000018e+03, -2.238430000000000142e+00
1.073250000000000000e+03, 5.488739999999999730e-01
1.073269999999999982e+03, 1.498639999999999972e+00
1.073279999999999973e+03, 1.105490000000000084e+00
1.073299999999999955e+03, 1.209559999999999969e+00
1.073319999999999936e+03, -2.008399999999999908e-01
1.073329999999999927e+03, -1.146390000000000020e+00
1.073349999999999909e+03, -9.599820000000000020e-01
1.073369999999999891e+03, -5.279380000000000184e-01
1.073380000000000109e+03, 9.493420000000000192e-01
1.073400000000000091e+03, 4.661279999999999868e-01
1.073420000000000073e+03, 1.002110000000000056e+00
1.073430000000000064e+03, 1.027689999999999992e+00
1.073450000000000045e+03, -8.575629999999999642e-01
1.073470000000000027e+03, 8.393540000000000445e-01
1.073480000000000018e+03, -4.590449999999999808e-01
1.073500000000000000e+03, -6.101689999999999892e-02
1.073519999999999982e+03, 1.031490000000000018e+00
1.073529999999999973e+03, -5.019930000000000225e-01
1.073549999999999955e+03, -2.722809999999999953e-01
1.073569999999999936e+03, 1.084999999999999964e+00
1.073579999999999927e+03, 4.009700000000000070e-02
1.073599999999999909e+03, 7.623019999999999796e-02
1.073619999999999891e+03, -4.832199999999999829e-01
1.073630000000000109e+03, -1.777479999999999949e+00
1.073650000000000091e+03, 3.542739999999999778e-01
1.073670000000000073e+03, 7.845889999999999809e-02
1.073680000000000064e+03, 3.058949999999999725e-01
1.073700000000000045e+03, -2.319749999999999868e-01
1.073720000000000027e+03, 1.580310000000000048e-01
1.073730000000000018e+03, 1.326729999999999965e+00
1.073750000000000000e+03, 6.446600000000000108e-01
1.073769999999999982e+03, 1.912449999999999983e-01
1.073779999999999973e+03, -7.424530000000000296e-01
1.073799999999999955e+03, -1.704260000000000108e+00
1.073819999999999936e+03, -3.586690000000000156e-01
1.073829999999999927e+03, 9.648210000000000397e-01
1.073849999999999909e+03, -2.294640000000000013e-01
1.073869999999999891e+03, 7.580360000000000431e-01
1.073880000000000109e+03, -3.175810000000000022e-01
1.073900000000000091e+03, -2.227580000000000116e-01
1.073920000000000073e+03, 4.292759999999999909e-01
1.073930000000000064e+03, 1.906139999999999946e+00
1.073950000000000045e+03, 1.214800000000000102e+00
1.073970000000000027e+03, 3.434869999999999868e-01
1.073980000000000018e+03, -2.343850000000000100e-01
1.074000000000000000e+03, -2.263479999999999936e-01
1.074019999999999982e+03, 1.092739999999999961e-01
1.074029999999999973e+03, 6.851410000000000000e-01
1.074049999999999955e+03, -8.633150000000000546e-02
1.074069999999999936e+03, 2.345510000000000095e-01
1.074079999999999927e+03, 1.111950000000000022e-01
1.074099999999999909e+03, 4.568130000000000107e-03
1.074119999999999891e+03, -3.191160000000000108e-01
1.074130000000000109e+03, 1.450899999999999967e-01
1.074150000000000091e+03, 1.521890000000000048e-02
1.074170000000000073e+03, 1.423170000000000046e+00
1.074180000000000064e+03, -2.579929999999999723e-01
1.074200000000000045e+03, 7.145519999999999650e-01
1.074220000000000027e+03, -9.633969999999999478e-01
1.074230000000000018e+03, -1.838370000000000060e+00
1.074250000000000000e+03, -8.453300000000000258e-01
1.074269999999999982e+03, 1.539520000000000000e+00
1.074279999999999973e+03, 8.810659999999999326e-02
1.074299999999999955e+03, -1.268400000000000083e-01
1.074319999999999936e+03, -6.058649999999999869e-01
1.074329999999999927e+03, -4.448819999999999997e-01
1.074349999999999909e+03, 1.436080000000000023e+00
1.074369999999999891e+03, -6.322790000000000354e-01
1.074380000000000109e+03, -4.799180000000000113e-02
1.074400000000000091e+03, 5.572190000000000198e-01
1.074420000000000073e+03, -5.308289999999999953e-01
1.074430000000000064e+03, -7.927619999999999667e-01
1.074450000000000045e+03, -4.466590000000000144e-02
1.074470000000000027e+03, 1.496839999999999948e+00
1.074480000000000018e+03, 1.074270000000000058e+00
1.074500000000000000e+03, 2.640089999999999937e-01
1.074519999999999982e+03, -2.898859999999999770e-01
1.074529999999999973e+03, -4.534630000000000050e-01
1.074549999999999955e+03, 8.276299999999999768e-01
1.074569999999999936e+03, 7.067590000000000261e-01
1.074579999999999927e+03, 1.087970000000000104e+00
1.074599999999999909e+03, -1.376490000000000005e-02
1.074619999999999891e+03, -1.426619999999999999e+00
1.074630000000000109e+03, -2.953600000000000114e-01
1.074650000000000091e+03, -7.330630000000000202e-01
1.074670000000000073e+03, -1.142719999999999986e-01
1.074680000000000064e+03, -1.077839999999999909e+00
1.074700000000000045e+03, -5.063480000000000203e-01
1.074720000000000027e+03, 3.299830000000000263e-01
1.074730000000000018e+03, 4.205320000000000169e-01
1.074750000000000000e+03, 1.907870000000000121e-01
1.074769999999999982e+03, -2.652539999999999898e-01
1.074779999999999973e+03, 7.500729999999999897e-02
1.074799999999999955e+03, 1.241499999999999965e-01
1.074819999999999936e+03, 8.595469999999999500e-01
1.074829999999999927e+03, 1.381030000000000035e-01
1.074849999999999909e+03, 8.669240000000000279e-01
1.074869999999999891e+03, -2.412310000000000010e-01
1.074880000000000109e+03, -2.989109999999999823e-01
1.074900000000000091e+03, -5.411479999999999624e-01
1.074920000000000073e+03, 9.545009999999999606e-02
1.074930000000000064e+03, -2.588659999999999850e-01
1.074950000000000045e+03, 4.327820000000000000e-01
1.074970000000000027e+03, 5.164039999999999742e-01
1.074980000000000018e+03, 1.548100000000000032e+00
1.075000000000000000e+03, 4.679269999999999818e-01
1.075019999999999982e+03, -7.405810000000000448e-01
1.075029999999999973e+03, 2.864889999999999937e-01
1.075049999999999955e+03, -1.021630000000000038e+00
1.075069999999999936e+03, -1.766909999999999981e+00
1.075079999999999927e+03, 5.290589999999999460e-01
1.075099999999999909e+03, -6.904360000000000497e-01
1.075119999999999891e+03, 8.957279999999999687e-01
1.075130000000000109e+03, -8.042730000000000157e-01
1.075150000000000091e+03, 1.136130000000000084e+00
1.075170000000000073e+03, -9.290119999999999489e-01
1.075180000000000064e+03, -1.327120000000000077e+00
1.075200000000000045e+03, -3.598900000000000016e-02
1.075220000000000027e+03, 8.322629999999999750e-01
1.075230000000000018e+03, 7.800899999999999501e-01
1.075250000000000000e+03, 8.009530000000000260e-01
1.075269999999999982e+03, 6.305600000000000094e-01
1.075279999999999973e+03, 7.144810000000000050e-02
1.075299999999999955e+03, -5.893089999999999717e-01
1.075319999999999936e+03, -5.315739999999999910e-01
1.075329999999999927e+03, -1.347879999999999967e+00
1.075349999999999909e+03, -1.036689999999999889e+00
1.075369999999999891e+03, 1.508259999999999879e-01
1.075380000000000109e+03, 2.054460000000000175e+00
1.075400000000000091e+03, 1.556249999999999911e+00
1.075420000000000073e+03, -4.189380000000000187e-02
1.075430000000000064e+03, 5.156950000000000145e-01
1.075450000000000045e+03, -1.764479999999999937e-01
1.075470000000000027e+03, -1.314380000000000104e+00
1.075480000000000018e+03, -1.345059999999999922e+00
1.075500000000000000e+03, -2.189589999999999925e+00
1.075519999999999982e+03, -1.596160000000000023e+00
1.075529999999999973e+03, -5.584179999999999700e-01
1.075549999999999955e+03, -9.216379999999999573e-01
1.075569999999999936e+03, 2.191039999999999932e-01
1.075579999999999927e+03, -1.005900000000000016e+00
1.075599999999999909e+03, 6.789070000000000382e-01
1.075619999999999891e+03, 5.200839999999999907e-01
1.075630000000000109e+03, 1.242090000000000000e-01
1.075650000000000091e+03, -3.277209999999999845e-01
1.075670000000000073e+03, -5.763940000000000036e-02
1.075680000000000064e+03, -6.871140000000000025e-01
1.075700000000000045e+03, -5.692690000000000250e-01
1.075720000000000027e+03, 5.332369999999999610e-01
1.075730000000000018e+03, 2.608630000000000115e-01
1.075750000000000000e+03, 6.518549999999999622e-01
1.075769999999999982e+03, -3.224420000000000064e-01
1.075779999999999973e+03, -6.230920000000000208e-02
1.075799999999999955e+03, 3.385650000000000048e-01
1.075819999999999936e+03, -4.605670000000000042e-01
1.075829999999999927e+03, -3.077619999999999800e-01
1.075849999999999909e+03, 3.902789999999999870e-01
1.075869999999999891e+03, 2.603349999999999831e-01
1.075880000000000109e+03, -1.226239999999999997e+00
1.075900000000000091e+03, -3.956819999999999782e-01
1.075920000000000073e+03, -1.257220000000000004e+00
1.075930000000000064e+03, 1.671289999999999942e+00
1.075950000000000045e+03, 1.944770000000000110e+00
1.075970000000000027e+03, -3.036099999999999910e-01
1.075980000000000018e+03, -1.330500000000000016e+00
1.076000000000000000e+03, -3.375690000000000079e-01
1.076019999999999982e+03, -2.553450000000000164e-02
1.076029999999999973e+03, 9.224020000000000552e-01
1.076049999999999955e+03, 2.899100000000000010e-01
1.076069999999999936e+03, -2.114890000000000173e-02
1.076079999999999927e+03, 6.264429999999999721e-01
1.076099999999999909e+03, -2.532059999999999866e-01
1.076119999999999891e+03, 8.848070000000000102e-01
1.076130000000000109e+03, 4.761199999999999877e-01
1.076150000000000091e+03, 7.546669999999999767e-02
1.076170000000000073e+03, 4.078249999999999931e-01
1.076180000000000064e+03, -1.775649999999999951e+00
1.076200000000000045e+03, -1.361110000000000042e+00
1.076220000000000027e+03, 2.343729999999999980e-01
1.076230000000000018e+03, 5.829189999999999650e-01
1.076250000000000000e+03, -1.345259999999999900e+00
1.076269999999999982e+03, 2.883890000000000065e-02
1.076279999999999973e+03, -5.127249999999999863e-01
1.076299999999999955e+03, 6.226220000000000088e-01
1.076319999999999936e+03, 5.038440000000000280e-02
1.076329999999999927e+03, -5.347439999999999971e-01
1.076349999999999909e+03, -8.422190000000000509e-01
1.076369999999999891e+03, 2.871179999999999843e-01
1.076380000000000109e+03, 2.184790000000000010e+00
1.076400000000000091e+03, 1.352349999999999941e+00
1.076420000000000073e+03, 5.486259999999999470e-01
1.076430000000000064e+03, -4.517669999999999741e-01
1.076450000000000045e+03, -1.360230000000000050e-01
1.076470000000000027e+03, -6.375750000000000028e-01
1.076480000000000018e+03, -1.355799999999999894e+00
1.076500000000000000e+03, -5.549020000000000064e-01
1.076519999999999982e+03, 1.070990000000000109e+00
1.076529999999999973e+03, 9.628550000000000164e-01
1.076549999999999955e+03, 2.710230000000000139e-01
1.076569999999999936e+03, -3.356850000000000112e-02
1.076579999999999927e+03, -6.974810000000000176e-01
1.076599999999999909e+03, -1.395629999999999926e+00
1.076619999999999891e+03, 4.033610000000000251e-01
1.076630000000000109e+03, -4.597439999999999860e-01
1.076650000000000091e+03, 6.221900000000000208e-01
1.076670000000000073e+03, 1.103539999999999965e+00
1.076680000000000064e+03, 1.274259999999999948e+00
1.076700000000000045e+03, -7.772200000000000220e-01
1.076720000000000027e+03, -4.467990000000000156e-02
1.076730000000000018e+03, -9.178439999999999932e-01
1.076750000000000000e+03, -2.221770000000000134e-01
1.076769999999999982e+03, 1.258539999999999937e-01
1.076779999999999973e+03, -1.742329999999999934e+00
1.076799999999999955e+03, -1.162300000000000111e+00
1.076819999999999936e+03, -2.217900000000000205e+00
1.076829999999999927e+03, -5.717909999999999660e-02
1.076849999999999909e+03, 1.356789999999999941e+00
1.076869999999999891e+03, 5.782979999999999787e-01
1.076880000000000109e+03, 4.047180000000000222e-01
1.076900000000000091e+03, 2.545939999999999870e-01
1.076920000000000073e+03, 3.974520000000000275e-01
1.076930000000000064e+03, -7.659120000000000372e-01
1.076950000000000045e+03, 1.108240000000000058e-01
1.076970000000000027e+03, 5.468100000000000183e-01
1.076980000000000018e+03, 2.343690000000000051e+00
1.077000000000000000e+03, 8.761090000000000266e-01
1.077019999999999982e+03, 6.802329999999999766e-01
1.077029999999999973e+03, 2.513870000000000271e-01
1.077049999999999955e+03, -5.626759999999999540e-01
1.077069999999999936e+03, -1.151070000000000038e+00
1.077079999999999927e+03, -2.933930000000000149e-01
1.077099999999999909e+03, 5.760300000000000420e-01
1.077119999999999891e+03, 4.638229999999999853e-01
1.077130000000000109e+03, -1.757970000000000088e-01
1.077150000000000091e+03, -1.002220000000000111e+00
1.077170000000000073e+03, -8.024259999999999726e-01
1.077180000000000064e+03, 3.471470000000000111e-02
1.077200000000000045e+03, 8.391410000000000535e-02
1.077220000000000027e+03, -4.925660000000000038e-01
1.077230000000000018e+03, -1.214760000000000006e-01
1.077250000000000000e+03, 7.947340000000000515e-01
1.077269999999999982e+03, -7.189929999999999932e-01
1.077279999999999973e+03, -7.647500000000000409e-01
1.077299999999999955e+03, -6.730310000000000459e-01
1.077319999999999936e+03, -1.111120000000000108e+00
1.077329999999999927e+03, 3.540110000000000201e-01
1.077349999999999909e+03, 9.929240000000000288e-01
1.077369999999999891e+03, -2.034870000000000012e-01
1.077380000000000109e+03, -6.331350000000000033e-01
1.077400000000000091e+03, 4.488150000000000195e-01
1.077420000000000073e+03, -4.475250000000000061e-01
1.077430000000000064e+03, 3.913579999999999837e-01
1.077450000000000045e+03, -4.350010000000000265e-01
1.077470000000000027e+03, -1.012680000000000025e+00
1.077480000000000018e+03, -3.703350000000000253e-01
1.077500000000000000e+03, 1.237440000000000095e+00
1.077519999999999982e+03, 1.366440000000000099e+00
1.077529999999999973e+03, -6.756400000000000183e-01
1.077549999999999955e+03, -7.655490000000000350e-01
1.077569999999999936e+03, 2.128110000000000002e-01
1.077579999999999927e+03, -1.343799999999999994e-01
1.077599999999999909e+03, -1.469729999999999981e+00
1.077619999999999891e+03, 1.122419999999999973e+00
1.077630000000000109e+03, -4.633780000000000121e-01
1.077650000000000091e+03, 6.860870000000000024e-01
1.077670000000000073e+03, -1.636809999999999932e-01
1.077680000000000064e+03, -7.109090000000000131e-01
1.077700000000000045e+03, -3.423700000000000077e-01
1.077720000000000027e+03, 5.368199999999999639e-01
1.077730000000000018e+03, 1.840589999999999948e+00
1.077750000000000000e+03, -2.299740000000000117e-01
1.077769999999999982e+03, 1.984560000000000143e-02
1.077779999999999973e+03, -8.989540000000000031e-02
1.077799999999999955e+03, 4.546999999999999931e-01
1.077819999999999936e+03, -8.435960000000000125e-01
1.077829999999999927e+03, -1.001449999999999951e+00
1.077849999999999909e+03, -1.672609999999999930e+00
1.077869999999999891e+03, -8.456139999999999768e-01
1.077880000000000109e+03, -1.636530000000000040e+00
1.077900000000000091e+03, -1.031740000000000101e+00
1.077920000000000073e+03, -1.065309999999999979e+00
1.077930000000000064e+03, -5.655919999999999698e-02
1.077950000000000045e+03, 4.051509999999999834e-01
1.077970000000000027e+03, 7.458919999999999439e-02
1.077980000000000018e+03, 1.084259999999999946e-01
1.078000000000000000e+03, 2.143990000000000062e-01
1.078019999999999982e+03, -1.172930000000000028e+00
1.078029999999999973e+03, 4.921710000000000251e-01
1.078049999999999955e+03, -4.743250000000000244e-02
1.078069999999999936e+03, 2.304160000000000097e-01
1.078079999999999927e+03, -9.602730000000000432e-01
1.078099999999999909e+03, 2.182199999999999973e-01
1.078119999999999891e+03, 1.028170000000000028e+00
1.078130000000000109e+03, 1.073849999999999971e+00
1.078150000000000091e+03, 3.610820000000000141e-01
1.078170000000000073e+03, -6.759819999999999718e-02
1.078180000000000064e+03, 3.783059999999999756e-01
1.078200000000000045e+03, 1.138570000000000082e+00
1.078220000000000027e+03, -1.570100000000000107e-01
1.078230000000000018e+03, -4.724900000000000211e-01
1.078250000000000000e+03, 3.759199999999999764e-01
1.078269999999999982e+03, -2.873660000000000103e-01
1.078279999999999973e+03, 1.188030000000000058e-01
1.078299999999999955e+03, 3.118630000000000013e-01
1.078319999999999936e+03, 2.554310000000000191e-01
1.078329999999999927e+03, 1.273190000000000044e+00
1.078349999999999909e+03, 8.538249999999999451e-01
1.078369999999999891e+03, 4.983969999999999789e-01
1.078380000000000109e+03, -3.942699999999999677e-02
1.078400000000000091e+03, 2.537930000000000047e-02
1.078420000000000073e+03, -2.444600000000000106e-01
1.078430000000000064e+03, 6.691679999999999851e-01
1.078450000000000045e+03, -1.270529999999999937e+00
1.078470000000000027e+03, -3.268280000000000074e-01
1.078480000000000018e+03, 6.331959999999999811e-01
1.078500000000000000e+03, -1.206509999999999971e+00
1.078519999999999982e+03, 2.604539999999999807e-03
1.078529999999999973e+03, 1.786200000000000010e-01
1.078549999999999955e+03, 6.830249999999999932e-01
1.078569999999999936e+03, 3.358530000000000126e-01
1.078579999999999927e+03, 8.196309999999999985e-01
1.078599999999999909e+03, -7.116120000000000223e-01
1.078619999999999891e+03, 6.816980000000000262e-02
1.078630000000000109e+03, 3.673009999999999886e-01
1.078650000000000091e+03, 3.756909999999999972e-01
1.078670000000000073e+03, 3.134739999999999749e-01
1.078680000000000064e+03, -2.062190000000000134e-01
1.078700000000000045e+03, 1.754210000000000047e+00
1.078720000000000027e+03, 2.428400000000000003e-01
1.078730000000000018e+03, 5.700539999999999496e-01
1.078750000000000000e+03, 9.255029999999999646e-01
1.078769999999999982e+03, -7.884940000000000282e-01
1.078779999999999973e+03, 2.369699999999999862e-01
1.078799999999999955e+03, 2.024690000000000101e-01
1.078819999999999936e+03, -7.788599999999999968e-01
1.078829999999999927e+03, -4.336900000000000199e-01
1.078849999999999909e+03, -5.909999999999999698e-01
1.078869999999999891e+03, -6.874869999999999592e-01
1.078880000000000109e+03, -1.403189999999999937e+00
1.078900000000000091e+03, -2.611439999999999872e-01
1.078920000000000073e+03, -1.636790000000000120e-02
1.078930000000000064e+03, 8.125820000000000265e-01
1.078950000000000045e+03, 6.704069999999999752e-01
1.078970000000000027e+03, -8.777449999999999974e-01
1.078980000000000018e+03, -2.622680000000000011e-01
1.079000000000000000e+03, 6.254999999999999449e-01
1.079019999999999982e+03, 8.439600000000000435e-01
1.079029999999999973e+03, 1.653830000000000022e-01
1.079049999999999955e+03, -9.851119999999999322e-02
1.079069999999999936e+03, -5.322200000000000264e-01
1.079079999999999927e+03, -5.597569999999999490e-01
1.079099999999999909e+03, 3.798779999999999935e-01
1.079119999999999891e+03, 7.974080000000000057e-02
1.079130000000000109e+03, -3.246709999999999874e-01
1.079150000000000091e+03, -4.551060000000000105e-01
1.079170000000000073e+03, 2.142959999999999865e-01
1.079180000000000064e+03, 1.514560000000000073e-01
1.079200000000000045e+03, 6.156960000000000210e-01
1.079220000000000027e+03, 8.214839999999999920e-01
1.079230000000000018e+03, 9.761209999999999332e-03
1.079250000000000000e+03, 6.951880000000000281e-01
1.079269999999999982e+03, 4.596000000000000085e-02
1.079279999999999973e+03, -7.442849999999999744e-01
1.079299999999999955e+03, -9.449290000000000189e-01
1.079319999999999936e+03, 2.385339999999999960e-01
1.079329999999999927e+03, 4.718530000000000224e-01
1.079349999999999909e+03, -6.580120000000000413e-01
1.079369999999999891e+03, -1.739259999999999973e-01
1.079380000000000109e+03, -1.313310000000000033e-01
1.079400000000000091e+03, 1.623350000000000071e-01
1.079420000000000073e+03, 1.112330000000000041e+00
1.079430000000000064e+03, 5.089860000000000495e-01
1.079450000000000045e+03, 1.981739999999999891e-01
1.079470000000000027e+03, 2.815480000000000205e-01
1.079480000000000018e+03, -3.978949999999999987e-01
1.079500000000000000e+03, 7.070739999999999803e-01
1.079519999999999982e+03, 1.124659999999999993e+00
1.079529999999999973e+03, 1.775660000000000016e-01
1.079549999999999955e+03, -2.541229999999999878e-01
1.079569999999999936e+03, 1.464300000000000046e-01
1.079579999999999927e+03, 1.372549999999999937e+00
1.079599999999999909e+03, -4.936630000000000185e-01
1.079619999999999891e+03, -1.289119999999999988e-01
1.079630000000000109e+03, -2.322880000000000056e+00
1.079650000000000091e+03, -4.458520000000000261e-01
1.079670000000000073e+03, -5.907940000000000413e-01
1.079680000000000064e+03, -5.060590000000000366e-01
1.079700000000000045e+03, 6.897870000000000390e-01
1.079720000000000027e+03, -3.516380000000000061e-01
1.079730000000000018e+03, -1.011700000000000044e+00
1.079750000000000000e+03, 1.316239999999999910e-01
1.079769999999999982e+03, 8.782410000000000216e-02
1.079779999999999973e+03, -1.563019999999999965e-01
1.079799999999999955e+03, 2.313399999999999901e-01
1.079819999999999936e+03, -1.013879999999999892e+00
1.079829999999999927e+03, -6.980100000000000193e-01
1.079849999999999909e+03, -1.268939999999999957e+00
1.079869999999999891e+03, 1.027260000000000062e+00
1.079880000000000109e+03, -8.815690000000000470e-01
1.079900000000000091e+03, 1.505799999999999916e-01
1.079920000000000073e+03, 3.581570000000000031e-01
1.079930000000000064e+03, 4.847090000000000010e-01
1.079950000000000045e+03, -3.636090000000000155e-01
1.079970000000000027e+03, -7.264009999999999634e-01
1.079980000000000018e+03, -3.096340000000000203e-01
1.080000000000000000e+03, -1.878430000000000100e-01
1.080019999999999982e+03, -2.716350000000000153e-01
1.080029999999999973e+03, -2.249140000000000028e-01
1.080049999999999955e+03, 4.764559999999999906e-01
1.080069999999999936e+03, -5.386269999999999669e-01
1.080079999999999927e+03, 1.318940000000000001e+00
1.080099999999999909e+03, -1.430719999999999992e+00
1.080119999999999891e+03, -8.715899999999999759e-01
1.080130000000000109e+03, 9.748719999999999608e-02
1.080150000000000091e+03, 4.671000000000000152e-01
1.080170000000000073e+03, -6.347749999999999782e-01
1.080180000000000064e+03, 4.032160000000000188e-01
1.080200000000000045e+03, -1.257100000000000106e+00
1.080220000000000027e+03, -1.915509999999999990e-01
1.080230000000000018e+03, 6.963489999999999958e-01
1.080250000000000000e+03, 5.428770000000000540e-01
1.080269999999999982e+03, 4.638450000000000073e-01
1.080279999999999973e+03, 1.001970000000000027e+00
1.080299999999999955e+03, -3.543310000000000071e-01
1.080319999999999936e+03, -2.909140000000000059e-01
1.080329999999999927e+03, 2.238180000000000031e-02
1.080349999999999909e+03, -7.798270000000000479e-01
1.080369999999999891e+03, 3.922720000000000096e-01
1.080380000000000109e+03, -9.256410000000000471e-01
1.080400000000000091e+03, -6.657960000000000544e-01
1.080420000000000073e+03, -1.357169999999999987e+00
1.080430000000000064e+03, 3.536380000000000079e-02
1.080450000000000045e+03, -5.733719999999999928e-01
1.080470000000000027e+03, -7.222480000000000011e-01
1.080480000000000018e+03, -4.062890000000000251e-02
1.080500000000000000e+03, -1.704589999999999994e-01
1.080519999999999982e+03, 1.106719999999999926e+00
1.080529999999999973e+03, 4.454500000000000126e-01
1.080549999999999955e+03, -4.827279999999999904e-01
1.080569999999999936e+03, -2.750370000000000203e+00
1.080579999999999927e+03, -1.004699999999999926e+00
1.080599999999999909e+03, -3.469550000000000134e-01
1.080619999999999891e+03, -8.212429999999999453e-01
1.080630000000000109e+03, -3.711990000000000012e-01
1.080650000000000091e+03, 9.768970000000000153e-01
1.080670000000000073e+03, 7.692309999999999981e-01
1.080680000000000064e+03, 1.282240000000000046e+00
1.080700000000000045e+03, 1.621599999999999930e+00
1.080720000000000027e+03, 6.900460000000000482e-01
1.080730000000000018e+03, 2.583340000000000081e-01
1.080750000000000000e+03, 5.488560000000000105e-01
1.080769999999999982e+03, 2.122689999999999966e+00
1.080779999999999973e+03, 1.806589999999999918e+00
1.080799999999999955e+03, 1.668459999999999943e-01
1.080819999999999936e+03, -1.443400000000000016e+00
1.080829999999999927e+03, -1.692199999999999926e+00
1.080849999999999909e+03, -1.534710000000000019e+00
1.080869999999999891e+03, -1.370279999999999943e+00
1.080880000000000109e+03, -1.009009999999999962e+00
1.080900000000000091e+03, -6.663280000000000314e-01
1.080920000000000073e+03, 8.346329999999999583e-01
1.080930000000000064e+03, 3.535599999999999854e-01
1.080950000000000045e+03, -5.538999999999999480e-01
1.080970000000000027e+03, 2.647269999999999901e-01
1.080980000000000018e+03, -1.749970000000000137e-01
1.081000000000000000e+03, 2.648119999999999918e-01
1.081019999999999982e+03, 8.727599999999999802e-01
1.081029999999999973e+03, -5.430399999999999672e-01
1.081049999999999955e+03, 3.204509999999999859e-01
1.081069999999999936e+03, -2.330889999999999906e-01
1.081079999999999927e+03, 3.824460000000000082e-01
1.081099999999999909e+03, 3.490610000000000102e-01
1.081119999999999891e+03, 1.178180000000000005e+00
1.081130000000000109e+03, 8.299849999999999728e-01
1.081150000000000091e+03, -1.495340000000000003e-01
1.081170000000000073e+03, -3.923209999999999753e-01
1.081180000000000064e+03, -1.409270000000000023e+00
1.081200000000000045e+03, -5.584019999999999539e-01
1.081220000000000027e+03, 5.057989999999999986e-01
1.081230000000000018e+03, -2.008900000000000130e-01
1.081250000000000000e+03, 5.830710000000000059e-01
1.081269999999999982e+03, -2.547320000000000140e-01
1.081279999999999973e+03, -8.755830000000000002e-01
1.081299999999999955e+03, -2.247510000000000119e+00
1.081319999999999936e+03, -2.175970000000000126e-01
1.081329999999999927e+03, 3.862449999999999911e-02
1.081349999999999909e+03, -5.073260000000000547e-01
1.081369999999999891e+03, -3.950159999999999783e-01
1.081380000000000109e+03, -6.204870000000000108e-01
1.081400000000000091e+03, -1.498050000000000104e+00
1.081420000000000073e+03, -6.490029999999999966e-01
1.081430000000000064e+03, 1.781069999999999875e-01
1.081450000000000045e+03, 9.899409999999999599e-01
1.081470000000000027e+03, 2.532320000000000126e-01
1.081480000000000018e+03, -1.455289999999999917e-01
1.081500000000000000e+03, 2.169109999999999927e-01
1.081519999999999982e+03, -1.310030000000000083e-01
1.081529999999999973e+03, -1.957329999999999903e-01
1.081549999999999955e+03, 7.029739999999999878e-01
1.081569999999999936e+03, 1.150830000000000020e+00
1.081579999999999927e+03, 5.940189999999999637e-01
1.081599999999999909e+03, 7.589010000000000478e-01
1.081619999999999891e+03, -9.316630000000000189e-01
1.081630000000000109e+03, 6.172119999999999829e-01
1.081650000000000091e+03, -3.439849999999999852e-01
1.081670000000000073e+03, 8.848230000000000262e-01
1.081680000000000064e+03, -1.056110000000000104e+00
1.081700000000000045e+03, -1.091299999999999937e+00
1.081720000000000027e+03, 8.753180000000000682e-02
1.081730000000000018e+03, 7.205700000000000438e-01
1.081750000000000000e+03, 1.387470000000000092e-01
1.081769999999999982e+03, -5.899199999999999999e-01
1.081779999999999973e+03, -3.105020000000000002e-01
1.081799999999999955e+03, 2.315740000000000021e-01
1.081819999999999936e+03, -6.481529999999999792e-01
1.081829999999999927e+03, 1.219790000000000041e-01
1.081849999999999909e+03, 9.469680000000000319e-01
1.081869999999999891e+03, 1.086160000000000014e+00
1.081880000000000109e+03, 1.223389999999999977e+00
1.081900000000000091e+03, 1.012899999999999912e+00
1.081920000000000073e+03, -2.293059999999999890e-02
1.081930000000000064e+03, -4.136250000000000204e-01
1.081950000000000045e+03, -9.998860000000000525e-01
1.081970000000000027e+03, -3.696679999999999966e-01
1.081980000000000018e+03, 1.154679999999999929e+00
1.082000000000000000e+03, 1.005100000000000104e+00
1.082019999999999982e+03, -5.625229999999999952e-01
1.082029999999999973e+03, -5.683700000000000419e-01
1.082049999999999955e+03, -3.725680000000000103e-01
1.082069999999999936e+03, -3.263019999999999810e-01
1.082079999999999927e+03, 1.397899999999999920e+00
1.082099999999999909e+03, 4.445259999999999767e-01
1.082119999999999891e+03, -1.645349999999999868e-01
1.082130000000000109e+03, -1.319050000000000056e+00
1.082150000000000091e+03, -8.962050000000000294e-01
1.082170000000000073e+03, 1.145010000000000056e-01
1.082180000000000064e+03, 8.633970000000000533e-02
1.082200000000000045e+03, -5.409720000000000084e-01
1.082220000000000027e+03, 3.319730000000000181e-01
1.082230000000000018e+03, -1.060110000000000108e+00
1.082250000000000000e+03, 3.229699999999999793e-01
1.082269999999999982e+03, 3.943510000000000071e-01
1.082279999999999973e+03, 9.530530000000000390e-01
1.082299999999999955e+03, -4.572840000000000238e-01
1.082319999999999936e+03, -4.741409999999999791e-01
1.082329999999999927e+03, -2.435919999999999863e+00
1.082349999999999909e+03, -4.324589999999999684e-02
1.082369999999999891e+03, -1.056859999999999911e+00
1.082380000000000109e+03, 1.193489999999999940e+00
1.082400000000000091e+03, 5.241590000000000416e-01
1.082420000000000073e+03, 8.908850000000000380e-01
1.082430000000000064e+03, 6.500920000000000032e-01
1.082450000000000045e+03, 1.055930000000000035e+00
1.082470000000000027e+03, 8.410530000000000506e-01
1.082480000000000018e+03, -1.266089999999999938e+00
1.082500000000000000e+03, -4.870709999999999762e-01
1.082519999999999982e+03, 2.831540000000000168e-01
1.082529999999999973e+03, 5.497109999999999497e-01
1.082549999999999955e+03, -2.609899999999999998e-01
1.082569999999999936e+03, 6.996489999999999654e-01
1.082579999999999927e+03, -8.047959999999999559e-01
1.082599999999999909e+03, -6.092899999999999705e-02
1.082619999999999891e+03, 3.089930000000000176e-01
1.082630000000000109e+03, -4.877859999999999835e-02
1.082650000000000091e+03, -8.297100000000000308e-02
1.082670000000000073e+03, -9.266680000000000472e-01
1.082680000000000064e+03, -1.447060000000000013e-01
1.082700000000000045e+03, -9.619790000000000285e-01
1.082720000000000027e+03, -1.670649999999999968e+00
1.082730000000000018e+03, -8.093639999999999723e-01
1.082750000000000000e+03, -7.097960000000000380e-03
1.082769999999999982e+03, -3.726039999999999908e-02
1.082779999999999973e+03, 8.690649999999999764e-01
1.082799999999999955e+03, 1.226830000000000087e+00
1.082819999999999936e+03, -5.486999999999999655e-01
1.082829999999999927e+03, 4.453179999999999916e-01
1.082849999999999909e+03, -1.272299999999999986e+00
1.082869999999999891e+03, 5.082790000000000363e-01
1.082880000000000109e+03, 3.650809999999999889e-01
1.082900000000000091e+03, 1.604579999999999895e+00
1.082920000000000073e+03, -4.433969999999999856e-01
1.082930000000000064e+03, -7.808619999999999450e-01
1.082950000000000045e+03, -3.307040000000000202e+00
1.082970000000000027e+03, -2.654799999999999827e+00
1.082980000000000018e+03, 5.259089999999999598e-01
1.083000000000000000e+03, -1.715480000000000060e-01
1.083019999999999982e+03, -1.437569999999999959e-01
1.083029999999999973e+03, 3.480860000000000065e-01
1.083049999999999955e+03, 8.708519999999999595e-01
1.083069999999999936e+03, 9.205149999999999721e-01
1.083079999999999927e+03, -1.457629999999999981e+00
1.083099999999999909e+03, -1.279609999999999914e+00
1.083119999999999891e+03, -1.622389999999999999e+00
1.083130000000000109e+03, 7.525699999999999612e-01
1.083150000000000091e+03, 2.936219999999999941e-01
1.083170000000000073e+03, -6.405849999999999600e-01
1.083180000000000064e+03, -4.846409999999999885e-01
1.083200000000000045e+03, -1.341010000000000035e+00
1.083220000000000027e+03, -1.601470000000000116e-01
1.083230000000000018e+03, 6.700789999999999802e-01
1.083250000000000000e+03, -7.345819999999999572e-01
1.083269999999999982e+03, 4.722979999999999956e-01
1.083279999999999973e+03, 1.177179999999999893e+00
1.083299999999999955e+03, 1.426239999999999952e+00
1.083319999999999936e+03, -6.981770000000000476e-01
1.083329999999999927e+03, 7.421750000000000291e-01
1.083349999999999909e+03, 2.300870000000000137e-01
1.083369999999999891e+03, 9.586100000000000176e-02
1.083380000000000109e+03, -7.933839999999999781e-01
1.083400000000000091e+03, -7.418150000000000022e-01
1.083420000000000073e+03, -2.566900000000000084e-02
1.083430000000000064e+03, 6.727220000000000422e-01
1.083450000000000045e+03, 1.358749999999999902e+00
1.083470000000000027e+03, 6.781169999999999698e-01
1.083480000000000018e+03, -6.086049999999999516e-01
1.083500000000000000e+03, 9.557489999999999597e-01
1.083519999999999982e+03, -6.572170000000000512e-01
1.083529999999999973e+03, 7.853830000000000533e-01
1.083549999999999955e+03, -2.626949999999999896e+00
1.083569999999999936e+03, -1.582540000000000058e-01
1.083579999999999927e+03, 5.957099999999999618e-01
1.083599999999999909e+03, 6.668380000000000418e-01
1.083619999999999891e+03, -1.545159999999999936e-02
1.083630000000000109e+03, -4.164539999999999909e-01
1.083650000000000091e+03, 6.726630000000000109e-01
1.083670000000000073e+03, -6.862979999999999636e-01
1.083680000000000064e+03, 3.712250000000000272e-01
1.083700000000000045e+03, -1.353129999999999944e+00
1.083720000000000027e+03, -1.297619999999999996e+00
1.083730000000000018e+03, 1.055809999999999943e-01
1.083750000000000000e+03, -4.926550000000000096e-01
1.083769999999999982e+03, 3.611559999999999770e-01
1.083779999999999973e+03, -7.597099999999999964e-01
1.083799999999999955e+03, 8.752559999999999507e-03
1.083819999999999936e+03, -8.775169999999999915e-01
1.083829999999999927e+03, -7.197000000000000064e-01
1.083849999999999909e+03, 1.287740000000000107e+00
1.083869999999999891e+03, 3.923579999999999846e-01
1.083880000000000109e+03, 2.072039999999999993e-01
1.083900000000000091e+03, 3.995649999999999896e-02
1.083920000000000073e+03, 3.645630000000000259e-01
1.083930000000000064e+03, -1.210070000000000069e-02
1.083950000000000045e+03, -3.818090000000000095e-01
1.083970000000000027e+03, -1.377089999999999925e+00
1.083980000000000018e+03, -8.395660000000000345e-01
1.084000000000000000e+03, -7.174659999999999371e-02
1.084019999999999982e+03, 1.229519999999999946e+00
1.084029999999999973e+03, 4.343830000000000191e-01
1.084049999999999955e+03, 2.860480000000000245e-01
1.084069999999999936e+03, -7.856670000000000043e-01
1.084079999999999927e+03, -1.189529999999999976e+00
1.084099999999999909e+03, -1.223309999999999897e+00
1.084119999999999891e+03, -2.768839999999999843e-02
1.084130000000000109e+03, -3.884569999999999967e-01
1.084150000000000091e+03, 6.333750000000000213e-01
1.084170000000000073e+03, 1.151720000000000077e+00
1.084180000000000064e+03, 1.232669999999999932e+00
1.084200000000000045e+03, -1.869159999999999988e-01
1.084220000000000027e+03, 4.472380000000000244e-01
1.084230000000000018e+03, -4.694639999999999924e-01
1.084250000000000000e+03, -1.140709999999999988e-02
1.084269999999999982e+03, -8.558900000000000396e-01
1.084279999999999973e+03, 6.317639999999999922e-01
1.084299999999999955e+03, -1.940340000000000120e-01
1.084319999999999936e+03, -3.856350000000000056e-01
1.084329999999999927e+03, -2.830190000000000136e-02
1.084349999999999909e+03, 1.357609999999999983e+00
1.084369999999999891e+03, 7.832510000000000305e-01
1.084380000000000109e+03, -4.681269999999999876e-02
1.084400000000000091e+03, -3.873039999999999816e-01
1.084420000000000073e+03, -1.303430000000000089e+00
1.084430000000000064e+03, -2.415259999999999907e-01
1.084450000000000045e+03, 2.331060000000000076e-01
1.084470000000000027e+03, 7.093610000000000193e-01
1.084480000000000018e+03, 8.769909999999999650e-01
1.084500000000000000e+03, 9.064170000000000282e-01
1.084519999999999982e+03, -4.087770000000000015e-01
1.084529999999999973e+03, -2.077559999999999962e-01
1.084549999999999955e+03, -4.069949999999999957e-01
1.084569999999999936e+03, -1.003630000000000022e+00
1.084579999999999927e+03, 1.360909999999999898e-01
1.084599999999999909e+03, -2.552449999999999997e-01
1.084619999999999891e+03, -3.405540000000000234e-01
1.084630000000000109e+03, -2.308310000000000084e+00
1.084650000000000091e+03, 5.477049999999999974e-01
1.084670000000000073e+03, 1.063269999999999937e+00
1.084680000000000064e+03, 6.877020000000000355e-01
1.084700000000000045e+03, -5.131069999999999798e-01
1.084720000000000027e+03, 2.599420000000000064e-01
1.084730000000000018e+03, 1.033199999999999896e+00
1.084750000000000000e+03, 4.488739999999999952e-01
1.084769999999999982e+03, -4.780499999999999750e-01
1.084779999999999973e+03, 1.103939999999999921e+00
1.084799999999999955e+03, -2.514199999999999768e-01
1.084819999999999936e+03, -5.637849999999999806e-02
1.084829999999999927e+03, -4.166139999999999843e-01
1.084849999999999909e+03, 9.123069999999999791e-01
1.084869999999999891e+03, -5.583639999999999715e-01
1.084880000000000109e+03, 8.961569999999999814e-01
1.084900000000000091e+03, 4.248930000000000068e-02
1.084920000000000073e+03, 7.151539999999999564e-01
1.084930000000000064e+03, 1.188889999999999947e-01
1.084950000000000045e+03, -6.519279999999999520e-01
1.084970000000000027e+03, 5.668279999999999985e-01
1.084980000000000018e+03, -1.435929999999999984e-01
1.085000000000000000e+03, 2.450859999999999983e-01
1.085019999999999982e+03, 2.995789999999999842e-01
1.085029999999999973e+03, -1.361910000000000065e-01
1.085049999999999955e+03, 2.175620000000000054e-01
1.085069999999999936e+03, 5.167399999999999771e-01
1.085079999999999927e+03, -1.718860000000000110e-01
1.085099999999999909e+03, 1.936029999999999973e-01
1.085119999999999891e+03, 6.880450000000000177e-01
1.085130000000000109e+03, -1.302480000000000082e+00
1.085150000000000091e+03, 9.579149999999999610e-01
1.085170000000000073e+03, 7.147459999999999924e-01
1.085180000000000064e+03, 9.126649999999999485e-01
1.085200000000000045e+03, 9.093820000000000237e-01
1.085220000000000027e+03, 8.674739999999999673e-01
1.085230000000000018e+03, -7.355530000000000124e-01
1.085250000000000000e+03, -6.083990000000000231e-01
1.085269999999999982e+03, -4.273060000000000191e-01
1.085279999999999973e+03, 3.173440000000000150e-01
1.085299999999999955e+03, 2.684599999999999834e-02
1.085319999999999936e+03, -4.863219999999999765e-01
1.085329999999999927e+03, 9.740450000000000497e-01
1.085349999999999909e+03, 4.583720000000000017e-01
1.085369999999999891e+03, -8.004809999999999981e-01
1.085380000000000109e+03, 5.814829999999999721e-01
1.085400000000000091e+03, 8.672219999999999929e-02
1.085420000000000073e+03, -5.901429999999999870e-02
1.085430000000000064e+03, -2.016630000000000089e-01
1.085450000000000045e+03, -4.977159999999999918e-01
1.085470000000000027e+03, 1.695810000000000095e-01
1.085480000000000018e+03, 4.456550000000000095e-02
1.085500000000000000e+03, -7.394389999999999574e-01
1.085519999999999982e+03, 1.197199999999999931e-01
1.085529999999999973e+03, 3.845899999999999874e-01
1.085549999999999955e+03, 3.139299999999999868e-01
1.085569999999999936e+03, -1.973979999999999832e-02
1.085579999999999927e+03, 3.002679999999999794e-01
1.085599999999999909e+03, 1.155559999999999921e+00
1.085619999999999891e+03, -1.109599999999999920e+00
1.085630000000000109e+03, -2.202339999999999964e+00
1.085650000000000091e+03, -6.144020000000000037e-01
1.085670000000000073e+03, -6.268270000000000231e-01
1.085680000000000064e+03, 7.934409999999999519e-01
1.085700000000000045e+03, -1.287210000000000021e-01
1.085720000000000027e+03, -8.779860000000000442e-01
1.085730000000000018e+03, 6.021889999999999743e-01
1.085750000000000000e+03, 4.845209999999999795e-01
1.085769999999999982e+03, -3.822479999999999767e-01
1.085779999999999973e+03, -1.313130000000000130e-01
1.085799999999999955e+03, -1.197089999999999960e-01
1.085819999999999936e+03, -8.048269999999999730e-03
1.085829999999999927e+03, 2.772969999999999949e-02
1.085849999999999909e+03, 4.303420000000000162e-02
1.085869999999999891e+03, 6.061060000000000336e-01
1.085880000000000109e+03, -4.599779999999999980e-01
1.085900000000000091e+03, -2.448049999999999948e-01
1.085920000000000073e+03, 4.008720000000000061e-01
1.085930000000000064e+03, -1.140020000000000061e-01
1.085950000000000045e+03, -1.390230000000000077e+00
1.085970000000000027e+03, -9.610549999999999926e-01
1.085980000000000018e+03, -2.697680000000000078e-01
1.086000000000000000e+03, 3.056559999999999833e-01
1.086019999999999982e+03, -2.039930000000000077e-01
1.086029999999999973e+03, -7.642619999999999969e-02
1.086049999999999955e+03, 1.312380000000000102e+00
1.086069999999999936e+03, 3.036580000000000095e-03
1.086079999999999927e+03, -4.028849999999999931e-01
1.086099999999999909e+03, 5.898750000000000382e-01
1.086119999999999891e+03, -2.323429999999999940e-01
1.086130000000000109e+03, 7.750280000000000502e-01
1.086150000000000091e+03, 7.786779999999999813e-01
1.086170000000000073e+03, -1.114499999999999935e-01
1.086180000000000064e+03, 1.439580000000000082e+00
1.086200000000000045e+03, 2.050700000000000023e-01
1.086220000000000027e+03, -3.709169999999999967e-01
1.086230000000000018e+03, -5.275750000000000162e-01
1.086250000000000000e+03, -7.956800000000000539e-01
1.086269999999999982e+03, -9.738879999999999759e-01
1.086279999999999973e+03, 1.682099999999999929e+00
1.086299999999999955e+03, 1.261379999999999946e+00
1.086319999999999936e+03, 7.896309999999999718e-01
1.086329999999999927e+03, 4.623579999999999912e-01
1.086349999999999909e+03, 8.761309999999999931e-02
1.086369999999999891e+03, -1.519709999999999950e-01
1.086380000000000109e+03, -7.710550000000000459e-01
1.086400000000000091e+03, 4.748059999999999781e-02
1.086420000000000073e+03, -9.572950000000000070e-01
1.086430000000000064e+03, -9.913750000000000062e-01
1.086450000000000045e+03, -4.543179999999999996e-01
1.086470000000000027e+03, 4.383600000000000274e-01
1.086480000000000018e+03, -8.772079999999999878e-01
1.086500000000000000e+03, 4.368449999999999833e-01
1.086519999999999982e+03, -5.812300000000000105e-02
1.086529999999999973e+03, -1.174439999999999928e+00
1.086549999999999955e+03, 4.177850000000000175e-01
1.086569999999999936e+03, 6.380900000000000460e-01
1.086579999999999927e+03, 9.275050000000000239e-01
1.086599999999999909e+03, -9.481779999999999653e-01
1.086619999999999891e+03, -1.147839999999999971e+00
1.086630000000000109e+03, -6.749060000000000059e-01
1.086650000000000091e+03, 1.797139999999999960e+00
1.086670000000000073e+03, 6.711890000000000356e-01
1.086680000000000064e+03, -3.937700000000000089e-01
1.086700000000000045e+03, 5.622939999999999605e-01
1.086720000000000027e+03, 1.559190000000000020e-01
1.086730000000000018e+03, 1.398800000000000043e+00
1.086750000000000000e+03, -4.650170000000000137e-01
1.086769999999999982e+03, -7.979370000000000074e-01
1.086779999999999973e+03, -4.862560000000000215e-01
1.086799999999999955e+03, 1.169429999999999970e+00
1.086819999999999936e+03, 8.651130000000000209e-01
1.086829999999999927e+03, 5.222179999999999600e-01
1.086849999999999909e+03, -7.430229999999999890e-01
1.086869999999999891e+03, -7.199730000000000019e-02
1.086880000000000109e+03, -1.581199999999999939e+00
1.086900000000000091e+03, 4.334459999999999980e-01
1.086920000000000073e+03, 2.742450000000000165e-01
1.086930000000000064e+03, 1.098060000000000036e+00
1.086950000000000045e+03, -2.645480000000000054e-01
1.086970000000000027e+03, 4.997030000000000083e-01
1.086980000000000018e+03, -8.636270000000000335e-01
1.087000000000000000e+03, 7.374979999999999869e-01
1.087019999999999982e+03, -4.837980000000000058e-01
1.087029999999999973e+03, -5.744609999999999994e-02
1.087049999999999955e+03, 5.316180000000000350e-01
1.087069999999999936e+03, -1.133359999999999923e+00
1.087079999999999927e+03, -8.293760000000000021e-01
1.087099999999999909e+03, -1.027420000000000000e-01
1.087119999999999891e+03, -9.391369999999999996e-01
1.087130000000000109e+03, -3.508310000000000040e-01
1.087150000000000091e+03, -4.926090000000000191e-01
1.087170000000000073e+03, -1.076940000000000008e+00
1.087180000000000064e+03, -6.840840000000000254e-01
1.087200000000000045e+03, -2.081109999999999904e-01
1.087220000000000027e+03, 7.991750000000000242e-02
1.087230000000000018e+03, -5.421209999999999640e-01
1.087250000000000000e+03, -2.377460000000000129e-01
1.087269999999999982e+03, -8.997079999999999522e-01
1.087279999999999973e+03, 2.721009999999999818e-01
1.087299999999999955e+03, 9.451759999999999329e-02
1.087319999999999936e+03, -5.718609999999999666e-02
1.087329999999999927e+03, -4.069690000000000252e-01
1.087349999999999909e+03, 8.114109999999999379e-02
1.087369999999999891e+03, 4.167500000000000093e-01
1.087380000000000109e+03, 4.649429999999999952e-01
1.087400000000000091e+03, 8.976960000000000495e-01
1.087420000000000073e+03, 9.234539999999999971e-01
1.087430000000000064e+03, 6.399000000000000243e-01
1.087450000000000045e+03, -2.272669999999999968e-01
1.087470000000000027e+03, -1.252820000000000045e+00
1.087480000000000018e+03, -2.213980000000000115e-01
1.087500000000000000e+03, 8.811130000000000351e-01
1.087519999999999982e+03, 4.328350000000000253e-01
1.087529999999999973e+03, 1.015349999999999975e+00
1.087549999999999955e+03, -7.473880000000000523e-01
1.087569999999999936e+03, 2.509179999999999744e-01
1.087579999999999927e+03, -9.942929999999999824e-02
1.087599999999999909e+03, 4.880410000000000026e-01
1.087619999999999891e+03, -1.505929999999999991e+00
1.087630000000000109e+03, -8.423490000000000144e-01
1.087650000000000091e+03, 1.044000000000000039e+00
1.087670000000000073e+03, 3.918340000000000156e-01
1.087680000000000064e+03, 8.106039999999999912e-01
1.087700000000000045e+03, -2.543480000000000046e-02
1.087720000000000027e+03, -1.270789999999999975e-01
1.087730000000000018e+03, 1.753170000000000006e-01
1.087750000000000000e+03, 7.275019999999999820e-01
1.087769999999999982e+03, 1.671910000000000007e+00
1.087779999999999973e+03, -1.604450000000000043e-01
1.087799999999999955e+03, -1.298550000000000093e+00
1.087819999999999936e+03, -3.685769999999999880e-01
1.087829999999999927e+03, 1.163159999999999972e+00
1.087849999999999909e+03, 1.019020000000000037e+00
1.087869999999999891e+03, 6.431580000000000075e-01
1.087880000000000109e+03, -1.651250000000000107e+00
1.087900000000000091e+03, -7.862310000000000132e-01
1.087920000000000073e+03, -2.901239999999999930e-01
1.087930000000000064e+03, 3.618120000000000225e-01
1.087950000000000045e+03, 5.925120000000000386e-01
1.087970000000000027e+03, 1.166039999999999965e+00
1.087980000000000018e+03, 8.130960000000000409e-01
1.088000000000000000e+03, -5.561359999999999637e-01
1.088019999999999982e+03, -7.181030000000000468e-01
1.088029999999999973e+03, -4.604050000000000087e-01
1.088049999999999955e+03, 1.687970000000000026e-01
1.088069999999999936e+03, 7.979549999999999699e-01
1.088079999999999927e+03, 8.005480000000000373e-01
1.088099999999999909e+03, 1.343169999999999975e+00
1.088119999999999891e+03, -6.166179999999999994e-01
1.088130000000000109e+03, 6.538509999999999600e-01
1.088150000000000091e+03, -1.772359999999999935e+00
1.088170000000000073e+03, -1.243749999999999911e+00
1.088180000000000064e+03, 9.369840000000000807e-03
1.088200000000000045e+03, 1.574999999999999956e+00
1.088220000000000027e+03, 1.658870000000000067e+00
1.088230000000000018e+03, -6.825919999999999765e-01
1.088250000000000000e+03, -1.446109999999999896e-01
1.088269999999999982e+03, -1.114139999999999908e+00
1.088279999999999973e+03, 3.794029999999999903e-01
1.088299999999999955e+03, -1.424950000000000105e-01
1.088319999999999936e+03, -3.028440000000000021e-01
1.088329999999999927e+03, 1.539299999999999891e+00
1.088349999999999909e+03, 7.184340000000000170e-02
1.088369999999999891e+03, -2.095059999999999978e-01
1.088380000000000109e+03, -4.885050000000000225e-01
1.088400000000000091e+03, 5.163170000000000259e-01
1.088420000000000073e+03, -1.057500000000000107e+00
1.088430000000000064e+03, 8.494329999999999936e-01
1.088450000000000045e+03, -1.252140000000000031e+00
1.088470000000000027e+03, -5.239070000000000116e-01
1.088480000000000018e+03, -2.930300000000000127e-01
1.088500000000000000e+03, -8.006860000000000088e-01
1.088519999999999982e+03, -1.583269999999999955e+00
1.088529999999999973e+03, -1.034429999999999933e-01
1.088549999999999955e+03, 3.045629999999999726e-01
1.088569999999999936e+03, -2.374590000000000034e-01
1.088579999999999927e+03, 5.381749999999999590e-01
1.088599999999999909e+03, -6.192330000000000334e-01
1.088619999999999891e+03, -6.309460000000000068e-01
1.088630000000000109e+03, 9.349709999999999965e-01
1.088650000000000091e+03, -4.779470000000000107e-01
1.088670000000000073e+03, -7.861280000000000490e-01
1.088680000000000064e+03, 9.923579999999999623e-01
1.088700000000000045e+03, 3.490849999999999786e-01
1.088720000000000027e+03, 1.943640000000000090e-01
1.088730000000000018e+03, -1.565390000000000059e+00
1.088750000000000000e+03, -1.836019999999999985e+00
1.088769999999999982e+03, -8.670099999999999474e-01
1.088779999999999973e+03, 1.848519999999999885e-01
1.088799999999999955e+03, 6.805729999999999835e-01
1.088819999999999936e+03, -5.501120000000000315e-02
1.088829999999999927e+03, 6.537929999999999575e-01
1.088849999999999909e+03, 7.229970000000000008e-01
1.088869999999999891e+03, 5.579579999999999540e-01
1.088880000000000109e+03, 4.287449999999999872e-01
1.088900000000000091e+03, -5.992619999999999614e-01
1.088920000000000073e+03, -1.869830000000000103e+00
1.088930000000000064e+03, -2.827779999999999738e-01
1.088950000000000045e+03, -1.358179999999999978e-02
1.088970000000000027e+03, -7.928279999999999772e-01
1.088980000000000018e+03, -4.841300000000000048e-01
1.089000000000000000e+03, -1.974199999999999955e+00
1.089019999999999982e+03, -2.145650000000000057e-01
1.089029999999999973e+03, -2.133029999999999926e-01
1.089049999999999955e+03, 1.041449999999999987e+00
1.089069999999999936e+03, 5.303870000000000529e-01
1.089079999999999927e+03, 2.787859999999999783e-01
1.089099999999999909e+03, 5.231230000000000047e-01
1.089119999999999891e+03, 1.072699999999999987e+00
1.089130000000000109e+03, 7.534920000000000506e-01
1.089150000000000091e+03, 7.053909999999999902e-01
1.089170000000000073e+03, -4.936229999999999785e-01
1.089180000000000064e+03, -1.848139999999999852e-02
1.089200000000000045e+03, -2.508509999999999907e-01
1.089220000000000027e+03, 5.748619999999999841e-01
1.089230000000000018e+03, -5.598220000000000279e-02
1.089250000000000000e+03, -3.957550000000000234e-01
1.089269999999999982e+03, -6.579709999999999726e-01
1.089279999999999973e+03, -1.828400000000000025e-01
1.089299999999999955e+03, 9.562140000000000084e-01
1.089319999999999936e+03, 5.743070000000000119e-01
1.089329999999999927e+03, -8.341359999999999886e-01
1.089349999999999909e+03, 1.119839999999999947e+00
1.089369999999999891e+03, 6.830370000000000053e-01
1.089380000000000109e+03, 5.527809999999999668e-01
1.089400000000000091e+03, -1.800269999999999926e-01
1.089420000000000073e+03, -1.146900000000000031e+00
1.089430000000000064e+03, -1.921859999999999957e-01
1.089450000000000045e+03, 1.336100000000000065e+00
1.089470000000000027e+03, 1.303819999999999979e+00
1.089480000000000018e+03, 1.497759999999999980e+00
1.089500000000000000e+03, -8.199850000000000194e-02
1.089519999999999982e+03, -1.218750000000000000e+00
1.089529999999999973e+03, -9.741610000000000547e-01
1.089549999999999955e+03, -6.162910000000000332e-01
1.089569999999999936e+03, 8.385660000000000336e-02
1.089579999999999927e+03, 1.050720000000000098e+00
1.089599999999999909e+03, -3.306549999999999767e-01
1.089619999999999891e+03, 9.626740000000000297e-01
1.089630000000000109e+03, 1.454939999999999900e+00
1.089650000000000091e+03, 1.840030000000000138e-02
1.089670000000000073e+03, -1.279870000000000063e+00
1.089680000000000064e+03, -1.206849999999999978e+00
1.089700000000000045e+03, 5.075330000000000119e-01
1.089720000000000027e+03, -7.953179999999999694e-01
1.089730000000000018e+03, -6.966809999999999947e-01
1.089750000000000000e+03, 4.853339999999999876e-01
1.089769999999999982e+03, -1.369640000000000024e-01
1.089779999999999973e+03, 9.512639999999999985e-01
1.089799999999999955e+03, -3.393860000000000210e-01
1.089819999999999936e+03, -6.973040000000000349e-01
1.089829999999999927e+03, 2.643980000000000219e-01
1.089849999999999909e+03, -1.047539999999999916e+00
1.089869999999999891e+03, -3.678420000000000023e-01
1.089880000000000109e+03, -2.264230000000000131e-01
1.089900000000000091e+03, 6.873299999999999965e-01
1.089920000000000073e+03, 2.975709999999999744e-01
1.089930000000000064e+03, -4.377809999999999757e-01
1.089950000000000045e+03, 8.740109999999999824e-01
1.089970000000000027e+03, -2.471320000000000114e-02
1.089980000000000018e+03, -4.562399999999999789e-01
1.090000000000000000e+03, -2.210709999999999897e-01
1.090019999999999982e+03, -1.873120000000000063e-01
1.090029999999999973e+03, -4.202969999999999762e-01
1.090049999999999955e+03, 1.593019999999999992e-01
1.090069999999999936e+03, 9.327299999999999480e-01
1.090079999999999927e+03, -6.301090000000000302e-01
1.090099999999999909e+03, 9.269070000000000364e-01
1.090119999999999891e+03, 9.733559999999999990e-01
1.090130000000000109e+03, 1.344179999999999930e+00
1.090150000000000091e+03, 9.370789999999999953e-01
1.090170000000000073e+03, -8.298069999999999613e-01
1.090180000000000064e+03, -2.055639999999999912e+00
1.090200000000000045e+03, -9.009549999999999503e-01
1.090220000000000027e+03, 2.637360000000000052e-02
1.090230000000000018e+03, 3.933900000000000174e-01
1.090250000000000000e+03, 9.913760000000000350e-01
1.090269999999999982e+03, 7.772489999999999677e-01
1.090279999999999973e+03, 4.032120000000000148e-01
1.090299999999999955e+03, 6.725649999999999684e-01
1.090319999999999936e+03, -6.551919999999999966e-01
1.090329999999999927e+03, -7.927589999999999915e-01
1.090349999999999909e+03, 1.296200000000000019e+00
1.090369999999999891e+03, 1.760160000000000058e-01
1.090380000000000109e+03, -1.424879999999999924e+00
1.090400000000000091e+03, -1.543570000000000109e+00
1.090420000000000073e+03, 8.006620000000000403e-02
1.090430000000000064e+03, 1.642709999999999892e+00
1.090450000000000045e+03, 1.376919999999999922e+00
1.090470000000000027e+03, 1.175040000000000084e+00
1.090480000000000018e+03, 4.323770000000000113e-01
1.090500000000000000e+03, -1.179659999999999931e+00
1.090519999999999982e+03, -6.293469999999999898e-01
1.090529999999999973e+03, -8.716220000000000079e-01
1.090549999999999955e+03, 1.043080000000000007e+00
1.090569999999999936e+03, -5.393890000000000073e-01
1.090579999999999927e+03, -3.563250000000000028e-01
1.090599999999999909e+03, -4.877779999999999894e-01
1.090619999999999891e+03, 6.665600000000000414e-01
1.090630000000000109e+03, 8.806619999999999449e-01
1.090650000000000091e+03, -9.659979999999999956e-02
1.090670000000000073e+03, 4.204359999999999764e-01
1.090680000000000064e+03, -2.287939999999999974e-01
1.090700000000000045e+03, -6.169590000000000352e-01
1.090720000000000027e+03, -6.116620000000000390e-01
1.090730000000000018e+03, 4.007249999999999979e-01
1.090750000000000000e+03, -1.170919999999999961e+00
1.090769999999999982e+03, 9.327940000000000120e-01
1.090779999999999973e+03, 1.690570000000000128e-01
1.090799999999999955e+03, 4.872009999999999952e-01
1.090819999999999936e+03, 4.381709999999999772e-02
1.090829999999999927e+03, 5.655599999999999516e-01
1.090849999999999909e+03, -3.184680000000000063e-03
1.090869999999999891e+03, 1.016320000000000001e-01
1.090880000000000109e+03, -6.681789999999999674e-01
1.090900000000000091e+03, 3.723119999999999902e-02
1.090920000000000073e+03, -4.944010000000000071e-02
1.090930000000000064e+03, 6.585330000000000350e-01
1.090950000000000045e+03, 1.082100000000000062e+00
1.090970000000000027e+03, -8.672420000000000129e-02
1.090980000000000018e+03, -1.289599999999999913e-01
1.091000000000000000e+03, 5.452339999999999964e-01
1.091019999999999982e+03, 6.501689999999999969e-01
1.091029999999999973e+03, 2.815520000000000245e-01
1.091049999999999955e+03, 4.273400000000000115e-02
1.091069999999999936e+03, -1.649480000000000113e-01
1.091079999999999927e+03, -1.142600000000000060e+00
1.091099999999999909e+03, -3.749160000000000270e-01
1.091119999999999891e+03, -4.778789999999999982e-01
1.091130000000000109e+03, -1.705699999999999994e-01
1.091150000000000091e+03, -5.665259999999999740e-01
1.091170000000000073e+03, -6.886839999999999629e-01
1.091180000000000064e+03, -6.973439999999999639e-01
1.091200000000000045e+03, 7.023300000000000098e-01
1.091220000000000027e+03, 1.057900000000000063e+00
1.091230000000000018e+03, -2.657619999999999982e-01
1.091250000000000000e+03, 7.503609999999999447e-01
1.091269999999999982e+03, -8.276369999999999560e-02
1.091279999999999973e+03, 2.243900000000000061e-01
1.091299999999999955e+03, 8.997429999999999595e-01
1.091319999999999936e+03, -1.202690000000000037e+00
1.091329999999999927e+03, -1.618530000000000024e+00
1.091349999999999909e+03, -9.511840000000000295e-01
1.091369999999999891e+03, -5.412679999999999714e-01
1.091380000000000109e+03, -2.119699999999999918e-01
1.091400000000000091e+03, -8.132709999999999662e-01
1.091420000000000073e+03, 1.017160000000000009e-01
1.091430000000000064e+03, 2.558610000000000051e-01
1.091450000000000045e+03, 6.386840000000000295e-01
1.091470000000000027e+03, 5.248969999999999470e-01
1.091480000000000018e+03, -1.872659999999999880e-01
1.091500000000000000e+03, 6.012499999999999512e-01
1.091519999999999982e+03, 7.305399999999999672e-01
1.091529999999999973e+03, -5.308079999999999465e-01
1.091549999999999955e+03, -1.339329999999999909e+00
1.091569999999999936e+03, -8.303449999999999998e-01
1.091579999999999927e+03, 5.350800000000000001e-01
1.091599999999999909e+03, 5.034170000000000034e-01
1.091619999999999891e+03, 1.109480000000000049e-01
1.091630000000000109e+03, 1.413839999999999986e+00
1.091650000000000091e+03, 6.849140000000000228e-01
1.091670000000000073e+03, -1.792519999999999921e-03
1.091680000000000064e+03, -5.023579999999999712e-01
1.091700000000000045e+03, 6.168839999999999879e-01
1.091720000000000027e+03, -1.865070000000000006e+00
1.091730000000000018e+03, -1.355189999999999895e+00
1.091750000000000000e+03, -1.220360000000000056e-01
1.091769999999999982e+03, 9.245090000000000252e-02
1.091779999999999973e+03, -2.811690000000000023e-01
1.091799999999999955e+03, 1.667939999999999978e-01
1.091819999999999936e+03, -1.387750000000000039e+00
1.091829999999999927e+03, -3.883739999999999970e-01
1.091849999999999909e+03, 5.796390000000000153e-01
1.091869999999999891e+03, 3.848410000000000025e-02
1.091880000000000109e+03, 3.133130000000000082e-01
1.091900000000000091e+03, -4.520259999999999834e-01
1.091920000000000073e+03, -5.836770000000000014e-01
1.091930000000000064e+03, 1.740750000000000075e-01
1.091950000000000045e+03, 3.123929999999999763e-01
1.091970000000000027e+03, -3.533259999999999873e-02
1.091980000000000018e+03, -1.477649999999999908e+00
1.092000000000000000e+03, 1.079339999999999966e+00
1.092019999999999982e+03, 4.457330000000000320e-02
1.092029999999999973e+03, 1.787609999999999921e+00
1.092049999999999955e+03, 7.323030000000000372e-01
1.092069999999999936e+03, -1.428350000000000009e+00
1.092079999999999927e+03, 2.097310000000000008e-01
1.092099999999999909e+03, -7.029100000000000348e-01
1.092119999999999891e+03, 5.957930000000000170e-01
1.092130000000000109e+03, 4.843890000000000001e-02
1.092150000000000091e+03, 1.070840000000000014e+00
1.092170000000000073e+03, 1.492680000000000007e+00
1.092180000000000064e+03, 7.312440000000000051e-01
1.092200000000000045e+03, 3.443680000000000074e-01
1.092220000000000027e+03, 6.000140000000000473e-01
1.092230000000000018e+03, -7.255340000000000122e-01
1.092250000000000000e+03, 2.266819999999999946e-01
