8.533350000000000364e+02, 8.187480000000000313e-01
8.533509999999999991e+02, -3.099009999999999820e-01
8.533680000000000518e+02, 2.316759999999999931e+00
8.533849999999999909e+02, 1.051779999999999937e+00
8.534009999999999536e+02, 8.141119999999999468e-01
8.534180000000000064e+02, -5.806120000000000170e-01
8.534349999999999454e+02, -8.071169999999999733e-01
8.534510000000000218e+02, -1.891930000000000001e-01
8.534679999999999609e+02, 5.647900000000000142e-01
8.534850000000000136e+02, 2.602289999999999881e-01
8.535009999999999764e+02, -2.006359999999999921e+00
8.535180000000000291e+02, -1.647599999999999953e+00
8.535349999999999682e+02, -8.959859999999999491e-01
8.535510000000000446e+02, -7.281140000000000390e-01
8.535679999999999836e+02, -4.619419999999999776e-02
8.535850000000000364e+02, 1.448309999999999986e+00
8.536009999999999991e+02, -8.258510000000000018e-01
8.536180000000000518e+02, -3.023009999999999864e-01
8.536349999999999909e+02, -5.258939999999999726e-01
8.536509999999999536e+02, -3.751470000000000082e-01
8.536680000000000064e+02, 2.561080000000000023e-01
8.536849999999999454e+02, 1.304680000000000062e+00
8.537010000000000218e+02, 1.821099999999999941e-01
8.537179999999999609e+02, -1.056650000000000089e+00
8.537350000000000136e+02, -9.528820000000000068e-01
8.537509999999999764e+02, -4.159769999999999857e-01
8.537680000000000291e+02, 8.496270000000000211e-01
8.537849999999999682e+02, -2.713479999999999781e-01
8.538010000000000446e+02, 3.712849999999999762e-01
8.538179999999999836e+02, -7.133279999999999621e-01
8.538350000000000364e+02, 5.080040000000000250e-02
8.538509999999999991e+02, -2.456260000000000110e-01
8.538680000000000518e+02, -1.464259999999999895e+00
8.538849999999999909e+02, -4.731580000000000230e-01
8.539009999999999536e+02, 4.390069999999999806e-01
8.539180000000000064e+02, 7.092279999999999696e-01
8.539349999999999454e+02, 1.702909999999999924e+00
8.539510000000000218e+02, 2.166269999999999918e+00
8.539679999999999609e+02, -6.763839999999999852e-01
8.539850000000000136e+02, -1.182520000000000016e+00
8.540009999999999764e+02, -1.222979999999999956e+00
8.540180000000000291e+02, -1.388980000000000103e+00
8.540349999999999682e+02, -9.708700000000000108e-01
8.540510000000000446e+02, 2.680220000000000172e-02
8.540679999999999836e+02, -1.487449999999999883e-01
8.540850000000000364e+02, 4.167089999999999961e-01
8.541009999999999991e+02, -1.596559999999999924e-01
8.541180000000000518e+02, 1.873099999999999987e+00
8.541349999999999909e+02, -1.760289999999999910e+00
8.541509999999999536e+02, 5.911690000000000000e-02
8.541680000000000064e+02, 1.230169999999999986e+00
8.541849999999999454e+02, -4.524190000000000156e-02
8.542010000000000218e+02, 4.869999999999999885e-01
8.542179999999999609e+02, -2.075000000000000178e+00
8.542350000000000136e+02, -1.500389999999999890e+00
8.542509999999999764e+02, -4.200420000000000265e-01
8.542680000000000291e+02, -4.066770000000000107e-01
8.542849999999999682e+02, 6.735020000000000451e-01
8.543010000000000446e+02, 8.207630000000000203e-01
8.543179999999999836e+02, -3.318490000000000051e-01
8.543350000000000364e+02, -1.410120000000000040e+00
8.543509999999999991e+02, -1.095660000000000078e+00
8.543680000000000518e+02, -5.788809999999999789e-02
8.543849999999999909e+02, -7.094949999999999868e-01
8.544009999999999536e+02, -9.943469999999999392e-03
8.544180000000000064e+02, 2.186039999999999928e-01
8.544349999999999454e+02, 1.007439999999999891e+00
8.544510000000000218e+02, -3.500260000000000177e-02
8.544679999999999609e+02, 1.855360000000000065e-01
8.544850000000000136e+02, -2.514830000000000121e-01
8.545009999999999764e+02, 7.871080000000000298e-01
8.545180000000000291e+02, 1.820920000000000039e-01
8.545349999999999682e+02, -1.044540000000000024e+00
8.545510000000000446e+02, -8.359560000000000324e-01
8.545679999999999836e+02, 2.148809999999999887e-01
8.545850000000000364e+02, -3.941990000000000216e-01
8.546009999999999991e+02, 8.757350000000000412e-01
8.546180000000000518e+02, 1.257419999999999982e+00
8.546349999999999909e+02, 1.937599999999999878e-01
8.546509999999999536e+02, 5.155830000000000135e-01
8.546680000000000064e+02, 7.152290000000000036e-02
8.546849999999999454e+02, 7.372800000000000464e-01
8.547010000000000218e+02, 1.280319999999999903e+00
8.547179999999999609e+02, 4.120309999999999806e-01
8.547350000000000136e+02, -8.746469999999999523e-01
8.547509999999999764e+02, -1.111410000000000009e+00
8.547680000000000291e+02, -9.695390000000000397e-01
8.547849999999999682e+02, -5.782169999999999810e-01
8.548010000000000446e+02, 4.649629999999999735e-02
8.548179999999999836e+02, -4.968279999999999919e-01
8.548350000000000364e+02, -3.732759999999999967e-01
8.548509999999999991e+02, 3.361239999999999783e-01
8.548680000000000518e+02, -3.641190000000000260e-01
8.548849999999999909e+02, -1.088260000000000005e+00
8.549009999999999536e+02, -1.199179999999999968e-01
8.549180000000000064e+02, 1.860249999999999959e-01
8.549349999999999454e+02, 2.748200000000000087e-01
8.549510000000000218e+02, -3.947719999999999702e-02
8.549679999999999609e+02, -3.371729999999999866e-02
8.549850000000000136e+02, -4.747120000000000228e-01
8.550009999999999764e+02, -3.173130000000000117e-01
8.550180000000000291e+02, -1.354880000000000084e+00
8.550349999999999682e+02, -5.459379999999999789e-02
8.550510000000000446e+02, 1.290480000000000071e+00
8.550679999999999836e+02, 5.518359999999999932e-01
8.550850000000000364e+02, 5.251270000000000104e-01
8.551009999999999991e+02, -4.820389999999999953e-01
8.551180000000000518e+02, -8.268400000000000194e-01
8.551349999999999909e+02, -7.509720000000000284e-02
8.551509999999999536e+02, -2.791500000000000092e-01
8.551680000000000064e+02, -6.126880000000000104e-01
8.551849999999999454e+02, -3.559479999999999866e-01
8.552010000000000218e+02, 2.004160000000000108e-01
8.552179999999999609e+02, 1.276499999999999968e+00
8.552350000000000136e+02, 1.182069999999999954e+00
8.552509999999999764e+02, 1.634209999999999940e+00
8.552680000000000291e+02, 5.359140000000000015e-01
8.552849999999999682e+02, 6.668849999999999778e-02
8.553010000000000446e+02, 6.057709999999999484e-01
8.553179999999999836e+02, -5.864460000000000228e-01
8.553350000000000364e+02, 2.172890000000000099e-01
8.553509999999999991e+02, -6.018419999999999881e-01
8.553680000000000518e+02, -2.632599999999999940e-01
8.553849999999999909e+02, 6.321269999999999945e-01
8.554009999999999536e+02, 9.405959999999999877e-01
8.554180000000000064e+02, -6.614499999999999824e-01
8.554349999999999454e+02, -6.822080000000000366e-01
8.554510000000000218e+02, -1.241419999999999968e+00
8.554679999999999609e+02, -3.758960000000000079e-01
8.554850000000000136e+02, -5.333029999999999715e-01
8.555009999999999764e+02, -5.551320000000000213e-03
8.555180000000000291e+02, -6.539049999999999585e-01
8.555349999999999682e+02, -1.431850000000000067e+00
8.555510000000000446e+02, -9.598990000000000300e-02
8.555679999999999836e+02, -2.819789999999999797e-01
8.555850000000000364e+02, 5.851380000000000470e-01
8.556009999999999991e+02, -8.173099999999999810e-01
8.556180000000000518e+02, -2.248400000000000121e-01
8.556349999999999909e+02, 5.853770000000000362e-01
8.556509999999999536e+02, 2.429580000000000073e-01
8.556680000000000064e+02, 1.099450000000000038e+00
8.556849999999999454e+02, 8.122559999999999780e-01
8.557010000000000218e+02, -6.612410000000000510e-02
8.557179999999999609e+02, -8.330370000000000275e-01
8.557350000000000136e+02, -1.288710000000000022e+00
8.557509999999999764e+02, -2.406510000000000038e-01
8.557680000000000291e+02, 1.032710000000000017e+00
8.557849999999999682e+02, -6.758840000000000681e-02
8.558010000000000446e+02, -1.012049999999999894e+00
8.558179999999999836e+02, -1.529519999999999991e+00
8.558350000000000364e+02, -1.155189999999999939e+00
8.558509999999999991e+02, -4.030119999999999814e-01
8.558680000000000518e+02, 1.116109999999999935e+00
8.558849999999999909e+02, 8.095799999999999663e-01
8.559009999999999536e+02, 1.344270000000000076e+00
8.559180000000000064e+02, 5.795479999999999521e-01
8.559349999999999454e+02, -5.901110000000000522e-01
8.559510000000000218e+02, 8.159619999999999651e-01
8.559679999999999609e+02, 7.157449999999999646e-01
8.559850000000000136e+02, 1.740360000000000171e-02
8.560009999999999764e+02, -8.106769999999999810e-01
8.560180000000000291e+02, -1.352980000000000071e+00
8.560349999999999682e+02, -1.048349999999999893e+00
8.560510000000000446e+02, -3.533169999999999922e-01
8.560679999999999836e+02, -6.322389999999999954e-01
8.560850000000000364e+02, 1.746179999999999954e-01
8.561009999999999991e+02, 3.086420000000000136e-02
8.561180000000000518e+02, -4.409090000000000231e-02
8.561349999999999909e+02, 2.056199999999999972e-01
8.561509999999999536e+02, -4.874959999999999849e-01
8.561680000000000064e+02, -1.146029999999999965e-01
8.561849999999999454e+02, 1.199759999999999938e+00
8.562010000000000218e+02, 8.707099999999999562e-02
8.562179999999999609e+02, 5.500519999999999854e-01
8.562350000000000136e+02, -1.668490000000000029e+00
8.562509999999999764e+02, -2.266479999999999884e-01
8.562680000000000291e+02, 1.339679999999999982e+00
8.562849999999999682e+02, 1.998150000000000093e+00
8.563010000000000446e+02, 2.235459999999999947e-01
8.563179999999999836e+02, -1.627389999999999892e+00
8.563350000000000364e+02, -6.122140000000000359e-01
8.563509999999999991e+02, -1.270019999999999927e+00
8.563680000000000518e+02, 4.624409999999999910e-01
8.563849999999999909e+02, 2.697800000000000198e-01
8.564009999999999536e+02, 9.538619999999999877e-01
8.564180000000000064e+02, -1.063180000000000014e+00
8.564349999999999454e+02, -5.621789999999999843e-01
8.564510000000000218e+02, 4.714650000000000091e-02
8.564679999999999609e+02, -3.418050000000000255e-01
8.564850000000000136e+02, -2.575459999999999972e-01
8.565009999999999764e+02, 9.124090000000000256e-01
8.565180000000000291e+02, 1.162749999999999950e+00
8.565349999999999682e+02, -5.034149999999999459e-01
8.565510000000000446e+02, 6.558209999999999873e-01
8.565679999999999836e+02, -6.244530000000000358e-01
8.565850000000000364e+02, 9.027650000000000396e-01
8.566009999999999991e+02, 4.892980000000000107e-01
8.566180000000000518e+02, 3.856330000000000036e-01
8.566349999999999909e+02, -1.031330000000000080e+00
8.566509999999999536e+02, 9.591140000000000221e-01
8.566680000000000064e+02, 1.552499999999999991e-01
8.566849999999999454e+02, 3.661079999999999890e-01
8.567010000000000218e+02, -5.058840000000000003e-01
8.567179999999999609e+02, -5.932979999999999920e-01
8.567350000000000136e+02, -2.950780000000000070e-01
8.567509999999999764e+02, -1.020129999999999981e+00
8.567680000000000291e+02, 7.611569999999999447e-02
8.567849999999999682e+02, 1.995069999999999899e-01
8.568010000000000446e+02, 5.366970000000000074e-02
8.568179999999999836e+02, -7.204040000000000443e-01
8.568350000000000364e+02, 2.148140000000000049e-01
8.568509999999999991e+02, 1.045210000000000028e-01
8.568680000000000518e+02, -4.862909999999999733e-01
8.568849999999999909e+02, -3.342309999999999726e-02
8.569009999999999536e+02, -5.285180000000000433e-01
8.569180000000000064e+02, -3.088199999999999834e-01
8.569349999999999454e+02, 1.142180000000000001e-01
8.569510000000000218e+02, -9.915420000000000345e-01
8.569679999999999609e+02, -2.460189999999999877e-01
8.569850000000000136e+02, 1.058259999999999978e+00
8.570009999999999764e+02, -1.622349999999999834e-02
8.570180000000000291e+02, 1.789639999999999898e+00
8.570349999999999682e+02, -4.171679999999999833e-01
8.570510000000000446e+02, -1.909200000000000064e-01
8.570679999999999836e+02, -1.076079999999999925e+00
8.570850000000000364e+02, 1.396689999999999876e-01
8.571009999999999991e+02, -1.803200000000000081e-01
8.571180000000000518e+02, -2.006550000000000000e-01
8.571349999999999909e+02, 2.327539999999999887e-01
8.571509999999999536e+02, -5.717240000000000100e-01
8.571680000000000064e+02, 1.666740000000000110e+00
8.571849999999999454e+02, 3.095410000000000106e-01
8.572010000000000218e+02, 6.481599999999999584e-01
8.572179999999999609e+02, -2.054700000000000137e-01
8.572350000000000136e+02, -2.987960000000000060e-01
8.572509999999999764e+02, -4.549759999999999915e-01
8.572680000000000291e+02, 3.623210000000000042e-01
8.572849999999999682e+02, 2.712999999999999856e-01
8.573010000000000446e+02, 4.960319999999999729e-01
8.573179999999999836e+02, 8.622720000000000384e-01
8.573350000000000364e+02, 1.465219999999999967e+00
8.573509999999999991e+02, 1.001039999999999930e+00
8.573680000000000518e+02, -1.970570000000000099e-01
8.573849999999999909e+02, 2.025639999999999941e-01
8.574009999999999536e+02, 6.678199999999999692e-01
8.574180000000000064e+02, 4.386959999999999749e-01
8.574349999999999454e+02, 8.563589999999999813e-01
8.574510000000000218e+02, -5.215779999999999861e-01
8.574679999999999609e+02, -1.049050000000000038e+00
8.574850000000000136e+02, 6.513539999999999885e-01
8.575009999999999764e+02, 1.452829999999999955e-01
8.575180000000000291e+02, -1.091590000000000060e-01
8.575349999999999682e+02, -7.579209999999999559e-01
8.575510000000000446e+02, -8.574080000000000590e-02
8.575679999999999836e+02, -6.688549999999999773e-01
8.575850000000000364e+02, -3.063890000000000224e-01
8.576009999999999991e+02, -6.717990000000000350e-01
8.576180000000000518e+02, 6.942089999999999650e-01
8.576349999999999909e+02, -3.430679999999999841e-02
8.576509999999999536e+02, -4.149869999999999948e-01
8.576680000000000064e+02, -6.087280000000000468e-01
8.576849999999999454e+02, -4.609679999999999889e-01
8.577010000000000218e+02, 1.208820000000000033e-01
8.577179999999999609e+02, -3.795189999999999952e-01
8.577350000000000136e+02, -1.829320000000000057e+00
8.577509999999999764e+02, -4.026469999999999771e-01
8.577680000000000291e+02, 1.832630000000000092e-01
8.577849999999999682e+02, 1.447629999999999972e+00
8.578010000000000446e+02, -1.077450000000000019e+00
8.578179999999999836e+02, -6.327190000000000314e-01
8.578350000000000364e+02, 2.087910000000000044e-01
8.578509999999999991e+02, 2.329940000000000067e-01
8.578680000000000518e+02, 1.090000000000000080e+00
8.578849999999999909e+02, 1.120230000000000059e+00
8.579009999999999536e+02, 6.298719999999999875e-01
8.579180000000000064e+02, -2.532900000000000151e-01
8.579349999999999454e+02, -1.093529999999999891e+00
8.579510000000000218e+02, -1.020809999999999995e+00
8.579679999999999609e+02, -1.825790000000000024e+00
8.579850000000000136e+02, -5.550460000000000393e-01
8.580009999999999764e+02, -9.620400000000000063e-01
8.580180000000000291e+02, -3.551099999999999812e-01
8.580349999999999682e+02, 6.746810000000000307e-02
8.580510000000000446e+02, -5.986770000000000147e-01
8.580679999999999836e+02, -1.614879999999999927e-01
8.580850000000000364e+02, -1.931970000000000076e-01
8.581009999999999991e+02, 4.035090000000000066e-01
8.581180000000000518e+02, -6.289930000000000243e-01
8.581349999999999909e+02, 9.202169999999999517e-01
8.581509999999999536e+02, 1.674530000000000074e+00
8.581680000000000064e+02, 3.578009999999999802e-01
8.581849999999999454e+02, -3.828039999999999776e-01
8.582010000000000218e+02, 4.492840000000000167e-01
8.582179999999999609e+02, 1.518879999999999952e-01
8.582350000000000136e+02, -2.223650000000000071e-01
8.582509999999999764e+02, 7.565539999999999488e-01
8.582680000000000291e+02, 3.768409999999999815e-01
8.582849999999999682e+02, -1.595450000000000035e+00
8.583010000000000446e+02, 8.421019999999999894e-02
8.583179999999999836e+02, -6.315169999999999950e-01
8.583350000000000364e+02, -9.701480000000000103e-01
8.583509999999999991e+02, -2.550029999999999797e-01
8.583680000000000518e+02, 1.025279999999999969e+00
8.583849999999999909e+02, 2.619029999999999969e-01
8.584009999999999536e+02, -4.488849999999999785e-01
8.584180000000000064e+02, 4.196579999999999755e-02
8.584349999999999454e+02, 7.912179999999999769e-01
8.584510000000000218e+02, -1.732700000000000073e-01
8.584679999999999609e+02, 4.752609999999999890e-01
8.584850000000000136e+02, 4.633639999999999981e-01
8.585009999999999764e+02, -1.630679999999999907e-01
8.585180000000000291e+02, -2.086590000000000111e-01
8.585349999999999682e+02, -2.795679999999999832e-01
8.585510000000000446e+02, 5.542390000000000372e-01
8.585679999999999836e+02, 1.257980000000000098e+00
8.585850000000000364e+02, 5.423569999999999780e-01
8.586009999999999991e+02, -5.246410000000000240e-01
8.586180000000000518e+02, 8.863569999999999505e-01
8.586349999999999909e+02, 2.130839999999999956e-01
8.586509999999999536e+02, 9.083430000000000115e-01
8.586680000000000064e+02, -1.285399999999999876e-01
8.586849999999999454e+02, -2.237689999999999957e-01
8.587010000000000218e+02, 1.984990000000000088e-01
8.587179999999999609e+02, 2.225260000000000085e-02
8.587350000000000136e+02, -1.407859999999999889e+00
8.587509999999999764e+02, -1.315820000000000045e-01
8.587680000000000291e+02, 8.133510000000000462e-01
8.587849999999999682e+02, -1.275699999999999890e-01
8.588010000000000446e+02, -2.160379999999999967e+00
8.588179999999999836e+02, -1.872200000000000086e+00
8.588350000000000364e+02, -2.082469999999999877e-01
8.588509999999999991e+02, 8.842069999999999652e-01
8.588680000000000518e+02, -2.874530000000000141e-02
8.588849999999999909e+02, 5.512270000000000225e-01
8.589009999999999536e+02, 3.280250000000000110e-01
8.589180000000000064e+02, 1.810559999999999947e+00
8.589349999999999454e+02, 5.565550000000000219e-01
8.589510000000000218e+02, 6.483369999999999411e-02
8.589679999999999609e+02, -6.042910000000000226e-01
8.589850000000000136e+02, -1.084880000000000067e+00
8.590009999999999764e+02, 8.531160000000000132e-02
8.590180000000000291e+02, 5.777269999999999905e-01
8.590349999999999682e+02, 1.405680000000000041e+00
8.590510000000000446e+02, -5.320780000000000509e-01
8.590679999999999836e+02, 1.610989999999999922e+00
8.590850000000000364e+02, 7.475760000000000183e-01
8.591009999999999991e+02, -1.025830000000000020e+00
8.591180000000000518e+02, 4.056109999999999993e-01
8.591349999999999909e+02, 1.473869999999999902e-01
8.591509999999999536e+02, -3.261319999999999775e-01
8.591680000000000064e+02, 6.946530000000000239e-03
8.591849999999999454e+02, -2.303739999999999954e-01
8.592010000000000218e+02, -1.524310000000000054e+00
8.592179999999999609e+02, 1.168349999999999944e-01
8.592350000000000136e+02, -8.144299999999999873e-01
8.592509999999999764e+02, -1.262189999999999979e-01
8.592680000000000291e+02, -8.594589999999999730e-01
8.592849999999999682e+02, 6.214739999999999709e-01
8.593010000000000446e+02, -1.392210000000000114e-01
8.593179999999999836e+02, 1.143480000000000052e+00
8.593350000000000364e+02, 1.060840000000000005e+00
8.593509999999999991e+02, -5.302599999999999536e-01
8.593680000000000518e+02, 4.378219999999999890e-01
8.593849999999999909e+02, -9.392620000000000829e-03
8.594009999999999536e+02, -8.628259999999999819e-01
8.594180000000000064e+02, 1.485680000000000056e-01
8.594349999999999454e+02, -4.412820000000000076e-01
8.594510000000000218e+02, 5.921199999999999797e-01
8.594679999999999609e+02, -6.454539999999999722e-01
8.594850000000000136e+02, -7.219759999999999511e-01
8.595009999999999764e+02, -1.357410000000000005e+00
8.595180000000000291e+02, -4.102000000000000091e-01
8.595349999999999682e+02, -5.070529999999999760e-01
8.595510000000000446e+02, -4.961139999999999994e-02
8.595679999999999836e+02, -4.926200000000000023e-01
8.595850000000000364e+02, 3.239090000000000025e-01
8.596009999999999991e+02, 1.473219999999999974e+00
8.596180000000000518e+02, 8.725889999999999480e-01
8.596349999999999909e+02, 8.802050000000000152e-01
8.596509999999999536e+02, 1.022550000000000070e+00
8.596680000000000064e+02, -1.692150000000000043e-01
8.596849999999999454e+02, -4.855180000000000051e-01
8.597010000000000218e+02, 3.092869999999999786e-01
8.597179999999999609e+02, 3.958969999999999989e-01
8.597350000000000136e+02, 5.418349999999999556e-01
8.597509999999999764e+02, 1.628449999999999953e+00
8.597680000000000291e+02, 4.129789999999999850e-01
8.597849999999999682e+02, -6.187979999999999592e-01
8.598010000000000446e+02, -2.927259999999999862e-01
8.598179999999999836e+02, -1.195729999999999960e+00
8.598350000000000364e+02, -5.171770000000000013e-03
8.598509999999999991e+02, 2.201919999999999988e-01
8.598680000000000518e+02, 6.897769999999999735e-01
8.598849999999999909e+02, 1.574109999999999898e+00
8.599009999999999536e+02, 5.349650000000000238e-01
8.599180000000000064e+02, 8.884589999999999987e-01
8.599349999999999454e+02, 8.169370000000000243e-01
8.599510000000000218e+02, 2.435879999999999990e-01
8.599679999999999609e+02, -1.126109999999999944e+00
8.599850000000000136e+02, -1.283220000000000027e+00
8.600009999999999764e+02, 2.737149999999999861e-01
8.600180000000000291e+02, 1.759739999999999915e-01
8.600349999999999682e+02, 4.597660000000000080e-01
8.600510000000000446e+02, -4.285530000000000173e-01
8.600679999999999836e+02, 2.756029999999999869e-01
8.600850000000000364e+02, -4.510020000000000140e-01
8.601009999999999991e+02, -6.014830000000000176e-02
8.601180000000000518e+02, 4.004770000000000274e-01
8.601349999999999909e+02, -2.746529999999999805e-01
8.601509999999999536e+02, -2.762299999999999756e-01
8.601680000000000064e+02, -4.246550000000000047e-01
8.601849999999999454e+02, -1.329800000000000093e+00
8.602010000000000218e+02, -1.213079999999999936e+00
8.602179999999999609e+02, -3.529649999999999732e-01
8.602350000000000136e+02, 4.644240000000000174e-02
8.602509999999999764e+02, 1.240189999999999904e+00
8.602680000000000291e+02, 1.332770000000000010e+00
8.602849999999999682e+02, -3.435139999999999721e-02
8.603010000000000446e+02, 6.916849999999999943e-01
8.603179999999999836e+02, 2.640859999999999874e-01
8.603350000000000364e+02, -1.683830000000000049e-01
8.603509999999999991e+02, -1.756010000000000071e+00
8.603680000000000518e+02, -1.330729999999999968e+00
8.603849999999999909e+02, -9.944159999999999666e-01
8.604009999999999536e+02, -2.117880000000000040e-01
8.604180000000000064e+02, 8.367109999999999825e-01
8.604349999999999454e+02, -6.097209999999999575e-01
8.604510000000000218e+02, -2.436510000000000065e-01
8.604679999999999609e+02, 1.986250000000000071e+00
8.604850000000000136e+02, 1.998089999999999866e-01
8.605009999999999764e+02, -4.176259999999999972e-01
8.605180000000000291e+02, -7.098700000000000010e-01
8.605349999999999682e+02, -6.487709999999999866e-01
8.605510000000000446e+02, 1.193100000000000049e+00
8.605679999999999836e+02, 1.553799999999999973e-02
8.605850000000000364e+02, 1.855960000000000110e-01
8.606009999999999991e+02, -2.475179999999999880e-01
8.606180000000000518e+02, 1.293299999999999894e+00
8.606349999999999909e+02, 5.067089999999999650e-01
8.606509999999999536e+02, 1.834139999999999937e-01
8.606680000000000064e+02, -5.146269999999999456e-01
8.606849999999999454e+02, -1.467799999999999994e+00
8.607010000000000218e+02, -1.220979999999999954e+00
8.607179999999999609e+02, -6.314380000000000548e-01
8.607350000000000136e+02, 3.930679999999999730e-01
8.607509999999999764e+02, 2.056140000000000079e+00
8.607680000000000291e+02, 2.331379999999999786e+00
8.607849999999999682e+02, 7.413600000000000190e-01
8.608010000000000446e+02, -6.321219999999999617e-01
8.608179999999999836e+02, 4.570020000000000193e-01
8.608350000000000364e+02, -5.806280000000000330e-01
8.608509999999999991e+02, -1.496389999999999942e-01
8.608680000000000518e+02, -4.649880000000000124e-01
8.608849999999999909e+02, 3.841979999999999701e-02
8.609009999999999536e+02, 2.485719999999999874e-01
8.609180000000000064e+02, 9.201529999999999987e-01
8.609349999999999454e+02, -8.000669999999999726e-01
8.609510000000000218e+02, -4.608379999999999812e-04
8.609679999999999609e+02, -1.282589999999999897e+00
8.609850000000000136e+02, -1.100419999999999954e+00
8.610009999999999764e+02, 9.494449999999999834e-01
8.610180000000000291e+02, 6.673480000000000523e-01
8.610349999999999682e+02, 4.712970000000000215e-01
8.610510000000000446e+02, 4.799799999999999900e-02
8.610679999999999836e+02, -1.355939999999999923e+00
8.610850000000000364e+02, -1.435660000000000061e-03
8.611009999999999991e+02, -8.378970000000000029e-01
8.611180000000000518e+02, 9.082909999999999595e-01
8.611349999999999909e+02, -8.513669999999999849e-01
8.611509999999999536e+02, -2.159659999999999913e-01
8.611680000000000064e+02, 2.316769999999999941e-01
8.611849999999999454e+02, -6.170630000000000281e-01
8.612010000000000218e+02, 9.272639999999999771e-01
8.612179999999999609e+02, 3.006289999999999796e-01
8.612350000000000136e+02, -6.588420000000000387e-01
8.612509999999999764e+02, 2.665309999999999901e-02
8.612680000000000291e+02, 8.054189999999999960e-02
8.612849999999999682e+02, -1.289710000000000023e-01
8.613010000000000446e+02, 4.841599999999999793e-01
8.613179999999999836e+02, -8.717730000000000201e-01
8.613350000000000364e+02, -3.274340000000000028e-01
8.613509999999999991e+02, 4.643689999999999762e-01
8.613680000000000518e+02, -2.357229999999999881e-01
8.613849999999999909e+02, -3.308510000000000062e-01
8.614009999999999536e+02, 2.199119999999999964e-01
8.614180000000000064e+02, -1.161520000000000108e+00
8.614349999999999454e+02, 9.150790000000000313e-02
8.614510000000000218e+02, -2.571949999999999931e-02
8.614679999999999609e+02, -9.215280000000000138e-01
8.614850000000000136e+02, -4.720590000000000064e-01
8.615009999999999764e+02, -5.598550000000000054e-02
8.615180000000000291e+02, -4.180670000000000219e-01
8.615349999999999682e+02, -1.371559999999999890e+00
8.615510000000000446e+02, -2.517909999999999940e-02
8.615679999999999836e+02, 2.654349999999999765e-01
8.615850000000000364e+02, 7.799089999999999634e-01
8.616009999999999991e+02, -2.476929999999999965e-01
8.616180000000000518e+02, 3.529930000000000012e-01
8.616349999999999909e+02, 5.924599999999999866e-01
8.616509999999999536e+02, -9.383810000000000207e-01
8.616680000000000064e+02, -1.248850000000000016e+00
8.616849999999999454e+02, -6.585050000000000625e-02
8.617010000000000218e+02, -8.739819999999999534e-02
8.617179999999999609e+02, 6.795669999999999489e-02
8.617350000000000136e+02, -1.546549999999999869e-01
8.617509999999999764e+02, 3.154040000000000177e-01
8.617680000000000291e+02, 5.556849999999999845e-01
8.617849999999999682e+02, -3.870060000000000167e-01
8.618010000000000446e+02, -7.488479999999999581e-01
8.618179999999999836e+02, -3.237369999999999970e-01
8.618350000000000364e+02, 3.557910000000000239e-01
8.618509999999999991e+02, -1.491740000000000010e-01
8.618680000000000518e+02, -3.421339999999999937e-01
8.618849999999999909e+02, -3.218320000000000070e-01
8.619009999999999536e+02, 8.194190000000000085e-01
8.619180000000000064e+02, 2.983709999999999835e-02
8.619349999999999454e+02, -8.041570000000000107e-01
8.619510000000000218e+02, 1.150509999999999922e+00
8.619679999999999609e+02, -2.395519999999999872e-01
8.619850000000000136e+02, 8.615689999999999460e-02
8.620009999999999764e+02, -5.402529999999999832e-01
8.620180000000000291e+02, -6.594630000000000214e-01
8.620349999999999682e+02, -1.319269999999999943e+00
8.620510000000000446e+02, 1.553160000000000096e-01
8.620679999999999836e+02, 7.200180000000000469e-01
8.620850000000000364e+02, 5.008209999999999607e-01
8.621009999999999991e+02, -1.753020000000000134e-01
8.621180000000000518e+02, -3.692840000000000011e-01
8.621349999999999909e+02, -8.520689999999999653e-01
8.621509999999999536e+02, 2.082579999999999987e-01
8.621680000000000064e+02, -1.652329999999999910e-01
8.621849999999999454e+02, 6.626699999999999813e-01
8.622010000000000218e+02, 1.824510000000000021e-02
8.622179999999999609e+02, 1.434160000000000101e+00
8.622350000000000136e+02, -5.729969999999999786e-01
8.622509999999999764e+02, -2.026030000000000053e-01
8.622680000000000291e+02, -6.253680000000000350e-01
8.622849999999999682e+02, 9.804849999999999677e-02
8.623010000000000446e+02, 8.233580000000000065e-02
8.623179999999999836e+02, 5.629410000000000247e-01
8.623350000000000364e+02, -2.087509999999999921e-01
8.623509999999999991e+02, 1.884639999999999926e-01
8.623680000000000518e+02, -8.406439999999999468e-01
8.623849999999999909e+02, -5.916310000000000319e-02
8.624009999999999536e+02, -6.658950000000000147e-01
8.624180000000000064e+02, -2.573420000000000152e-01
8.624349999999999454e+02, 1.764259999999999939e+00
8.624510000000000218e+02, 2.298329999999999984e+00
8.624679999999999609e+02, 1.601150000000000073e+00
8.624850000000000136e+02, 7.924249999999999350e-02
8.625009999999999764e+02, 1.027870000000000061e+00
8.625180000000000291e+02, 1.147850000000000037e+00
8.625349999999999682e+02, -3.726820000000000133e-02
8.625510000000000446e+02, 8.529489999999999572e-01
8.625679999999999836e+02, 6.665649999999999631e-01
8.625850000000000364e+02, 3.361739999999999728e-01
8.626009999999999991e+02, -5.852640000000000065e-01
8.626180000000000518e+02, 1.036959999999999965e-01
8.626349999999999909e+02, -2.980929999999999969e-01
8.626509999999999536e+02, 4.235459999999999781e-01
8.626680000000000064e+02, 7.626690000000000413e-01
8.626849999999999454e+02, -1.221119999999999983e+00
8.627010000000000218e+02, -5.056370000000000031e-01
8.627179999999999609e+02, -1.821889999999999898e-01
8.627350000000000136e+02, 1.131660000000000110e+00
8.627509999999999764e+02, 1.394130000000000091e+00
8.627680000000000291e+02, -1.443560000000000121e-01
8.627849999999999682e+02, -2.338790000000000036e-01
8.628010000000000446e+02, -1.051760000000000028e+00
8.628179999999999836e+02, 3.991879999999999873e-01
8.628350000000000364e+02, -1.095020000000000104e+00
8.628509999999999991e+02, -1.295739999999999892e+00
8.628680000000000518e+02, -6.306859999999999689e-01
8.628849999999999909e+02, -1.901699999999999946e+00
8.629009999999999536e+02, 7.608700000000000463e-01
8.629180000000000064e+02, -1.583069999999999977e+00
8.629349999999999454e+02, -6.413720000000000532e-02
8.629510000000000218e+02, -1.117299999999999960e-01
8.629679999999999609e+02, 1.607460000000000000e-01
8.629850000000000136e+02, 1.181410000000000071e+00
8.630009999999999764e+02, 6.261630000000000251e-01
8.630180000000000291e+02, -1.112710000000000088e+00
8.630349999999999682e+02, 8.044010000000000327e-01
8.630510000000000446e+02, -6.690789999999999793e-01
8.630679999999999836e+02, -2.748990000000000114e-02
8.630850000000000364e+02, -9.703829999999999956e-01
8.631009999999999991e+02, -6.844400000000000484e-01
8.631180000000000518e+02, 1.408629999999999952e-02
8.631349999999999909e+02, -2.595990000000000242e-01
8.631509999999999536e+02, 1.120060000000000056e+00
8.631680000000000064e+02, -9.378020000000000245e-01
8.631849999999999454e+02, -4.395200000000000218e-01
8.632010000000000218e+02, -1.587250000000000050e+00
8.632179999999999609e+02, -1.489309999999999912e+00
8.632350000000000136e+02, -6.483440000000000314e-01
8.632509999999999764e+02, -1.576559999999999961e+00
8.632680000000000291e+02, -2.081500000000000017e-01
8.632849999999999682e+02, 7.569820000000000437e-01
8.633010000000000446e+02, 9.542450000000000099e-01
8.633179999999999836e+02, 9.437320000000000153e-01
8.633350000000000364e+02, 1.502239999999999964e-01
8.633509999999999991e+02, -6.660030000000000117e-01
8.633680000000000518e+02, -1.269160000000000066e+00
8.633849999999999909e+02, 1.448440000000000005e-01
8.634009999999999536e+02, 3.047810000000000241e-01
8.634180000000000064e+02, 1.450380000000000003e+00
8.634349999999999454e+02, 6.376279999999999726e-01
8.634510000000000218e+02, 8.748720000000000108e-02
8.634679999999999609e+02, -1.049370000000000025e-01
8.634850000000000136e+02, -7.189109999999999667e-01
8.635009999999999764e+02, 2.934089999999999754e-01
8.635180000000000291e+02, -6.096129999999999605e-01
8.635349999999999682e+02, -6.362480000000000357e-01
8.635510000000000446e+02, 3.170220000000000260e-01
8.635679999999999836e+02, 8.124390000000000223e-01
8.635850000000000364e+02, 6.807000000000000550e-02
8.636009999999999991e+02, -6.486610000000000431e-01
8.636180000000000518e+02, 8.927340000000000275e-02
8.636349999999999909e+02, -9.391739999999999533e-01
8.636509999999999536e+02, -3.905899999999999928e-01
8.636680000000000064e+02, 8.455559999999999465e-02
8.636849999999999454e+02, -5.793059999999999876e-01
8.637010000000000218e+02, -6.223030000000000506e-01
8.637179999999999609e+02, -6.742240000000000455e-01
8.637350000000000136e+02, 6.338009999999999478e-01
8.637509999999999764e+02, 1.500089999999999923e+00
8.637680000000000291e+02, -3.530329999999999857e-01
8.637849999999999682e+02, -6.419110000000000094e-01
8.638010000000000446e+02, -1.861949999999999994e+00
8.638179999999999836e+02, 7.946050000000000058e-01
8.638350000000000364e+02, 2.678039999999999865e-01
8.638509999999999991e+02, -6.799289999999999501e-02
8.638680000000000518e+02, -4.748399999999999843e-01
8.638849999999999909e+02, -7.172589999999999799e-01
8.639009999999999536e+02, -8.631130000000000191e-01
8.639180000000000064e+02, 9.301139999999999408e-03
8.639349999999999454e+02, 1.149729999999999919e+00
8.639510000000000218e+02, 3.307309999999999972e-01
8.639679999999999609e+02, 1.310990000000000100e+00
8.639850000000000136e+02, 1.721049999999999969e+00
8.640009999999999764e+02, 2.395049999999999957e-02
8.640180000000000291e+02, -1.083869999999999972e-01
8.640349999999999682e+02, -4.998099999999999765e-01
8.640510000000000446e+02, -8.844440000000000079e-01
8.640679999999999836e+02, 1.609979999999999967e+00
8.640850000000000364e+02, 1.006299999999999972e+00
8.641009999999999991e+02, 1.173000000000000015e-01
8.641180000000000518e+02, -1.179250000000000020e-01
8.641349999999999909e+02, -8.356879999999999864e-01
8.641509999999999536e+02, -2.312559999999999949e+00
8.641680000000000064e+02, 5.310809999999999836e-02
8.641849999999999454e+02, -5.133280000000000065e-01
8.642010000000000218e+02, 1.801050000000000040e+00
8.642179999999999609e+02, 1.095439999999999969e+00
8.642350000000000136e+02, 5.279749999999999721e-01
8.642509999999999764e+02, 1.021009999999999973e+00
8.642680000000000291e+02, -1.456469999999999987e-01
8.642849999999999682e+02, -1.520459999999999923e+00
8.643010000000000446e+02, -5.588710000000000067e-01
8.643179999999999836e+02, -1.586649999999999894e+00
8.643350000000000364e+02, -3.077220000000000066e+00
8.643509999999999991e+02, -7.547409999999999952e-01
8.643680000000000518e+02, 2.008429999999999938e-01
8.643849999999999909e+02, 8.460779999999999967e-01
8.644009999999999536e+02, 1.195580000000000087e+00
8.644180000000000064e+02, 9.782990000000000297e-01
8.644349999999999454e+02, -1.110589999999999966e+00
8.644510000000000218e+02, -7.413539999999999575e-01
8.644679999999999609e+02, 1.103539999999999965e+00
8.644850000000000136e+02, 5.758670000000000178e-01
8.645009999999999764e+02, 2.003070000000000128e+00
8.645180000000000291e+02, 2.007400000000000073e+00
8.645349999999999682e+02, -1.208359999999999990e-01
8.645510000000000446e+02, -6.724329999999999474e-01
8.645679999999999836e+02, -2.358669999999999933e-01
8.645850000000000364e+02, -1.260960000000000081e+00
8.646009999999999991e+02, -1.005110000000000031e-01
8.646180000000000518e+02, -5.444410000000000222e-02
8.646349999999999909e+02, -1.155869999999999988e-02
8.646509999999999536e+02, -9.033520000000000438e-02
8.646680000000000064e+02, 1.162600000000000022e-01
8.646849999999999454e+02, 4.566719999999999807e-02
8.647010000000000218e+02, 4.687239999999999740e-01
8.647179999999999609e+02, -5.339460000000000039e-02
8.647350000000000136e+02, 1.123780000000000001e+00
8.647509999999999764e+02, 9.277760000000000451e-01
8.647680000000000291e+02, -2.660989999999999744e-01
8.647849999999999682e+02, -1.066619999999999902e+00
8.648010000000000446e+02, -1.589779999999999971e+00
8.648179999999999836e+02, -8.996729999999999450e-01
8.648350000000000364e+02, -8.707770000000000232e-01
8.648509999999999991e+02, 3.969730000000000203e-01
8.648680000000000518e+02, 6.707490000000000396e-01
8.648849999999999909e+02, 1.393050000000000017e-02
8.649009999999999536e+02, 2.273030000000000050e-01
8.649180000000000064e+02, 2.709179999999999922e-01
8.649349999999999454e+02, -5.123180000000000511e-01
8.649510000000000218e+02, -2.255719999999999947e-02
8.649679999999999609e+02, 8.648249999999999549e-01
8.649850000000000136e+02, 2.946259999999999851e-02
8.650009999999999764e+02, 2.177360000000000184e+00
8.650180000000000291e+02, 3.881919999999999815e-01
8.650349999999999682e+02, 2.159899999999999876e-01
8.650510000000000446e+02, -1.112840000000000051e+00
8.650679999999999836e+02, -1.829239999999999977e+00
8.650850000000000364e+02, 6.626229999999999620e-01
8.651009999999999991e+02, -1.209169999999999967e-01
8.651180000000000518e+02, 6.275399999999999867e-01
8.651349999999999909e+02, -8.302399999999999780e-01
8.651509999999999536e+02, -7.287069999999999936e-01
8.651680000000000064e+02, -7.352150000000000352e-02
8.651849999999999454e+02, -1.044240000000000057e+00
8.652010000000000218e+02, -3.179589999999999916e-01
8.652179999999999609e+02, 3.533290000000000042e-02
8.652350000000000136e+02, 1.493770000000000042e+00
8.652509999999999764e+02, 1.019239999999999924e+00
8.652680000000000291e+02, 7.706129999999999924e-01
8.652849999999999682e+02, 5.235189999999999566e-01
8.653010000000000446e+02, 4.101350000000000273e-01
8.653179999999999836e+02, 4.435819999999999763e-01
8.653350000000000364e+02, 1.039630000000000054e+00
8.653509999999999991e+02, 3.645729999999999804e-01
8.653680000000000518e+02, -2.138519999999999865e-01
8.653849999999999909e+02, -1.156840000000000090e+00
8.654009999999999536e+02, -2.921710000000000140e-01
8.654180000000000064e+02, 8.224430000000000351e-01
8.654349999999999454e+02, 1.108260000000000023e+00
8.654510000000000218e+02, 1.454489999999999950e-01
8.654679999999999609e+02, -7.245500000000000274e-01
8.654850000000000136e+02, -9.491140000000000132e-01
8.655009999999999764e+02, 1.385639999999999927e-01
8.655180000000000291e+02, 9.865829999999999878e-01
8.655349999999999682e+02, 8.211899999999999755e-01
8.655510000000000446e+02, -8.540590000000000126e-01
8.655679999999999836e+02, -3.663159999999999750e-01
8.655850000000000364e+02, -8.162170000000000536e-02
8.656009999999999991e+02, 9.965709999999999152e-03
8.656180000000000518e+02, -6.388470000000000537e-01
8.656349999999999909e+02, -5.350200000000000511e-01
8.656509999999999536e+02, 3.458450000000000135e-01
8.656680000000000064e+02, -6.326899999999999746e-01
8.656849999999999454e+02, 8.030140000000000056e-01
8.657010000000000218e+02, -2.832749999999999851e-02
8.657179999999999609e+02, 8.102679999999999882e-01
8.657350000000000136e+02, 9.996899999999999675e-01
8.657509999999999764e+02, -7.256070000000000020e-01
8.657680000000000291e+02, -1.009419999999999984e+00
8.657849999999999682e+02, -7.222220000000000306e-01
8.658010000000000446e+02, -6.306619999999999449e-01
8.658179999999999836e+02, -2.416770000000000029e-01
8.658350000000000364e+02, -8.058750000000000080e-01
8.658509999999999991e+02, -1.348810000000000064e+00
8.658680000000000518e+02, 1.604079999999999950e+00
8.658849999999999909e+02, 1.065609999999999946e+00
8.659009999999999536e+02, 1.591779999999999973e+00
8.659180000000000064e+02, 6.173579999999999623e-01
8.659349999999999454e+02, -2.094429999999999903e-01
8.659510000000000218e+02, -5.298509999999999609e-01
8.659679999999999609e+02, -1.777539999999999953e-01
8.659850000000000136e+02, -1.024489999999999901e+00
8.660009999999999764e+02, 3.978389999999999982e-01
8.660180000000000291e+02, -2.478949999999999904e-02
8.660349999999999682e+02, -1.835070000000000034e-01
8.660510000000000446e+02, -2.692649999999999766e-01
8.660679999999999836e+02, -2.027849999999999930e-01
8.660850000000000364e+02, -7.319970000000000088e-01
8.661009999999999991e+02, 8.001869999999999816e-01
8.661180000000000518e+02, 1.782450000000000090e+00
8.661349999999999909e+02, -8.627759999999999874e-01
8.661509999999999536e+02, -1.440750000000000086e-01
8.661680000000000064e+02, -3.150040000000000062e-01
8.661849999999999454e+02, 8.002430000000000376e-01
8.662010000000000218e+02, 1.741740000000000066e+00
8.662179999999999609e+02, 1.322640000000000038e+00
8.662350000000000136e+02, 2.720540000000000180e-01
8.662509999999999764e+02, -1.697079999999999922e+00
8.662680000000000291e+02, -8.254320000000000546e-01
8.662849999999999682e+02, -5.664109999999999978e-01
8.663010000000000446e+02, -2.976539999999999742e-01
8.663179999999999836e+02, 1.516490000000000060e-01
8.663350000000000364e+02, -1.184749999999999970e+00
8.663509999999999991e+02, -1.072899999999999965e+00
8.663680000000000518e+02, -2.512789999999999746e-01
8.663849999999999909e+02, 6.931690000000000351e-01
8.664009999999999536e+02, 6.094249999999999667e-02
8.664180000000000064e+02, -1.040129999999999999e+00
8.664349999999999454e+02, -3.660599999999999965e-02
8.664510000000000218e+02, -5.289479999999999876e-02
8.664679999999999609e+02, 8.885509999999999797e-01
8.664850000000000136e+02, 2.280699999999999950e+00
8.665009999999999764e+02, 1.129140000000000005e-02
8.665180000000000291e+02, 2.142850000000000033e-01
8.665349999999999682e+02, 1.171680000000000055e+00
8.665510000000000446e+02, 6.229719999999999702e-01
8.665679999999999836e+02, -3.190089999999999870e-01
8.665850000000000364e+02, -1.853110000000000035e+00
8.666009999999999991e+02, -8.652220000000000466e-01
8.666180000000000518e+02, -9.816359999999999530e-01
8.666349999999999909e+02, 3.752300000000000080e-01
8.666509999999999536e+02, 1.447869999999999990e-01
8.666680000000000064e+02, 1.811779999999999946e+00
8.666849999999999454e+02, -1.767800000000000038e+00
8.667010000000000218e+02, 8.545970000000000510e-01
8.667179999999999609e+02, -5.008660000000000195e-02
8.667350000000000136e+02, -5.129009999999999819e-02
8.667509999999999764e+02, -1.666229999999999933e-01
8.667680000000000291e+02, -1.844340000000000090e+00
8.667849999999999682e+02, 8.875539999999999541e-01
8.668010000000000446e+02, -8.667650000000000077e-01
8.668179999999999836e+02, 6.010809999999999764e-02
8.668350000000000364e+02, -6.552040000000000641e-02
8.668509999999999991e+02, -2.829699999999999993e-01
8.668680000000000518e+02, -6.223440000000000083e-01
8.668849999999999909e+02, -7.515509999999999691e-01
8.669009999999999536e+02, -9.449410000000000309e-01
8.669180000000000064e+02, 4.127700000000000258e-01
8.669349999999999454e+02, 1.560580000000000078e+00
8.669510000000000218e+02, -1.950749999999999984e-01
8.669679999999999609e+02, 1.457249999999999934e+00
8.669850000000000136e+02, 1.134370000000000100e+00
8.670009999999999764e+02, 1.862330000000000096e-01
8.670180000000000291e+02, -9.932010000000000005e-01
8.670349999999999682e+02, -8.133460000000000134e-01
8.670510000000000446e+02, -7.988880000000000425e-01
8.670679999999999836e+02, -3.573729999999999962e-01
8.670850000000000364e+02, -1.370560000000000000e+00
8.671009999999999991e+02, 8.376510000000000344e-01
8.671180000000000518e+02, 1.120319999999999983e+00
8.671349999999999909e+02, -1.319439999999999946e+00
8.671509999999999536e+02, 4.593050000000000188e-01
8.671680000000000064e+02, -7.260130000000000194e-01
8.671849999999999454e+02, 5.289800000000000058e-01
8.672010000000000218e+02, 5.486480000000000246e-01
8.672179999999999609e+02, 1.139430000000000026e-01
8.672350000000000136e+02, -8.702860000000000040e-01
8.672509999999999764e+02, -4.074690000000000256e-01
8.672680000000000291e+02, -1.514320000000000110e+00
8.672849999999999682e+02, 6.903089999999999504e-01
8.673010000000000446e+02, -1.640069999999999861e-01
8.673179999999999836e+02, 1.822149999999999881e-01
8.673350000000000364e+02, -1.332980000000000054e+00
8.673509999999999991e+02, 2.514089999999999936e-01
8.673680000000000518e+02, 1.208839999999999915e+00
8.673849999999999909e+02, -1.523779999999999912e+00
8.674009999999999536e+02, -8.566810000000000258e-01
8.674180000000000064e+02, -5.990210000000000257e-01
8.674349999999999454e+02, -1.022429999999999950e+00
8.674510000000000218e+02, -9.305799999999999628e-01
8.674679999999999609e+02, -5.288150000000000350e-01
8.674850000000000136e+02, 5.191109999999999891e-01
8.675009999999999764e+02, 8.702540000000000275e-02
8.675180000000000291e+02, -9.883769999999999500e-01
8.675349999999999682e+02, -1.221689999999999943e+00
8.675510000000000446e+02, -1.043449999999999989e+00
8.675679999999999836e+02, -1.192059999999999897e+00
8.675850000000000364e+02, -9.166260000000000518e-01
8.676009999999999991e+02, -6.170010000000000217e-01
8.676180000000000518e+02, 3.921000000000000041e-01
8.676349999999999909e+02, -6.209739999999999704e-02
8.676509999999999536e+02, 7.491370000000000529e-01
8.676680000000000064e+02, -6.413249999999999507e-02
8.676849999999999454e+02, -1.880600000000000049e-01
8.677010000000000218e+02, -1.068940000000000001e+00
8.677179999999999609e+02, 5.858730000000000188e-02
8.677350000000000136e+02, 5.941940000000000000e-01
8.677509999999999764e+02, 2.046320000000000083e-01
8.677680000000000291e+02, -5.063469999999999915e-01
8.677849999999999682e+02, 1.458080000000000043e+00
8.678010000000000446e+02, 3.251949999999999980e-02
8.678179999999999836e+02, 1.271830000000000016e+00
8.678350000000000364e+02, -1.383359999999999923e+00
8.678509999999999991e+02, -1.823090000000000099e+00
8.678680000000000518e+02, -5.857719999999999594e-01
8.678849999999999909e+02, 8.704790000000000028e-01
8.679009999999999536e+02, -2.315530000000000088e-01
8.679180000000000064e+02, 2.473650000000000015e-01
8.679349999999999454e+02, 1.516659999999999953e-01
8.679510000000000218e+02, -4.700739999999999780e-02
8.679679999999999609e+02, -2.191609999999999947e-01
8.679850000000000136e+02, -6.872749999999999693e-01
8.680009999999999764e+02, -1.666179999999999994e+00
8.680180000000000291e+02, -7.609380000000000033e-01
8.680349999999999682e+02, -6.451069999999999860e-01
8.680510000000000446e+02, 6.670749999999999735e-01
8.680679999999999836e+02, 2.542429999999999968e-01
8.680850000000000364e+02, 1.031230000000000091e+00
8.681009999999999991e+02, 4.902509999999999923e-01
8.681180000000000518e+02, -4.735779999999999990e-01
8.681349999999999909e+02, 2.186629999999999963e-01
8.681509999999999536e+02, -1.347720000000000029e+00
8.681680000000000064e+02, 6.096989999999999910e-01
8.681849999999999454e+02, 3.186010000000000231e-01
8.682010000000000218e+02, 9.949040000000000106e-01
8.682179999999999609e+02, 3.182880000000000154e-01
8.682350000000000136e+02, -4.369100000000000206e-01
8.682509999999999764e+02, -1.539060000000000095e+00
8.682680000000000291e+02, 8.894980000000000109e-01
8.682849999999999682e+02, 7.540550000000000308e-01
8.683010000000000446e+02, -1.937339999999999895e-02
8.683179999999999836e+02, -7.134909999999999863e-01
8.683350000000000364e+02, 2.607280000000000153e-01
8.683509999999999991e+02, 1.266740000000000088e-01
8.683680000000000518e+02, -5.768760000000000554e-01
8.683849999999999909e+02, -6.236810000000000270e-02
8.684009999999999536e+02, -2.332019999999999926e-01
8.684180000000000064e+02, 7.964390000000000358e-02
8.684349999999999454e+02, -8.319330000000000336e-01
8.684510000000000218e+02, 5.327990000000000226e-01
8.684679999999999609e+02, 2.738369999999999971e-01
8.684850000000000136e+02, 1.177910000000000013e+00
8.685009999999999764e+02, -5.857009999999999994e-02
8.685180000000000291e+02, 1.579520000000000035e+00
8.685349999999999682e+02, -1.212890000000000024e+00
8.685510000000000446e+02, -7.031460000000000488e-01
8.685679999999999836e+02, -8.797279999999999545e-01
8.685850000000000364e+02, 6.124849999999999461e-01
8.686009999999999991e+02, 1.115070000000000006e+00
8.686180000000000518e+02, 1.685429999999999984e+00
8.686349999999999909e+02, 1.113019999999999898e+00
8.686509999999999536e+02, -8.272519999999999873e-02
8.686680000000000064e+02, -9.076060000000000239e-01
8.686849999999999454e+02, 5.714449999999999807e-01
8.687010000000000218e+02, 5.957729999999999970e-01
8.687179999999999609e+02, 3.966040000000000121e-01
8.687350000000000136e+02, 1.000280000000000058e+00
8.687509999999999764e+02, -9.038359999999999450e-02
8.687680000000000291e+02, -7.155179999999999874e-01
8.687849999999999682e+02, 2.471490000000000076e-01
8.688010000000000446e+02, -5.009080000000000199e-01
8.688179999999999836e+02, -9.096450000000000369e-01
8.688350000000000364e+02, 1.183990000000000042e-01
8.688509999999999991e+02, -7.919239999999999613e-01
8.688680000000000518e+02, 7.419200000000000239e-01
8.688849999999999909e+02, -9.324040000000000106e-01
8.689009999999999536e+02, -2.035419999999999785e+00
8.689180000000000064e+02, -9.242749999999999577e-01
8.689349999999999454e+02, -2.980679999999999996e-01
8.689510000000000218e+02, -1.548529999999999907e-01
8.689679999999999609e+02, -2.004670000000000063e-01
8.689850000000000136e+02, 5.071259999999999657e-01
8.690009999999999764e+02, -3.546409999999999840e-01
8.690180000000000291e+02, -6.759800000000000253e-01
8.690349999999999682e+02, 1.496800000000000075e-01
8.690510000000000446e+02, -8.461119999999999752e-01
8.690679999999999836e+02, -3.072449999999999903e-01
8.690850000000000364e+02, -7.720310000000000228e-01
8.691009999999999991e+02, -5.300190000000000179e-01
8.691180000000000518e+02, -3.770279999999999743e-01
8.691349999999999909e+02, 4.423699999999999855e-01
8.691509999999999536e+02, -1.138859999999999983e+00
8.691680000000000064e+02, -4.009150000000000214e-01
8.691849999999999454e+02, -3.033580000000000165e-01
8.692010000000000218e+02, 5.533139999999999725e-01
8.692179999999999609e+02, 1.979870000000000019e+00
8.692350000000000136e+02, -1.198469999999999952e-01
8.692509999999999764e+02, 7.131250000000000089e-01
8.692680000000000291e+02, -9.712650000000000450e-01
8.692849999999999682e+02, -9.465980000000000505e-01
8.693010000000000446e+02, -1.239659999999999984e+00
8.693179999999999836e+02, -1.073339999999999961e+00
8.693350000000000364e+02, -1.952059999999999906e+00
8.693509999999999991e+02, 7.450679999999999525e-01
8.693680000000000518e+02, 6.714710000000000401e-01
8.693849999999999909e+02, 3.898019999999999818e-01
8.694009999999999536e+02, 1.259430000000000049e+00
8.694180000000000064e+02, 5.398030000000000189e-02
8.694349999999999454e+02, -5.896819999999999840e-02
8.694510000000000218e+02, -1.032229999999999981e+00
8.694679999999999609e+02, -1.105110000000000037e+00
8.694850000000000136e+02, 2.140930000000000055e-01
8.695009999999999764e+02, -2.334799999999999931e-01
8.695180000000000291e+02, -3.751680000000000015e-01
8.695349999999999682e+02, -4.988210000000000144e-01
8.695510000000000446e+02, 7.773219999999999574e-01
8.695679999999999836e+02, 6.160870000000000513e-01
8.695850000000000364e+02, 1.170199999999999907e+00
8.696009999999999991e+02, -1.392149999999999999e+00
8.696180000000000518e+02, -1.813590000000000035e+00
8.696349999999999909e+02, -9.249570000000000292e-01
8.696509999999999536e+02, 5.755099999999999660e-01
8.696680000000000064e+02, 5.949270000000000252e-02
8.696849999999999454e+02, 7.091589999999999838e-01
8.697010000000000218e+02, 6.361259999999999692e-01
8.697179999999999609e+02, 8.674450000000000216e-01
8.697350000000000136e+02, 2.059070000000000067e-01
8.697509999999999764e+02, 4.601169999999999982e-01
8.697680000000000291e+02, 5.429070000000000285e-01
8.697849999999999682e+02, -5.502930000000000321e-01
8.698010000000000446e+02, 5.660740000000000216e-02
8.698179999999999836e+02, 1.596120000000000039e-01
8.698350000000000364e+02, 1.671559999999999990e-01
8.698509999999999991e+02, -4.502019999999999911e-01
8.698680000000000518e+02, -6.958439999999999764e-03
8.698849999999999909e+02, -4.724160000000000165e-02
8.699009999999999536e+02, 1.085180000000000033e-01
8.699180000000000064e+02, 3.431989999999999763e-01
8.699349999999999454e+02, -1.446790000000000020e-01
8.699510000000000218e+02, -5.659079999999999666e-01
8.699679999999999609e+02, 8.660020000000000495e-01
8.699850000000000136e+02, 1.366579999999999906e+00
8.700009999999999764e+02, 2.135599999999999998e-01
8.700180000000000291e+02, 3.354269999999999752e-01
8.700349999999999682e+02, -6.383750000000000258e-01
8.700510000000000446e+02, 7.986560000000000326e-01
8.700679999999999836e+02, 7.966180000000000483e-01
8.700850000000000364e+02, 7.601390000000000091e-01
8.701009999999999991e+02, 7.003989999999999938e-01
8.701180000000000518e+02, -1.063879999999999937e+00
8.701349999999999909e+02, -6.356979999999999575e-02
8.701509999999999536e+02, -2.793180000000000107e-01
8.701680000000000064e+02, -4.765719999999999956e-01
8.701849999999999454e+02, 4.589619999999999811e-01
8.702010000000000218e+02, 9.475330000000000558e-03
8.702179999999999609e+02, 1.234869999999999912e+00
8.702350000000000136e+02, 1.151469999999999994e+00
8.702509999999999764e+02, -2.067740000000000133e-01
8.702680000000000291e+02, 2.341010000000000035e-01
8.702849999999999682e+02, -1.215090000000000003e+00
8.703010000000000446e+02, -2.570170000000000066e+00
8.703179999999999836e+02, -2.124139999999999917e-01
8.703350000000000364e+02, -1.009339999999999904e+00
8.703509999999999991e+02, -2.565929999999999822e+00
8.703680000000000518e+02, 8.360130000000000061e-01
8.703849999999999909e+02, 9.722539999999999516e-01
8.704009999999999536e+02, 1.195009999999999906e+00
8.704180000000000064e+02, 7.674739999999999895e-01
8.704349999999999454e+02, 1.706920000000000104e-01
8.704510000000000218e+02, 1.243290000000000006e+00
8.704679999999999609e+02, -7.266010000000000524e-01
8.704850000000000136e+02, -6.754149999999999876e-01
8.705009999999999764e+02, -2.839139999999999997e-01
8.705180000000000291e+02, 8.196750000000000425e-01
8.705349999999999682e+02, 3.981040000000000273e-02
8.705510000000000446e+02, 9.871879999999999544e-03
8.705679999999999836e+02, -1.106850000000000056e-01
8.705850000000000364e+02, 2.939089999999999758e-01
8.706009999999999991e+02, 4.534380000000000077e-01
8.706180000000000518e+02, 2.395339999999999969e-01
8.706349999999999909e+02, -2.359739999999999893e-01
8.706509999999999536e+02, 1.401960000000000095e+00
8.706680000000000064e+02, 4.773830000000000018e-01
8.706849999999999454e+02, -1.308459999999999956e+00
8.707010000000000218e+02, -1.230799999999999894e+00
8.707179999999999609e+02, 3.481319999999999970e-01
8.707350000000000136e+02, 1.782059999999999977e+00
8.707509999999999764e+02, 2.429739999999999789e+00
8.707680000000000291e+02, -6.558049999999999990e-02
8.707849999999999682e+02, -3.383039999999999936e-01
8.708010000000000446e+02, 3.637309999999999849e-02
8.708179999999999836e+02, -1.298629999999999951e+00
8.708350000000000364e+02, 4.233979999999999966e-01
8.708509999999999991e+02, 2.101980000000000168e-02
8.708680000000000518e+02, 4.806349999999999789e-01
8.708849999999999909e+02, 1.347599999999999909e-01
8.709009999999999536e+02, 6.446100000000000163e-01
8.709180000000000064e+02, -7.026970000000000161e-01
8.709349999999999454e+02, -5.196920000000000012e-02
8.709510000000000218e+02, -3.062079999999999802e-01
8.709679999999999609e+02, 9.565820000000000434e-01
8.709850000000000136e+02, 3.565280000000000116e-01
8.710009999999999764e+02, -2.154059999999999864e-01
8.710180000000000291e+02, -3.329529999999999990e-01
8.710349999999999682e+02, 3.383650000000000269e-01
8.710510000000000446e+02, 5.760370000000000212e-01
8.710679999999999836e+02, 6.196169999999999733e-01
8.710850000000000364e+02, 6.164309999999999512e-01
8.711009999999999991e+02, 3.580559999999999854e-01
8.711180000000000518e+02, 4.889669999999999850e-01
8.711349999999999909e+02, -1.669620000000000104e+00
8.711509999999999536e+02, -1.387469999999999981e+00
8.711680000000000064e+02, -8.532290000000000152e-01
8.711849999999999454e+02, 6.200039999999999996e-01
8.712010000000000218e+02, -2.291239999999999943e-01
8.712179999999999609e+02, 7.467059999999999809e-01
8.712350000000000136e+02, 4.942750000000000199e-01
8.712509999999999764e+02, -8.268659999999999899e-01
8.712680000000000291e+02, 6.583499999999999908e-01
8.712849999999999682e+02, -8.494720000000000049e-01
8.713010000000000446e+02, -4.009789999999999743e-01
8.713179999999999836e+02, -8.236609999999999765e-01
8.713350000000000364e+02, 5.045800000000000285e-01
8.713509999999999991e+02, 2.555769999999999986e-01
8.713680000000000518e+02, 5.192679999999999518e-01
8.713849999999999909e+02, -9.343909999999999716e-01
8.714009999999999536e+02, -1.270489999999999897e+00
8.714180000000000064e+02, -9.506839999999999735e-01
8.714349999999999454e+02, -9.199720000000000120e-01
8.714510000000000218e+02, -1.103910000000000030e-01
8.714679999999999609e+02, 1.511919999999999931e+00
8.714850000000000136e+02, 1.066179999999999906e+00
8.715009999999999764e+02, -8.695789999999999909e-01
8.715180000000000291e+02, -4.398409999999999820e-01
8.715349999999999682e+02, -9.195719999999999450e-01
8.715510000000000446e+02, -2.387259999999999938e-01
8.715679999999999836e+02, 9.295569999999999666e-01
8.715850000000000364e+02, 3.383340000000000236e-01
8.716009999999999991e+02, -5.632319999999999549e-01
8.716180000000000518e+02, -1.801779999999999937e+00
8.716349999999999909e+02, -1.346570000000000045e+00
8.716509999999999536e+02, -4.553200000000000025e-01
8.716680000000000064e+02, -4.364210000000000034e-01
8.716849999999999454e+02, 5.129529999999999923e-01
8.717010000000000218e+02, -4.879649999999999821e-01
8.717179999999999609e+02, 1.872249999999999970e+00
8.717350000000000136e+02, 6.166580000000000394e-01
8.717509999999999764e+02, 3.065970000000000084e-01
8.717680000000000291e+02, -3.088529999999999998e+00
8.717849999999999682e+02, -5.089270000000000183e-01
8.718010000000000446e+02, -1.000189999999999912e+00
8.718179999999999836e+02, -4.703419999999999823e-01
8.718350000000000364e+02, -7.373799999999999799e-02
8.718509999999999991e+02, -7.593400000000000150e-02
8.718680000000000518e+02, -1.987339999999999940e-01
8.718849999999999909e+02, 1.549730000000000052e+00
8.719009999999999536e+02, 4.697399999999999909e-01
8.719180000000000064e+02, 3.700169999999999848e-01
8.719349999999999454e+02, -1.249049999999999994e+00
8.719510000000000218e+02, -7.490589999999999749e-02
8.719679999999999609e+02, -5.067849999999999612e-03
8.719850000000000136e+02, 8.305019999999999625e-01
8.720009999999999764e+02, -5.423649999999999860e-01
8.720180000000000291e+02, -1.965359999999999996e+00
8.720349999999999682e+02, -1.214560000000000084e+00
8.720510000000000446e+02, -3.149339999999999917e-01
8.720679999999999836e+02, 5.779279999999999973e-01
8.720850000000000364e+02, 1.800690000000000068e-01
8.721009999999999991e+02, -5.784599999999999742e-01
8.721180000000000518e+02, 4.075889999999999791e-01
8.721349999999999909e+02, 7.531590000000000229e-01
8.721509999999999536e+02, 4.905269999999999908e-01
8.721680000000000064e+02, -3.195149999999999935e-01
8.721849999999999454e+02, -8.503739999999999910e-02
8.722010000000000218e+02, 5.091949999999999532e-01
8.722179999999999609e+02, -1.350840000000000041e+00
8.722350000000000136e+02, 8.581830000000000291e-01
8.722509999999999764e+02, -9.417950000000000488e-01
8.722680000000000291e+02, -1.097550000000000053e-01
8.722849999999999682e+02, 6.034090000000000287e-02
8.723010000000000446e+02, -1.475289999999999990e+00
8.723179999999999836e+02, 6.683379999999999876e-01
8.723350000000000364e+02, 1.819530000000000036e-01
8.723509999999999991e+02, 4.882279999999999953e-01
8.723680000000000518e+02, -9.764230000000000409e-01
8.723849999999999909e+02, 2.224949999999999845e-02
8.724009999999999536e+02, -8.012560000000000515e-02
8.724180000000000064e+02, -2.180420000000000136e-01
8.724349999999999454e+02, 1.117539999999999978e+00
8.724510000000000218e+02, 4.836719999999999908e-01
8.724679999999999609e+02, -7.065590000000000481e-01
8.724850000000000136e+02, 8.167830000000000368e-01
8.725009999999999764e+02, -1.553609999999999935e+00
8.725180000000000291e+02, -2.859679999999999861e-02
8.725349999999999682e+02, -7.067430000000000101e-01
8.725510000000000446e+02, -1.332929999999999948e-01
8.725679999999999836e+02, 2.184000000000000108e-01
8.725850000000000364e+02, -7.886459999999999582e-01
8.726009999999999991e+02, -9.060049999999999493e-01
8.726180000000000518e+02, -3.816559999999999953e-01
8.726349999999999909e+02, -7.259229999999999849e-01
8.726509999999999536e+02, 3.492100000000000065e-02
8.726680000000000064e+02, -1.076200000000000045e+00
8.726849999999999454e+02, -3.686740000000000156e-02
8.727010000000000218e+02, -9.383150000000000102e-01
8.727179999999999609e+02, 6.171870000000000411e-01
8.727350000000000136e+02, -9.595779999999999588e-02
8.727509999999999764e+02, 3.354480000000000239e-01
8.727680000000000291e+02, 9.717430000000000234e-01
8.727849999999999682e+02, 1.446299999999999919e+00
8.728010000000000446e+02, -3.597730000000000095e-01
8.728179999999999836e+02, 3.999510000000000010e-01
8.728350000000000364e+02, 1.415220000000000020e-02
8.728509999999999991e+02, 1.097520000000000051e+00
8.728680000000000518e+02, 1.263839999999999963e-01
8.728849999999999909e+02, -1.908030000000000004e-01
8.729009999999999536e+02, -4.438840000000000008e-01
8.729180000000000064e+02, 1.651610000000000023e-01
8.729349999999999454e+02, -9.300770000000000426e-01
8.729510000000000218e+02, -8.644349999999999534e-01
8.729679999999999609e+02, -2.907390000000000252e-01
8.729850000000000136e+02, -4.930499999999999987e-03
8.730009999999999764e+02, 8.976629999999999332e-02
8.730180000000000291e+02, 4.785840000000000094e-01
8.730349999999999682e+02, -9.276790000000000314e-01
8.730510000000000446e+02, 7.990709999999999757e-01
8.730679999999999836e+02, -6.894749999999999490e-02
8.730850000000000364e+02, 6.029189999999999827e-01
8.731009999999999991e+02, -5.154020000000000129e-02
8.731180000000000518e+02, 6.242609999999999548e-01
8.731349999999999909e+02, -3.854020000000000223e-01
8.731509999999999536e+02, -1.650510000000000033e-01
8.731680000000000064e+02, -2.075430000000000053e-01
8.731849999999999454e+02, -4.362769999999999843e-02
8.732010000000000218e+02, 7.918899999999999828e-01
8.732179999999999609e+02, 8.295120000000000271e-01
8.732350000000000136e+02, 8.325850000000000195e-01
8.732509999999999764e+02, -9.672180000000000222e-01
8.732680000000000291e+02, -1.168239999999999945e+00
8.732849999999999682e+02, -9.039059999999999873e-01
8.733010000000000446e+02, -9.670879999999999477e-01
8.733179999999999836e+02, -1.191990000000000105e+00
8.733350000000000364e+02, 1.303800000000000070e+00
8.733509999999999991e+02, 2.812419999999999920e-01
8.733680000000000518e+02, 4.193660000000000165e-01
8.733849999999999909e+02, 7.531959999999999766e-01
8.734009999999999536e+02, -2.543250000000000233e-01
8.734180000000000064e+02, 1.099010000000000042e+00
8.734349999999999454e+02, 5.159899999999999487e-01
8.734510000000000218e+02, 1.579239999999999977e+00
8.734679999999999609e+02, 1.587569999999999926e+00
8.734850000000000136e+02, 6.517480000000000495e-02
8.735009999999999764e+02, -1.009779999999999900e+00
8.735180000000000291e+02, -9.355580000000000007e-01
8.735349999999999682e+02, -1.074689999999999923e+00
8.735510000000000446e+02, -1.730969999999999898e+00
8.735679999999999836e+02, -1.079539999999999944e-01
8.735850000000000364e+02, 1.572950000000000070e+00
8.736009999999999991e+02, 8.420429999999999859e-01
8.736180000000000518e+02, 6.178240000000000398e-01
8.736349999999999909e+02, 9.351319999999999633e-01
8.736509999999999536e+02, -3.883969999999999922e-01
8.736680000000000064e+02, -8.003770000000000051e-01
8.736849999999999454e+02, 4.178669999999999884e-01
8.737010000000000218e+02, 4.871969999999999912e-01
8.737179999999999609e+02, 1.243119999999999989e-02
8.737350000000000136e+02, -1.030989999999999966e-04
8.737509999999999764e+02, 9.531519999999999992e-01
8.737680000000000291e+02, -5.743939999999999602e-01
8.737849999999999682e+02, 1.466040000000000010e+00
8.738010000000000446e+02, -5.159610000000000030e-01
8.738179999999999836e+02, -4.990950000000000109e-01
8.738350000000000364e+02, -4.294350000000000112e-01
8.738509999999999991e+02, -3.922370000000000023e-01
8.738680000000000518e+02, -5.078829999999999734e-01
8.738849999999999909e+02, -1.013909999999999950e-01
8.739009999999999536e+02, -9.260779999999999568e-01
8.739180000000000064e+02, 3.010590000000000210e-01
8.739349999999999454e+02, 1.734449999999999881e-01
8.739510000000000218e+02, 4.906220000000000026e-01
8.739679999999999609e+02, -2.110859999999999959e-01
8.739850000000000136e+02, -1.295809999999999906e+00
8.740009999999999764e+02, -4.213910000000000156e-01
8.740180000000000291e+02, 2.905359999999999887e-02
8.740349999999999682e+02, 1.513230000000000075e+00
8.740510000000000446e+02, 8.056910000000000460e-01
8.740679999999999836e+02, -1.636529999999999929e-01
8.740850000000000364e+02, -6.144889999999999519e-01
8.741009999999999991e+02, 7.999159999999999604e-01
8.741180000000000518e+02, 1.894819999999999949e+00
8.741349999999999909e+02, 2.222200000000000009e-01
8.741509999999999536e+02, -3.549950000000000050e-01
8.741680000000000064e+02, -9.691400000000000015e-01
8.741849999999999454e+02, 6.756029999999999536e-01
8.742010000000000218e+02, 5.047979999999999690e-01
8.742179999999999609e+02, 1.727000000000000091e+00
8.742350000000000136e+02, -8.199049999999999949e-01
8.742509999999999764e+02, -3.662349999999999772e-01
8.742680000000000291e+02, -2.420529999999999848e+00
8.742849999999999682e+02, -1.103620000000000045e+00
8.743010000000000446e+02, 2.424699999999999911e-01
8.743179999999999836e+02, 2.230900000000000105e-01
8.743350000000000364e+02, -8.419880000000000420e-02
8.743509999999999991e+02, -1.757100000000000051e-01
8.743680000000000518e+02, 1.188989999999999991e+00
8.743849999999999909e+02, -1.046859999999999902e+00
8.744009999999999536e+02, -3.655149999999999788e-01
8.744180000000000064e+02, 8.518520000000000258e-02
8.744349999999999454e+02, -6.859610000000000429e-01
8.744510000000000218e+02, -4.456860000000000266e-01
8.744679999999999609e+02, -1.095779999999999949e-01
8.744850000000000136e+02, -1.925320000000000087e-01
8.745009999999999764e+02, -8.848840000000000039e-01
8.745180000000000291e+02, 5.197100000000000053e-01
8.745349999999999682e+02, 8.933170000000000277e-01
8.745510000000000446e+02, -5.523700000000000276e-01
8.745679999999999836e+02, -2.239750000000000074e-01
8.745850000000000364e+02, -4.148259999999999725e-01
8.746009999999999991e+02, 3.905469999999999775e-01
8.746180000000000518e+02, -6.278099999999999792e-01
8.746349999999999909e+02, 5.352700000000000236e-01
8.746509999999999536e+02, 2.762399999999999856e-01
8.746680000000000064e+02, 1.069879999999999942e+00
8.746849999999999454e+02, 4.957920000000000105e-01
8.747010000000000218e+02, -1.013549999999999951e+00
8.747179999999999609e+02, -3.763259999999999939e-01
8.747350000000000136e+02, -1.052329999999999988e+00
8.747509999999999764e+02, -3.951600000000000112e-01
8.747680000000000291e+02, -5.615179999999999616e-01
8.747849999999999682e+02, 9.029009999999999814e-02
8.748010000000000446e+02, -2.166080000000000005e+00
8.748179999999999836e+02, -9.127859999999999863e-01
8.748350000000000364e+02, -7.646110000000000406e-01
8.748509999999999991e+02, 1.494720000000000049e+00
8.748680000000000518e+02, 7.204000000000000403e-01
8.748849999999999909e+02, 1.466909999999999936e+00
8.749009999999999536e+02, -1.334049999999999958e-01
8.749180000000000064e+02, 3.312910000000000021e-01
8.749349999999999454e+02, 5.543959999999999999e-01
8.749510000000000218e+02, -5.746379999999999821e-01
8.749679999999999609e+02, -7.721630000000000438e-01
8.749850000000000136e+02, -1.564519999999999911e+00
8.750009999999999764e+02, -4.532869999999999955e-01
8.750180000000000291e+02, -1.823139999999999983e+00
8.750349999999999682e+02, -1.018850000000000033e+00
8.750510000000000446e+02, -4.032979999999999898e-01
8.750679999999999836e+02, 7.558230000000000226e-01
8.750850000000000364e+02, 8.315839999999999899e-01
8.751009999999999991e+02, -5.650589999999999780e-01
8.751180000000000518e+02, -3.657580000000000275e-01
8.751349999999999909e+02, 4.080440000000000178e-01
8.751509999999999536e+02, -1.116140000000000049e-01
8.751680000000000064e+02, 5.647290000000000365e-01
8.751849999999999454e+02, -1.761959999999999971e+00
8.752010000000000218e+02, -1.534350000000000103e+00
8.752179999999999609e+02, 2.985430000000000028e-01
8.752350000000000136e+02, -2.361240000000000006e-01
8.752509999999999764e+02, -5.356020000000000225e-01
8.752680000000000291e+02, -1.151720000000000077e+00
8.752849999999999682e+02, -1.575039999999999996e+00
8.753010000000000446e+02, 4.850780000000000092e-01
8.753179999999999836e+02, 8.468909999999999494e-01
8.753350000000000364e+02, 1.028499999999999970e+00
8.753509999999999991e+02, 6.832529999999999992e-01
8.753680000000000518e+02, -1.576980000000000048e-01
8.753849999999999909e+02, 4.608570000000000166e-01
8.754009999999999536e+02, -1.399229999999999974e+00
8.754180000000000064e+02, 1.949609999999999954e-01
8.754349999999999454e+02, -1.434549999999999992e+00
8.754510000000000218e+02, 1.930389999999999884e-01
8.754679999999999609e+02, 2.692959999999999798e-01
8.754850000000000136e+02, -4.867529999999999912e-01
8.755009999999999764e+02, 2.692919999999999758e-01
8.755180000000000291e+02, -8.727110000000000145e-01
8.755349999999999682e+02, -1.100200000000000067e+00
8.755510000000000446e+02, -1.140249999999999986e+00
8.755679999999999836e+02, 5.685350000000000126e-02
8.755850000000000364e+02, 2.869229999999999836e-01
8.756009999999999991e+02, 2.584489999999999843e-01
8.756180000000000518e+02, 1.194420000000000037e+00
8.756349999999999909e+02, 8.102979999999999627e-01
8.756509999999999536e+02, 1.125930000000000097e+00
8.756680000000000064e+02, -1.933560000000000001e-01
8.756849999999999454e+02, -1.277460000000000040e+00
8.757010000000000218e+02, -7.096069999999999878e-01
8.757179999999999609e+02, 4.992050000000000098e-01
8.757350000000000136e+02, -3.527580000000000160e-01
8.757509999999999764e+02, 4.194149999999999823e-01
8.757680000000000291e+02, 9.244459999999999900e-01
8.757849999999999682e+02, 7.258979999999999599e-02
8.758010000000000446e+02, 3.038680000000000270e-01
8.758179999999999836e+02, 4.665869999999999740e-01
8.758350000000000364e+02, 1.555139999999999967e+00
8.758509999999999991e+02, 1.461359999999999881e-01
8.758680000000000518e+02, -1.946120000000000072e+00
8.758849999999999909e+02, -8.332019999999999982e-01
8.759009999999999536e+02, -1.522379999999999914e-02
8.759180000000000064e+02, 6.134200000000000069e-02
8.759349999999999454e+02, 3.605789999999999829e-01
8.759510000000000218e+02, -1.776499999999999968e+00
8.759679999999999609e+02, -4.512630000000000252e-01
8.759850000000000136e+02, -2.743999999999999773e-01
8.760009999999999764e+02, -1.857310000000000072e-01
8.760180000000000291e+02, -1.071919999999999984e+00
8.760349999999999682e+02, -1.504450000000000065e+00
8.760510000000000446e+02, -9.582129999999999814e-01
8.760679999999999836e+02, 7.140609999999999458e-01
8.760850000000000364e+02, 5.607010000000000050e-01
8.761009999999999991e+02, 1.135979999999999990e+00
8.761180000000000518e+02, -1.014939999999999953e+00
8.761349999999999909e+02, -1.108270000000000088e+00
8.761509999999999536e+02, 3.669680000000000164e-01
8.761680000000000064e+02, 6.422900000000000276e-01
8.761849999999999454e+02, 8.015670000000000295e-01
8.762010000000000218e+02, 1.861500000000000099e-01
8.762179999999999609e+02, 1.246739999999999959e+00
8.762350000000000136e+02, -5.823340000000000183e-01
8.762509999999999764e+02, -6.516570000000000418e-01
8.762680000000000291e+02, -1.548070000000000057e+00
8.762849999999999682e+02, -1.192539999999999933e+00
8.763010000000000446e+02, -1.156490000000000018e+00
8.763179999999999836e+02, 5.212719999999999576e-01
8.763350000000000364e+02, 1.216020000000000101e+00
8.763509999999999991e+02, 1.625280000000000058e-01
8.763680000000000518e+02, -1.262679999999999914e-01
8.763849999999999909e+02, -5.205710000000000059e-01
8.764009999999999536e+02, -9.858729999999999993e-01
8.764180000000000064e+02, -1.349019999999999941e-01
8.764349999999999454e+02, 4.642229999999999968e-01
8.764510000000000218e+02, -3.587270000000000181e-01
8.764679999999999609e+02, -2.798399999999999777e-01
8.764850000000000136e+02, -2.285969999999999946e-01
8.765009999999999764e+02, -9.732600000000000140e-01
8.765180000000000291e+02, -3.573410000000000197e-01
8.765349999999999682e+02, 2.765319999999999931e-02
8.765510000000000446e+02, 1.167969999999999953e+00
8.765679999999999836e+02, 1.214939999999999909e+00
8.765850000000000364e+02, -6.502769999999999939e-01
8.766009999999999991e+02, -4.825809999999999822e-01
8.766180000000000518e+02, 4.889830000000000010e-01
8.766349999999999909e+02, -2.358230000000000048e-02
8.766509999999999536e+02, 3.800000000000000044e-01
8.766680000000000064e+02, 1.277679999999999927e+00
8.766849999999999454e+02, 4.917370000000000074e-02
8.767010000000000218e+02, -3.549550000000000205e-01
8.767179999999999609e+02, -1.064739999999999992e-01
8.767350000000000136e+02, 1.651320000000000010e-01
8.767509999999999764e+02, -1.053520000000000012e+00
8.767680000000000291e+02, -5.414459999999999829e-01
8.767849999999999682e+02, -5.876240000000000352e-01
8.768010000000000446e+02, -3.137039999999999829e-01
8.768179999999999836e+02, -6.700670000000000237e-02
8.768350000000000364e+02, 3.500539999999999763e-01
8.768509999999999991e+02, -3.349289999999999767e-01
8.768680000000000518e+02, 8.928390000000000493e-01
8.768849999999999909e+02, 1.444439999999999946e+00
8.769009999999999536e+02, 1.281910000000000105e+00
8.769180000000000064e+02, -8.055949999999999500e-01
8.769349999999999454e+02, 7.423429999999999959e-03
8.769510000000000218e+02, -5.618060000000000276e-01
8.769679999999999609e+02, -1.917889999999999873e-01
8.769850000000000136e+02, 8.771870000000000500e-01
8.770009999999999764e+02, 1.199210000000000109e+00
8.770180000000000291e+02, 5.100989999999999691e-01
8.770349999999999682e+02, 1.047219999999999956e-01
8.770510000000000446e+02, 1.023970000000000047e+00
8.770679999999999836e+02, 5.822159999999999558e-01
8.770850000000000364e+02, -3.943659999999999943e-01
8.771009999999999991e+02, 6.473870000000000458e-01
8.771180000000000518e+02, -5.537149999999999572e-01
8.771349999999999909e+02, -2.085240000000000204e+00
8.771509999999999536e+02, -8.076719999999999455e-01
8.771680000000000064e+02, -6.140120000000000022e-01
8.771849999999999454e+02, -1.553970000000000073e-01
8.772010000000000218e+02, 1.701590000000000047e-01
8.772179999999999609e+02, 2.874519999999999853e-01
8.772350000000000136e+02, -1.433640000000000025e+00
8.772509999999999764e+02, -1.196660000000000057e+00
8.772680000000000291e+02, 4.685840000000000005e-01
8.772849999999999682e+02, 6.412660000000000027e-01
8.773010000000000446e+02, 7.638129999999999642e-01
8.773179999999999836e+02, -2.033860000000000112e-01
8.773350000000000364e+02, -8.787690000000000223e-01
8.773509999999999991e+02, -1.536659999999999915e+00
8.773680000000000518e+02, -2.082870000000000221e+00
8.773849999999999909e+02, -6.625220000000000553e-01
8.774009999999999536e+02, 2.126079999999999970e+00
8.774180000000000064e+02, 9.560659999999999714e-01
8.774349999999999454e+02, 1.217349999999999932e+00
8.774510000000000218e+02, -7.536199999999999566e-01
8.774679999999999609e+02, -8.061019999999999852e-01
8.774850000000000136e+02, -1.415510000000000046e+00
8.775009999999999764e+02, -2.498099999999999987e+00
8.775180000000000291e+02, -2.018240000000000034e+00
8.775349999999999682e+02, 8.232460000000000333e-01
8.775510000000000446e+02, 5.279260000000000064e-01
8.775679999999999836e+02, 5.969830000000000414e-01
8.775850000000000364e+02, 1.078219999999999956e+00
8.776009999999999991e+02, -7.964480000000000448e-01
8.776180000000000518e+02, 6.821730000000000294e-01
8.776349999999999909e+02, -1.149550000000000072e+00
8.776509999999999536e+02, 1.212499999999999911e+00
8.776680000000000064e+02, 5.173619999999999886e-01
8.776849999999999454e+02, 2.027579999999999938e+00
8.777010000000000218e+02, -2.042289999999999939e-01
8.777179999999999609e+02, -6.757330000000000281e-01
8.777350000000000136e+02, -4.915950000000000042e-01
8.777509999999999764e+02, 9.139150000000000329e-01
8.777680000000000291e+02, -5.418600000000000083e-01
8.777849999999999682e+02, 2.939590000000000258e-01
8.778010000000000446e+02, -4.403520000000000212e-01
8.778179999999999836e+02, -9.236799999999999455e-01
8.778350000000000364e+02, -1.259239999999999915e+00
8.778509999999999991e+02, 8.756190000000000362e-01
8.778680000000000518e+02, 2.593050000000000077e-01
8.778849999999999909e+02, 6.039240000000000164e-01
8.779009999999999536e+02, 5.327779999999999738e-01
8.779180000000000064e+02, -4.438119999999999843e-01
8.779349999999999454e+02, -1.561859999999999915e-01
8.779510000000000218e+02, -3.418610000000000260e-01
8.779679999999999609e+02, -9.496900000000000341e-01
8.779850000000000136e+02, 5.967900000000000427e-01
8.780009999999999764e+02, -2.600100000000000189e-01
8.780180000000000291e+02, 1.093090000000000034e-01
8.780349999999999682e+02, -5.075079999999999592e-01
8.780510000000000446e+02, 3.915089999999999959e-01
8.780679999999999836e+02, -1.162789999999999935e-01
8.780850000000000364e+02, 3.082939999999999986e-02
8.781009999999999991e+02, -8.968629999999999658e-02
8.781180000000000518e+02, -8.585279999999999578e-01
8.781349999999999909e+02, 1.947420000000000054e-02
8.781509999999999536e+02, 2.204740000000000033e-01
8.781680000000000064e+02, -3.175459999999999949e-01
8.781849999999999454e+02, -6.124089999999999812e-01
8.782010000000000218e+02, -4.962570000000000037e-01
8.782179999999999609e+02, -7.926210000000000200e-02
8.782350000000000136e+02, -1.158709999999999907e+00
8.782509999999999764e+02, 6.798130000000000006e-01
8.782680000000000291e+02, -4.807140000000000024e-02
8.782849999999999682e+02, 6.439340000000000064e-01
8.783010000000000446e+02, -2.970260000000000122e-01
8.783179999999999836e+02, -1.320729999999999960e+00
8.783350000000000364e+02, -1.072559999999999958e+00
8.783509999999999991e+02, 5.666579999999999950e-01
8.783680000000000518e+02, 3.205549999999999788e-01
8.783849999999999909e+02, 1.593060000000000032e-01
8.784009999999999536e+02, 8.315559999999999619e-01
8.784180000000000064e+02, -4.202980000000000049e-01
8.784349999999999454e+02, -7.688720000000000276e-02
8.784510000000000218e+02, 1.855040000000000022e-01
8.784679999999999609e+02, 1.155350000000000099e+00
8.784850000000000136e+02, 7.907450000000000312e-01
8.785009999999999764e+02, 4.065360000000000085e-01
8.785180000000000291e+02, -6.095920000000000227e-01
8.785349999999999682e+02, -6.741210000000000258e-02
8.785510000000000446e+02, -1.079839999999999967e-01
8.785679999999999836e+02, 5.073260000000000547e-01
8.785850000000000364e+02, 1.127850000000000019e+00
8.786009999999999991e+02, 1.211089999999999944e-01
8.786180000000000518e+02, -1.862020000000000008e+00
8.786349999999999909e+02, -6.364250000000000185e-01
8.786509999999999536e+02, -1.447049999999999947e+00
8.786680000000000064e+02, -2.446250000000000160e-02
8.786849999999999454e+02, 9.211570000000000036e-01
8.787010000000000218e+02, 1.621029999999999971e+00
8.787179999999999609e+02, 1.111839999999999939e+00
8.787350000000000136e+02, -3.848770000000000246e-01
8.787509999999999764e+02, 6.578709999999999836e-01
8.787680000000000291e+02, 1.374249999999999972e+00
8.787849999999999682e+02, 1.309630000000000072e+00
8.788010000000000446e+02, -1.092780000000000001e-01
8.788179999999999836e+02, -6.105099999999999971e-01
8.788350000000000364e+02, -1.424579999999999957e+00
8.788509999999999991e+02, -5.150449999999999751e-01
8.788680000000000518e+02, 5.542759999999999909e-01
8.788849999999999909e+02, 4.186170000000000169e-01
8.789009999999999536e+02, -3.484690000000000010e-02
8.789180000000000064e+02, -6.281769999999999854e-01
8.789349999999999454e+02, -2.042899999999999938e+00
8.789510000000000218e+02, -6.190430000000000099e-01
8.789679999999999609e+02, 4.657410000000000022e-02
8.789850000000000136e+02, 6.903519999999999657e-01
8.790009999999999764e+02, 4.291630000000000167e-01
8.790180000000000291e+02, 1.202229999999999910e+00
8.790349999999999682e+02, -2.393879999999999966e-02
8.790510000000000446e+02, -7.220370000000000399e-01
8.790679999999999836e+02, -8.394200000000000550e-01
8.790850000000000364e+02, 1.733159999999999978e-01
8.791009999999999991e+02, 4.293629999999999947e-01
8.791180000000000518e+02, 2.331519999999999981e-01
8.791349999999999909e+02, 5.221540000000000070e-01
8.791509999999999536e+02, -3.963539999999999841e-01
8.791680000000000064e+02, -9.370290000000000008e-01
8.791849999999999454e+02, 6.616919999999999469e-01
8.792010000000000218e+02, -3.224819999999999909e-01
8.792179999999999609e+02, 3.444749999999999757e-01
8.792350000000000136e+02, -4.128290000000000015e-01
8.792509999999999764e+02, 1.674809999999999910e-01
8.792680000000000291e+02, -8.169960000000000555e-01
8.792849999999999682e+02, -1.184779999999999944e+00
8.793010000000000446e+02, -1.278080000000000105e+00
8.793179999999999836e+02, -8.980939999999999479e-01
8.793350000000000364e+02, -2.822219999999999729e-01
8.793509999999999991e+02, 3.198360000000000092e-02
8.793680000000000518e+02, 3.886049999999999782e-01
8.793849999999999909e+02, 3.740769999999999929e-01
8.794009999999999536e+02, -1.142600000000000060e+00
8.794180000000000064e+02, 1.097220000000000084e+00
8.794349999999999454e+02, -1.017220000000000013e+00
8.794510000000000218e+02, 6.646770000000000456e-02
8.794679999999999609e+02, 7.072340000000000293e-01
8.794850000000000136e+02, -1.228180000000000049e+00
8.795009999999999764e+02, -6.501759999999999762e-01
8.795180000000000291e+02, 1.936370000000000036e-01
8.795349999999999682e+02, -8.640649999999999720e-01
8.795510000000000446e+02, 1.232480000000000020e+00
8.795679999999999836e+02, -4.091190000000000104e-01
8.795850000000000364e+02, 1.067420000000000035e-01
8.796009999999999991e+02, 2.990189999999999793e-01
8.796180000000000518e+02, -1.062349999999999905e+00
8.796349999999999909e+02, 8.937000000000000499e-02
8.796509999999999536e+02, -1.384560000000000013e+00
8.796680000000000064e+02, -3.388349999999999973e-01
8.796849999999999454e+02, 1.167119999999999935e+00
8.797010000000000218e+02, -9.688449999999999562e-01
8.797179999999999609e+02, -1.524729999999999974e-01
8.797350000000000136e+02, -1.795390000000000041e-01
8.797509999999999764e+02, 7.260160000000000224e-02
8.797680000000000291e+02, 5.070630000000000276e-02
8.797849999999999682e+02, -5.528509999999999813e-01
8.798010000000000446e+02, -7.151359999999999939e-01
8.798179999999999836e+02, -1.356700000000000017e+00
8.798350000000000364e+02, -6.233119999999999772e-01
8.798509999999999991e+02, -1.161750000000000005e-01
8.798680000000000518e+02, -3.325420000000000043e-01
8.798849999999999909e+02, 7.108950000000000546e-01
8.799009999999999536e+02, 1.386759999999999937e-01
8.799180000000000064e+02, -6.162680000000000380e-01
8.799349999999999454e+02, -9.351810000000000400e-01
8.799510000000000218e+02, 8.271269999999999456e-01
8.799679999999999609e+02, -3.898760000000000003e-01
8.799850000000000136e+02, 2.807239999999999736e-01
8.800009999999999764e+02, 4.636899999999999911e-01
8.800180000000000291e+02, 1.509979999999999933e-01
8.800349999999999682e+02, 1.229330000000000034e+00
8.800510000000000446e+02, 5.966120000000000312e-01
8.800679999999999836e+02, 1.609770000000000090e-01
8.800850000000000364e+02, 1.339100000000000013e-01
8.801009999999999991e+02, -1.638940000000000119e-01
8.801180000000000518e+02, 2.726109999999999922e-01
8.801349999999999909e+02, 1.069080000000000030e+00
8.801509999999999536e+02, 5.085730000000000528e-01
8.801680000000000064e+02, 1.615089999999999915e+00
8.801849999999999454e+02, 5.380390000000000450e-01
8.802010000000000218e+02, 2.293890000000000096e-01
8.802179999999999609e+02, -7.956330000000000346e-02
8.802350000000000136e+02, -1.012029999999999985e+00
8.802509999999999764e+02, -2.264340000000000103e-02
8.802680000000000291e+02, -5.762059999999999960e-01
8.802849999999999682e+02, -8.219229999999999592e-01
8.803010000000000446e+02, -7.802390000000000159e-01
8.803179999999999836e+02, 6.216570000000000151e-01
8.803350000000000364e+02, 8.061960000000000237e-01
8.803509999999999991e+02, 1.535849999999999937e+00
8.803680000000000518e+02, 3.568470000000000253e-01
8.803849999999999909e+02, -3.441730000000000067e-01
8.804009999999999536e+02, -5.813730000000000286e-01
8.804180000000000064e+02, 3.556449999999999889e-01
8.804349999999999454e+02, 3.993639999999999968e-01
8.804510000000000218e+02, 1.581879999999999953e+00
8.804679999999999609e+02, 1.022740000000000038e-01
8.804850000000000136e+02, -6.235439999999999733e-02
8.805009999999999764e+02, -1.415319999999999911e+00
8.805180000000000291e+02, -1.514930000000000110e+00
8.805349999999999682e+02, 3.312450000000000117e-01
8.805510000000000446e+02, 8.214059999999999695e-01
8.805679999999999836e+02, -1.857439999999999924e-01
8.805850000000000364e+02, 1.910959999999999992e+00
8.806009999999999991e+02, 5.347149999999999820e-02
8.806180000000000518e+02, -4.764220000000000121e-01
8.806349999999999909e+02, -2.233999999999999986e+00
8.806509999999999536e+02, -5.667999999999999705e-01
8.806680000000000064e+02, -5.454579999999999984e-01
8.806849999999999454e+02, 6.427169999999999828e-01
8.807010000000000218e+02, 6.852439999999999642e-01
8.807179999999999609e+02, 7.350249999999999839e-02
8.807350000000000136e+02, -9.629479999999999984e-02
8.807509999999999764e+02, 9.710870000000000613e-02
8.807680000000000291e+02, -3.949259999999999993e-01
8.807849999999999682e+02, 8.185069999999999846e-01
8.808010000000000446e+02, -8.235090000000000465e-02
8.808179999999999836e+02, -4.248179999999999734e-01
8.808350000000000364e+02, -2.110879999999999979e-01
8.808509999999999991e+02, 4.239129999999999981e-02
8.808680000000000518e+02, 3.186019999999999963e-01
8.808849999999999909e+02, 9.365080000000000071e-01
8.809009999999999536e+02, 1.464420000000000055e+00
8.809180000000000064e+02, -1.313560000000000005e-01
8.809349999999999454e+02, -1.221230000000000038e+00
8.809510000000000218e+02, 1.637899999999999912e+00
8.809679999999999609e+02, 1.008909999999999973e+00
8.809850000000000136e+02, 3.808039999999999758e-01
8.810009999999999764e+02, 5.076429999999999554e-01
8.810180000000000291e+02, -3.163239999999999941e-01
8.810349999999999682e+02, 8.629080000000000084e-02
8.810510000000000446e+02, -4.660279999999999978e-01
8.810679999999999836e+02, -7.869950000000000001e-01
8.810850000000000364e+02, -6.122459999999999708e-02
8.811009999999999991e+02, -4.298160000000000175e-02
8.811180000000000518e+02, 1.976449999999999874e-01
8.811349999999999909e+02, 1.160809999999999897e+00
8.811509999999999536e+02, 5.345809999999999729e-01
8.811680000000000064e+02, 1.784189999999999943e+00
8.811849999999999454e+02, 7.646929999999999561e-01
8.812010000000000218e+02, -6.521109999999999962e-01
8.812179999999999609e+02, -2.039930000000000077e-01
8.812350000000000136e+02, -1.190360000000000085e+00
8.812509999999999764e+02, -4.036279999999999868e-01
8.812680000000000291e+02, -9.849170000000000424e-01
8.812849999999999682e+02, -6.834350000000000147e-01
8.813010000000000446e+02, 2.792569999999999775e-01
8.813179999999999836e+02, -2.766930000000000223e-01
8.813350000000000364e+02, -5.893190000000000373e-01
8.813509999999999991e+02, -2.474880000000000135e-01
8.813680000000000518e+02, 9.321369999999999933e-01
8.813849999999999909e+02, 1.097169999999999979e+00
8.814009999999999536e+02, 2.648099999999999898e-01
8.814180000000000064e+02, 1.325520000000000032e+00
8.814349999999999454e+02, -6.092499999999999583e-01
8.814510000000000218e+02, -4.401299999999999657e-02
8.814679999999999609e+02, -8.213519999999999710e-01
8.814850000000000136e+02, -1.580999999999999961e+00
8.815009999999999764e+02, 1.405329999999999913e-01
8.815180000000000291e+02, 1.034790000000000099e+00
8.815349999999999682e+02, -7.707479999999999887e-01
8.815510000000000446e+02, -1.279770000000000074e+00
8.815679999999999836e+02, -3.029609999999999803e-01
8.815850000000000364e+02, -1.165100000000000025e+00
8.816009999999999991e+02, -7.009490000000000165e-02
8.816180000000000518e+02, 1.703749999999999987e-01
8.816349999999999909e+02, -2.905380000000000185e-01
8.816509999999999536e+02, -7.616150000000000420e-01
8.816680000000000064e+02, -7.960730000000000306e-01
8.816849999999999454e+02, -6.222469999999999946e-01
8.817010000000000218e+02, 3.372669999999999835e-01
8.817179999999999609e+02, 9.807719999999999771e-01
8.817350000000000136e+02, -5.960339999999999527e-01
8.817509999999999764e+02, -5.874530000000000030e-01
8.817680000000000291e+02, -1.175589999999999913e+00
8.817849999999999682e+02, -7.634069999999999745e-02
8.818010000000000446e+02, 1.280920000000000114e-01
8.818179999999999836e+02, 5.613029999999999964e-01
8.818350000000000364e+02, -8.183840000000000003e-01
8.818509999999999991e+02, 2.808479999999999865e-01
8.818680000000000518e+02, 8.781099999999999461e-01
8.818849999999999909e+02, 8.676439999999999708e-01
8.819009999999999536e+02, 3.977040000000000020e-01
8.819180000000000064e+02, -2.043699999999999961e-01
8.819349999999999454e+02, 1.586470000000000102e-01
8.819510000000000218e+02, 2.892939999999999956e-01
8.819679999999999609e+02, 2.984950000000000103e-01
8.819850000000000136e+02, 2.250179999999999958e-01
8.820009999999999764e+02, 1.151939999999999964e+00
8.820180000000000291e+02, -1.738220000000000098e+00
8.820349999999999682e+02, -7.627260000000000151e-01
8.820510000000000446e+02, -1.001009999999999955e+00
8.820679999999999836e+02, 1.954700000000000049e-01
8.820850000000000364e+02, 8.955750000000000099e-01
8.821009999999999991e+02, -1.872870000000000035e+00
8.821180000000000518e+02, -1.382609999999999895e+00
8.821349999999999909e+02, -9.733519999999999672e-02
8.821509999999999536e+02, 2.673320000000000141e-01
8.821680000000000064e+02, 7.021030000000000326e-01
8.821849999999999454e+02, -2.719090000000000118e-01
8.822010000000000218e+02, 2.516849999999999921e-01
8.822179999999999609e+02, -5.464249999999999663e-02
8.822350000000000136e+02, -8.231070000000000331e-01
8.822509999999999764e+02, -9.055940000000000101e-01
8.822680000000000291e+02, -1.914439999999999920e+00
8.822849999999999682e+02, -1.230560000000000098e+00
8.823010000000000446e+02, 1.905290000000000039e-01
8.823179999999999836e+02, -2.088700000000000001e-01
8.823350000000000364e+02, 1.007009999999999961e+00
8.823509999999999991e+02, 7.774830000000000352e-01
8.823680000000000518e+02, 8.930550000000000432e-01
8.823849999999999909e+02, 4.665980000000000127e-01
8.824009999999999536e+02, -1.977300000000000058e+00
8.824180000000000064e+02, -1.009730000000000016e+00
8.824349999999999454e+02, -3.385850000000000248e-01
8.824510000000000218e+02, 1.906789999999999874e-02
8.824679999999999609e+02, -8.175010000000000332e-01
8.824850000000000136e+02, -2.602630000000000221e-01
8.825009999999999764e+02, -8.769099999999999673e-01
8.825180000000000291e+02, -7.027849999999999930e-01
8.825349999999999682e+02, 8.145099999999999563e-01
8.825510000000000446e+02, 4.616120000000000223e-01
8.825679999999999836e+02, 8.008089999999999931e-01
8.825850000000000364e+02, 5.152679999999999483e-01
8.826009999999999991e+02, 1.745400000000000007e-01
8.826180000000000518e+02, 4.654229999999999756e-01
8.826349999999999909e+02, -5.894819999999999505e-01
8.826509999999999536e+02, 7.170870000000000299e-01
8.826680000000000064e+02, 4.569090000000000096e-01
8.826849999999999454e+02, 6.297700000000000520e-01
8.827010000000000218e+02, -2.999459999999999904e-01
8.827179999999999609e+02, -5.659469999999999779e-01
8.827350000000000136e+02, 2.671629999999999838e-01
8.827509999999999764e+02, 7.659719999999999862e-01
8.827680000000000291e+02, 9.736409999999999787e-01
8.827849999999999682e+02, -2.817470000000000252e-01
8.828010000000000446e+02, -1.380570000000000075e+00
8.828179999999999836e+02, -5.498279999999999834e-01
8.828350000000000364e+02, -8.702929999999999833e-01
8.828509999999999991e+02, -1.715829999999999966e+00
8.828680000000000518e+02, -1.285830000000000028e+00
8.828849999999999909e+02, -1.103480000000000016e-01
8.829009999999999536e+02, -9.143750000000000488e-02
8.829180000000000064e+02, -3.393769999999999842e-01
8.829349999999999454e+02, 8.804030000000000467e-01
8.829510000000000218e+02, 1.960360000000000102e+00
8.829679999999999609e+02, 2.751009999999999844e-01
8.829850000000000136e+02, -1.637380000000000058e+00
8.830009999999999764e+02, 5.757139999999999480e-01
8.830180000000000291e+02, -1.760250000000000092e+00
8.830349999999999682e+02, -1.781989999999999963e+00
8.830510000000000446e+02, 2.771190000000000042e-01
8.830679999999999836e+02, -8.077429999999999888e-01
8.830850000000000364e+02, 8.874220000000000441e-01
8.831009999999999991e+02, 7.009109999999999507e-01
8.831180000000000518e+02, 4.451019999999999976e-01
8.831349999999999909e+02, -1.237110000000000015e-01
8.831509999999999536e+02, -3.545420000000000238e-01
8.831680000000000064e+02, -1.208360000000000101e+00
8.831849999999999454e+02, -4.725860000000000061e-01
8.832010000000000218e+02, -1.530839999999999979e+00
8.832179999999999609e+02, -1.173740000000000006e+00
8.832350000000000136e+02, -6.151360000000000161e-01
8.832509999999999764e+02, -4.138310000000000044e-01
8.832680000000000291e+02, -1.448350000000000026e+00
8.832849999999999682e+02, 2.213099999999999845e+00
8.833010000000000446e+02, -3.842360000000000220e-01
8.833179999999999836e+02, -8.034139999999999615e-01
8.833350000000000364e+02, -1.202229999999999910e+00
8.833509999999999991e+02, -2.132259999999999989e-01
8.833680000000000518e+02, 2.548039999999999750e-01
8.833849999999999909e+02, 5.908109999999999751e-01
8.834009999999999536e+02, -8.916439999999999921e-01
8.834180000000000064e+02, 8.707979999999999610e-01
8.834349999999999454e+02, 1.388390000000000013e+00
8.834510000000000218e+02, 5.802650000000000308e-01
8.834679999999999609e+02, -7.889869999999999939e-01
8.834850000000000136e+02, 3.389460000000000250e-01
8.835009999999999764e+02, 1.045849999999999974e-01
8.835180000000000291e+02, -1.031789999999999985e+00
8.835349999999999682e+02, -1.842889999999999917e+00
8.835510000000000446e+02, -1.801210000000000033e-01
8.835679999999999836e+02, 9.332160000000000455e-01
8.835850000000000364e+02, -7.509919999999999929e-01
8.836009999999999991e+02, 9.251509999999999456e-01
8.836180000000000518e+02, 1.742809999999999915e-01
8.836349999999999909e+02, -8.194660000000000277e-01
8.836509999999999536e+02, -3.545349999999999890e-01
8.836680000000000064e+02, 1.054130000000000011e+00
8.836849999999999454e+02, -3.546699999999999853e-01
8.837010000000000218e+02, 4.163189999999999946e-02
8.837179999999999609e+02, 2.141899999999999915e-01
8.837350000000000136e+02, -6.093880000000000408e-01
8.837509999999999764e+02, 1.722499999999999865e-01
8.837680000000000291e+02, 8.782039999999999846e-01
8.837849999999999682e+02, -1.528100000000000014e-01
8.838010000000000446e+02, -1.215950000000000086e+00
8.838179999999999836e+02, -2.694420000000000148e-01
8.838350000000000364e+02, 8.612220000000000431e-01
8.838509999999999991e+02, 4.174760000000000137e-01
8.838680000000000518e+02, 1.847729999999999928e-01
8.838849999999999909e+02, 6.855189999999999895e-01
8.839009999999999536e+02, -6.523489999999999567e-01
8.839180000000000064e+02, -1.492640000000000078e-01
8.839349999999999454e+02, -1.750180000000000069e+00
8.839510000000000218e+02, -3.895219999999999794e-01
8.839679999999999609e+02, -1.009319999999999939e-01
8.839850000000000136e+02, -4.039580000000000254e-02
8.840009999999999764e+02, -4.138299999999999756e-01
8.840180000000000291e+02, 5.496579999999999799e-01
8.840349999999999682e+02, 7.430189999999999850e-01
8.840510000000000446e+02, 1.804659999999999875e-01
8.840679999999999836e+02, -2.548389999999999822e-01
8.840850000000000364e+02, -3.863079999999999847e-01
8.841009999999999991e+02, -1.498029999999999973e+00
8.841180000000000518e+02, -1.261149999999999993e+00
8.841349999999999909e+02, 2.912819999999999854e-01
8.841509999999999536e+02, 6.209750000000000547e-01
8.841680000000000064e+02, -4.398960000000000092e-01
8.841849999999999454e+02, -2.961730000000000196e-01
8.842010000000000218e+02, 4.580120000000000025e-02
8.842179999999999609e+02, -2.797120000000000162e-01
8.842350000000000136e+02, 1.121830000000000105e+00
8.842509999999999764e+02, 3.925009999999999888e-01
8.842680000000000291e+02, -7.401720000000000521e-01
8.842849999999999682e+02, -9.700330000000000341e-01
8.843010000000000446e+02, -1.192840000000000011e-01
8.843179999999999836e+02, -8.867980000000000307e-02
8.843350000000000364e+02, 7.442959999999999576e-01
8.843509999999999991e+02, 1.260709999999999997e+00
8.843680000000000518e+02, 6.829990000000000228e-01
8.843849999999999909e+02, 1.662369999999999959e-01
8.844009999999999536e+02, -5.398849999999999483e-01
8.844180000000000064e+02, -5.549389999999999601e-01
8.844349999999999454e+02, -1.938069999999999959e+00
8.844510000000000218e+02, -3.558120000000000172e-01
8.844679999999999609e+02, 1.555039999999999978e+00
8.844850000000000136e+02, 4.466339999999999755e-01
8.845009999999999764e+02, 1.255379999999999940e+00
8.845180000000000291e+02, 1.068359999999999976e+00
8.845349999999999682e+02, 2.808629999999999738e-01
8.845510000000000446e+02, -1.137559999999999905e+00
8.845679999999999836e+02, -5.617929999999999868e-01
8.845850000000000364e+02, -5.790349999999999664e-01
8.846009999999999991e+02, -7.002530000000000143e-01
8.846180000000000518e+02, 1.094500000000000056e-01
8.846349999999999909e+02, 1.146060000000000079e+00
8.846509999999999536e+02, 4.614829999999999766e-01
8.846680000000000064e+02, -4.873759999999999759e-01
8.846849999999999454e+02, -7.469459999999999988e-01
8.847010000000000218e+02, -1.115310000000000024e+00
8.847179999999999609e+02, 6.783490000000000353e-02
8.847350000000000136e+02, -9.752600000000000158e-01
8.847509999999999764e+02, 2.420819999999999916e-02
8.847680000000000291e+02, 3.165430000000000188e-01
8.847849999999999682e+02, 4.451499999999999901e-01
8.848010000000000446e+02, 9.872260000000000479e-01
8.848179999999999836e+02, 2.594759999999999844e-01
8.848350000000000364e+02, 8.629900000000000349e-01
8.848509999999999991e+02, 5.923850000000000504e-01
8.848680000000000518e+02, 7.821150000000000047e-01
8.848849999999999909e+02, 1.288370000000000015e+00
8.849009999999999536e+02, 4.298460000000000059e-01
8.849180000000000064e+02, -2.173140000000000072e-01
8.849349999999999454e+02, -1.342989999999999906e+00
8.849510000000000218e+02, -1.162220000000000031e+00
8.849679999999999609e+02, 8.105719999999999592e-01
8.849850000000000136e+02, 1.064959999999999907e+00
8.850009999999999764e+02, 1.220960000000000045e+00
8.850180000000000291e+02, -3.859589999999999965e-01
8.850349999999999682e+02, -6.352119999999999989e-01
8.850510000000000446e+02, 7.818530000000000202e-01
8.850679999999999836e+02, -2.747009999999999730e-01
8.850850000000000364e+02, 8.029199999999999671e-01
8.851009999999999991e+02, 2.653200000000000003e-01
8.851180000000000518e+02, 1.448450000000000015e+00
8.851349999999999909e+02, 6.043140000000000317e-02
8.851509999999999536e+02, -1.863670000000000049e-01
8.851680000000000064e+02, -1.730690000000000062e+00
8.851849999999999454e+02, -5.906569999999999876e-01
8.852010000000000218e+02, -1.303870000000000084e+00
8.852179999999999609e+02, -6.256429999999999492e-01
8.852350000000000136e+02, -1.715530000000000110e-01
8.852509999999999764e+02, -1.550529999999999964e-01
8.852680000000000291e+02, 1.934940000000000104e+00
8.852849999999999682e+02, 1.303220000000000045e+00
8.853010000000000446e+02, 7.455479999999999885e-01
8.853179999999999836e+02, 8.922210000000000418e-01
8.853350000000000364e+02, -6.599660000000000248e-02
8.853509999999999991e+02, -1.412050000000000027e+00
8.853680000000000518e+02, 6.886959999999999749e-01
8.853849999999999909e+02, -8.463699999999999557e-01
8.854009999999999536e+02, 1.097499999999999920e+00
8.854180000000000064e+02, 7.148469999999999824e-02
8.854349999999999454e+02, 2.420150000000000079e-01
8.854510000000000218e+02, -3.868369999999999864e-01
8.854679999999999609e+02, 9.932950000000000390e-01
8.854850000000000136e+02, 2.076490000000000002e-01
8.855009999999999764e+02, -4.884760000000000213e-01
8.855180000000000291e+02, -1.857479999999999964e-01
8.855349999999999682e+02, -6.550229999999999941e-02
8.855510000000000446e+02, -4.392820000000000058e-01
8.855679999999999836e+02, -8.162640000000000173e-02
8.855850000000000364e+02, -3.227490000000000081e-01
8.856009999999999991e+02, -9.413340000000000041e-01
8.856180000000000518e+02, -1.030440000000000023e+00
8.856349999999999909e+02, 2.912310000000000176e-01
8.856509999999999536e+02, 7.513739999999999863e-01
8.856680000000000064e+02, -3.757139999999999924e-01
8.856849999999999454e+02, -9.905049999999999688e-01
8.857010000000000218e+02, 4.674420000000000242e-01
8.857179999999999609e+02, -2.472530000000000006e-01
8.857350000000000136e+02, 1.573700000000000099e-02
8.857509999999999764e+02, 9.230270000000000419e-01
8.857680000000000291e+02, 4.540009999999999879e-01
8.857849999999999682e+02, -3.562899999999999956e-01
8.858010000000000446e+02, 1.211619999999999919e+00
8.858179999999999836e+02, 2.110059999999999991e-01
8.858350000000000364e+02, 2.377460000000000129e-01
8.858509999999999991e+02, 6.460960000000000036e-01
8.858680000000000518e+02, -1.525719999999999965e+00
8.858849999999999909e+02, 7.559510000000000396e-01
8.859009999999999536e+02, 5.577619999999999800e-01
8.859180000000000064e+02, 6.585029999999999495e-01
8.859349999999999454e+02, 6.617389999999999661e-01
8.859510000000000218e+02, 1.947180000000000022e-01
8.859679999999999609e+02, -4.326260000000000105e-01
8.859850000000000136e+02, -5.629600000000000160e-01
8.860009999999999764e+02, 4.595830000000000193e-01
8.860180000000000291e+02, 4.857630000000000281e-02
8.860349999999999682e+02, -2.738499999999999823e-01
8.860510000000000446e+02, -4.583990000000000009e-01
8.860679999999999836e+02, -4.642589999999999772e-01
8.860850000000000364e+02, -1.020180000000000087e+00
8.861009999999999991e+02, 2.436079999999999912e-01
8.861180000000000518e+02, 1.007489999999999997e+00
8.861349999999999909e+02, -4.789899999999999713e-02
8.861509999999999536e+02, -2.719590000000000063e-01
8.861680000000000064e+02, -1.799759999999999971e-01
8.861849999999999454e+02, -1.350260000000000016e+00
8.862010000000000218e+02, -4.197119999999999740e-01
8.862179999999999609e+02, 2.701379999999999892e-01
8.862350000000000136e+02, -4.211600000000000066e-02
8.862509999999999764e+02, 9.996540000000000425e-01
8.862680000000000291e+02, -6.989940000000000042e-01
8.862849999999999682e+02, -1.557830000000000048e-01
8.863010000000000446e+02, 1.072990000000000110e+00
8.863179999999999836e+02, 3.296000000000000041e-01
8.863350000000000364e+02, 2.150299999999999989e-01
8.863509999999999991e+02, -2.391490000000000116e+00
8.863680000000000518e+02, -1.151960000000000095e+00
8.863849999999999909e+02, 1.942099999999999937e-01
8.864009999999999536e+02, 9.201949999999999852e-01
8.864180000000000064e+02, 6.786100000000000465e-01
8.864349999999999454e+02, -6.968929999999999847e-01
8.864510000000000218e+02, -5.164180000000000437e-01
8.864679999999999609e+02, -3.347430000000000128e-01
8.864850000000000136e+02, -8.341619999999999591e-01
8.865009999999999764e+02, -1.282629999999999937e+00
8.865180000000000291e+02, 4.442820000000000102e-01
8.865349999999999682e+02, 1.149589999999999890e+00
8.865510000000000446e+02, -2.331390000000000129e-01
8.865679999999999836e+02, -1.400829999999999957e-02
8.865850000000000364e+02, 6.105669999999999847e-02
8.866009999999999991e+02, 7.999840000000000284e-01
8.866180000000000518e+02, 8.221650000000000347e-01
8.866349999999999909e+02, -5.711500000000000465e-01
8.866509999999999536e+02, -1.975870000000000126e-01
8.866680000000000064e+02, -2.788709999999999800e-01
8.866849999999999454e+02, -2.933720000000000078e-02
8.867010000000000218e+02, 1.330669999999999908e-01
8.867179999999999609e+02, -9.344770000000000021e-01
8.867350000000000136e+02, -1.417659999999999920e+00
8.867509999999999764e+02, 1.910139999999999894e-01
8.867680000000000291e+02, 3.243779999999999997e-01
8.867849999999999682e+02, -4.375390000000000269e-04
8.868010000000000446e+02, 7.235930000000000417e-01
8.868179999999999836e+02, 9.950379999999999781e-01
8.868350000000000364e+02, -2.553139999999999854e-01
8.868509999999999991e+02, -1.592189999999999994e-01
8.868680000000000518e+02, 1.341910000000000047e-01
8.868849999999999909e+02, 2.011370000000000102e-01
8.869009999999999536e+02, 4.337309999999999777e-02
8.869180000000000064e+02, -1.164409999999999945e+00
8.869349999999999454e+02, -2.238130000000000119e-01
8.869510000000000218e+02, 4.443400000000000127e-01
8.869679999999999609e+02, 1.335520000000000040e+00
8.869850000000000136e+02, -4.493929999999999869e-01
8.870009999999999764e+02, -2.380210000000000103e-01
8.870180000000000291e+02, -8.093749999999999556e-01
8.870349999999999682e+02, -3.348979999999999735e-01
8.870510000000000446e+02, 4.259660000000000113e-01
8.870679999999999836e+02, 5.212989999999999569e-01
8.870850000000000364e+02, 1.144819999999999949e+00
8.871009999999999991e+02, 8.748259999999999925e-01
8.871180000000000518e+02, -3.942539999999999933e-01
8.871349999999999909e+02, -1.148810000000000109e+00
8.871509999999999536e+02, -1.291250000000000009e+00
8.871680000000000064e+02, -7.373180000000000289e-01
8.871849999999999454e+02, -9.560159999999999769e-01
8.872010000000000218e+02, 6.300130000000000452e-01
8.872179999999999609e+02, -1.741769999999999985e-01
8.872350000000000136e+02, 8.059660000000000435e-02
8.872509999999999764e+02, -1.643509999999999971e-01
8.872680000000000291e+02, -8.439100000000000490e-01
8.872849999999999682e+02, -3.444380000000000219e-01
8.873010000000000446e+02, -7.226529999999999898e-01
8.873179999999999836e+02, 1.140879999999999894e+00
8.873350000000000364e+02, 4.025859999999999994e-01
8.873509999999999991e+02, 1.979479999999999906e+00
8.873680000000000518e+02, 1.506790000000000074e+00
8.873849999999999909e+02, 9.709889999999999910e-01
8.874009999999999536e+02, -7.134880000000000111e-01
8.874180000000000064e+02, 1.241789999999999977e-01
8.874349999999999454e+02, -8.470349999999999824e-01
8.874510000000000218e+02, -2.463320000000000093e-02
8.874679999999999609e+02, 7.133460000000000356e-01
8.874850000000000136e+02, 8.997530000000000250e-01
8.875009999999999764e+02, 1.070759999999999934e+00
8.875180000000000291e+02, -2.528410000000000046e+00
8.875349999999999682e+02, 4.614539999999999753e-01
8.875510000000000446e+02, 4.503559999999999786e-01
8.875679999999999836e+02, 3.570940000000000225e-01
8.875850000000000364e+02, -8.585709999999999731e-01
8.876009999999999991e+02, 1.685450000000000004e-01
8.876180000000000518e+02, -1.297409999999999952e+00
8.876349999999999909e+02, -1.444979999999999931e+00
8.876509999999999536e+02, -1.072519999999999918e+00
8.876680000000000064e+02, -8.813130000000000130e-01
8.876849999999999454e+02, 2.642109999999999737e-01
8.877010000000000218e+02, 4.053640000000000021e-01
8.877179999999999609e+02, 1.001649999999999929e+00
8.877350000000000136e+02, 3.308130000000000237e-01
8.877509999999999764e+02, 2.289509999999999879e-01
8.877680000000000291e+02, -1.304760000000000086e-01
8.877849999999999682e+02, 7.375099999999999989e-01
8.878010000000000446e+02, 5.427290000000000170e-01
8.878179999999999836e+02, -4.221409999999999885e-01
8.878350000000000364e+02, 2.665549999999999864e-01
8.878509999999999991e+02, -1.531430000000000069e+00
8.878680000000000518e+02, -9.276149999999999674e-01
8.878849999999999909e+02, -3.927539999999999920e-01
8.879009999999999536e+02, 6.670449999999999990e-01
8.879180000000000064e+02, 8.911869999999999514e-01
8.879349999999999454e+02, 7.212469999999999715e-01
8.879510000000000218e+02, 9.199429999999999552e-01
8.879679999999999609e+02, -1.108680000000000110e+00
8.879850000000000136e+02, -2.983009999999999915e-03
8.880009999999999764e+02, -9.373850000000000238e-01
8.880180000000000291e+02, 4.771009999999999973e-01
8.880349999999999682e+02, 2.304110000000000047e-01
8.880510000000000446e+02, -3.854719999999999813e-01
8.880679999999999836e+02, 1.791659999999999919e-01
8.880850000000000364e+02, -1.731780000000000097e+00
8.881009999999999991e+02, 7.754760000000000542e-01
8.881180000000000518e+02, 8.562049999999999939e-01
8.881349999999999909e+02, 5.430000000000000382e-01
8.881509999999999536e+02, 1.233060000000000045e+00
8.881680000000000064e+02, 8.286059999999999537e-01
8.881849999999999454e+02, -8.624880000000000324e-01
8.882010000000000218e+02, 1.367690000000000052e-02
8.882179999999999609e+02, 7.705999999999999517e-01
8.882350000000000136e+02, 1.111040000000000028e+00
8.882509999999999764e+02, 2.457729999999999915e-01
8.882680000000000291e+02, -1.099750000000000005e+00
8.882849999999999682e+02, -2.465169999999999861e-01
8.883010000000000446e+02, -6.763749999999999485e-01
8.883179999999999836e+02, 7.982320000000000526e-01
8.883350000000000364e+02, -4.502780000000000116e-01
8.883509999999999991e+02, 1.055269999999999930e+00
8.883680000000000518e+02, 5.200829999999999620e-01
8.883849999999999909e+02, 1.347140000000000004e+00
8.884009999999999536e+02, 4.774160000000000070e-01
8.884180000000000064e+02, -4.094369999999999954e-01
8.884349999999999454e+02, -1.162179999999999991e+00
8.884510000000000218e+02, 8.393049999999999677e-01
8.884679999999999609e+02, 1.457240000000000091e+00
8.884850000000000136e+02, 4.978759999999999852e-01
8.885009999999999764e+02, -6.702289999999999637e-01
8.885180000000000291e+02, -6.468819999999999570e-01
8.885349999999999682e+02, 1.279969999999999997e-01
8.885510000000000446e+02, 7.598740000000000494e-01
8.885679999999999836e+02, 1.090319999999999956e+00
8.885850000000000364e+02, -1.234799999999999898e+00
8.886009999999999991e+02, -7.552410000000000512e-01
8.886180000000000518e+02, 5.227699999999999569e-01
8.886349999999999909e+02, -6.483759999999999524e-01
8.886509999999999536e+02, 6.800859999999999683e-01
8.886680000000000064e+02, -8.670459999999999834e-01
8.886849999999999454e+02, -6.450160000000000338e-01
8.887010000000000218e+02, -6.508199999999999541e-01
8.887179999999999609e+02, -1.531900000000000039e+00
8.887350000000000136e+02, 8.811259999999999926e-02
8.887509999999999764e+02, 6.356669999999999821e-01
8.887680000000000291e+02, -1.272140000000000049e+00
8.887849999999999682e+02, -6.804339999999999833e-01
8.888010000000000446e+02, 6.791449999999999987e-01
8.888179999999999836e+02, 2.198510000000000186e+00
8.888350000000000364e+02, -1.148320000000000070e-02
8.888509999999999991e+02, -4.793100000000000138e-01
8.888680000000000518e+02, -1.365960000000000063e+00
8.888849999999999909e+02, 6.360390000000000210e-01
8.889009999999999536e+02, 1.148679999999999923e+00
8.889180000000000064e+02, 4.893790000000000084e-01
8.889349999999999454e+02, -4.404469999999999774e-01
8.889510000000000218e+02, -2.385269999999999890e-01
8.889679999999999609e+02, 6.050440000000000262e-01
8.889850000000000136e+02, 6.797659999999999814e-01
8.890009999999999764e+02, -3.258179999999999965e-01
8.890180000000000291e+02, -3.382009999999999739e-01
8.890349999999999682e+02, 3.815439999999999943e-01
8.890510000000000446e+02, 2.474949999999999928e-01
8.890679999999999836e+02, 1.204380000000000006e+00
8.890850000000000364e+02, 9.370929999999999538e-01
8.891009999999999991e+02, -3.648710000000000009e-01
8.891180000000000518e+02, 6.548509999999999609e-01
8.891349999999999909e+02, 8.313949999999999951e-01
8.891509999999999536e+02, 1.799109999999999876e-01
8.891680000000000064e+02, 1.343429999999999902e-01
8.891849999999999454e+02, -1.148840000000000083e+00
8.892010000000000218e+02, 1.499270000000000047e-01
8.892179999999999609e+02, -1.470329999999999970e-01
8.892350000000000136e+02, -3.106010000000000021e-02
8.892509999999999764e+02, -1.373790000000000067e+00
8.892680000000000291e+02, 6.569079999999999364e-02
8.892849999999999682e+02, -1.038899999999999962e-01
8.893010000000000446e+02, -2.216809999999999892e-01
8.893179999999999836e+02, 1.007400000000000073e+00
8.893350000000000364e+02, 1.412130000000000107e+00
8.893509999999999991e+02, -2.598750000000000226e-01
8.893680000000000518e+02, 4.950640000000000041e-01
8.893849999999999909e+02, 1.125099999999999989e-01
8.894009999999999536e+02, 9.194820000000000215e-01
8.894180000000000064e+02, 8.793410000000000393e-01
8.894349999999999454e+02, -1.105789999999999967e-01
8.894510000000000218e+02, -8.165499999999999980e-01
8.894679999999999609e+02, -1.010569999999999968e+00
8.894850000000000136e+02, 9.773859999999999493e-02
8.895009999999999764e+02, -4.044819999999999666e-02
8.895180000000000291e+02, 5.198740000000000305e-02
8.895349999999999682e+02, -8.981959999999999944e-01
8.895510000000000446e+02, -7.169759999999999467e-01
8.895679999999999836e+02, 3.014729999999999840e-02
8.895850000000000364e+02, 6.257909999999999862e-01
8.896009999999999991e+02, -7.990209999999999813e-01
8.896180000000000518e+02, -1.941519999999999913e-01
8.896349999999999909e+02, 6.471149999999999958e-01
8.896509999999999536e+02, -3.124279999999999835e-01
8.896680000000000064e+02, 1.016939999999999955e+00
8.896849999999999454e+02, -5.980550000000000276e-03
8.897010000000000218e+02, 1.099259999999999959e-01
8.897179999999999609e+02, -1.056820000000000093e+00
8.897350000000000136e+02, -5.733549999999999480e-01
8.897509999999999764e+02, -7.189130000000000242e-01
8.897680000000000291e+02, 8.886990000000000167e-01
8.897849999999999682e+02, 1.318840000000000012e+00
8.898010000000000446e+02, 1.075520000000000032e+00
8.898179999999999836e+02, 8.998019999999999907e-01
8.898350000000000364e+02, 2.717310000000000003e-01
8.898509999999999991e+02, 6.302969999999999962e-01
8.898680000000000518e+02, -1.871079999999999965e-02
8.898849999999999909e+02, 9.308840000000000447e-01
8.899009999999999536e+02, 8.151199999999999557e-01
8.899180000000000064e+02, -4.221590000000000065e-01
8.899349999999999454e+02, -1.809340000000000115e-01
8.899510000000000218e+02, 1.255290000000000017e+00
8.899679999999999609e+02, -8.845480000000000009e-01
8.899850000000000136e+02, -1.363570000000000060e-01
8.900009999999999764e+02, 7.258630000000000360e-01
8.900180000000000291e+02, -6.513630000000000253e-01
8.900349999999999682e+02, -7.919910000000000005e-01
8.900510000000000446e+02, 2.633730000000000238e-01
8.900679999999999836e+02, 1.525060000000000027e-01
8.900850000000000364e+02, 3.532350000000000212e-01
8.901009999999999991e+02, 1.114419999999999966e+00
8.901180000000000518e+02, 2.264640000000000056e-02
8.901349999999999909e+02, -1.040289999999999937e+00
8.901509999999999536e+02, -8.160060000000000091e-01
8.901680000000000064e+02, 2.905570000000000097e-01
8.901849999999999454e+02, 8.648329999999999629e-01
8.902010000000000218e+02, -3.276629999999999820e-01
8.902179999999999609e+02, 1.505920000000000036e-01
8.902350000000000136e+02, -8.722990000000000466e-01
8.902509999999999764e+02, -9.016110000000000513e-01
8.902680000000000291e+02, -5.148749999999999716e-01
8.902849999999999682e+02, 4.097910000000000164e-01
8.903010000000000446e+02, 1.141780000000000017e+00
8.903179999999999836e+02, 1.006399999999999961e+00
8.903350000000000364e+02, -1.433510000000000062e+00
8.903509999999999991e+02, -1.122400000000000064e+00
8.903680000000000518e+02, -1.146920000000000023e-01
8.903849999999999909e+02, -3.347149999999999848e-01
8.904009999999999536e+02, -7.440900000000000292e-01
8.904180000000000064e+02, -5.054370000000000251e-01
8.904349999999999454e+02, -2.959729999999999861e-01
8.904510000000000218e+02, 2.121599999999999875e-01
8.904679999999999609e+02, -1.546829999999999927e+00
8.904850000000000136e+02, -7.035109999999999975e-01
8.905009999999999764e+02, 1.918320000000000025e-01
8.905180000000000291e+02, 1.381059999999999954e+00
8.905349999999999682e+02, 9.544289999999999718e-01
8.905510000000000446e+02, -8.886749999999999927e-01
8.905679999999999836e+02, -7.558970000000000411e-01
8.905850000000000364e+02, 1.624760000000000093e-01
8.906009999999999991e+02, -1.413939999999999975e+00
8.906180000000000518e+02, -2.764119999999999910e-01
8.906349999999999909e+02, -9.643739999999999535e-01
8.906509999999999536e+02, 3.495599999999999818e-01
8.906680000000000064e+02, -5.813920000000000199e-01
8.906849999999999454e+02, -2.751059999999999964e-02
8.907010000000000218e+02, 2.469290000000000096e-01
8.907179999999999609e+02, -6.224399999999999933e-01
8.907350000000000136e+02, -1.062659999999999938e+00
8.907509999999999764e+02, 5.978769999999999918e-01
8.907680000000000291e+02, -1.579740000000000033e-01
8.907849999999999682e+02, 1.588579999999999992e-01
8.908010000000000446e+02, 2.787870000000000070e-01
8.908179999999999836e+02, 5.134659999999999780e-01
8.908350000000000364e+02, 5.923199999999999577e-01
8.908509999999999991e+02, -6.138450000000000156e-02
8.908680000000000518e+02, 1.014489999999999892e+00
8.908849999999999909e+02, -1.775460000000000038e+00
8.909009999999999536e+02, 1.928950000000000109e-01
8.909180000000000064e+02, 9.152339999999999920e-01
8.909349999999999454e+02, 1.306499999999999995e+00
8.909510000000000218e+02, 1.075299999999999923e+00
8.909679999999999609e+02, 1.319949999999999957e+00
8.909850000000000136e+02, 3.777539999999999787e-01
8.910009999999999764e+02, 9.686390000000000278e-01
8.910180000000000291e+02, -7.898269999999999458e-01
8.910349999999999682e+02, -1.007339999999999902e+00
8.910510000000000446e+02, -7.008590000000000653e-02
8.910679999999999836e+02, 1.805090000000000028e-01
8.910850000000000364e+02, -1.065590000000000037e+00
8.911009999999999991e+02, -9.435820000000000318e-01
8.911180000000000518e+02, -1.767060000000000075e+00
8.911349999999999909e+02, 5.921290000000000164e-01
8.911509999999999536e+02, 2.317390000000000005e-01
8.911680000000000064e+02, -5.320319999999999494e-01
8.911849999999999454e+02, 2.471049999999999913e-01
8.912010000000000218e+02, -1.506729999999999903e+00
8.912179999999999609e+02, -1.950330000000000119e-01
8.912350000000000136e+02, -3.850990000000000246e-01
8.912509999999999764e+02, -1.110190000000000010e+00
8.912680000000000291e+02, -9.617679999999999563e-01
8.912849999999999682e+02, -7.704659999999999842e-01
8.913010000000000446e+02, -1.633719999999999895e-01
8.913179999999999836e+02, -1.705679999999999974e-01
8.913350000000000364e+02, 1.213430000000000064e-01
8.913509999999999991e+02, -1.105429999999999913e+00
8.913680000000000518e+02, 5.227330000000000171e-02
8.913849999999999909e+02, 8.159459999999999491e-01
8.914009999999999536e+02, 9.605650000000000022e-01
8.914180000000000064e+02, 5.121860000000000301e-01
8.914349999999999454e+02, -5.366880000000000539e-01
8.914510000000000218e+02, 3.789609999999999923e-01
8.914679999999999609e+02, -1.140269999999999895e+00
8.914850000000000136e+02, -1.028920000000000057e+00
8.915009999999999764e+02, -8.583520000000000039e-01
8.915180000000000291e+02, 3.053640000000000243e-01
8.915349999999999682e+02, 1.352959999999999940e+00
8.915510000000000446e+02, 8.846289999999999987e-01
8.915679999999999836e+02, -6.366530000000000244e-01
8.915850000000000364e+02, -1.051139999999999963e+00
8.916009999999999991e+02, -7.369869999999999477e-01
8.916180000000000518e+02, -1.952669999999999961e-01
8.916349999999999909e+02, 9.929679999999999618e-01
8.916509999999999536e+02, 5.976019999999999943e-02
8.916680000000000064e+02, -7.703790000000000360e-01
8.916849999999999454e+02, 4.861149999999999846e-03
8.917010000000000218e+02, -4.549570000000000003e-02
8.917179999999999609e+02, 7.883930000000000105e-01
8.917350000000000136e+02, 4.797100000000000253e-01
8.917509999999999764e+02, 3.617259999999999920e-01
8.917680000000000291e+02, -1.698260000000000047e-01
8.917849999999999682e+02, -1.035130000000000106e+00
8.918010000000000446e+02, 3.248010000000000064e-01
8.918179999999999836e+02, -7.071910000000000140e-01
8.918350000000000364e+02, -9.443629999999999525e-01
8.918509999999999991e+02, -2.126840000000000119e-01
8.918680000000000518e+02, 1.779020000000000046e-01
8.918849999999999909e+02, 1.033519999999999994e+00
8.919009999999999536e+02, 3.891069999999999807e-01
8.919180000000000064e+02, -1.683729999999999949e-01
8.919349999999999454e+02, 2.426909999999999831e-02
8.919510000000000218e+02, 2.221079999999999999e-01
8.919679999999999609e+02, -2.781020000000000159e-01
8.919850000000000136e+02, -1.731810000000000016e-01
8.920009999999999764e+02, -9.839189999999999880e-01
8.920180000000000291e+02, 3.270759999999999779e-01
8.920349999999999682e+02, 8.955419999999999492e-01
8.920510000000000446e+02, -8.733180000000000387e-01
8.920679999999999836e+02, 1.094530000000000003e+00
8.920850000000000364e+02, -5.194189999999999641e-01
8.921009999999999991e+02, -3.416520000000000112e-01
8.921180000000000518e+02, 3.975529999999999897e-01
8.921349999999999909e+02, 5.677640000000000464e-01
8.921509999999999536e+02, 2.180169999999999886e-01
8.921680000000000064e+02, -7.607310000000000461e-01
8.921849999999999454e+02, 6.630949999999999900e-01
8.922010000000000218e+02, -1.077690000000000037e+00
8.922179999999999609e+02, -1.715889999999999915e+00
8.922350000000000136e+02, -8.406839999999999868e-01
8.922509999999999764e+02, -1.229520000000000057e-01
8.922680000000000291e+02, -4.462690000000000268e-01
8.922849999999999682e+02, -1.307260000000000089e+00
8.923010000000000446e+02, 5.419500000000000428e-01
8.923179999999999836e+02, -7.602309999999999901e-01
8.923350000000000364e+02, -1.087859999999999938e-01
8.923509999999999991e+02, 3.687639999999999807e-01
8.923680000000000518e+02, -8.117450000000000498e-01
8.923849999999999909e+02, -6.706419999999999604e-01
8.924009999999999536e+02, -4.000650000000000039e-01
8.924180000000000064e+02, 2.041480000000000031e-02
8.924349999999999454e+02, 8.212739999999999485e-01
8.924510000000000218e+02, 6.963979999999999615e-01
8.924679999999999609e+02, -4.331229999999999802e-01
8.924850000000000136e+02, -1.849790000000000045e+00
8.925009999999999764e+02, 1.210149999999999976e-01
8.925180000000000291e+02, -3.200519999999999754e-02
8.925349999999999682e+02, 3.123650000000000038e-01
8.925510000000000446e+02, 1.222969999999999891e+00
8.925679999999999836e+02, 5.719189999999999552e-01
8.925850000000000364e+02, 5.909200000000000008e-01
8.926009999999999991e+02, -4.801790000000000225e-02
8.926180000000000518e+02, -6.725170000000000314e-01
8.926349999999999909e+02, -2.545720000000000205e-01
8.926509999999999536e+02, -9.976659999999999695e-02
8.926680000000000064e+02, -4.051339999999999941e-01
8.926849999999999454e+02, 1.559800000000000075e+00
8.927010000000000218e+02, -6.398490000000000011e-01
8.927179999999999609e+02, -1.122770000000000046e+00
8.927350000000000136e+02, 1.311009999999999953e-01
8.927509999999999764e+02, 4.148459999999999925e-01
8.927680000000000291e+02, 9.798989999999999645e-01
8.927849999999999682e+02, 1.777420000000000000e+00
8.928010000000000446e+02, -1.334190000000000098e-01
8.928179999999999836e+02, -3.055990000000000095e-01
8.928350000000000364e+02, -2.365349999999999842e+00
8.928509999999999991e+02, -1.239109999999999934e+00
8.928680000000000518e+02, 1.622329999999999883e-01
8.928849999999999909e+02, 1.147710000000000008e+00
8.929009999999999536e+02, -4.006990000000000274e-01
8.929180000000000064e+02, 6.925449999999999662e-02
8.929349999999999454e+02, -3.732420000000000182e-01
8.929510000000000218e+02, 9.593599999999999905e-01
8.929679999999999609e+02, 1.300059999999999993e+00
8.929850000000000136e+02, -5.959470000000000045e-01
8.930009999999999764e+02, 1.042089999999999961e+00
8.930180000000000291e+02, -2.545880000000000018e-02
8.930349999999999682e+02, -9.704359999999999653e-01
8.930510000000000446e+02, 5.566920000000000202e-02
8.930679999999999836e+02, -3.191999999999999837e-01
8.930850000000000364e+02, -8.672220000000000484e-01
8.931009999999999991e+02, -4.022789999999999977e-01
8.931180000000000518e+02, 4.457999999999999741e-01
8.931349999999999909e+02, 1.153129999999999988e+00
8.931509999999999536e+02, 7.044089999999999518e-01
8.931680000000000064e+02, 2.448599999999999943e-01
8.931849999999999454e+02, -2.531599999999999961e-01
8.932010000000000218e+02, -1.814419999999999922e-01
8.932179999999999609e+02, -1.624130000000000074e+00
8.932350000000000136e+02, -1.234909999999999952e+00
8.932509999999999764e+02, -1.060329999999999995e+00
8.932680000000000291e+02, 1.267320000000000002e+00
8.932849999999999682e+02, 1.565760000000000041e+00
8.933010000000000446e+02, 1.790499999999999980e+00
8.933179999999999836e+02, -2.185080000000000078e-01
8.933350000000000364e+02, -1.973160000000000025e+00
8.933509999999999991e+02, -8.559050000000000269e-01
8.933680000000000518e+02, 8.125090000000000368e-01
8.933849999999999909e+02, 1.414759999999999907e-01
8.934009999999999536e+02, 9.062360000000000415e-01
8.934180000000000064e+02, 4.550529999999999853e-01
8.934349999999999454e+02, 5.200179999999999803e-01
8.934510000000000218e+02, -2.578159999999999896e-01
8.934679999999999609e+02, 6.297329999999999872e-01
8.934850000000000136e+02, 5.683389999999999970e-02
8.935009999999999764e+02, 2.499290000000000123e-01
8.935180000000000291e+02, -1.595370000000000121e-01
8.935349999999999682e+02, -1.636869999999999992e-01
8.935510000000000446e+02, -9.600610000000000532e-01
8.935679999999999836e+02, 3.202610000000000179e-01
8.935850000000000364e+02, -2.209820000000000118e-01
8.936009999999999991e+02, 2.131550000000000111e-01
8.936180000000000518e+02, -1.816959999999999964e-01
8.936349999999999909e+02, -1.436569999999999903e+00
8.936509999999999536e+02, -1.133159999999999945e+00
8.936680000000000064e+02, -3.304750000000000187e-01
8.936849999999999454e+02, -1.180739999999999984e-01
8.937010000000000218e+02, -1.089769999999999905e+00
8.937179999999999609e+02, 2.257179999999999964e+00
8.937350000000000136e+02, 5.330839999999999884e-02
8.937509999999999764e+02, 7.759470000000000534e-01
8.937680000000000291e+02, 1.294200000000000017e+00
8.937849999999999682e+02, 6.489139999999999908e-01
8.938010000000000446e+02, 6.817790000000000239e-01
8.938179999999999836e+02, 2.305879999999999874e-01
8.938350000000000364e+02, 9.156390000000000362e-02
8.938509999999999991e+02, -5.772680000000000033e-01
8.938680000000000518e+02, -8.837230000000000363e-01
8.938849999999999909e+02, -2.290140000000000065e+00
8.939009999999999536e+02, -1.249840000000000062e+00
8.939180000000000064e+02, -2.390859999999999930e-01
8.939349999999999454e+02, -2.689630000000000076e-01
8.939510000000000218e+02, -3.815129999999999910e-01
8.939679999999999609e+02, 3.145129999999999870e-01
8.939850000000000136e+02, 1.238400000000000056e-01
8.940009999999999764e+02, -2.060740000000000072e-01
8.940180000000000291e+02, -7.525479999999999947e-01
8.940349999999999682e+02, 7.200779999999999959e-01
8.940510000000000446e+02, -1.191089999999999982e+00
8.940679999999999836e+02, -2.678459999999999730e-01
8.940850000000000364e+02, -2.965169999999999750e-01
8.941009999999999991e+02, 2.510720000000000174e-01
8.941180000000000518e+02, -6.751139999999999919e-02
8.941349999999999909e+02, 8.088030000000000497e-01
8.941509999999999536e+02, 5.690399999999999903e-01
8.941680000000000064e+02, 9.950069999999999748e-01
8.941849999999999454e+02, 7.079459999999999642e-01
8.942010000000000218e+02, 5.782290000000000346e-02
8.942179999999999609e+02, -5.767959999999999754e-01
8.942350000000000136e+02, -4.770059999999999856e-01
8.942509999999999764e+02, -1.117899999999999894e+00
8.942680000000000291e+02, -1.635829999999999895e+00
8.942849999999999682e+02, -5.845650000000000013e-01
8.943010000000000446e+02, -9.492699999999999472e-01
8.943179999999999836e+02, -1.298700000000000132e-01
8.943350000000000364e+02, -4.342030000000000056e-01
8.943509999999999991e+02, 3.261899999999999800e-01
8.943680000000000518e+02, 2.293169999999999931e-01
8.943849999999999909e+02, 1.028729999999999922e+00
8.944009999999999536e+02, 6.397380000000000289e-01
8.944180000000000064e+02, 1.102160000000000029e+00
8.944349999999999454e+02, -6.860730000000000439e-01
8.944510000000000218e+02, -9.724679999999999991e-01
8.944679999999999609e+02, -3.948289999999999855e-01
8.944850000000000136e+02, -4.400020000000000042e-01
8.945009999999999764e+02, -9.381950000000000012e-01
8.945180000000000291e+02, 7.777770000000000516e-01
8.945349999999999682e+02, 2.202500000000000013e-01
8.945510000000000446e+02, 1.113709999999999978e+00
8.945679999999999836e+02, -3.044840000000000046e-03
8.945850000000000364e+02, 7.721900000000000430e-01
8.946009999999999991e+02, 1.453540000000000054e+00
8.946180000000000518e+02, 1.495079999999999965e+00
8.946349999999999909e+02, 5.727729999999999766e-01
8.946509999999999536e+02, -6.050919999999999632e-01
8.946680000000000064e+02, -2.998839999999999839e-01
8.946849999999999454e+02, -4.801190000000000180e-01
8.947010000000000218e+02, -1.548529999999999962e+00
8.947179999999999609e+02, 1.148390000000000022e+00
8.947350000000000136e+02, -9.912050000000000027e-01
8.947509999999999764e+02, -4.336860000000000159e-01
8.947680000000000291e+02, 5.405180000000000540e-01
8.947849999999999682e+02, -4.538179999999999992e-01
8.948010000000000446e+02, 8.869799999999999907e-01
8.948179999999999836e+02, -2.561580000000000107e-02
8.948350000000000364e+02, 6.348840000000000039e-02
8.948509999999999991e+02, -7.316660000000000386e-01
8.948680000000000518e+02, 1.713840000000000086e-01
8.948849999999999909e+02, 2.677050000000000263e-01
8.949009999999999536e+02, -5.159049999999999470e-01
8.949180000000000064e+02, 1.031439999999999912e+00
8.949349999999999454e+02, -3.097500000000000253e-01
8.949510000000000218e+02, -9.714530000000000109e-01
8.949679999999999609e+02, 4.079349999999999921e-01
8.949850000000000136e+02, -8.398880000000000234e-02
8.950009999999999764e+02, 3.285910000000000220e-01
8.950180000000000291e+02, 1.019139999999999935e+00
8.950349999999999682e+02, 4.723379999999999801e-01
8.950510000000000446e+02, 3.494070000000000231e-01
8.950679999999999836e+02, 6.792719999999999869e-01
8.950850000000000364e+02, -2.851940000000000031e-01
8.951009999999999991e+02, -2.586600000000000010e-01
8.951180000000000518e+02, 5.422190000000000065e-01
8.951349999999999909e+02, -7.589240000000000430e-01
8.951509999999999536e+02, -8.512170000000000014e-01
8.951680000000000064e+02, 5.436819999999999986e-01
8.951849999999999454e+02, -7.896619999999999751e-01
8.952010000000000218e+02, 3.830020000000000091e-01
8.952179999999999609e+02, 5.037059999999999871e-01
8.952350000000000136e+02, -6.995719999999999716e-02
8.952509999999999764e+02, 6.769800000000000262e-01
8.952680000000000291e+02, 8.856880000000000308e-01
8.952849999999999682e+02, 7.121600000000000152e-01
8.953010000000000446e+02, -7.842489999999999739e-01
8.953179999999999836e+02, -6.739749999999999908e-01
8.953350000000000364e+02, -3.453780000000000183e-01
8.953509999999999991e+02, -2.403359999999999941e-01
8.953680000000000518e+02, 1.263720000000000121e-01
8.953849999999999909e+02, 1.565299999999999914e+00
8.954009999999999536e+02, 8.657240000000000490e-01
8.954180000000000064e+02, -4.940479999999999872e-01
8.954349999999999454e+02, 1.936539999999999928e-01
8.954510000000000218e+02, 1.065069999999999961e+00
8.954679999999999609e+02, 1.955389999999999906e-01
8.954850000000000136e+02, 7.891219999999999901e-01
8.955009999999999764e+02, 8.821750000000000425e-01
8.955180000000000291e+02, -1.097859999999999947e-01
8.955349999999999682e+02, 9.596559999999999813e-02
8.955510000000000446e+02, 5.788870000000000404e-01
8.955679999999999836e+02, 5.016279999999999628e-01
8.955850000000000364e+02, 7.084350000000000369e-01
8.956009999999999991e+02, 6.712129999999999486e-01
8.956180000000000518e+02, 2.100219999999999865e-01
8.956349999999999909e+02, 9.352309999999999790e-02
8.956509999999999536e+02, 8.154590000000000449e-01
8.956680000000000064e+02, 9.146469999999999878e-01
8.956849999999999454e+02, 5.406140000000000390e-01
8.957010000000000218e+02, 9.103099999999999525e-01
8.957179999999999609e+02, -3.353659999999999974e-01
8.957350000000000136e+02, -3.443390000000000062e-01
8.957509999999999764e+02, 7.798100000000000032e-01
8.957680000000000291e+02, 4.153660000000000130e-01
8.957849999999999682e+02, 3.584260000000000224e-01
8.958010000000000446e+02, 2.413339999999999930e-01
8.958179999999999836e+02, 1.056449999999999889e+00
8.958350000000000364e+02, -1.023200000000000109e+00
8.958509999999999991e+02, 5.061959999999999793e-01
8.958680000000000518e+02, 1.263759999999999883e-01
8.958849999999999909e+02, -1.477349999999999941e+00
8.959009999999999536e+02, 2.067180000000000129e-01
8.959180000000000064e+02, -1.094179999999999930e+00
8.959349999999999454e+02, -4.677000000000000046e-01
8.959510000000000218e+02, -3.876299999999999746e-01
8.959679999999999609e+02, 1.143580000000000013e-01
8.959850000000000136e+02, -1.173010000000000108e+00
8.960009999999999764e+02, 1.138879999999999892e+00
8.960180000000000291e+02, -9.970329999999999471e-01
8.960349999999999682e+02, -3.840729999999999977e-01
8.960510000000000446e+02, 1.043530000000000069e+00
8.960679999999999836e+02, 6.937740000000000018e-01
8.960850000000000364e+02, 1.453049999999999897e-01
8.961009999999999991e+02, -1.590789999999999982e-01
8.961180000000000518e+02, -3.685950000000000060e-01
8.961349999999999909e+02, 8.925199999999999800e-01
8.961509999999999536e+02, -2.814570000000000127e-01
8.961680000000000064e+02, 9.482749999999999790e-01
8.961849999999999454e+02, -2.852540000000000076e-01
8.962010000000000218e+02, -2.392320000000000002e-01
8.962179999999999609e+02, 4.892460000000000142e-01
8.962350000000000136e+02, 2.152350000000000096e-01
8.962509999999999764e+02, 2.567329999999999890e-01
8.962680000000000291e+02, 3.067329999999999779e-01
8.962849999999999682e+02, -2.018050000000000122e-01
8.963010000000000446e+02, -7.164350000000000440e-01
8.963179999999999836e+02, -6.132349999999999746e-01
8.963350000000000364e+02, -5.047000000000000375e-01
8.963509999999999991e+02, -2.327519999999999867e-01
8.963680000000000518e+02, 4.335970000000000102e-02
8.963849999999999909e+02, 1.443919999999999926e-01
8.964009999999999536e+02, 1.200309999999999988e+00
8.964180000000000064e+02, -4.947639999999999816e-01
8.964349999999999454e+02, -1.815700000000000092e-01
8.964510000000000218e+02, -9.158659999999999579e-01
8.964679999999999609e+02, 1.557010000000000061e-01
8.964850000000000136e+02, -1.230850000000000000e-02
8.965009999999999764e+02, -1.240720000000000017e-01
8.965180000000000291e+02, 2.445430000000000104e-01
8.965349999999999682e+02, -3.707010000000000027e-01
8.965510000000000446e+02, -3.240569999999999840e-01
8.965679999999999836e+02, 1.057509999999999950e+00
8.965850000000000364e+02, 1.478650000000000020e+00
8.966009999999999991e+02, -5.834279999999999466e-01
8.966180000000000518e+02, -8.179830000000000156e-01
8.966349999999999909e+02, -6.341020000000000545e-01
8.966509999999999536e+02, -9.472679999999999989e-02
8.966680000000000064e+02, 1.730780000000000166e-02
8.966849999999999454e+02, -6.220930000000000071e-01
8.967010000000000218e+02, -2.744750000000000245e-01
8.967179999999999609e+02, 1.543120000000000047e-01
8.967350000000000136e+02, 7.574149999999999494e-01
8.967509999999999764e+02, 1.315260000000000096e+00
8.967680000000000291e+02, -1.147780000000000050e-01
8.967849999999999682e+02, -1.452269999999999950e+00
8.968010000000000446e+02, -1.340019999999999989e+00
8.968179999999999836e+02, -2.009430000000000105e-01
8.968350000000000364e+02, -1.212730000000000086e+00
8.968509999999999991e+02, 1.237079999999999985e-01
8.968680000000000518e+02, 1.866039999999999921e-01
8.968849999999999909e+02, -9.826479999999999937e-02
8.969009999999999536e+02, -3.435099999999999820e-01
8.969180000000000064e+02, 1.059239999999999959e+00
8.969349999999999454e+02, 3.706010000000000137e-01
8.969510000000000218e+02, -8.478989999999999583e-01
8.969679999999999609e+02, -2.779170000000000251e-01
8.969850000000000136e+02, 1.235360000000000014e+00
8.970009999999999764e+02, 9.161200000000000454e-01
8.970180000000000291e+02, -1.532610000000000083e-01
8.970349999999999682e+02, 1.043940000000000090e+00
8.970510000000000446e+02, -2.565979999999999928e-01
8.970679999999999836e+02, 9.597069999999999768e-01
8.970850000000000364e+02, 6.118500000000000327e-02
8.971009999999999991e+02, -7.117259999999999698e-01
8.971180000000000518e+02, -1.685929999999999929e+00
8.971349999999999909e+02, -1.534610000000000030e+00
8.971509999999999536e+02, 2.392909999999999829e-02
8.971680000000000064e+02, 2.270339999999999858e-02
8.971849999999999454e+02, 6.055719999999999992e-01
8.972010000000000218e+02, -6.046650000000000080e-01
8.972179999999999609e+02, -2.838339999999999752e-01
8.972350000000000136e+02, -7.847790000000000044e-01
8.972509999999999764e+02, -5.681920000000000304e-01
8.972680000000000291e+02, 1.009079999999999977e+00
8.972849999999999682e+02, 1.785970000000000057e-01
8.973010000000000446e+02, 1.605320000000000080e+00
8.973179999999999836e+02, 1.141310000000000047e+00
8.973350000000000364e+02, 8.033930000000000238e-01
8.973509999999999991e+02, -6.900319999999999787e-01
8.973680000000000518e+02, -7.306430000000000424e-01
8.973849999999999909e+02, 3.903630000000000155e-01
8.974009999999999536e+02, -1.459240000000000093e+00
8.974180000000000064e+02, -1.103239999999999998e+00
8.974349999999999454e+02, 3.220470000000000277e-01
8.974510000000000218e+02, 8.469640000000000502e-01
8.974679999999999609e+02, -7.470630000000000326e-01
8.974850000000000136e+02, -1.720780000000000087e-01
8.975009999999999764e+02, -3.403439999999999799e-01
8.975180000000000291e+02, -1.509130000000000082e+00
8.975349999999999682e+02, 1.928299999999999903e+00
8.975510000000000446e+02, 1.089639999999999942e+00
8.975679999999999836e+02, 5.052360000000000184e-01
8.975850000000000364e+02, 1.474699999999999900e+00
8.976009999999999991e+02, 4.988330000000000264e-01
8.976180000000000518e+02, 3.622549999999999937e-01
8.976349999999999909e+02, -4.793399999999999883e-01
8.976509999999999536e+02, -7.643459999999999699e-01
8.976680000000000064e+02, -9.482639999999999958e-01
8.976849999999999454e+02, -8.005590000000000206e-01
8.977010000000000218e+02, 1.197529999999999983e+00
8.977179999999999609e+02, 6.382010000000000183e-01
8.977350000000000136e+02, -2.446820000000000106e-01
8.977509999999999764e+02, -1.754150000000000098e+00
8.977680000000000291e+02, 1.877310000000000090e-01
8.977849999999999682e+02, -4.483320000000000083e-01
8.978010000000000446e+02, -1.375369999999999926e-01
8.978179999999999836e+02, -3.156329999999999969e-01
8.978350000000000364e+02, 3.681909999999999905e-01
8.978509999999999991e+02, 1.052769999999999984e+00
8.978680000000000518e+02, 1.254829999999999890e+00
8.978849999999999909e+02, -5.239599999999999813e-01
8.979009999999999536e+02, 7.075930000000000275e-01
8.979180000000000064e+02, 3.602969999999999784e-01
8.979349999999999454e+02, -1.991519999999999957e-01
8.979510000000000218e+02, 8.826319999999999999e-02
8.979679999999999609e+02, -1.777169999999999916e+00
8.979850000000000136e+02, 2.078099999999999947e-01
8.980009999999999764e+02, -9.328030000000000488e-01
8.980180000000000291e+02, -2.503650000000000042e-01
8.980349999999999682e+02, 8.078060000000000240e-01
8.980510000000000446e+02, 1.214630000000000098e+00
8.980679999999999836e+02, 3.496770000000000156e-01
8.980850000000000364e+02, 3.616440000000000210e-01
8.981009999999999991e+02, 9.980200000000000182e-01
8.981180000000000518e+02, -8.462370000000000170e-01
8.981349999999999909e+02, -1.019760000000000000e+00
8.981509999999999536e+02, 1.646779999999999911e-01
8.981680000000000064e+02, -2.501559999999999895e-02
8.981849999999999454e+02, 2.502810000000000104e-02
8.982010000000000218e+02, -2.999979999999999869e-01
8.982179999999999609e+02, -1.528380000000000072e+00
8.982350000000000136e+02, -3.039909999999999834e-02
8.982509999999999764e+02, -7.992270000000000207e-01
8.982680000000000291e+02, -6.709509999999999641e-01
8.982849999999999682e+02, -1.850549999999999973e-01
8.983010000000000446e+02, -1.950250000000000039e+00
8.983179999999999836e+02, 3.969480000000000230e-01
8.983350000000000364e+02, -1.853920000000000012e-01
8.983509999999999991e+02, 2.712189999999999879e-01
8.983680000000000518e+02, 7.723400000000000265e-01
8.983849999999999909e+02, 4.312289999999999734e-01
8.984009999999999536e+02, 6.289770000000000083e-02
8.984180000000000064e+02, -1.378060000000000118e-01
8.984349999999999454e+02, -2.043489999999999807e+00
8.984510000000000218e+02, 1.769779999999999964e-01
8.984679999999999609e+02, 5.043130000000000113e-01
8.984850000000000136e+02, 6.085420000000000273e-01
8.985009999999999764e+02, -1.402740000000000098e-01
8.985180000000000291e+02, -1.161340000000000011e-01
8.985349999999999682e+02, 4.260379999999999723e-01
8.985510000000000446e+02, -1.567340000000000122e-01
8.985679999999999836e+02, -5.035359999999999836e-02
8.985850000000000364e+02, 7.671390000000000153e-01
8.986009999999999991e+02, -1.819280000000000008e+00
8.986180000000000518e+02, -5.912290000000000045e-01
8.986349999999999909e+02, 1.067190000000000083e+00
8.986509999999999536e+02, 7.958370000000000166e-01
8.986680000000000064e+02, 4.924359999999999848e-01
8.986849999999999454e+02, -4.697160000000000224e-01
8.987010000000000218e+02, -2.052449999999999886e+00
8.987179999999999609e+02, -9.043860000000000232e-01
8.987350000000000136e+02, 5.325290000000000301e-01
8.987509999999999764e+02, -6.268610000000000015e-01
8.987680000000000291e+02, 6.786309999999999842e-01
8.987849999999999682e+02, -5.972690000000000499e-01
8.988010000000000446e+02, -8.780400000000000427e-01
8.988179999999999836e+02, -1.919340000000000046e+00
8.988350000000000364e+02, 1.562739999999999962e-01
8.988509999999999991e+02, -1.404050000000000020e-01
8.988680000000000518e+02, 1.341059999999999919e+00
8.988849999999999909e+02, 5.218960000000000266e-01
8.989009999999999536e+02, 8.267620000000000524e-02
8.989180000000000064e+02, -2.384429999999999883e-01
8.989349999999999454e+02, -1.823970000000000091e+00
8.989510000000000218e+02, -2.168260000000000076e+00
8.989679999999999609e+02, -2.539580000000000171e-01
8.989850000000000136e+02, 1.209510000000000085e+00
8.990009999999999764e+02, 8.273800000000000043e-01
8.990180000000000291e+02, -1.625709999999999933e-01
8.990349999999999682e+02, -7.796840000000000437e-01
8.990510000000000446e+02, -9.427529999999999522e-01
8.990679999999999836e+02, 2.298689999999999900e-01
8.990850000000000364e+02, 4.290829999999999922e-01
8.991009999999999991e+02, -5.276699999999999724e-01
8.991180000000000518e+02, 1.545050000000000034e-01
8.991349999999999909e+02, 6.090670000000000250e-01
8.991509999999999536e+02, 6.083300000000000374e-01
8.991680000000000064e+02, 1.003109999999999946e+00
8.991849999999999454e+02, 1.529649999999999954e+00
8.992010000000000218e+02, 1.314030000000000031e+00
8.992179999999999609e+02, 1.132589999999999986e+00
8.992350000000000136e+02, -1.507410000000000139e-01
8.992509999999999764e+02, -2.346580000000000055e-01
8.992680000000000291e+02, -1.642390000000000017e+00
8.992849999999999682e+02, -9.693979999999999819e-01
8.993010000000000446e+02, -9.821720000000000450e-01
8.993179999999999836e+02, -8.648489999999999789e-01
8.993350000000000364e+02, 2.009319999999999995e-01
8.993509999999999991e+02, 7.838680000000000092e-01
8.993680000000000518e+02, 9.929440000000000488e-01
8.993849999999999909e+02, -7.924029999999999685e-01
8.994009999999999536e+02, -2.470799999999999941e-01
8.994180000000000064e+02, 4.096589999999999954e-01
8.994349999999999454e+02, -6.168780000000000374e-01
8.994510000000000218e+02, -3.546309999999999740e-01
8.994679999999999609e+02, 3.908209999999999740e-01
8.994850000000000136e+02, 5.580300000000000260e-01
8.995009999999999764e+02, -7.409310000000000063e-01
8.995180000000000291e+02, 7.275829999999999798e-01
8.995349999999999682e+02, -1.143520000000000092e+00
8.995510000000000446e+02, -3.308340000000000169e-01
8.995679999999999836e+02, 1.361250000000000071e+00
8.995850000000000364e+02, 2.104719999999999924e+00
8.996009999999999991e+02, 2.619159999999999822e-01
8.996180000000000518e+02, -1.008519999999999972e-01
8.996349999999999909e+02, -6.579720000000000013e-01
8.996509999999999536e+02, 1.557479999999999976e-02
8.996680000000000064e+02, -7.445530000000000204e-01
8.996849999999999454e+02, -1.642870000000000053e+00
8.997010000000000218e+02, -2.604350000000000276e-01
8.997179999999999609e+02, -7.317449999999999788e-01
8.997350000000000136e+02, -1.133030000000000009e-01
8.997509999999999764e+02, -4.116989999999999816e-01
8.997680000000000291e+02, 1.480420000000000069e-01
8.997849999999999682e+02, -5.645120000000000138e-01
8.998010000000000446e+02, -8.186579999999999968e-01
8.998179999999999836e+02, 2.191490000000000105e-01
8.998350000000000364e+02, -9.247560000000000502e-02
8.998509999999999991e+02, 8.878279999999999506e-01
8.998680000000000518e+02, 1.080489999999999950e+00
8.998849999999999909e+02, -3.717999999999999777e-02
8.999009999999999536e+02, 7.478420000000000067e-01
8.999180000000000064e+02, 4.905909999999999993e-01
8.999349999999999454e+02, -7.281710000000000127e-01
8.999510000000000218e+02, -5.043990000000000418e-01
8.999679999999999609e+02, -2.139189999999999980e-01
8.999850000000000136e+02, -4.348489999999999855e-01
9.000009999999999764e+02, 7.456139999999999990e-01
9.000180000000000291e+02, 1.236590000000000078e+00
9.000349999999999682e+02, 4.528460000000000263e-01
9.000510000000000446e+02, 5.515149999999999775e-01
9.000679999999999836e+02, 1.870739999999999903e-01
9.000850000000000364e+02, -5.684139999999999748e-01
9.001009999999999991e+02, 7.545620000000000105e-02
9.001180000000000518e+02, -8.846889999999999477e-01
9.001349999999999909e+02, -1.161319999999999908e+00
9.001509999999999536e+02, -2.535569999999999768e-01
9.001680000000000064e+02, 1.474840000000000040e-01
9.001849999999999454e+02, 3.303510000000000058e-01
9.002010000000000218e+02, -6.966440000000000410e-01
9.002179999999999609e+02, -3.844250000000000167e-01
9.002350000000000136e+02, -2.078710000000000002e-01
9.002509999999999764e+02, -3.640280000000000182e-01
9.002680000000000291e+02, -1.799880000000000091e-01
9.002849999999999682e+02, 1.167220000000000063e-01
9.003010000000000446e+02, 9.177800000000000402e-01
9.003179999999999836e+02, 1.885100000000000109e-01
9.003350000000000364e+02, 7.670829999999999593e-01
9.003509999999999991e+02, 5.166739999999999666e-01
9.003680000000000518e+02, -8.939949999999999841e-01
9.003849999999999909e+02, -6.606360000000000010e-01
9.004009999999999536e+02, 1.794449999999999934e-01
9.004180000000000064e+02, 1.152139999999999970e-01
9.004349999999999454e+02, 1.694180000000000019e+00
9.004510000000000218e+02, -4.242299999999999960e-01
9.004679999999999609e+02, -7.007259999999999600e-01
9.004850000000000136e+02, 7.828629999999999756e-01
9.005009999999999764e+02, -3.137099999999999889e-01
9.005180000000000291e+02, 3.206359999999999766e-01
9.005349999999999682e+02, 9.893220000000000347e-01
9.005510000000000446e+02, -7.913390000000000146e-01
9.005679999999999836e+02, -7.665300000000000447e-01
9.005850000000000364e+02, -2.705370000000000275e-01
9.006009999999999991e+02, 2.597220000000000084e-01
9.006180000000000518e+02, -4.650360000000000049e-01
9.006349999999999909e+02, -1.224909999999999943e+00
9.006509999999999536e+02, -5.529140000000000166e-01
9.006680000000000064e+02, -8.139440000000000008e-01
9.006849999999999454e+02, 5.535590000000000233e-01
9.007010000000000218e+02, 6.225779999999999648e-01
9.007179999999999609e+02, -4.415350000000000108e-01
9.007350000000000136e+02, 1.241639999999999966e-01
9.007509999999999764e+02, 1.506909999999999916e-01
9.007680000000000291e+02, -1.474159999999999915e+00
9.007849999999999682e+02, 3.644129999999999869e-01
9.008010000000000446e+02, -1.505290000000000017e+00
9.008179999999999836e+02, 2.809789999999999788e-01
9.008350000000000364e+02, 5.303550000000000209e-01
9.008509999999999991e+02, 1.858239999999999892e+00
9.008680000000000518e+02, 6.952679999999999971e-01
9.008849999999999909e+02, 2.808490000000000153e-01
9.009009999999999536e+02, -9.554619999999999780e-02
9.009180000000000064e+02, 4.624500000000000138e-02
9.009349999999999454e+02, -2.794309999999999850e-01
9.009510000000000218e+02, 1.094780000000000086e+00
9.009679999999999609e+02, 1.675870000000000137e-01
9.009850000000000136e+02, -5.213780000000000081e-01
9.010009999999999764e+02, 8.302070000000000283e-01
9.010180000000000291e+02, -1.304329999999999934e-01
9.010349999999999682e+02, -6.007770000000000055e-01
9.010510000000000446e+02, 5.724169999999999536e-01
9.010679999999999836e+02, -2.952400000000000024e-01
9.010850000000000364e+02, 3.170640000000000125e-01
9.011009999999999991e+02, 3.713600000000000234e-01
9.011180000000000518e+02, -1.177550000000000097e+00
9.011349999999999909e+02, -8.146090000000000275e-02
9.011509999999999536e+02, 9.904290000000000038e-01
9.011680000000000064e+02, 1.277009999999999978e+00
9.011849999999999454e+02, 3.218750000000000222e-01
9.012010000000000218e+02, 3.141559999999999908e-01
9.012179999999999609e+02, 7.658030000000000115e-01
9.012350000000000136e+02, -3.537509999999999960e-02
9.012509999999999764e+02, -1.146709999999999896e+00
9.012680000000000291e+02, -7.061560000000000059e-01
9.012849999999999682e+02, 1.059380000000000044e-01
9.013010000000000446e+02, -2.622019999999999906e-01
9.013179999999999836e+02, -8.014250000000000540e-01
9.013350000000000364e+02, 1.985689999999999955e-01
9.013509999999999991e+02, 4.796739999999999893e-01
9.013680000000000518e+02, 2.940110000000000223e-01
9.013849999999999909e+02, 2.567289999999999850e-01
9.014009999999999536e+02, -5.657229999999999759e-01
9.014180000000000064e+02, 3.047940000000000024e-02
9.014349999999999454e+02, -1.010259999999999936e+00
9.014510000000000218e+02, -1.047209999999999974e+00
9.014679999999999609e+02, -1.112169999999999964e-01
9.014850000000000136e+02, -4.809570000000000234e-01
9.015009999999999764e+02, -1.282719999999999971e-01
9.015180000000000291e+02, 1.146220000000000017e+00
9.015349999999999682e+02, -5.098599999999999799e-01
9.015510000000000446e+02, -1.264539999999999997e+00
9.015679999999999836e+02, -1.672250000000000014e+00
9.015850000000000364e+02, -5.893040000000000500e-01
9.016009999999999991e+02, -7.110349999999999726e-01
9.016180000000000518e+02, 1.359459999999999891e+00
9.016349999999999909e+02, 4.784950000000000037e-01
9.016509999999999536e+02, -1.259050000000000002e+00
9.016680000000000064e+02, -2.789170000000000260e-01
9.016849999999999454e+02, 2.984379999999999811e-01
9.017010000000000218e+02, 5.399599999999999955e-01
9.017179999999999609e+02, -4.772520000000000095e-01
9.017350000000000136e+02, -1.633079999999999948e-02
9.017509999999999764e+02, -4.818709999999999938e-01
9.017680000000000291e+02, 2.550359999999999849e-01
9.017849999999999682e+02, 9.303960000000000008e-01
9.018010000000000446e+02, 1.887060000000000126e-01
9.018179999999999836e+02, -1.359209999999999863e-01
9.018350000000000364e+02, 1.604289999999999994e+00
9.018509999999999991e+02, 8.067769999999999664e-01
9.018680000000000518e+02, 7.230659999999999865e-01
9.018849999999999909e+02, -5.834200000000000497e-01
9.019009999999999536e+02, -2.293789999999999996e+00
9.019180000000000064e+02, 6.119529999999999692e-01
9.019349999999999454e+02, 6.605779999999999985e-01
9.019510000000000218e+02, 5.624200000000000310e-01
9.019679999999999609e+02, 1.529250000000000054e-01
9.019850000000000136e+02, 4.855829999999999869e-01
9.020009999999999764e+02, 1.215170000000000083e+00
9.020180000000000291e+02, -2.282929999999999959e-01
9.020349999999999682e+02, 5.041120000000000045e-01
9.020510000000000446e+02, -1.606479999999999908e+00
9.020679999999999836e+02, -6.651740000000000430e-01
9.020850000000000364e+02, 6.954420000000000046e-01
9.021009999999999991e+02, -1.131299999999999972e+00
9.021180000000000518e+02, -1.744800000000000170e-02
9.021349999999999909e+02, 4.942699999999999871e-01
9.021509999999999536e+02, 1.670879999999999921e+00
9.021680000000000064e+02, -1.097560000000000063e-01
9.021849999999999454e+02, 2.199920000000000098e+00
9.022010000000000218e+02, 1.293479999999999963e+00
9.022179999999999609e+02, -2.201200000000000101e-01
9.022350000000000136e+02, -6.076310000000000322e-01
9.022509999999999764e+02, 1.969220000000000137e-01
9.022680000000000291e+02, -2.186580000000000121e-02
9.022849999999999682e+02, -8.443850000000000522e-01
9.023010000000000446e+02, -1.053239999999999954e+00
9.023179999999999836e+02, -4.611179999999999723e-01
9.023350000000000364e+02, -8.205989999999999673e-01
9.023509999999999991e+02, 1.360800000000000010e+00
9.023680000000000518e+02, 7.624170000000000114e-01
9.023849999999999909e+02, -8.246719999999999606e-01
9.024009999999999536e+02, -9.308739999999999792e-01
9.024180000000000064e+02, -1.462730000000000086e+00
9.024349999999999454e+02, 8.088039999999999674e-01
9.024510000000000218e+02, -3.831939999999999791e-01
9.024679999999999609e+02, 1.616570000000000062e+00
9.024850000000000136e+02, -8.831839999999999691e-01
9.025009999999999764e+02, -4.322139999999999871e-01
9.025180000000000291e+02, -6.977189999999999781e-01
9.025349999999999682e+02, -1.106570000000000054e+00
9.025510000000000446e+02, 1.618339999999999890e+00
9.025679999999999836e+02, 1.060829999999999967e-01
9.025850000000000364e+02, -4.159379999999999744e-01
9.026009999999999991e+02, 1.160199999999999947e-02
9.026180000000000518e+02, -7.331360000000000099e-01
9.026349999999999909e+02, -3.686869999999999870e-01
9.026509999999999536e+02, -4.902299999999999991e-01
9.026680000000000064e+02, 5.919619999999999882e-01
9.026849999999999454e+02, 2.213289999999999980e-01
9.027010000000000218e+02, 6.420090000000000519e-02
9.027179999999999609e+02, 2.171400000000000219e+00
9.027350000000000136e+02, -9.723690000000000389e-01
9.027509999999999764e+02, -4.558329999999999882e-01
9.027680000000000291e+02, -1.265560000000000018e+00
9.027849999999999682e+02, 9.735829999999999762e-01
9.028010000000000446e+02, 1.455570000000000030e+00
9.028179999999999836e+02, 1.431070000000000064e+00
9.028350000000000364e+02, 1.213789999999999925e+00
9.028509999999999991e+02, -1.498690000000000078e+00
9.028680000000000518e+02, 1.005989999999999940e+00
9.028849999999999909e+02, 1.023740000000000094e+00
9.029009999999999536e+02, 6.955000000000000071e-01
9.029180000000000064e+02, 9.812819999999999876e-01
9.029349999999999454e+02, -1.250770000000000007e-02
9.029510000000000218e+02, -1.561099999999999988e-01
9.029679999999999609e+02, 6.317300000000000137e-01
9.029850000000000136e+02, -4.641039999999999749e-02
9.030009999999999764e+02, 1.714920000000000055e-01
9.030180000000000291e+02, 4.881360000000000143e-01
9.030349999999999682e+02, -4.015469999999999873e-01
9.030510000000000446e+02, 1.095069999999999932e-01
9.030679999999999836e+02, 5.052419999999999689e-01
9.030850000000000364e+02, 2.121919999999999917e-01
9.031009999999999991e+02, 4.867279999999999940e-01
9.031180000000000518e+02, 9.128100000000000103e-01
9.031349999999999909e+02, -5.037939999999999641e-01
9.031509999999999536e+02, -1.843699999999999894e+00
9.031680000000000064e+02, -3.987229999999999941e-01
9.031849999999999454e+02, -4.768359999999999821e-01
9.032010000000000218e+02, -4.057009999999999783e-01
9.032179999999999609e+02, 1.231659999999999977e+00
9.032350000000000136e+02, 6.941610000000000280e-01
9.032509999999999764e+02, 7.670289999999999608e-01
9.032680000000000291e+02, 5.158669999999999645e-01
9.032849999999999682e+02, 9.191540000000000266e-01
9.033010000000000446e+02, 6.969640000000000279e-01
9.033179999999999836e+02, -2.861670000000000047e-01
9.033350000000000364e+02, -8.589320000000000288e-01
9.033509999999999991e+02, 2.781919999999999948e-01
9.033680000000000518e+02, 7.055780000000000385e-01
9.033849999999999909e+02, 5.072190000000000032e-02
9.034009999999999536e+02, 6.829210000000000003e-01
9.034180000000000064e+02, 4.064650000000000207e-01
9.034349999999999454e+02, 7.832500000000000573e-02
9.034510000000000218e+02, -1.141780000000000017e+00
9.034679999999999609e+02, 1.537069999999999929e-02
9.034850000000000136e+02, -1.036710000000000020e+00
9.035009999999999764e+02, -4.540290000000000159e-01
9.035180000000000291e+02, -9.854589999999999739e-01
9.035349999999999682e+02, -8.422690000000000454e-01
9.035510000000000446e+02, -4.863520000000000343e-02
9.035679999999999836e+02, 1.732220000000000093e+00
9.035850000000000364e+02, -7.350269999999999859e-01
9.036009999999999991e+02, -3.439350000000000046e-02
9.036180000000000518e+02, -2.572740000000000027e-01
9.036349999999999909e+02, -1.393720000000000070e+00
9.036509999999999536e+02, -4.422329999999999872e-01
9.036680000000000064e+02, -9.439349999999999685e-01
9.036849999999999454e+02, -3.735359999999999792e-01
9.037010000000000218e+02, 7.403279999999999861e-01
9.037179999999999609e+02, 2.023350000000000204e+00
9.037350000000000136e+02, 1.846129999999999993e-01
9.037509999999999764e+02, -1.534249999999999892e+00
9.037680000000000291e+02, 3.201069999999999749e-01
9.037849999999999682e+02, 3.242559999999999887e-01
9.038010000000000446e+02, -1.446500000000000008e-01
9.038179999999999836e+02, 1.401950000000000029e+00
9.038350000000000364e+02, 2.155660000000000076e-01
9.038509999999999991e+02, 1.214739999999999931e+00
9.038680000000000518e+02, -1.647790000000000088e-01
9.038849999999999909e+02, 3.688159999999999772e-01
9.039009999999999536e+02, -4.236219999999999986e-01
9.039180000000000064e+02, -9.975180000000000158e-02
9.039349999999999454e+02, -6.294640000000000235e-01
9.039510000000000218e+02, 4.524409999999999821e-01
9.039679999999999609e+02, 6.522689999999999877e-01
9.039850000000000136e+02, 5.164509999999999934e-01
9.040009999999999764e+02, -5.498830000000000107e-01
9.040180000000000291e+02, -1.680989999999999984e+00
9.040349999999999682e+02, -1.463440000000000074e+00
9.040510000000000446e+02, -2.810590000000000033e-01
9.040679999999999836e+02, 1.152719999999999967e+00
9.040850000000000364e+02, -9.108030000000000292e-02
9.041009999999999991e+02, -6.983599999999999808e-01
9.041180000000000518e+02, -8.812990000000000546e-01
9.041349999999999909e+02, -3.472680000000000211e-01
9.041509999999999536e+02, -4.096259999999999901e-01
9.041680000000000064e+02, -1.869220000000000048e-01
9.041849999999999454e+02, 5.386900000000000022e-01
9.042010000000000218e+02, 7.567110000000000503e-02
9.042179999999999609e+02, 2.611829999999999985e-01
9.042350000000000136e+02, -1.963479999999999948e-01
9.042509999999999764e+02, -5.294470000000000010e-01
9.042680000000000291e+02, -1.743330000000000046e+00
9.042849999999999682e+02, 9.729909999999999948e-02
9.043010000000000446e+02, -6.096679999999999877e-01
9.043179999999999836e+02, -9.494420000000000082e-01
9.043350000000000364e+02, 1.732809999999999906e-01
9.043509999999999991e+02, -1.484800000000000009e-01
9.043680000000000518e+02, -2.551720000000000099e-01
9.043849999999999909e+02, -1.944439999999999946e+00
9.044009999999999536e+02, -1.297030000000000127e-01
9.044180000000000064e+02, -2.456959999999999977e-01
9.044349999999999454e+02, 2.525180000000000202e+00
9.044510000000000218e+02, 1.504669999999999952e+00
9.044679999999999609e+02, 1.588019999999999987e+00
9.044850000000000136e+02, -9.526289999999999480e-01
9.045009999999999764e+02, 7.020349999999999646e-01
9.045180000000000291e+02, -8.461969999999999770e-01
9.045349999999999682e+02, -1.139170000000000044e-01
9.045510000000000446e+02, -8.551860000000000017e-01
9.045679999999999836e+02, -8.919740000000000446e-01
9.045850000000000364e+02, 5.540720000000000089e-01
9.046009999999999991e+02, -5.772549999999999626e-01
9.046180000000000518e+02, 4.447059999999999902e-02
9.046349999999999909e+02, -1.374949999999999894e+00
9.046509999999999536e+02, 4.347710000000000186e-01
9.046680000000000064e+02, -2.773399999999999754e-01
9.046849999999999454e+02, -3.463350000000000040e-01
9.047010000000000218e+02, -7.011929999999999552e-02
9.047179999999999609e+02, 1.163079999999999892e+00
9.047350000000000136e+02, 6.989670000000000050e-01
9.047509999999999764e+02, -5.228340000000000209e-01
9.047680000000000291e+02, 9.068570000000000242e-01
9.047849999999999682e+02, -4.807429999999999759e-01
9.048010000000000446e+02, -2.476299999999999890e-01
9.048179999999999836e+02, -2.245030000000000081e-01
9.048350000000000364e+02, -1.320250000000000035e-01
9.048509999999999991e+02, 8.981109999999999927e-01
9.048680000000000518e+02, -1.875870000000000037e-01
9.048849999999999909e+02, -3.752380000000000160e-01
9.049009999999999536e+02, -8.281739999999999657e-01
9.049180000000000064e+02, 1.568319999999999992e-01
9.049349999999999454e+02, 8.425080000000000346e-01
9.049510000000000218e+02, 1.842340000000000089e+00
9.049679999999999609e+02, -4.200849999999999862e-01
9.049850000000000136e+02, 8.445799999999999974e-01
9.050009999999999764e+02, 4.514690000000000092e-01
9.050180000000000291e+02, 2.491500000000000103e-01
9.050349999999999682e+02, -1.276969999999999938e+00
9.050510000000000446e+02, -8.600250000000000394e-01
9.050679999999999836e+02, -1.063229999999999897e+00
9.050850000000000364e+02, 4.449420000000000042e-01
9.051009999999999991e+02, 5.448820000000000052e-02
9.051180000000000518e+02, 8.414289999999999825e-01
9.051349999999999909e+02, -3.379489999999999994e-01
9.051509999999999536e+02, 5.395550000000000068e-01
9.051680000000000064e+02, -1.224320000000000075e+00
9.051849999999999454e+02, -9.066399999999999459e-02
9.052010000000000218e+02, -7.703970000000000262e-02
9.052179999999999609e+02, -1.392959999999999976e+00
9.052350000000000136e+02, -9.211559999999999748e-01
9.052509999999999764e+02, 2.071719999999999950e-01
9.052680000000000291e+02, 2.090789999999999871e-01
9.052849999999999682e+02, -1.450940000000000007e-01
9.053010000000000446e+02, -3.663649999999999962e-01
9.053179999999999836e+02, -8.102789999999999715e-01
9.053350000000000364e+02, -7.203260000000000218e-01
9.053509999999999991e+02, -3.468579999999999997e-01
9.053680000000000518e+02, 3.943309999999999871e-01
9.053849999999999909e+02, -4.509250000000000064e-02
9.054009999999999536e+02, -1.967770000000000075e-01
9.054180000000000064e+02, -7.438719999999999777e-01
9.054349999999999454e+02, 9.613680000000000003e-01
9.054510000000000218e+02, -2.934010000000000090e-02
9.054679999999999609e+02, -5.917820000000000302e-01
9.054850000000000136e+02, 8.411809999999999565e-01
9.055009999999999764e+02, -9.808329999999999826e-02
9.055180000000000291e+02, 5.074739999999999807e-01
9.055349999999999682e+02, 1.706239999999999979e+00
9.055510000000000446e+02, 1.857760000000000078e+00
9.055679999999999836e+02, 4.841520000000000268e-01
9.055850000000000364e+02, 1.382400000000000073e+00
9.056009999999999991e+02, 4.022240000000000260e-01
9.056180000000000518e+02, -7.947990000000000332e-01
9.056349999999999909e+02, -2.260209999999999830e+00
9.056509999999999536e+02, -4.823660000000000170e-01
9.056680000000000064e+02, 3.878699999999999926e-01
9.056849999999999454e+02, -1.307580000000000131e-01
9.057010000000000218e+02, 3.341770000000000018e-01
9.057179999999999609e+02, 6.101870000000000349e-01
9.057350000000000136e+02, 5.239869999999999806e-01
9.057509999999999764e+02, 5.467940000000000023e-01
9.057680000000000291e+02, 4.943209999999999965e-02
9.057849999999999682e+02, 1.176620000000000027e-01
9.058010000000000446e+02, -2.973199999999999732e-01
9.058179999999999836e+02, 4.096400000000000041e-01
9.058350000000000364e+02, -5.081590000000000273e-01
9.058509999999999991e+02, -4.092830000000000079e-01
9.058680000000000518e+02, -4.690199999999999925e-01
9.058849999999999909e+02, -8.480920000000000125e-02
9.059009999999999536e+02, 5.274670000000000192e-01
9.059180000000000064e+02, -1.758029999999999871e-01
9.059349999999999454e+02, -3.868670000000000164e-01
9.059510000000000218e+02, -2.056620000000000115e-01
9.059679999999999609e+02, -3.823739999999999917e-01
9.059850000000000136e+02, 8.341100000000000181e-01
9.060009999999999764e+02, 3.913470000000000004e-01
9.060180000000000291e+02, 2.618739999999999957e-01
9.060349999999999682e+02, 1.354370000000000018e-01
9.060510000000000446e+02, 3.916049999999999809e-01
9.060679999999999836e+02, -2.750670000000000059e-01
9.060850000000000364e+02, -9.966809999999999125e-04
9.061009999999999991e+02, -2.985309999999999908e-01
9.061180000000000518e+02, -4.461200000000000165e-01
9.061349999999999909e+02, 2.239770000000000094e-01
9.061509999999999536e+02, -2.384799999999999975e-01
9.061680000000000064e+02, 1.104309999999999903e+00
9.061849999999999454e+02, -4.271570000000000089e-01
9.062010000000000218e+02, 8.045630000000000281e-01
9.062179999999999609e+02, 9.406459999999999821e-01
9.062350000000000136e+02, -7.231800000000000450e-01
9.062509999999999764e+02, -4.700810000000000266e-01
9.062680000000000291e+02, 3.314010000000000011e-01
9.062849999999999682e+02, 3.782679999999999931e-01
9.063010000000000446e+02, 3.534619999999999984e-01
9.063179999999999836e+02, 2.077199999999999880e-01
9.063350000000000364e+02, -6.779589999999999783e-01
9.063509999999999991e+02, -1.819310000000000094e-01
9.063680000000000518e+02, 6.317540000000000378e-01
9.063849999999999909e+02, 1.198860000000000037e+00
9.064009999999999536e+02, 1.827350000000000085e-01
9.064180000000000064e+02, 2.960139999999999993e-01
9.064349999999999454e+02, -3.536269999999999691e-02
9.064510000000000218e+02, -9.013970000000000038e-01
9.064679999999999609e+02, 3.512989999999999724e-01
9.064850000000000136e+02, -8.151380000000000292e-01
9.065009999999999764e+02, -7.131290000000000129e-01
9.065180000000000291e+02, -1.133799999999999919e+00
9.065349999999999682e+02, 1.333760000000000057e+00
9.065510000000000446e+02, -1.169010000000000105e+00
9.065679999999999836e+02, -1.039360000000000062e+00
9.065850000000000364e+02, -8.238659999999999872e-01
9.066009999999999991e+02, 1.091369999999999979e-01
9.066180000000000518e+02, 3.916879999999999806e-01
9.066349999999999909e+02, 7.066769999999999996e-01
9.066509999999999536e+02, 9.509560000000000235e-01
9.066680000000000064e+02, 9.942569999999999464e-01
9.066849999999999454e+02, 2.505649999999999822e-01
9.067010000000000218e+02, 1.562349999999999905e+00
9.067179999999999609e+02, 3.126570000000000182e-01
9.067350000000000136e+02, 1.738480000000000025e-01
9.067509999999999764e+02, -3.579789999999999917e-01
9.067680000000000291e+02, -6.705940000000000512e-02
9.067849999999999682e+02, 8.428719999999999546e-01
9.068010000000000446e+02, 2.166750000000000065e-01
9.068179999999999836e+02, -5.591660000000000519e-01
9.068350000000000364e+02, 6.230210000000000470e-01
9.068509999999999991e+02, 1.140540000000000109e+00
9.068680000000000518e+02, 4.082709999999999950e-01
9.068849999999999909e+02, -1.062759999999999927e+00
9.069009999999999536e+02, -8.431800000000000406e-01
9.069180000000000064e+02, -3.370310000000000250e-01
9.069349999999999454e+02, 1.764780000000000015e+00
9.069510000000000218e+02, 6.287409999999999943e-01
9.069679999999999609e+02, 2.132169999999999899e-02
9.069850000000000136e+02, 2.696029999999999816e-01
9.070009999999999764e+02, -2.015949999999999964e-01
9.070180000000000291e+02, 2.488380000000000036e-01
9.070349999999999682e+02, -2.515490000000000226e-01
9.070510000000000446e+02, -1.936529999999999918e-01
9.070679999999999836e+02, 5.319749999999999757e-01
9.070850000000000364e+02, 7.607969999999999455e-01
9.071009999999999991e+02, 2.846219999999999861e-01
9.071180000000000518e+02, -1.324820000000000109e+00
9.071349999999999909e+02, -2.786260000000000125e-02
9.071509999999999536e+02, -8.527460000000000040e-01
9.071680000000000064e+02, 4.090559999999999752e-01
9.071849999999999454e+02, 1.984680000000000000e+00
9.072010000000000218e+02, -3.809029999999999916e-01
9.072179999999999609e+02, 7.269309999999999938e-01
9.072350000000000136e+02, 3.459369999999999945e-01
9.072509999999999764e+02, 1.986320000000000030e-01
9.072680000000000291e+02, 5.313499999999999890e-01
9.072849999999999682e+02, -5.001090000000000257e-01
9.073010000000000446e+02, -1.601690000000000058e+00
9.073179999999999836e+02, 3.148239999999999927e-01
9.073350000000000364e+02, 1.031689999999999996e+00
9.073509999999999991e+02, 4.447539999999999827e-01
9.073680000000000518e+02, 9.789149999999999796e-01
9.073849999999999909e+02, 1.056319999999999926e+00
9.074009999999999536e+02, 1.270219999999999905e+00
9.074180000000000064e+02, 1.046810000000000018e+00
9.074349999999999454e+02, 1.666350000000000053e-01
9.074510000000000218e+02, -9.666649999999999965e-01
9.074679999999999609e+02, -8.442910000000000137e-01
9.074850000000000136e+02, -1.488699999999999912e+00
9.075009999999999764e+02, -8.357019999999999449e-01
9.075180000000000291e+02, -1.816200000000000037e-01
9.075349999999999682e+02, -2.515380000000000046e-02
9.075510000000000446e+02, 2.268870000000000053e-01
9.075679999999999836e+02, 3.452179999999999832e-02
9.075850000000000364e+02, 6.259789999999999521e-01
9.076009999999999991e+02, 1.688469999999999971e-01
9.076180000000000518e+02, 1.148770000000000069e+00
9.076349999999999909e+02, -3.126430000000000042e-01
9.076509999999999536e+02, 7.008999999999999675e-01
9.076680000000000064e+02, -4.732789999999999914e-02
9.076849999999999454e+02, -2.934610000000000274e-01
9.077010000000000218e+02, 7.519799999999999818e-01
9.077179999999999609e+02, -3.081709999999999727e-01
9.077350000000000136e+02, 1.314609999999999945e-01
9.077509999999999764e+02, -1.230860000000000065e+00
9.077680000000000291e+02, -2.264790000000000136e-01
9.077849999999999682e+02, 4.626720000000000277e-01
9.078010000000000446e+02, 1.132749999999999924e+00
9.078179999999999836e+02, 4.390359999999999818e-01
9.078350000000000364e+02, -5.463400000000000201e-02
9.078509999999999991e+02, -2.149890000000000079e+00
9.078680000000000518e+02, -7.154260000000000064e-01
9.078849999999999909e+02, 1.301260000000000083e+00
9.079009999999999536e+02, 5.767729999999999801e-01
9.079180000000000064e+02, 7.043059999999999876e-01
9.079349999999999454e+02, 6.107989999999999808e-01
9.079510000000000218e+02, -1.102009999999999969e-02
9.079679999999999609e+02, -9.038190000000000390e-01
9.079850000000000136e+02, -4.445749999999999980e-01
9.080009999999999764e+02, -2.709320000000000062e-01
9.080180000000000291e+02, 1.603890000000000038e+00
9.080349999999999682e+02, 9.585470000000000379e-01
9.080510000000000446e+02, -7.128949999999999454e-01
9.080679999999999836e+02, -1.019150000000000056e-01
9.080850000000000364e+02, 6.397030000000000216e-01
9.081009999999999991e+02, 3.225350000000000161e-01
9.081180000000000518e+02, -7.214009999999999589e-01
9.081349999999999909e+02, 1.062289999999999957e+00
9.081509999999999536e+02, -3.144729999999999748e-02
9.081680000000000064e+02, 7.783839999999999648e-01
9.081849999999999454e+02, -9.762229999999999519e-01
9.082010000000000218e+02, -2.932679999999999731e-01
9.082179999999999609e+02, -5.931240000000000123e-02
9.082350000000000136e+02, -1.368100000000000094e+00
9.082509999999999764e+02, -8.936979999999999924e-02
9.082680000000000291e+02, 1.831360000000000099e+00
9.082849999999999682e+02, -1.165820000000000051e-01
9.083010000000000446e+02, 8.321039999999999548e-01
9.083179999999999836e+02, 6.380630000000000468e-01
9.083350000000000364e+02, 5.993540000000000534e-01
9.083509999999999991e+02, -6.914959999999999996e-01
9.083680000000000518e+02, -3.031229999999999758e-01
9.083849999999999909e+02, 2.550799999999999734e-01
9.084009999999999536e+02, 4.949109999999999898e-01
9.084180000000000064e+02, 3.841140000000000110e-01
9.084349999999999454e+02, 3.469639999999999946e-01
9.084510000000000218e+02, 1.618870000000000031e-01
9.084679999999999609e+02, 6.657819999999999849e-01
9.084850000000000136e+02, -8.708559999999999912e-02
9.085009999999999764e+02, 3.807969999999999966e-01
9.085180000000000291e+02, 1.544229999999999992e+00
9.085349999999999682e+02, -4.250610000000000221e-01
9.085510000000000446e+02, -8.645300000000000207e-01
9.085679999999999836e+02, -1.256150000000000100e+00
9.085850000000000364e+02, 2.118410000000000015e-01
9.086009999999999991e+02, -5.423590000000000355e-01
9.086180000000000518e+02, -2.281769999999999909e-01
9.086349999999999909e+02, -9.661119999999999708e-01
9.086509999999999536e+02, 7.094549999999999468e-01
9.086680000000000064e+02, 5.821619999999999573e-01
9.086849999999999454e+02, 2.246819999999999928e-01
9.087010000000000218e+02, 1.544480000000000075e+00
9.087179999999999609e+02, -4.084969999999999990e-01
9.087350000000000136e+02, 5.012450000000000239e-02
9.087509999999999764e+02, -7.112899999999999778e-01
9.087680000000000291e+02, 9.721830000000000194e-01
9.087849999999999682e+02, 1.292859999999999898e+00
9.088010000000000446e+02, -2.886360000000000037e-01
9.088179999999999836e+02, -1.254809999999999981e+00
9.088350000000000364e+02, -1.212889999999999975e-02
9.088509999999999991e+02, 4.047990000000000199e-01
9.088680000000000518e+02, -4.563809999999999811e-01
9.088849999999999909e+02, 2.147699999999999942e+00
9.089009999999999536e+02, -2.627419999999999756e-01
9.089180000000000064e+02, -6.537629999999999830e-02
9.089349999999999454e+02, -4.949770000000000003e-01
9.089510000000000218e+02, 2.682160000000000100e-01
9.089679999999999609e+02, 8.583220000000000294e-01
9.089850000000000136e+02, 1.126460000000000017e+00
9.090009999999999764e+02, -7.931319999999999482e-01
9.090180000000000291e+02, -8.202300000000000146e-01
9.090349999999999682e+02, -1.694550000000000001e+00
9.090510000000000446e+02, -3.456429999999999780e-01
9.090679999999999836e+02, -1.383449999999999958e-01
9.090850000000000364e+02, 1.202789999999999936e-02
9.091009999999999991e+02, 1.327039999999999997e+00
9.091180000000000518e+02, -1.539109999999999923e-01
9.091349999999999909e+02, 6.008900000000000352e-01
9.091509999999999536e+02, 1.403559999999999919e+00
9.091680000000000064e+02, 1.382500000000000062e+00
9.091849999999999454e+02, 7.648260000000000058e-01
9.092010000000000218e+02, 3.512290000000000134e-01
9.092179999999999609e+02, -7.899429999999999508e-01
9.092350000000000136e+02, -1.462990000000000013e+00
9.092509999999999764e+02, -1.283379999999999965e+00
9.092680000000000291e+02, 2.662220000000000142e-01
9.092849999999999682e+02, -9.666829999999999590e-01
9.093010000000000446e+02, 4.441370000000000040e-01
9.093179999999999836e+02, -1.029570000000000096e+00
9.093350000000000364e+02, -1.554629999999999956e+00
9.093509999999999991e+02, -2.966039999999999788e-01
9.093680000000000518e+02, 9.955399999999999805e-01
9.093849999999999909e+02, 4.303830000000000156e-01
9.094009999999999536e+02, 2.649290000000000256e-01
9.094180000000000064e+02, 1.905489999999999906e+00
9.094349999999999454e+02, 7.599190000000000111e-01
9.094510000000000218e+02, -4.532379999999999742e-01
9.094679999999999609e+02, -7.078459999999999752e-01
9.094850000000000136e+02, -1.460229999999999917e+00
9.095009999999999764e+02, 6.235920000000000352e-01
9.095180000000000291e+02, 5.242649999999999810e-01
9.095349999999999682e+02, 1.625209999999999849e-02
9.095510000000000446e+02, -2.669090000000000074e-01
9.095679999999999836e+02, 1.579769999999999897e+00
9.095850000000000364e+02, 3.500909999999999855e-01
9.096009999999999991e+02, -1.843799999999999883e-01
9.096180000000000518e+02, 3.114309999999999995e-02
9.096349999999999909e+02, 1.547290000000000054e-01
9.096509999999999536e+02, -1.031009999999999982e-01
9.096680000000000064e+02, 9.620239999999999903e-01
9.096849999999999454e+02, 1.723419999999999952e+00
9.097010000000000218e+02, -3.369690000000000185e-01
9.097179999999999609e+02, -2.762149999999999883e-01
9.097350000000000136e+02, -5.665689999999999893e-01
9.097509999999999764e+02, -1.199170000000000069e+00
9.097680000000000291e+02, 7.894170000000000353e-01
9.097849999999999682e+02, -1.276860000000000106e+00
9.098010000000000446e+02, -1.214900000000000091e+00
9.098179999999999836e+02, -1.175550000000000095e+00
9.098350000000000364e+02, -1.932150000000000034e+00
9.098509999999999991e+02, -9.642450000000000188e-01
9.098680000000000518e+02, -4.712160000000000237e-01
9.098849999999999909e+02, -7.915849999999999831e-01
9.099009999999999536e+02, -1.303279999999999994e+00
9.099180000000000064e+02, -3.082799999999999985e-01
9.099349999999999454e+02, 6.680099999999999927e-01
9.099510000000000218e+02, 1.488420000000000076e+00
9.099679999999999609e+02, 1.549400000000000110e+00
9.099850000000000136e+02, 1.621390000000000053e-01
9.100009999999999764e+02, -1.364950000000000108e+00
9.100180000000000291e+02, 7.264920000000000232e-03
9.100349999999999682e+02, -2.830969999999999875e-01
9.100510000000000446e+02, 2.866900000000000004e-01
9.100679999999999836e+02, 2.707129999999999814e-01
9.100850000000000364e+02, -2.813539999999999930e-01
9.101009999999999991e+02, -1.477020000000000000e+00
9.101180000000000518e+02, 2.168309999999999960e-01
9.101349999999999909e+02, 1.006640000000000035e-01
9.101509999999999536e+02, 1.361390000000000100e-01
9.101680000000000064e+02, -7.103789999999999827e-01
9.101849999999999454e+02, -1.502290000000000014e-01
9.102010000000000218e+02, 2.327720000000000067e-01
9.102179999999999609e+02, 4.978190000000000115e-01
9.102350000000000136e+02, 9.240410000000000013e-01
9.102509999999999764e+02, -5.330909999999999815e-01
9.102680000000000291e+02, -1.808850000000000069e+00
9.102849999999999682e+02, -5.098449999999999926e-01
9.103010000000000446e+02, 7.046369999999999717e-03
9.103179999999999836e+02, 8.027560000000000251e-01
9.103350000000000364e+02, -1.151450000000000085e+00
9.103509999999999991e+02, 1.879760000000000042e-01
9.103680000000000518e+02, 9.540880000000000194e-02
9.103849999999999909e+02, 4.473050000000000082e-01
9.104009999999999536e+02, 2.785739999999999883e-01
9.104180000000000064e+02, 8.864969999999999795e-01
9.104349999999999454e+02, -3.149910000000000210e-01
9.104510000000000218e+02, 3.454280000000000128e-01
9.104679999999999609e+02, 6.986719999999999597e-01
9.104850000000000136e+02, -1.432069999999999954e+00
9.105009999999999764e+02, -9.743270000000000541e-01
9.105180000000000291e+02, 1.296610000000000040e+00
9.105349999999999682e+02, 2.014240000000000030e+00
9.105510000000000446e+02, 4.765889999999999849e-01
9.105679999999999836e+02, -9.781320000000000014e-01
9.105850000000000364e+02, -1.876520000000000132e-01
9.106009999999999991e+02, 3.667869999999999742e-01
9.106180000000000518e+02, -4.869430000000000147e-01
9.106349999999999909e+02, 1.629249999999999865e-01
9.106509999999999536e+02, -1.572010000000000074e-01
9.106680000000000064e+02, -3.998860000000000192e-01
9.106849999999999454e+02, 8.288450000000000539e-01
9.107010000000000218e+02, -3.232669999999999988e-02
9.107179999999999609e+02, -3.090930000000000066e-01
9.107350000000000136e+02, 2.008610000000000118e-01
9.107509999999999764e+02, -6.278049999999999464e-01
9.107680000000000291e+02, 4.002120000000000122e-01
9.107849999999999682e+02, -1.311239999999999961e+00
9.108010000000000446e+02, -3.311569999999999792e-01
9.108179999999999836e+02, 1.519009999999999971e+00
9.108350000000000364e+02, -5.283129999999999771e-02
9.108509999999999991e+02, 1.336379999999999901e+00
9.108680000000000518e+02, 4.171540000000000248e-01
9.108849999999999909e+02, 7.305570000000000119e-01
9.109009999999999536e+02, 5.215130000000000043e-01
9.109180000000000064e+02, 1.078640000000000015e-01
9.109349999999999454e+02, -5.201940000000000452e-01
9.109510000000000218e+02, -1.845010000000000039e+00
9.109679999999999609e+02, -4.281349999999999878e-01
9.109850000000000136e+02, -5.430719999999999992e-01
9.110009999999999764e+02, 7.712380000000000624e-02
9.110180000000000291e+02, -5.030799999999999716e-01
9.110349999999999682e+02, 5.142719999999999514e-01
9.110510000000000446e+02, 2.609059999999999852e-02
9.110679999999999836e+02, -6.895750000000000490e-01
9.110850000000000364e+02, -7.285869999999999846e-01
9.111009999999999991e+02, 2.099600000000000077e-01
9.111180000000000518e+02, 2.103200000000000069e-01
9.111349999999999909e+02, 9.086170000000000080e-01
9.111509999999999536e+02, 7.205789999999999695e-01
9.111680000000000064e+02, 2.595919999999999894e-01
9.111849999999999454e+02, 4.009480000000000266e-01
9.112010000000000218e+02, -8.493549999999999711e-01
9.112179999999999609e+02, -7.040419999999999456e-01
9.112350000000000136e+02, -4.478210000000000246e-01
9.112509999999999764e+02, -6.372609999999999664e-01
9.112680000000000291e+02, 9.824380000000000335e-01
9.112849999999999682e+02, -4.935809999999999920e-01
9.113010000000000446e+02, 8.934189999999999632e-01
9.113179999999999836e+02, -2.341360000000000108e-01
9.113350000000000364e+02, -4.275800000000000156e-01
9.113509999999999991e+02, 1.326999999999999957e+00
9.113680000000000518e+02, 3.974130000000000162e-01
9.113849999999999909e+02, -6.010800000000000171e-02
9.114009999999999536e+02, -1.879990000000000050e+00
9.114180000000000064e+02, 1.808680000000000065e+00
9.114349999999999454e+02, -1.131329999999999947e+00
9.114510000000000218e+02, 8.990049999999999430e-03
9.114679999999999609e+02, 4.212440000000000073e-01
9.114850000000000136e+02, 1.345520000000000049e+00
9.115009999999999764e+02, 8.862449999999999495e-01
9.115180000000000291e+02, 1.299970000000000070e+00
9.115349999999999682e+02, 1.154590000000000005e+00
9.115510000000000446e+02, 1.108750000000000013e-01
9.115679999999999836e+02, -5.507069999999999466e-01
9.115850000000000364e+02, 1.922059999999999880e-01
9.116009999999999991e+02, 1.911150000000000071e-01
9.116180000000000518e+02, -3.743750000000000133e-01
9.116349999999999909e+02, -9.330380000000000340e-01
9.116509999999999536e+02, -7.347369999999999735e-01
9.116680000000000064e+02, -2.488280000000000006e-02
9.116849999999999454e+02, -1.091159999999999908e+00
9.117010000000000218e+02, 7.122429999999999595e-01
9.117179999999999609e+02, 1.458499999999999908e+00
9.117350000000000136e+02, -7.282760000000000344e-01
9.117509999999999764e+02, -1.585180000000000033e+00
9.117680000000000291e+02, 2.695519999999999861e-02
9.117849999999999682e+02, 8.877459999999999518e-02
9.118010000000000446e+02, -1.848400000000000043e-02
9.118179999999999836e+02, -2.183779999999999888e-01
9.118350000000000364e+02, -1.638429999999999886e-01
9.118509999999999991e+02, 5.232670000000000377e-01
9.118680000000000518e+02, -6.854000000000000370e-02
9.118849999999999909e+02, 4.317059999999999786e-01
9.119009999999999536e+02, 7.824400000000000244e-01
9.119180000000000064e+02, 4.478980000000000183e-01
9.119349999999999454e+02, 1.130700000000000038e-01
9.119510000000000218e+02, 1.127199999999999980e+00
9.119679999999999609e+02, -1.172649999999999970e+00
9.119850000000000136e+02, -7.251739999999999853e-01
9.120009999999999764e+02, -1.536859999999999893e-01
9.120180000000000291e+02, -9.310810000000000475e-01
9.120349999999999682e+02, -2.867909999999999904e-02
9.120510000000000446e+02, -6.390660000000000229e-01
9.120679999999999836e+02, 3.181059999999999999e-01
9.120850000000000364e+02, -1.155669999999999975e+00
9.121009999999999991e+02, 1.179969999999999963e+00
9.121180000000000518e+02, 5.733260000000000023e-01
9.121349999999999909e+02, 2.625759999999999761e-01
9.121509999999999536e+02, 1.192150000000000043e+00
9.121680000000000064e+02, 1.134060000000000068e+00
9.121849999999999454e+02, 3.086570000000000147e-01
9.122010000000000218e+02, -1.233250000000000041e-01
9.122179999999999609e+02, -2.779789999999999761e-01
9.122350000000000136e+02, 1.100770000000000026e+00
9.122509999999999764e+02, 5.906220000000000220e-02
9.122680000000000291e+02, -2.026660000000000128e+00
9.122849999999999682e+02, 6.093279999999999808e-01
9.123010000000000446e+02, -1.253400000000000070e-01
9.123179999999999836e+02, 7.311280000000000001e-01
9.123350000000000364e+02, 3.316939999999999888e-01
9.123509999999999991e+02, -8.119309999999999583e-01
9.123680000000000518e+02, 9.577679999999999527e-01
9.123849999999999909e+02, 2.544819999999999860e-01
9.124009999999999536e+02, -5.942380000000000440e-01
9.124180000000000064e+02, 7.873330000000000606e-02
9.124349999999999454e+02, -2.013159999999999950e-01
9.124510000000000218e+02, 4.167819999999999858e-01
9.124679999999999609e+02, 4.335399999999999809e-01
9.124850000000000136e+02, 6.111670000000000158e-01
9.125009999999999764e+02, 3.198079999999999812e-01
9.125180000000000291e+02, -8.034109999999999863e-01
9.125349999999999682e+02, -1.003270000000000106e+00
9.125510000000000446e+02, -5.619979999999999976e-01
9.125679999999999836e+02, 1.623840000000000006e-01
9.125850000000000364e+02, -1.106950000000000101e+00
9.126009999999999991e+02, -1.053569999999999895e+00
9.126180000000000518e+02, -8.042070000000000052e-01
9.126349999999999909e+02, -3.091709999999999944e-02
9.126509999999999536e+02, 2.474560000000000093e-01
9.126680000000000064e+02, -8.637299999999999978e-01
9.126849999999999454e+02, 5.516959999999999642e-01
9.127010000000000218e+02, -3.296820000000000306e-02
9.127179999999999609e+02, -6.619990000000000041e-01
9.127350000000000136e+02, 1.217919999999999892e+00
9.127509999999999764e+02, 3.731140000000000151e-02
9.127680000000000291e+02, -1.202329999999999899e+00
9.127849999999999682e+02, -1.060529999999999973e+00
9.128010000000000446e+02, -4.092450000000000254e-02
9.128179999999999836e+02, 5.838440000000000296e-01
9.128350000000000364e+02, 9.060709999999999598e-01
9.128509999999999991e+02, 4.825340000000000185e-01
9.128680000000000518e+02, 7.693919999999999926e-02
9.128849999999999909e+02, 5.334750000000000325e-01
9.129009999999999536e+02, 1.246099999999999985e+00
9.129180000000000064e+02, 3.973339999999999685e-03
9.129349999999999454e+02, 1.186109999999999998e+00
9.129510000000000218e+02, -5.519950000000000134e-01
9.129679999999999609e+02, -1.731470000000000065e+00
9.129850000000000136e+02, 4.096949999999999759e-01
9.130009999999999764e+02, -2.242950000000000152e-02
9.130180000000000291e+02, 1.321290000000000076e+00
9.130349999999999682e+02, 1.320389999999999953e+00
9.130510000000000446e+02, 1.920709999999999917e+00
9.130679999999999836e+02, 2.695910000000000251e-01
9.130850000000000364e+02, -1.504890000000000047e-03
9.131009999999999991e+02, -4.643689999999999762e-01
9.131180000000000518e+02, 1.082659999999999956e+00
9.131349999999999909e+02, 2.452320000000000055e-01
9.131509999999999536e+02, 9.515950000000000450e-03
9.131680000000000064e+02, 5.178890000000000438e-01
9.131849999999999454e+02, -8.161429999999999518e-01
9.132010000000000218e+02, -6.244269999999999543e-01
9.132179999999999609e+02, -5.007840000000000069e-01
9.132350000000000136e+02, -2.655480000000000063e-01
9.132509999999999764e+02, 4.651910000000000212e-01
9.132680000000000291e+02, 6.553919999999999746e-01
9.132849999999999682e+02, 9.164459999999999829e-01
9.133010000000000446e+02, 2.521390000000000020e-01
9.133179999999999836e+02, 7.123819999999999597e-01
9.133350000000000364e+02, 8.183489999999999931e-01
9.133509999999999991e+02, 1.441910000000000136e-01
9.133680000000000518e+02, -7.317789999999999573e-01
9.133849999999999909e+02, 1.462240000000000067e-02
9.134009999999999536e+02, 6.655469999999999997e-01
9.134180000000000064e+02, -3.678199999999999803e-01
9.134349999999999454e+02, -4.283210000000000073e-01
9.134510000000000218e+02, -2.078199999999999839e-02
9.134679999999999609e+02, -3.493620000000000059e-02
9.134850000000000136e+02, 4.660520000000000218e-01
9.135009999999999764e+02, -3.331740000000000257e-01
9.135180000000000291e+02, 4.796039999999999748e-01
9.135349999999999682e+02, 8.102770000000000250e-01
9.135510000000000446e+02, -7.182269999999999488e-01
9.135679999999999836e+02, -6.979199999999999848e-01
9.135850000000000364e+02, -4.717080000000000162e-01
9.136009999999999991e+02, -8.247290000000000454e-01
9.136180000000000518e+02, 9.141920000000000046e-01
9.136349999999999909e+02, -4.765719999999999956e-01
9.136509999999999536e+02, -2.157660000000000133e-01
9.136680000000000064e+02, 1.106660000000000005e-01
9.136849999999999454e+02, -7.009229999999999627e-01
9.137010000000000218e+02, -1.401949999999999863e-01
9.137179999999999609e+02, -6.327559999999999851e-01
9.137350000000000136e+02, -5.403320000000000345e-01
9.137509999999999764e+02, 3.375719999999999832e-01
9.137680000000000291e+02, -1.203650000000000109e+00
9.137849999999999682e+02, 3.339079999999999826e-01
9.138010000000000446e+02, 3.587299999999999933e-01
9.138179999999999836e+02, -5.878970000000000029e-01
9.138350000000000364e+02, -6.084140000000000104e-01
9.138509999999999991e+02, -7.230630000000000113e-01
9.138680000000000518e+02, -2.414080000000000115e-01
9.138849999999999909e+02, -1.736379999999999868e-01
9.139009999999999536e+02, 2.525089999999999835e-01
9.139180000000000064e+02, 2.212959999999999927e-01
9.139349999999999454e+02, 1.052750000000000075e+00
9.139510000000000218e+02, 1.457519999999999927e+00
9.139679999999999609e+02, 1.550450000000000106e+00
9.139850000000000136e+02, 2.246499999999999886e-01
9.140009999999999764e+02, -7.742709999999999870e-02
9.140180000000000291e+02, -1.836009999999999920e+00
9.140349999999999682e+02, -1.185570000000000013e+00
9.140510000000000446e+02, -5.969440000000000163e-02
9.140679999999999836e+02, -1.269849999999999868e-01
9.140850000000000364e+02, -3.318030000000000146e-01
9.141009999999999991e+02, 6.433529999999999527e-01
9.141180000000000518e+02, -8.861750000000000460e-01
9.141349999999999909e+02, -1.016429999999999945e+00
9.141509999999999536e+02, -6.289350000000000218e-01
9.141680000000000064e+02, -4.618169999999999775e-01
9.141849999999999454e+02, 2.690409999999999746e-01
9.142010000000000218e+02, 7.615860000000000685e-02
9.142179999999999609e+02, -5.077810000000000379e-01
9.142350000000000136e+02, -2.853479999999999905e-01
9.142509999999999764e+02, 1.717119999999999980e+00
9.142680000000000291e+02, 5.780060000000000198e-01
9.142849999999999682e+02, -6.389219999999999899e-01
9.143010000000000446e+02, -1.766329999999999956e+00
9.143179999999999836e+02, -1.280890000000000084e+00
9.143350000000000364e+02, 5.269200000000000550e-01
9.143509999999999991e+02, 1.782969999999999944e+00
9.143680000000000518e+02, 1.225540000000000074e+00
9.143849999999999909e+02, -2.439520000000000022e-01
9.144009999999999536e+02, 4.921800000000000064e-01
9.144180000000000064e+02, 4.879999999999999893e-01
9.144349999999999454e+02, 4.890889999999999960e-01
9.144510000000000218e+02, -3.133909999999999751e-01
9.144679999999999609e+02, -7.178060000000000551e-01
9.144850000000000136e+02, -1.546799999999999953e+00
9.145009999999999764e+02, -4.187109999999999999e-01
9.145180000000000291e+02, 4.089490000000000069e-01
9.145349999999999682e+02, 1.656130000000000102e+00
9.145510000000000446e+02, -5.853519999999999834e-01
9.145679999999999836e+02, -3.612900000000000000e-01
9.145850000000000364e+02, -8.766909999999999981e-02
9.146009999999999991e+02, -1.070360000000000061e-01
9.146180000000000518e+02, 3.430520000000000097e-02
9.146349999999999909e+02, -3.608109999999999928e-01
9.146509999999999536e+02, 7.812719999999999665e-01
9.146680000000000064e+02, 8.353289999999999882e-01
9.146849999999999454e+02, -3.133000000000000229e-01
9.147010000000000218e+02, 6.848560000000000203e-01
9.147179999999999609e+02, -9.624420000000000197e-01
9.147350000000000136e+02, 3.039270000000000027e-01
9.147509999999999764e+02, 4.517149999999999777e-01
9.147680000000000291e+02, 8.118009999999999948e-01
9.147849999999999682e+02, 3.368180000000000063e-01
9.148010000000000446e+02, -1.094770000000000021e+00
9.148179999999999836e+02, -9.192430000000000323e-01
9.148350000000000364e+02, -1.481879999999999864e-01
9.148509999999999991e+02, -8.576240000000000252e-02
9.148680000000000518e+02, -4.233129999999999948e-01
9.148849999999999909e+02, 1.181979999999999975e-01
9.149009999999999536e+02, 1.218560000000000088e+00
9.149180000000000064e+02, 1.027590000000000003e+00
9.149349999999999454e+02, 8.935020000000000184e-01
9.149510000000000218e+02, 3.743230000000000168e-01
9.149679999999999609e+02, -1.297269999999999923e+00
9.149850000000000136e+02, -5.522179999999999866e-01
9.150009999999999764e+02, 7.087279999999999622e-03
9.150180000000000291e+02, 6.785240000000000160e-01
9.150349999999999682e+02, -1.034119999999999928e+00
9.150510000000000446e+02, -1.100710000000000077e+00
9.150679999999999836e+02, 1.296200000000000130e-01
9.150850000000000364e+02, -2.245800000000000018e-01
9.151009999999999991e+02, 9.633749999999999813e-01
9.151180000000000518e+02, 6.974810000000000176e-01
9.151349999999999909e+02, 7.610440000000000538e-01
9.151509999999999536e+02, 1.118700000000000028e+00
9.151680000000000064e+02, 2.041659999999999864e-01
9.151849999999999454e+02, -4.314060000000000117e-01
9.152010000000000218e+02, -5.661610000000000253e-01
9.152179999999999609e+02, 7.720169999999999533e-01
9.152350000000000136e+02, -5.007059999999999844e-01
9.152509999999999764e+02, -1.156539999999999901e+00
9.152680000000000291e+02, -1.305260000000000031e-01
9.152849999999999682e+02, -1.611049999999999982e-01
9.153010000000000446e+02, -3.246990000000000154e-01
9.153179999999999836e+02, 1.204269999999999952e+00
9.153350000000000364e+02, -2.578320000000000056e-01
9.153509999999999991e+02, -7.915220000000000589e-02
9.153680000000000518e+02, 2.160400000000000167e-02
9.153849999999999909e+02, -1.239630000000000010e+00
9.154009999999999536e+02, 9.518109999999999626e-01
9.154180000000000064e+02, -1.130679999999999907e+00
9.154349999999999454e+02, 3.237590000000000190e-01
9.154510000000000218e+02, -2.165549999999999975e-01
9.154679999999999609e+02, -1.190720000000000001e+00
9.154850000000000136e+02, -1.582319999999999949e+00
9.155009999999999764e+02, 6.871979999999999755e-01
9.155180000000000291e+02, 8.656709999999999405e-02
9.155349999999999682e+02, -1.069069999999999965e+00
9.155510000000000446e+02, 1.489240000000000008e-01
9.155679999999999836e+02, -3.326310000000000100e-01
9.155850000000000364e+02, -1.386840000000000073e+00
9.156009999999999991e+02, -2.051149999999999918e-01
9.156180000000000518e+02, 1.743220000000000047e-01
9.156349999999999909e+02, -2.563079999999999803e-01
9.156509999999999536e+02, -1.794959999999999889e-01
9.156680000000000064e+02, -1.020719999999999961e-01
9.156849999999999454e+02, -1.272310000000000108e-01
9.157010000000000218e+02, -1.299220000000000041e+00
9.157179999999999609e+02, -9.404320000000000457e-01
9.157350000000000136e+02, -2.370579999999999909e+00
9.157509999999999764e+02, -8.837270000000000403e-01
9.157680000000000291e+02, 1.993230000000000002e-01
9.157849999999999682e+02, 1.677710000000000035e+00
9.158010000000000446e+02, 5.885010000000000518e-01
9.158179999999999836e+02, -1.059269999999999934e-01
9.158350000000000364e+02, -1.123080000000000078e+00
9.158509999999999991e+02, -1.999479999999999924e+00
9.158680000000000518e+02, 1.109699999999999992e-01
9.158849999999999909e+02, 1.390390000000000015e+00
9.159009999999999536e+02, -2.293229999999999991e-01
9.159180000000000064e+02, 7.207689999999999930e-01
9.159349999999999454e+02, -1.352659999999999973e+00
9.159510000000000218e+02, -6.076650000000000107e-01
9.159679999999999609e+02, -1.783119999999999983e-01
9.159850000000000136e+02, 2.114129999999999843e+00
9.160009999999999764e+02, 6.654449999999999532e-01
9.160180000000000291e+02, 5.057279999999999553e-01
9.160349999999999682e+02, 1.247659999999999991e+00
9.160510000000000446e+02, -8.886540000000000550e-01
9.160679999999999836e+02, -1.715980000000000061e+00
9.160850000000000364e+02, -8.996800000000000352e-01
9.161009999999999991e+02, 1.015949999999999909e+00
9.161180000000000518e+02, -3.411310000000000175e-01
9.161349999999999909e+02, 2.944010000000000238e-01
9.161509999999999536e+02, 7.787689999999999890e-02
9.161680000000000064e+02, 2.340379999999999960e-01
9.161849999999999454e+02, 5.469289999999999985e-01
9.162010000000000218e+02, 7.508110000000000062e-01
9.162179999999999609e+02, 1.537190000000000056e+00
9.162350000000000136e+02, 3.825709999999999944e-01
9.162509999999999764e+02, 2.943330000000000113e-01
9.162680000000000291e+02, 8.517259999999999831e-01
9.162849999999999682e+02, -5.728820000000000023e-01
9.163010000000000446e+02, -8.526869999999999727e-01
9.163179999999999836e+02, -3.606920000000000126e-01
9.163350000000000364e+02, 6.100809999999999844e-01
9.163509999999999991e+02, 1.010250000000000037e-01
9.163680000000000518e+02, 6.911420000000000341e-01
9.163849999999999909e+02, -2.014209999999999834e+00
9.164009999999999536e+02, -2.619679999999999925e-02
9.164180000000000064e+02, 4.903959999999999986e-01
9.164349999999999454e+02, 5.783490000000000020e-01
9.164510000000000218e+02, 1.043120000000000047e+00
9.164679999999999609e+02, -9.208100000000000174e-01
9.164850000000000136e+02, -7.880960000000000187e-01
9.165009999999999764e+02, 1.506959999999999966e-01
9.165180000000000291e+02, -1.459989999999999899e-01
9.165349999999999682e+02, 1.078650000000000109e+00
9.165510000000000446e+02, -6.632749999999999480e-01
9.165679999999999836e+02, -1.100139999999999896e+00
9.165850000000000364e+02, -2.058339999999999836e+00
9.166009999999999991e+02, -6.319820000000000437e-01
9.166180000000000518e+02, 5.680920000000000414e-01
9.166349999999999909e+02, 7.431029999999999580e-01
9.166509999999999536e+02, 2.523859999999999992e-01
9.166680000000000064e+02, -7.990810000000000413e-01
9.166849999999999454e+02, -1.416330000000000089e-01
9.167010000000000218e+02, 4.616180000000000283e-02
9.167179999999999609e+02, -2.232470000000000010e-01
9.167350000000000136e+02, -9.964469999999999716e-01
9.167509999999999764e+02, 4.328629999999999978e-01
9.167680000000000291e+02, 2.271529999999999938e-01
9.167849999999999682e+02, 4.251090000000000146e-01
9.168010000000000446e+02, 1.036129999999999995e+00
9.168179999999999836e+02, -1.066100000000000048e+00
9.168350000000000364e+02, -1.463889999999999914e+00
9.168509999999999991e+02, -1.796089999999999964e+00
9.168680000000000518e+02, -1.190770000000000106e+00
9.168849999999999909e+02, 1.328240000000000087e+00
9.169009999999999536e+02, 1.625660000000000105e+00
9.169180000000000064e+02, 1.030980000000000008e+00
9.169349999999999454e+02, -1.039789999999999992e+00
9.169510000000000218e+02, 6.829520000000000035e-01
9.169679999999999609e+02, 2.073160000000000003e-01
9.169850000000000136e+02, 2.290049999999999919e+00
9.170009999999999764e+02, -4.700579999999999758e-01
9.170180000000000291e+02, -9.229319999999999746e-01
9.170349999999999682e+02, -3.638689999999999980e-01
9.170510000000000446e+02, 4.050310000000000021e-02
9.170679999999999836e+02, -7.764569999999999805e-02
9.170850000000000364e+02, 1.323579999999999979e+00
9.171009999999999991e+02, 1.025640000000000107e+00
9.171180000000000518e+02, -2.321539999999999992e-01
9.171349999999999909e+02, -1.421880000000000088e-01
9.171509999999999536e+02, -2.922629999999999950e-01
9.171680000000000064e+02, 1.051050000000000040e-01
9.171849999999999454e+02, 7.399409999999999599e-01
9.172010000000000218e+02, 8.783830000000000249e-01
9.172179999999999609e+02, 7.255890000000000395e-01
9.172350000000000136e+02, -7.410400000000000320e-01
9.172509999999999764e+02, 1.444399999999999906e+00
9.172680000000000291e+02, 5.023220000000000462e-01
9.172849999999999682e+02, 6.218160000000000354e-01
9.173010000000000446e+02, 1.247989999999999933e-01
9.173179999999999836e+02, 2.898620000000000085e-01
9.173350000000000364e+02, 1.433020000000000127e-01
9.173509999999999991e+02, 3.930540000000000145e-01
9.173680000000000518e+02, 6.944530000000000147e-02
9.173849999999999909e+02, -4.393320000000000003e-01
9.174009999999999536e+02, -7.622419999999999751e-01
9.174180000000000064e+02, -1.224690000000000056e+00
9.174349999999999454e+02, 3.516699999999999687e-02
9.174510000000000218e+02, -7.727979999999999572e-02
9.174679999999999609e+02, -5.688050000000000050e-01
9.174850000000000136e+02, 4.745139999999999914e-01
9.175009999999999764e+02, -1.295659999999999867e-01
9.175180000000000291e+02, -1.000550000000000050e+00
9.175349999999999682e+02, -9.097370000000000179e-01
9.175510000000000446e+02, 2.635259999999999825e-01
9.175679999999999836e+02, 7.879939999999999722e-01
9.175850000000000364e+02, -1.417680000000000051e+00
9.176009999999999991e+02, 1.982260000000000133e-01
9.176180000000000518e+02, 8.192319999999999602e-01
9.176349999999999909e+02, 8.755309999999999482e-01
9.176509999999999536e+02, -3.694080000000000141e-01
9.176680000000000064e+02, -3.945270000000000166e-01
9.176849999999999454e+02, 3.381569999999999854e-01
9.177010000000000218e+02, -6.574699999999999989e-01
9.177179999999999609e+02, 2.483630000000000004e-01
9.177350000000000136e+02, 1.582629999999999870e-01
9.177509999999999764e+02, 1.145010000000000083e+00
9.177680000000000291e+02, -3.169290000000000163e-01
9.177849999999999682e+02, 4.401160000000000072e-01
9.178010000000000446e+02, -1.646109999999999934e-02
9.178179999999999836e+02, -1.152949999999999947e-01
9.178350000000000364e+02, -3.183500000000000218e-01
9.178509999999999991e+02, -1.327160000000000006e-01
9.178680000000000518e+02, -6.263009999999999966e-01
9.178849999999999909e+02, -4.145690000000000208e-01
9.179009999999999536e+02, 1.852229999999999988e-01
9.179180000000000064e+02, 7.167379999999999862e-01
9.179349999999999454e+02, 5.403229999999999839e-02
9.179510000000000218e+02, 2.032609999999999972e-01
9.179679999999999609e+02, -8.031570000000000098e-01
9.179850000000000136e+02, 8.715699999999999559e-01
9.180009999999999764e+02, -3.132860000000000089e-01
9.180180000000000291e+02, 1.771910000000000096e+00
9.180349999999999682e+02, -1.676760000000000028e+00
9.180510000000000446e+02, -4.009780000000000011e-01
9.180679999999999836e+02, -4.268020000000000147e-01
9.180850000000000364e+02, 6.019330000000000513e-01
9.181009999999999991e+02, -1.349499999999999922e+00
9.181180000000000518e+02, 1.435689999999999911e+00
9.181349999999999909e+02, 1.248909999999999965e+00
9.181509999999999536e+02, 5.311740000000000350e-01
9.181680000000000064e+02, -1.247009999999999952e+00
9.181849999999999454e+02, -3.785519999999999996e-01
9.182010000000000218e+02, 2.810409999999999853e-01
9.182179999999999609e+02, 1.478129999999999944e+00
9.182350000000000136e+02, 3.008739999999999748e-01
9.182509999999999764e+02, -2.961520000000000263e-01
9.182680000000000291e+02, -1.296880000000000033e+00
9.182849999999999682e+02, -1.323190000000000088e+00
9.183010000000000446e+02, 4.286449999999999982e-02
9.183179999999999836e+02, 1.121199999999999974e+00
9.183350000000000364e+02, 8.854360000000000008e-01
9.183509999999999991e+02, 4.806150000000000144e-01
9.183680000000000518e+02, 1.332760000000000021e-02
9.183849999999999909e+02, -3.865839999999999832e-01
9.184009999999999536e+02, -3.872110000000000274e-01
9.184180000000000064e+02, -4.028570000000000206e-01
9.184349999999999454e+02, -4.529349999999999765e-01
9.184510000000000218e+02, -6.231179999999999497e-01
9.184679999999999609e+02, -3.977100000000000080e-01
9.184850000000000136e+02, 1.915759999999999963e-01
9.185009999999999764e+02, -5.185070000000000512e-01
9.185180000000000291e+02, -3.010660000000000003e-01
9.185349999999999682e+02, -3.977479999999999905e-01
9.185510000000000446e+02, -1.781889999999999974e+00
9.185679999999999836e+02, -1.379240000000000022e+00
9.185850000000000364e+02, -1.138309999999999933e+00
9.186009999999999991e+02, -9.630589999999999984e-01
9.186180000000000518e+02, 3.157270000000000215e-02
9.186349999999999909e+02, 2.224629999999999885e+00
9.186509999999999536e+02, -5.406539999999999679e-01
9.186680000000000064e+02, 1.747980000000000089e+00
9.186849999999999454e+02, 3.158030000000000004e-01
9.187010000000000218e+02, 2.819019999999999859e-01
9.187179999999999609e+02, 2.714199999999999946e-01
9.187350000000000136e+02, 7.739070000000000116e-01
9.187509999999999764e+02, 7.959220000000000184e-01
9.187680000000000291e+02, -5.272869999999999502e-01
9.187849999999999682e+02, -3.524109999999999743e-02
9.188010000000000446e+02, -6.176789999999999781e-01
9.188179999999999836e+02, 1.024830000000000046e-01
9.188350000000000364e+02, 8.414129999999999665e-01
9.188509999999999991e+02, 2.115080000000000016e-01
9.188680000000000518e+02, 1.330440000000000067e+00
9.188849999999999909e+02, -5.621129999999999877e-02
9.189009999999999536e+02, -1.109620000000000051e+00
9.189180000000000064e+02, -5.089890000000000247e-01
9.189349999999999454e+02, 5.733519999999999728e-01
9.189510000000000218e+02, -5.747740000000000314e-03
9.189679999999999609e+02, 3.448789999999999911e-01
9.189850000000000136e+02, -1.000159999999999938e+00
9.190009999999999764e+02, -1.759579999999999922e+00
9.190180000000000291e+02, 1.765160000000000062e-01
9.190349999999999682e+02, -6.051400000000000112e-01
9.190510000000000446e+02, -1.514100000000000001e+00
9.190679999999999836e+02, -6.085880000000000178e-01
9.190850000000000364e+02, -1.041509999999999936e+00
9.191009999999999991e+02, 2.875949999999999895e-01
9.191180000000000518e+02, -7.958389999999999631e-01
9.191349999999999909e+02, -3.101689999999999725e-01
9.191509999999999536e+02, 2.514219999999999788e-01
9.191680000000000064e+02, 1.443270000000000108e-01
9.191849999999999454e+02, -9.160740000000000549e-01
9.192010000000000218e+02, -1.780880000000000019e+00
9.192179999999999609e+02, -1.022909999999999986e+00
9.192350000000000136e+02, -6.873559999999999670e-01
9.192509999999999764e+02, 6.010389999999999899e-01
9.192680000000000291e+02, -5.588149999999999507e-01
9.192849999999999682e+02, -4.088559999999999972e-01
9.193010000000000446e+02, -5.555550000000000210e-01
9.193179999999999836e+02, -8.850749999999999451e-01
9.193350000000000364e+02, 8.452610000000000401e-01
9.193509999999999991e+02, -3.448269999999999808e-02
9.193680000000000518e+02, -1.053930000000000033e+00
9.193849999999999909e+02, -3.402560000000000029e-01
9.194009999999999536e+02, -2.329209999999999892e-01
9.194180000000000064e+02, 2.712479999999999891e-01
9.194349999999999454e+02, -9.683750000000000691e-02
9.194510000000000218e+02, 6.033319999999999794e-01
9.194679999999999609e+02, -6.872909999999999853e-01
9.194850000000000136e+02, 1.412500000000000089e+00
9.195009999999999764e+02, -1.193910000000000027e+00
9.195180000000000291e+02, -7.647180000000000089e-01
9.195349999999999682e+02, 1.115860000000000046e-01
9.195510000000000446e+02, 2.942980000000000040e-01
9.195679999999999836e+02, -4.332619999999999805e-01
9.195850000000000364e+02, 9.438850000000000018e-02
9.196009999999999991e+02, -1.890120000000000133e-01
9.196180000000000518e+02, 1.461719999999999908e+00
9.196349999999999909e+02, 8.289090000000000069e-01
9.196509999999999536e+02, -6.047460000000000058e-01
9.196680000000000064e+02, -7.782550000000000301e-01
9.196849999999999454e+02, -6.972209999999999797e-01
9.197010000000000218e+02, 2.847549999999999804e-01
9.197179999999999609e+02, 9.432540000000000369e-01
9.197350000000000136e+02, 2.202560000000000073e-01
9.197509999999999764e+02, -2.246869999999999978e-01
9.197680000000000291e+02, -1.348590000000000066e-01
9.197849999999999682e+02, 2.182829999999999840e-02
9.198010000000000446e+02, 7.942310000000000203e-01
9.198179999999999836e+02, -1.120090000000000030e+00
9.198350000000000364e+02, -3.043279999999999874e-01
9.198509999999999991e+02, 5.287760000000000238e-01
9.198680000000000518e+02, 2.217679999999999929e-01
9.198849999999999909e+02, 2.676430000000000198e-01
9.199009999999999536e+02, 3.038020000000000165e-01
9.199180000000000064e+02, -9.249559999999999726e-02
9.199349999999999454e+02, -4.982550000000000034e-01
9.199510000000000218e+02, 7.760120000000000351e-01
9.199679999999999609e+02, -1.519810000000000105e+00
9.199850000000000136e+02, -4.249589999999999756e-01
9.200009999999999764e+02, -1.126510000000000011e-02
9.200180000000000291e+02, 3.658469999999999778e-01
9.200349999999999682e+02, -3.399719999999999964e-01
9.200510000000000446e+02, 2.405700000000000061e-01
9.200679999999999836e+02, 4.231880000000000086e-01
9.200850000000000364e+02, -1.343739999999999934e-01
9.201009999999999991e+02, 6.194359999999999866e-01
9.201180000000000518e+02, -7.791500000000000092e-01
9.201349999999999909e+02, 1.153759999999999897e+00
9.201509999999999536e+02, -2.176579999999999904e-01
9.201680000000000064e+02, -1.080869999999999997e+00
9.201849999999999454e+02, 1.254119999999999902e+00
9.202010000000000218e+02, -7.698380000000000500e-02
9.202179999999999609e+02, 2.375309999999999921e-01
9.202350000000000136e+02, -2.898780000000000245e-01
9.202509999999999764e+02, -5.253740000000000077e-01
9.202680000000000291e+02, 1.307460000000000011e-01
9.202849999999999682e+02, -6.809060000000000112e-01
9.203010000000000446e+02, 7.922949999999999715e-01
9.203179999999999836e+02, -4.742370000000000196e-01
9.203350000000000364e+02, -3.473319999999999741e-01
9.203509999999999991e+02, -6.384069999999999467e-01
9.203680000000000518e+02, -1.686729999999999896e-01
9.203849999999999909e+02, 8.063209999999999544e-01
9.204009999999999536e+02, 1.566680000000000073e+00
9.204180000000000064e+02, 2.436550000000000105e-01
9.204349999999999454e+02, 1.445519999999999916e+00
9.204510000000000218e+02, -7.417380000000000084e-01
9.204679999999999609e+02, -7.034899999999999487e-01
9.204850000000000136e+02, -4.876639999999999864e-01
9.205009999999999764e+02, -5.316349999999999687e-01
9.205180000000000291e+02, 8.239459999999999562e-01
9.205349999999999682e+02, -1.022080000000000100e+00
9.205510000000000446e+02, -3.961560000000000081e-01
9.205679999999999836e+02, 7.099229999999999707e-01
9.205850000000000364e+02, -2.235219999999999985e-01
9.206009999999999991e+02, -1.442460000000000075e+00
9.206180000000000518e+02, -1.479049999999999976e+00
9.206349999999999909e+02, -2.515539999999999998e-01
9.206509999999999536e+02, 7.309390000000000054e-01
9.206680000000000064e+02, 1.235519999999999952e+00
9.206849999999999454e+02, 1.266010000000000080e+00
9.207010000000000218e+02, 1.065569999999999906e+00
9.207179999999999609e+02, 8.081399999999999695e-01
9.207350000000000136e+02, -6.708079999999999599e-01
9.207509999999999764e+02, -2.133539999999999881e-01
9.207680000000000291e+02, -3.372040000000000037e-01
9.207849999999999682e+02, 9.638339999999999685e-01
9.208010000000000446e+02, 5.487710000000000088e-01
9.208179999999999836e+02, -4.367750000000000243e-01
9.208350000000000364e+02, 8.267949999999999466e-01
9.208509999999999991e+02, -1.753949999999999898e+00
9.208680000000000518e+02, 1.122079999999999966e+00
9.208849999999999909e+02, 2.184190000000000020e-01
9.209009999999999536e+02, 1.613459999999999894e-01
9.209180000000000064e+02, 5.235940000000000039e-02
9.209349999999999454e+02, 1.382379999999999942e+00
9.209510000000000218e+02, 4.516769999999999952e-01
9.209679999999999609e+02, 4.290059999999999985e-01
9.209850000000000136e+02, -3.286200000000000232e-01
9.210009999999999764e+02, 4.261079999999999868e-01
9.210180000000000291e+02, 1.489929999999999866e-01
9.210349999999999682e+02, -7.574769999999999559e-01
9.210510000000000446e+02, -1.034370000000000012e+00
9.210679999999999836e+02, -4.735950000000000056e-03
9.210850000000000364e+02, 1.074910000000000032e+00
9.211009999999999991e+02, 2.600000000000000089e-01
9.211180000000000518e+02, -1.598130000000000106e-01
9.211349999999999909e+02, 7.179579999999999851e-01
9.211509999999999536e+02, 7.073829999999999840e-01
9.211680000000000064e+02, -1.402990000000000070e-01
9.211849999999999454e+02, 1.162619999999999987e+00
9.212010000000000218e+02, -5.283390000000000031e-01
9.212179999999999609e+02, -3.432380000000000153e-02
9.212350000000000136e+02, 3.227530000000000121e-01
9.212509999999999764e+02, 9.502549999999999608e-01
9.212680000000000291e+02, 1.540380000000000082e-01
9.212849999999999682e+02, -9.410819999999999741e-01
9.213010000000000446e+02, 1.529339999999999866e-01
9.213179999999999836e+02, 5.400970000000000493e-01
9.213350000000000364e+02, 8.919000000000000261e-01
9.213509999999999991e+02, -3.735160000000000147e-01
9.213680000000000518e+02, -3.867729999999999779e-01
9.213849999999999909e+02, -4.796469999999999900e-01
9.214009999999999536e+02, -9.480969999999999676e-01
9.214180000000000064e+02, -9.013520000000000421e-01
9.214349999999999454e+02, 1.266429999999999945e+00
9.214510000000000218e+02, 1.463680000000000092e+00
9.214679999999999609e+02, 4.121679999999999788e-01
9.214850000000000136e+02, 7.088989999999999458e-01
9.215009999999999764e+02, -9.779409999999999492e-02
9.215180000000000291e+02, -1.116020000000000012e+00
9.215349999999999682e+02, -1.091450000000000031e+00
9.215510000000000446e+02, -3.544010000000000216e-01
9.215679999999999836e+02, 5.301329999999999931e-03
9.215850000000000364e+02, -1.591539999999999899e-01
9.216009999999999991e+02, 6.358160000000000200e-02
9.216180000000000518e+02, 7.835649999999999560e-01
9.216349999999999909e+02, -5.763840000000000074e-01
9.216509999999999536e+02, -8.934730000000000449e-02
9.216680000000000064e+02, 1.589619999999999922e-01
9.216849999999999454e+02, 6.175810000000000466e-01
9.217010000000000218e+02, -4.002250000000000252e-02
9.217179999999999609e+02, -7.557519999999999516e-02
9.217350000000000136e+02, -1.122489999999999988e+00
9.217509999999999764e+02, -1.041920000000000068e-01
9.217680000000000291e+02, -8.343390000000000528e-01
9.217849999999999682e+02, -4.558229999999999782e-01
9.218010000000000446e+02, -1.350090000000000012e+00
9.218179999999999836e+02, 3.213599999999999790e-01
9.218350000000000364e+02, 1.166500000000000092e+00
9.218509999999999991e+02, 1.714579999999999993e-01
9.218680000000000518e+02, -1.696269999999999945e+00
9.218849999999999909e+02, 1.078259999999999996e+00
9.219009999999999536e+02, -7.746549999999999825e-01
9.219180000000000064e+02, 1.837380000000000124e-01
9.219349999999999454e+02, 3.354820000000000024e-01
9.219510000000000218e+02, -8.481889999999999707e-01
9.219679999999999609e+02, 1.769069999999999920e+00
9.219850000000000136e+02, 4.416100000000000025e-01
9.220009999999999764e+02, 1.782499999999999918e-01
9.220180000000000291e+02, 7.587730000000000308e-01
9.220349999999999682e+02, -1.318070000000000075e+00
9.220510000000000446e+02, 7.917870000000000463e-02
9.220679999999999836e+02, 1.274210000000000065e+00
9.220850000000000364e+02, -4.601580000000000115e-01
9.221009999999999991e+02, 5.831699999999999662e-01
9.221180000000000518e+02, -8.321389999999999620e-01
9.221349999999999909e+02, -1.452949999999999964e+00
9.221509999999999536e+02, -8.436639999999999695e-01
9.221680000000000064e+02, -1.272259999999999946e+00
9.221849999999999454e+02, -4.007780000000000231e-01
9.222010000000000218e+02, -8.701090000000000213e-01
9.222179999999999609e+02, 2.467020000000000213e+00
9.222350000000000136e+02, 1.889080000000000092e+00
9.222509999999999764e+02, 5.664930000000000243e-01
9.222680000000000291e+02, -2.110960000000000059e-01
9.222849999999999682e+02, -9.145929999999999893e-01
9.223010000000000446e+02, -4.144239999999999730e-02
9.223179999999999836e+02, 1.617119999999999891e+00
9.223350000000000364e+02, 2.508020000000000249e-01
9.223509999999999991e+02, 3.844099999999999739e-01
9.223680000000000518e+02, -3.408630000000000271e-01
9.223849999999999909e+02, 9.135969999999999924e-01
9.224009999999999536e+02, 2.619080000000000019e-02
9.224180000000000064e+02, 1.876140000000000099e-02
9.224349999999999454e+02, -6.880490000000000217e-01
9.224510000000000218e+02, 9.014550000000000063e-01
9.224679999999999609e+02, 1.102230000000000043e+00
9.224850000000000136e+02, -4.334399999999999920e-01
9.225009999999999764e+02, 2.387000000000000011e+00
9.225180000000000291e+02, -1.590779999999999972e-01
9.225349999999999682e+02, 6.899130000000000540e-02
9.225510000000000446e+02, -1.203810000000000047e+00
9.225679999999999836e+02, -1.480010000000000048e+00
9.225850000000000364e+02, -5.178819999999999535e-01
9.226009999999999991e+02, -1.099930000000000074e+00
9.226180000000000518e+02, 5.839309999999999778e-01
9.226349999999999909e+02, 4.627269999999999994e-01
9.226509999999999536e+02, -1.366719999999999879e-01
9.226680000000000064e+02, -8.008650000000000491e-01
9.226849999999999454e+02, -3.446960000000000024e-01
9.227010000000000218e+02, 1.705319999999999891e-01
9.227179999999999609e+02, -7.376779999999999449e-01
9.227350000000000136e+02, -1.949460000000000082e-02
9.227509999999999764e+02, -3.605650000000000244e-01
9.227680000000000291e+02, -1.125699999999999923e+00
9.227849999999999682e+02, -2.706509999999999749e-01
9.228010000000000446e+02, -7.776719999999999466e-02
9.228179999999999836e+02, 3.820399999999999907e-01
9.228350000000000364e+02, 1.674919999999999964e+00
9.228509999999999991e+02, 2.288519999999999999e-01
9.228680000000000518e+02, 8.196020000000000527e-01
9.228849999999999909e+02, -6.662460000000000049e-01
9.229009999999999536e+02, -1.719959999999999933e+00
9.229180000000000064e+02, -8.095539999999999958e-01
9.229349999999999454e+02, -1.324710000000000054e+00
9.229510000000000218e+02, -7.523729999999999307e-02
9.229679999999999609e+02, 2.445980000000000099e-01
9.229850000000000136e+02, -1.019589999999999941e-01
9.230009999999999764e+02, -1.624990000000000115e-02
9.230180000000000291e+02, 6.561609999999999943e-01
9.230349999999999682e+02, -8.027199999999999891e-01
9.230510000000000446e+02, 1.011609999999999898e+00
9.230679999999999836e+02, -3.588830000000000076e-01
9.230850000000000364e+02, -2.777000000000000024e-01
9.231009999999999991e+02, 1.586559999999999970e+00
9.231180000000000518e+02, -6.493440000000000323e-01
9.231349999999999909e+02, -6.012020000000000142e-01
9.231509999999999536e+02, -5.250309999999999699e-02
9.231680000000000064e+02, -1.714979999999999949e+00
9.231849999999999454e+02, -8.042420000000000124e-01
9.232010000000000218e+02, 2.702579999999999982e-01
9.232179999999999609e+02, -1.277309999999999945e+00
9.232350000000000136e+02, -2.948609999999999842e-01
9.232509999999999764e+02, 1.187959999999999905e+00
9.232680000000000291e+02, 8.405280000000000529e-01
9.232849999999999682e+02, -8.383279999999999621e-01
9.233010000000000446e+02, -7.759430000000000494e-01
9.233179999999999836e+02, 1.199780000000000013e-01
9.233350000000000364e+02, 2.734550000000000036e-01
9.233509999999999991e+02, -8.845830000000000082e-01
9.233680000000000518e+02, -5.718870000000000342e-01
9.233849999999999909e+02, -1.507640000000000091e+00
9.234009999999999536e+02, 6.828379999999999450e-01
9.234180000000000064e+02, 4.391090000000000271e-01
9.234349999999999454e+02, 2.539500000000000091e-01
9.234510000000000218e+02, -2.439039999999999958e-02
9.234679999999999609e+02, 3.161800000000000166e-01
9.234850000000000136e+02, 1.091150000000000064e+00
9.235009999999999764e+02, -1.544470000000000010e+00
9.235180000000000291e+02, -9.232489999999999863e-01
9.235349999999999682e+02, -4.107379999999999920e-01
9.235510000000000446e+02, -2.620489999999999764e-01
9.235679999999999836e+02, -1.534530000000000061e-01
9.235850000000000364e+02, 7.182030000000000358e-01
9.236009999999999991e+02, -8.378389999999999449e-02
9.236180000000000518e+02, -5.480319999999999636e-01
9.236349999999999909e+02, -5.461719999999999908e-01
9.236509999999999536e+02, 4.754999999999999782e-01
9.236680000000000064e+02, -1.702770000000000117e-01
9.236849999999999454e+02, -2.355460000000000054e-01
9.237010000000000218e+02, 1.079450000000000021e+00
9.237179999999999609e+02, 7.409710000000000463e-01
9.237350000000000136e+02, 1.115919999999999968e-01
9.237509999999999764e+02, 6.126089999999999591e-01
9.237680000000000291e+02, -1.026480000000000059e+00
9.237849999999999682e+02, -2.564330000000000220e-01
9.238010000000000446e+02, -1.672169999999999934e+00
9.238179999999999836e+02, 1.606630000000000003e-01
9.238350000000000364e+02, 1.147199999999999998e+00
9.238509999999999991e+02, -3.809579999999999911e-02
9.238680000000000518e+02, 1.140549999999999953e+00
9.238849999999999909e+02, -3.809190000000000076e-01
9.239009999999999536e+02, 7.506380000000000274e-01
9.239180000000000064e+02, 1.399110000000000076e+00
9.239349999999999454e+02, 3.442970000000000197e-01
9.239510000000000218e+02, -5.888709999999999778e-02
9.239679999999999609e+02, -4.437440000000000273e-01
9.239850000000000136e+02, 6.769760000000000222e-01
9.240009999999999764e+02, 7.411680000000000490e-01
9.240180000000000291e+02, 5.365820000000000034e-01
9.240349999999999682e+02, 1.209160000000000013e+00
9.240510000000000446e+02, -1.358260000000000023e+00
9.240679999999999836e+02, -7.383370000000000211e-01
9.240850000000000364e+02, -1.031199999999999894e+00
9.241009999999999991e+02, 2.921110000000000095e-01
9.241180000000000518e+02, -6.879860000000000142e-02
9.241349999999999909e+02, 2.390889999999999960e-01
9.241509999999999536e+02, -3.920569999999999888e-01
9.241680000000000064e+02, -1.040710000000000024e+00
9.241849999999999454e+02, 1.412369999999999945e-02
9.242010000000000218e+02, 1.686269999999999936e+00
9.242179999999999609e+02, 9.725599999999999801e-01
9.242350000000000136e+02, 1.298140000000000072e+00
9.242509999999999764e+02, 4.940620000000000012e-01
9.242680000000000291e+02, -8.775389999999999580e-01
9.242849999999999682e+02, -6.329200000000000381e-01
9.243010000000000446e+02, 2.066230000000000011e-01
9.243179999999999836e+02, 1.377550000000000052e+00
9.243350000000000364e+02, 1.633010000000000073e+00
9.243509999999999991e+02, -9.652789999999999981e-01
9.243680000000000518e+02, 1.229540000000000077e+00
9.243849999999999909e+02, -7.262960000000000527e-01
9.244009999999999536e+02, 7.224159999999999471e-01
9.244180000000000064e+02, 2.794030000000000125e-01
9.244349999999999454e+02, 8.893649999999999611e-01
9.244510000000000218e+02, 3.305759999999999810e-01
9.244679999999999609e+02, -3.266350000000000087e-01
9.244850000000000136e+02, -2.678869999999999862e-01
9.245009999999999764e+02, 2.359300000000000008e-01
9.245180000000000291e+02, -6.468080000000000496e-01
9.245349999999999682e+02, -4.367460000000000231e-01
9.245510000000000446e+02, -1.035649999999999959e+00
9.245679999999999836e+02, 1.327059999999999906e+00
9.245850000000000364e+02, -2.306719999999999951e-02
9.246009999999999991e+02, 5.120299999999999851e-01
9.246180000000000518e+02, 7.841620000000000257e-01
9.246349999999999909e+02, 4.740309999999999802e-01
9.246509999999999536e+02, -2.210900000000000087e-01
9.246680000000000064e+02, 9.543209999999999749e-01
9.246849999999999454e+02, 7.639960000000000084e-01
9.247010000000000218e+02, 6.078059999999999574e-01
9.247179999999999609e+02, 7.950530000000000097e-02
9.247350000000000136e+02, 8.616179999999999950e-01
9.247509999999999764e+02, 2.440690000000000082e-01
9.247680000000000291e+02, 3.097400000000000153e-01
9.247849999999999682e+02, 8.784849999999999604e-01
9.248010000000000446e+02, -1.148630000000000068e-01
9.248179999999999836e+02, -5.737670000000000270e-01
9.248350000000000364e+02, 2.819209999999999772e-01
9.248509999999999991e+02, 3.227360000000000229e-01
9.248680000000000518e+02, -4.900860000000000216e-01
9.248849999999999909e+02, -2.476430000000000020e-01
9.249009999999999536e+02, -5.225149999999999517e-01
9.249180000000000064e+02, 6.656099999999999517e-02
9.249349999999999454e+02, -5.671910000000000007e-01
9.249510000000000218e+02, 2.985039999999999916e-01
9.249679999999999609e+02, -2.292359999999999953e-01
9.249850000000000136e+02, -9.543590000000000406e-02
9.250009999999999764e+02, -1.883029999999999982e-01
9.250180000000000291e+02, -4.471120000000000094e-01
9.250349999999999682e+02, 6.704789999999999361e-02
9.250510000000000446e+02, 2.280880000000000130e-01
9.250679999999999836e+02, -5.448279999999999790e-01
9.250850000000000364e+02, 7.363830000000000098e-01
9.251009999999999991e+02, 1.950830000000000064e+00
9.251180000000000518e+02, 1.410809999999999897e+00
9.251349999999999909e+02, -7.360510000000000108e-01
9.251509999999999536e+02, -7.782480000000000508e-01
9.251680000000000064e+02, 8.570560000000000400e-01
9.251849999999999454e+02, 5.596670000000000117e-02
9.252010000000000218e+02, -3.463459999999999872e-01
9.252179999999999609e+02, 1.038479999999999959e-01
9.252350000000000136e+02, 2.870630000000000126e-01
9.252509999999999764e+02, -9.834079999999999488e-01
9.252680000000000291e+02, 1.381110000000000060e+00
9.252849999999999682e+02, -3.019229999999999969e-01
9.253010000000000446e+02, 6.087559999999999638e-01
9.253179999999999836e+02, -6.259850000000000136e-01
9.253350000000000364e+02, 1.448199999999999932e+00
9.253509999999999991e+02, 1.522520000000000095e+00
9.253680000000000518e+02, 1.427939999999999938e-02
9.253849999999999909e+02, 1.659769999999999995e-02
9.254009999999999536e+02, 5.721009999999999707e-01
9.254180000000000064e+02, -7.867159999999999709e-01
9.254349999999999454e+02, -4.022519999999999984e-01
9.254510000000000218e+02, -1.076079999999999925e+00
9.254679999999999609e+02, -4.808709999999999929e-01
9.254850000000000136e+02, -7.539529999999999843e-01
9.255009999999999764e+02, -1.296809999999999907e-01
9.255180000000000291e+02, 6.143210000000000059e-01
9.255349999999999682e+02, 1.332619999999999916e+00
9.255510000000000446e+02, 1.204029999999999961e-01
9.255679999999999836e+02, 1.225640000000000063e+00
9.255850000000000364e+02, -1.242150000000000087e+00
9.256009999999999991e+02, -8.893339999999999579e-01
9.256180000000000518e+02, -1.041719999999999979e+00
9.256349999999999909e+02, 1.044039999999999968e-01
9.256509999999999536e+02, 3.611410000000000314e-02
9.256680000000000064e+02, -6.943859999999999477e-01
9.256849999999999454e+02, -9.284599999999999798e-02
9.257010000000000218e+02, 6.414149999999999574e-01
9.257179999999999609e+02, -2.216809999999999892e-01
9.257350000000000136e+02, 1.467899999999999983e+00
9.257509999999999764e+02, 3.473530000000000229e-01
9.257680000000000291e+02, 2.864979999999999749e-01
9.257849999999999682e+02, -3.196550000000000225e-01
9.258010000000000446e+02, 2.005890000000000103e-02
9.258179999999999836e+02, -1.243469999999999992e-02
9.258350000000000364e+02, -9.184459999999999846e-01
9.258509999999999991e+02, -1.575550000000000006e-01
9.258680000000000518e+02, 1.874879999999999880e-01
9.258849999999999909e+02, -9.145980000000000221e-01
9.259009999999999536e+02, -1.502699999999999925e+00
9.259180000000000064e+02, -1.708969999999999934e-01
9.259349999999999454e+02, -8.529510000000000147e-01
9.259510000000000218e+02, -4.293270000000000142e-01
9.259679999999999609e+02, 3.585400000000000253e-01
9.259850000000000136e+02, -2.602749999999999855e-02
9.260009999999999764e+02, 2.983149999999999968e-01
9.260180000000000291e+02, 6.992669999999999719e-01
9.260349999999999682e+02, -1.131769999999999943e+00
9.260510000000000446e+02, -1.505670000000000064e+00
9.260679999999999836e+02, -1.577059999999999906e+00
9.260850000000000364e+02, 6.331599999999999451e-01
9.261009999999999991e+02, -6.359930000000000305e-01
9.261180000000000518e+02, 5.539110000000000422e-01
9.261349999999999909e+02, -9.101690000000000058e-01
9.261509999999999536e+02, -9.603909999999999947e-01
9.261680000000000064e+02, -9.535690000000000000e-01
9.261849999999999454e+02, 6.871929999999999705e-02
9.262010000000000218e+02, 9.553209999999999757e-01
9.262179999999999609e+02, 5.761319999999999775e-01
9.262350000000000136e+02, -1.161029999999999979e-01
9.262509999999999764e+02, -4.212609999999999966e-01
9.262680000000000291e+02, -5.700650000000000439e-01
9.262849999999999682e+02, 1.111930000000000085e+00
9.263010000000000446e+02, -4.192389999999999728e-01
9.263179999999999836e+02, 1.576849999999999918e-01
9.263350000000000364e+02, 1.849239999999999995e+00
9.263509999999999991e+02, 1.163310000000000066e+00
9.263680000000000518e+02, -6.523200000000000109e-01
9.263849999999999909e+02, -9.163200000000000234e-01
9.264009999999999536e+02, -1.175610000000000044e+00
9.264180000000000064e+02, 7.339470000000000161e-01
9.264349999999999454e+02, -3.482370000000000188e-01
9.264510000000000218e+02, 1.133640000000000064e-01
9.264679999999999609e+02, 9.149010000000000475e-02
9.264850000000000136e+02, -1.090289999999999981e+00
9.265009999999999764e+02, 1.286170000000000022e-02
9.265180000000000291e+02, 7.632330000000000503e-01
9.265349999999999682e+02, -2.623840000000000061e-01
9.265510000000000446e+02, -4.763510000000000244e-01
9.265679999999999836e+02, -7.602609999999999646e-01
9.265850000000000364e+02, -7.212720000000000242e-01
9.266009999999999991e+02, -1.035290000000000044e+00
9.266180000000000518e+02, 1.443470000000000031e+00
9.266349999999999909e+02, 2.304269999999999929e-01
9.266509999999999536e+02, 7.460010000000000252e-01
9.266680000000000064e+02, 7.754680000000000462e-01
9.266849999999999454e+02, 3.994980000000000198e-01
9.267010000000000218e+02, 1.056340000000000057e+00
9.267179999999999609e+02, 1.795809999999999906e+00
9.267350000000000136e+02, -9.879799999999999693e-01
9.267509999999999764e+02, -1.315630000000000077e+00
9.267680000000000291e+02, -7.577909999999999924e-01
9.267849999999999682e+02, -1.012860000000000094e+00
9.268010000000000446e+02, 5.234619999999999829e-01
9.268179999999999836e+02, -6.368549999999999489e-01
9.268350000000000364e+02, -3.318090000000000206e-01
9.268509999999999991e+02, 6.639610000000000234e-01
9.268680000000000518e+02, -1.054720000000000102e+00
9.268849999999999909e+02, -2.877109999999999945e-01
9.269009999999999536e+02, 2.013469999999999982e-01
9.269180000000000064e+02, -1.149300000000000044e-01
9.269349999999999454e+02, -3.072029999999999900e-02
9.269510000000000218e+02, 1.769469999999999932e-01
9.269679999999999609e+02, 6.735849999999999893e-01
9.269850000000000136e+02, -2.001160000000000050e+00
9.270009999999999764e+02, -9.214689999999999825e-01
9.270180000000000291e+02, 4.042439999999999922e-01
9.270349999999999682e+02, -1.112679999999999891e+00
9.270510000000000446e+02, 1.269659999999999955e-01
9.270679999999999836e+02, 3.308780000000000054e-01
9.270850000000000364e+02, 2.411550000000000082e-01
9.271009999999999991e+02, 4.762979999999999992e-01
9.271180000000000518e+02, -9.420939999999999870e-01
9.271349999999999909e+02, -1.060159999999999991e+00
9.271509999999999536e+02, -1.635329999999999950e+00
9.271680000000000064e+02, 5.854310000000000347e-01
9.271849999999999454e+02, 6.621960000000000068e-01
9.272010000000000218e+02, 1.399129999999999985e+00
9.272179999999999609e+02, 1.109469999999999956e+00
9.272350000000000136e+02, 3.236069999999999780e-01
9.272509999999999764e+02, 3.436389999999999723e-01
9.272680000000000291e+02, -1.226730000000000098e+00
9.272849999999999682e+02, -1.590740000000000043e+00
9.273010000000000446e+02, -6.754149999999999876e-01
9.273179999999999836e+02, -3.521340000000000026e-01
9.273350000000000364e+02, 2.625780000000000128e-02
9.273509999999999991e+02, 6.290480000000000516e-01
9.273680000000000518e+02, 7.721259999999999790e-01
9.273849999999999909e+02, -1.480410000000000059e-01
9.274009999999999536e+02, -3.400380000000000069e-01
9.274180000000000064e+02, 7.345450000000000590e-02
9.274349999999999454e+02, 1.058570000000000066e-01
9.274510000000000218e+02, 2.867399999999999949e-01
9.274679999999999609e+02, 6.044009999999999661e-01
9.274850000000000136e+02, 2.993750000000000022e-01
9.275009999999999764e+02, 3.614330000000000043e-01
9.275180000000000291e+02, 3.867599999999999927e-01
9.275349999999999682e+02, 8.324759999999999938e-01
9.275510000000000446e+02, 1.025099999999999900e+00
9.275679999999999836e+02, 3.991750000000000020e-01
9.275850000000000364e+02, -3.989269999999999761e-01
9.276009999999999991e+02, 3.833099999999999841e-01
9.276180000000000518e+02, -7.106160000000000254e-02
9.276349999999999909e+02, 5.840419999999999501e-01
9.276509999999999536e+02, 4.335849999999999982e-01
9.276680000000000064e+02, -1.128859999999999975e+00
9.276849999999999454e+02, -9.942619999999999791e-01
9.277010000000000218e+02, -7.378829999999999556e-01
9.277179999999999609e+02, -8.417229999999999990e-01
9.277350000000000136e+02, -8.018250000000000099e-01
9.277509999999999764e+02, -1.507860000000000034e-01
9.277680000000000291e+02, 8.360530000000000461e-01
9.277849999999999682e+02, -9.759510000000000129e-01
9.278010000000000446e+02, 1.016769999999999952e+00
9.278179999999999836e+02, 5.849719999999999920e-02
9.278350000000000364e+02, 1.168260000000000076e+00
9.278509999999999991e+02, -6.956539999999999946e-01
9.278680000000000518e+02, 3.093620000000000259e-01
9.278849999999999909e+02, 3.357580000000000009e-01
9.279009999999999536e+02, -1.949829999999999952e+00
9.279180000000000064e+02, 6.338449999999999918e-01
9.279349999999999454e+02, -4.829530000000000212e-01
9.279510000000000218e+02, 2.003890000000000116e-01
9.279679999999999609e+02, 2.533349999999999991e+00
9.279850000000000136e+02, 3.890310000000000157e-01
9.280009999999999764e+02, -4.543420000000000236e-01
9.280180000000000291e+02, 1.687130000000000019e-01
9.280349999999999682e+02, -1.169519999999999893e+00
9.280510000000000446e+02, 2.105329999999999979e-01
9.280679999999999836e+02, -9.311049999999999605e-01
9.280850000000000364e+02, -3.655789999999999734e-02
9.281009999999999991e+02, -2.873380000000000031e-02
9.281180000000000518e+02, -1.321550000000000002e+00
9.281349999999999909e+02, 4.401070000000000260e-01
9.281509999999999536e+02, -5.843920000000000226e-01
9.281680000000000064e+02, -2.703749999999999765e-01
9.281849999999999454e+02, 5.768559999999999660e-02
9.282010000000000218e+02, 7.291880000000000583e-02
9.282179999999999609e+02, -1.020500000000000018e-01
9.282350000000000136e+02, 1.209529999999999994e+00
9.282509999999999764e+02, 3.874190000000000134e-01
9.282680000000000291e+02, -1.584549999999999903e+00
9.282849999999999682e+02, 7.924670000000000325e-02
9.283010000000000446e+02, 6.660030000000000117e-02
9.283179999999999836e+02, 8.021110000000000184e-01
9.283350000000000364e+02, -4.973110000000000031e-01
9.283509999999999991e+02, 6.382900000000000379e-03
9.283680000000000518e+02, -6.158199999999999785e-02
9.283849999999999909e+02, -1.605789999999999995e-01
9.284009999999999536e+02, -1.669130000000000058e-01
9.284180000000000064e+02, 2.819019999999999859e-02
9.284349999999999454e+02, 8.185670000000000446e-02
9.284510000000000218e+02, 5.956080000000000263e-01
9.284679999999999609e+02, 5.781570000000000320e-01
9.284850000000000136e+02, 1.246920000000000028e+00
9.285009999999999764e+02, -3.040149999999999797e-01
9.285180000000000291e+02, 6.891789999999999861e-01
9.285349999999999682e+02, -1.253940000000000055e-01
9.285510000000000446e+02, 4.029670000000000196e-01
9.285679999999999836e+02, -7.647170000000000356e-02
9.285850000000000364e+02, 4.880619999999999958e-01
9.286009999999999991e+02, 3.997089999999999810e-01
9.286180000000000518e+02, 4.330530000000000213e-01
9.286349999999999909e+02, 1.050789999999999891e+00
9.286509999999999536e+02, 2.867739999999999734e-01
9.286680000000000064e+02, 2.529060000000000197e-01
9.286849999999999454e+02, 3.647129999999999816e-02
9.287010000000000218e+02, 3.898949999999999916e-01
9.287179999999999609e+02, 1.457859999999999934e+00
9.287350000000000136e+02, -1.976479999999999904e-01
9.287509999999999764e+02, 5.214320000000000066e-01
9.287680000000000291e+02, 1.152600000000000069e+00
9.287849999999999682e+02, 9.892030000000000545e-01
9.288010000000000446e+02, -1.216900000000000065e-01
9.288179999999999836e+02, -3.992020000000000013e-01
9.288350000000000364e+02, 5.356980000000000075e-02
9.288509999999999991e+02, 2.536880000000000246e-01
9.288680000000000518e+02, -1.313819999999999988e-01
9.288849999999999909e+02, -1.386110000000000120e-01
9.289009999999999536e+02, 1.065989999999999993e+00
9.289180000000000064e+02, 2.670120000000000271e-01
9.289349999999999454e+02, -7.184450000000000003e-01
9.289510000000000218e+02, 1.794090000000000129e-01
9.289679999999999609e+02, -1.840899999999999981e+00
9.289850000000000136e+02, -6.505160000000000109e-02
9.290009999999999764e+02, 4.280479999999999841e-01
9.290180000000000291e+02, 1.516760000000000108e+00
9.290349999999999682e+02, 4.904109999999999858e-01
9.290510000000000446e+02, -1.647629999999999928e-01
9.290679999999999836e+02, -2.785549999999999971e-01
9.290850000000000364e+02, 4.199189999999999867e-01
9.291009999999999991e+02, -3.616079999999999989e-02
9.291180000000000518e+02, -2.734739999999999949e-01
9.291349999999999909e+02, -4.597669999999999813e-01
9.291509999999999536e+02, -5.001630000000000242e-01
9.291680000000000064e+02, -3.235739999999999728e-01
9.291849999999999454e+02, -3.211359999999999770e-01
9.292010000000000218e+02, -6.669239999999999891e-02
9.292179999999999609e+02, 4.119309999999999916e-01
9.292350000000000136e+02, 6.358470000000000510e-01
9.292509999999999764e+02, -6.861270000000000424e-01
9.292680000000000291e+02, 5.085539999999999505e-01
9.292849999999999682e+02, -4.717509999999999759e-01
9.293010000000000446e+02, -1.190600000000000103e+00
9.293179999999999836e+02, -9.122879999999999878e-01
9.293350000000000364e+02, -1.417750000000000121e-01
9.293509999999999991e+02, -5.276119999999999699e-01
9.293680000000000518e+02, -4.594150000000000178e-01
9.293849999999999909e+02, -2.296690000000000120e-01
9.294009999999999536e+02, -5.774110000000000076e-01
9.294180000000000064e+02, -7.599309999999999399e-02
9.294349999999999454e+02, 2.850170000000000203e-01
9.294510000000000218e+02, 1.589150000000000063e+00
9.294679999999999609e+02, 4.420740000000000225e-01
9.294850000000000136e+02, -1.367929999999999979e-01
9.295009999999999764e+02, -6.162159999999999860e-01
9.295180000000000291e+02, 9.906460000000000266e-01
9.295349999999999682e+02, -1.023749999999999938e+00
9.295510000000000446e+02, 1.319020000000000081e+00
9.295679999999999836e+02, 6.089209999999999762e-02
9.295850000000000364e+02, 2.863180000000000169e-01
9.296009999999999991e+02, -5.077800000000000091e-01
9.296180000000000518e+02, 5.117850000000000454e-01
9.296349999999999909e+02, -3.962269999999999959e-01
9.296509999999999536e+02, -2.207830000000000070e-01
9.296680000000000064e+02, 4.504079999999999750e-01
9.296849999999999454e+02, 6.645480000000000276e-01
9.297010000000000218e+02, 8.395740000000000425e-01
9.297179999999999609e+02, 2.579150000000000054e-01
9.297350000000000136e+02, 1.444799999999999973e-01
9.297509999999999764e+02, 9.417729999999999713e-01
9.297680000000000291e+02, 8.874239999999999906e-01
9.297849999999999682e+02, 1.161059999999999981e+00
9.298010000000000446e+02, 9.419779999999999820e-01
9.298179999999999836e+02, 5.566460000000000158e-02
9.298350000000000364e+02, -8.663260000000000405e-01
9.298509999999999991e+02, -8.306480000000000530e-01
9.298680000000000518e+02, -1.031179999999999986e+00
9.298849999999999909e+02, -2.420829999999999857e-02
9.299009999999999536e+02, -6.517640000000000100e-01
9.299180000000000064e+02, 2.840159999999999907e-01
9.299349999999999454e+02, -7.839279999999999582e-01
9.299510000000000218e+02, -5.994109999999999716e-02
9.299679999999999609e+02, 1.143290000000000001e-01
9.299850000000000136e+02, 2.932159999999999767e-01
9.300009999999999764e+02, 6.927790000000000337e-01
9.300180000000000291e+02, 5.512029999999999985e-01
9.300349999999999682e+02, 6.787410000000000387e-01
9.300510000000000446e+02, -1.779409999999999881e-01
9.300679999999999836e+02, -4.058620000000000005e-01
9.300850000000000364e+02, -7.370200000000000085e-01
9.301009999999999991e+02, -1.170719999999999983e+00
9.301180000000000518e+02, 3.263650000000000162e-01
9.301349999999999909e+02, -6.842730000000000201e-01
9.301509999999999536e+02, 1.071369999999999933e+00
9.301680000000000064e+02, 5.874759999999999982e-01
9.301849999999999454e+02, 4.410419999999999896e-01
9.302010000000000218e+02, -5.684080000000000243e-01
9.302179999999999609e+02, -8.319659999999999556e-02
9.302350000000000136e+02, 9.922129999999999839e-02
9.302509999999999764e+02, 1.186020000000000074e+00
9.302680000000000291e+02, 4.303179999999999783e-01
9.302849999999999682e+02, 8.643110000000000515e-01
9.303010000000000446e+02, 3.671340000000000159e-01
9.303179999999999836e+02, -1.023640000000000105e+00
9.303350000000000364e+02, -7.377559999999999674e-01
9.303509999999999991e+02, 9.263550000000000395e-01
9.303680000000000518e+02, -1.553320000000000034e+00
9.303849999999999909e+02, -7.409510000000000263e-01
9.304009999999999536e+02, 5.718609999999999527e-01
9.304180000000000064e+02, -7.656010000000000593e-02
9.304349999999999454e+02, 1.911440000000000083e-01
9.304510000000000218e+02, -3.179899999999999949e-01
9.304679999999999609e+02, 3.372499999999999942e-01
9.304850000000000136e+02, -5.503440000000000554e-01
9.305009999999999764e+02, -1.604039999999999910e+00
9.305180000000000291e+02, -7.464239999999999764e-01
9.305349999999999682e+02, -9.461349999999999483e-01
9.305510000000000446e+02, 9.939459999999999962e-01
9.305679999999999836e+02, -6.316850000000000520e-01
9.305850000000000364e+02, 2.526519999999999877e-01
9.306009999999999991e+02, -6.834099999999999620e-01
9.306180000000000518e+02, 1.234709999999999974e+00
9.306349999999999909e+02, 1.016880000000000006e-01
9.306509999999999536e+02, -6.172760000000000469e-01
9.306680000000000064e+02, -2.471319999999999906e-01
9.306849999999999454e+02, 3.022770000000000179e-01
9.307010000000000218e+02, 8.264939999999999509e-01
9.307179999999999609e+02, 1.228490000000000082e+00
9.307350000000000136e+02, 1.233510000000000106e+00
9.307509999999999764e+02, -1.495659999999999989e+00
9.307680000000000291e+02, -4.674010000000000109e-01
9.307849999999999682e+02, -3.806050000000000266e-01
9.308010000000000446e+02, 1.290899999999999936e+00
9.308179999999999836e+02, -2.611709999999999865e-01
9.308350000000000364e+02, 2.462590000000000057e-01
9.308509999999999991e+02, 1.371550000000000047e+00
9.308680000000000518e+02, -2.382819999999999938e-01
9.308849999999999909e+02, -1.150589999999999946e-01
9.309009999999999536e+02, -5.999299999999999633e-01
9.309180000000000064e+02, -2.943939999999999890e-01
9.309349999999999454e+02, -2.589290000000000203e-01
9.309510000000000218e+02, -5.857360000000000344e-01
9.309679999999999609e+02, 5.717349999999999932e-01
9.309850000000000136e+02, -9.493049999999999544e-01
9.310009999999999764e+02, 9.653150000000000341e-01
9.310180000000000291e+02, 8.422450000000000214e-01
9.310349999999999682e+02, 9.626379999999999659e-02
9.310510000000000446e+02, -6.593820000000000237e-01
9.310679999999999836e+02, -1.344610000000000083e+00
9.310850000000000364e+02, -3.609470000000000178e-01
9.311009999999999991e+02, 7.106440000000000534e-01
9.311180000000000518e+02, 1.371639999999999970e+00
9.311349999999999909e+02, 9.051649999999999974e-01
9.311509999999999536e+02, 2.596100000000000074e-01
9.311680000000000064e+02, -1.515309999999999935e+00
9.311849999999999454e+02, -7.422290000000000276e-01
9.312010000000000218e+02, -6.276909999999999989e-01
9.312179999999999609e+02, -1.003679999999999906e+00
9.312350000000000136e+02, -6.748490000000000044e-02
9.312509999999999764e+02, 4.751720000000000249e-02
9.312680000000000291e+02, 3.371190000000000020e-01
9.312849999999999682e+02, 1.075450000000000017e-01
9.313010000000000446e+02, -3.044049999999999812e-01
9.313179999999999836e+02, -1.939389999999999947e+00
9.313350000000000364e+02, 9.768980000000000441e-01
9.313509999999999991e+02, 4.444250000000000145e-01
9.313680000000000518e+02, 1.057460000000000067e+00
9.313849999999999909e+02, -8.088079999999999714e-01
9.314009999999999536e+02, -8.953140000000000542e-01
9.314180000000000064e+02, 3.587609999999999966e-01
9.314349999999999454e+02, 1.210429999999999895e+00
9.314510000000000218e+02, 1.501879999999999882e-01
9.314679999999999609e+02, -1.690120000000000067e+00
9.314850000000000136e+02, 5.769599999999999729e-02
9.315009999999999764e+02, -6.137049999999999450e-01
9.315180000000000291e+02, 6.761730000000000240e-01
9.315349999999999682e+02, -2.353250000000000064e-01
9.315510000000000446e+02, -1.658019999999999980e-02
9.315679999999999836e+02, -4.570460000000000078e-01
9.315850000000000364e+02, 9.291789999999999772e-01
9.316009999999999991e+02, -5.799159999999999732e-02
9.316180000000000518e+02, -4.248299999999999854e-01
9.316349999999999909e+02, -1.125899999999999901e+00
9.316509999999999536e+02, -5.942309999999999537e-01
9.316680000000000064e+02, -8.799350000000000227e-01
9.316849999999999454e+02, -1.864009999999999945e+00
9.317010000000000218e+02, -5.632519999999999749e-01
9.317179999999999609e+02, -4.541910000000000114e-01
9.317350000000000136e+02, -2.833629999999999829e-02
9.317509999999999764e+02, 4.633200000000000096e-01
9.317680000000000291e+02, -4.402940000000000326e-02
9.317849999999999682e+02, 3.682909999999999795e-01
9.318010000000000446e+02, -3.528109999999999857e-01
9.318179999999999836e+02, -3.805180000000000229e-01
9.318350000000000364e+02, -7.353830000000000089e-01
9.318509999999999991e+02, -1.398520000000000041e-01
9.318680000000000518e+02, -2.298910000000000120e-01
9.318849999999999909e+02, 5.871830000000000105e-02
9.319009999999999536e+02, 4.189149999999999818e-01
9.319180000000000064e+02, -1.394239999999999924e+00
9.319349999999999454e+02, -3.588510000000000050e-03
9.319510000000000218e+02, -1.236040000000000028e+00
9.319679999999999609e+02, -6.376899999999999791e-01
9.319850000000000136e+02, -4.622200000000000197e-01
9.320009999999999764e+02, -4.393619999999999748e-01
9.320180000000000291e+02, -5.540819999999999634e-01
9.320349999999999682e+02, -3.013549999999999840e-01
9.320510000000000446e+02, 2.110769999999999869e-01
9.320679999999999836e+02, 1.110859999999999959e+00
9.320850000000000364e+02, -2.760279999999999956e-01
9.321009999999999991e+02, -3.712630000000000097e-01
9.321180000000000518e+02, 1.258950000000000069e-01
9.321349999999999909e+02, 5.499749999999999917e-01
9.321509999999999536e+02, 1.816119999999999957e+00
9.321680000000000064e+02, -4.452470000000000039e-02
9.321849999999999454e+02, -1.547060000000000102e+00
9.322010000000000218e+02, -1.844910000000000050e+00
9.322179999999999609e+02, 6.220320000000000293e-01
9.322350000000000136e+02, -3.737639999999999851e-01
9.322509999999999764e+02, 2.105859999999999843e+00
9.322680000000000291e+02, -6.175089999999999746e-01
9.322849999999999682e+02, -5.598710000000000075e-01
9.323010000000000446e+02, -6.679760000000000142e-01
9.323179999999999836e+02, 8.144040000000000168e-01
9.323350000000000364e+02, 7.913430000000000186e-01
9.323509999999999991e+02, 1.357469999999999954e+00
9.323680000000000518e+02, -6.872540000000000315e-01
9.323849999999999909e+02, -5.671120000000000327e-02
9.324009999999999536e+02, -1.707490000000000119e-01
9.324180000000000064e+02, -3.144580000000000153e-01
9.324349999999999454e+02, 4.898779999999999801e-02
9.324510000000000218e+02, -7.571259999999999657e-01
9.324679999999999609e+02, -9.098870000000000013e-01
9.324850000000000136e+02, -1.013330000000000064e+00
9.325009999999999764e+02, -6.222469999999999946e-01
9.325180000000000291e+02, 1.439159999999999995e+00
9.325349999999999682e+02, -9.740750000000000242e-01
9.325510000000000446e+02, -4.955949999999999939e-02
9.325679999999999836e+02, 2.335409999999999986e-01
9.325850000000000364e+02, -1.815359999999999890e-02
9.326009999999999991e+02, -2.193180000000000129e-01
9.326180000000000518e+02, -6.152879999999999461e-01
9.326349999999999909e+02, -6.678499999999999714e-02
9.326509999999999536e+02, -9.065890000000000060e-02
9.326680000000000064e+02, 2.501169999999999782e-01
9.326849999999999454e+02, 1.187929999999999930e+00
9.327010000000000218e+02, 4.973969999999999780e-02
9.327179999999999609e+02, 4.247770000000000157e-01
9.327350000000000136e+02, 1.442509999999999973e-02
9.327509999999999764e+02, 1.091020000000000101e+00
9.327680000000000291e+02, 8.963959999999999706e-01
9.327849999999999682e+02, -5.196929999999999605e-01
9.328010000000000446e+02, 2.217610000000000137e-01
9.328179999999999836e+02, 7.404380000000000406e-01
9.328350000000000364e+02, -2.738169999999999771e-01
9.328509999999999991e+02, 6.688830000000000053e-01
9.328680000000000518e+02, 4.252529999999999921e-01
9.328849999999999909e+02, -1.936630000000000018e-01
9.329009999999999536e+02, 8.045600000000000529e-01
9.329180000000000064e+02, -7.056949999999999334e-02
9.329349999999999454e+02, 4.414999999999999654e-03
9.329510000000000218e+02, -1.486690000000000067e+00
9.329679999999999609e+02, -5.075309999999999544e-01
9.329850000000000136e+02, -1.684309999999999974e+00
9.330009999999999764e+02, 6.979530000000000456e-01
9.330180000000000291e+02, 6.838750000000000107e-01
9.330349999999999682e+02, 3.873399999999999760e-02
9.330510000000000446e+02, -1.879500000000000060e-01
9.330679999999999836e+02, -4.198660000000000170e-01
9.330850000000000364e+02, -2.722550000000000248e-01
9.331009999999999991e+02, -1.481489999999999974e+00
9.331180000000000518e+02, -8.592389999999999750e-02
9.331349999999999909e+02, -6.439820000000000266e-02
9.331509999999999536e+02, 7.280759999999999454e-01
9.331680000000000064e+02, 7.829399999999999693e-01
9.331849999999999454e+02, 9.555719999999999770e-01
9.332010000000000218e+02, -3.570610000000000173e-01
9.332179999999999609e+02, -3.816840000000000233e-01
9.332350000000000136e+02, 3.164750000000000063e-01
9.332509999999999764e+02, -8.642379999999999507e-01
9.332680000000000291e+02, -1.204439999999999955e+00
9.332849999999999682e+02, -4.678140000000000076e-01
9.333010000000000446e+02, -5.341259999999999897e-01
9.333179999999999836e+02, 3.060610000000000067e-02
9.333350000000000364e+02, -9.878580000000000139e-01
9.333509999999999991e+02, 5.880790000000000323e-02
9.333680000000000518e+02, -8.816359999999999475e-02
9.333849999999999909e+02, 1.157289999999999930e+00
9.334009999999999536e+02, 7.644060000000000299e-01
9.334180000000000064e+02, 4.357949999999999879e-01
9.334349999999999454e+02, -1.053700000000000081e+00
9.334510000000000218e+02, -1.199820000000000109e+00
9.334679999999999609e+02, -9.833589999999999831e-01
9.334850000000000136e+02, -1.578219999999999901e-01
9.335009999999999764e+02, 1.757410000000000083e-01
9.335180000000000291e+02, -1.427059999999999995e+00
9.335349999999999682e+02, -9.731530000000000458e-01
9.335510000000000446e+02, -4.518340000000000134e-01
9.335679999999999836e+02, 1.986509999999999942e-01
9.335850000000000364e+02, 5.342289999999999539e-01
9.336009999999999991e+02, 1.109089999999999937e-01
9.336180000000000518e+02, 8.081850000000000422e-01
9.336349999999999909e+02, 4.846969999999999890e-01
9.336509999999999536e+02, 3.005550000000000166e-01
9.336680000000000064e+02, 1.363599999999999923e+00
9.336849999999999454e+02, 4.851869999999999794e-01
9.337010000000000218e+02, -8.819639999999999702e-01
9.337179999999999609e+02, -5.282350000000000101e-01
9.337350000000000136e+02, 2.683829999999999896e-02
9.337509999999999764e+02, 1.341469999999999885e-01
9.337680000000000291e+02, 1.153319999999999901e+00
9.337849999999999682e+02, -1.778649999999999953e-01
9.338010000000000446e+02, -6.909170000000000034e-01
9.338179999999999836e+02, -4.228000000000000091e-01
9.338350000000000364e+02, -1.904899999999999927e-01
9.338509999999999991e+02, 1.834889999999999910e+00
9.338680000000000518e+02, -8.283920000000000172e-02
9.338849999999999909e+02, -1.206250000000000044e+00
9.339009999999999536e+02, -1.628570000000000018e-01
9.339180000000000064e+02, 1.947950000000000070e+00
9.339349999999999454e+02, 1.511689999999999978e+00
9.339510000000000218e+02, 1.933940000000000103e-01
9.339679999999999609e+02, -2.204089999999999883e+00
9.339850000000000136e+02, -8.087360000000000104e-01
9.340009999999999764e+02, -7.502969999999999917e-01
9.340180000000000291e+02, -6.391809999999999992e-01
9.340349999999999682e+02, 7.816400000000000015e-01
9.340510000000000446e+02, -1.074689999999999923e+00
9.340679999999999836e+02, 4.733419999999999850e-01
9.340850000000000364e+02, 7.826480000000000103e-01
9.341009999999999991e+02, -4.929600000000000093e-01
9.341180000000000518e+02, 1.138710000000000111e+00
9.341349999999999909e+02, -1.034869999999999957e+00
9.341509999999999536e+02, -1.380530000000000090e-01
9.341680000000000064e+02, 8.394740000000000535e-01
9.341849999999999454e+02, 8.554390000000000605e-02
9.342010000000000218e+02, 4.260150000000000048e-02
9.342179999999999609e+02, -4.213310000000000111e-01
9.342350000000000136e+02, 1.377820000000000045e+00
9.342509999999999764e+02, -5.497330000000000272e-02
9.342680000000000291e+02, 2.262530000000000097e-01
9.342849999999999682e+02, 4.427860000000000129e-02
9.343010000000000446e+02, -1.581069999999999975e+00
9.343179999999999836e+02, 9.751140000000000363e-01
9.343350000000000364e+02, -1.719269999999999965e-01
9.343509999999999991e+02, -3.552669999999999995e-01
9.343680000000000518e+02, 6.300849999999999507e-02
9.343849999999999909e+02, -7.885879999999999557e-01
9.344009999999999536e+02, -1.822310000000000096e+00
9.344180000000000064e+02, -6.836790000000000367e-01
9.344349999999999454e+02, 2.688209999999999766e-01
9.344510000000000218e+02, 5.624130000000000518e-01
9.344679999999999609e+02, -1.338600000000000012e+00
9.344850000000000136e+02, -5.847259999999999680e-01
9.345009999999999764e+02, 4.662430000000000185e-01
9.345180000000000291e+02, 9.851339999999999542e-01
9.345349999999999682e+02, 6.294700000000000295e-02
9.345510000000000446e+02, 2.073750000000000038e-01
9.345679999999999836e+02, 6.675229999999999775e-01
9.345850000000000364e+02, 6.820669999999999789e-01
9.346009999999999991e+02, -4.028299999999999936e-02
9.346180000000000518e+02, 4.410330000000000084e-01
9.346349999999999909e+02, 3.165669999999999873e-01
9.346509999999999536e+02, -2.836080000000000267e-01
9.346680000000000064e+02, -4.175579999999999847e-01
9.346849999999999454e+02, 3.137289999999999801e-01
9.347010000000000218e+02, -6.705020000000000424e-01
9.347179999999999609e+02, 1.325349999999999862e-01
9.347350000000000136e+02, -3.304869999999999752e-01
9.347509999999999764e+02, -7.790489999999999915e-01
9.347680000000000291e+02, 1.131629999999999997e-01
9.347849999999999682e+02, 2.576709999999999834e-01
9.348010000000000446e+02, 1.104910000000000059e+00
9.348179999999999836e+02, 1.527069999999999927e+00
9.348350000000000364e+02, 1.653040000000000065e-01
9.348509999999999991e+02, 1.157730000000000009e-01
9.348680000000000518e+02, -9.392359999999999598e-02
9.348849999999999909e+02, -8.201640000000000041e-01
9.349009999999999536e+02, 7.430219999999999603e-01
9.349180000000000064e+02, 2.140049999999999938e-02
9.349349999999999454e+02, -1.730039999999999911e-01
9.349510000000000218e+02, -2.370329999999999937e-01
9.349679999999999609e+02, -8.066449999999999454e-01
9.349850000000000136e+02, 3.231740000000000168e-01
9.350009999999999764e+02, -5.450019999999999865e-01
9.350180000000000291e+02, 8.793800000000000505e-01
9.350349999999999682e+02, 3.706400000000000250e-01
9.350510000000000446e+02, 9.488370000000000415e-01
9.350679999999999836e+02, -9.547680000000000056e-02
9.350850000000000364e+02, -1.343660000000000077e+00
9.351009999999999991e+02, -2.605640000000000178e-01
9.351180000000000518e+02, -8.608179999999999721e-01
9.351349999999999909e+02, -1.020620000000000083e+00
9.351509999999999536e+02, -8.552819999999999867e-02
9.351680000000000064e+02, 1.101049999999999945e-01
9.351849999999999454e+02, -1.552359999999999962e+00
9.352010000000000218e+02, -2.595629999999999882e+00
9.352179999999999609e+02, -9.778609999999999802e-01
9.352350000000000136e+02, 2.660790000000000100e-01
9.352509999999999764e+02, 2.289390000000000036e-01
9.352680000000000291e+02, -2.148400000000000032e-01
9.352849999999999682e+02, 2.675839999999999885e-01
9.353010000000000446e+02, 2.890849999999999809e-01
9.353179999999999836e+02, 3.980940000000000034e-01
9.353350000000000364e+02, -1.604800000000000115e-01
9.353509999999999991e+02, -8.074130000000000473e-01
9.353680000000000518e+02, 1.832090000000000107e-01
9.353849999999999909e+02, 9.503300000000000081e-01
9.354009999999999536e+02, -6.400880000000000458e-02
9.354180000000000064e+02, 1.719189999999999996e+00
9.354349999999999454e+02, 2.089100000000000124e-01
9.354510000000000218e+02, -3.924980000000000135e-02
9.354679999999999609e+02, 1.990120000000000083e-02
9.354850000000000136e+02, -1.789640000000000120e-01
9.355009999999999764e+02, -3.330859999999999932e-01
9.355180000000000291e+02, -9.378889999999999727e-01
9.355349999999999682e+02, -1.193980000000000041e+00
9.355510000000000446e+02, -7.358910000000000451e-02
9.355679999999999836e+02, -7.092490000000000183e-01
9.355850000000000364e+02, 7.331330000000000346e-01
9.356009999999999991e+02, 1.082899999999999974e+00
9.356180000000000518e+02, 1.158300000000000107e+00
9.356349999999999909e+02, -5.088399999999999590e-01
9.356509999999999536e+02, 1.970979999999999954e-01
9.356680000000000064e+02, 2.969559999999999977e-01
9.356849999999999454e+02, -1.583829999999999960e-01
9.357010000000000218e+02, 9.081890000000000240e-01
9.357179999999999609e+02, -2.243529999999999969e-01
9.357350000000000136e+02, -1.471189999999999998e+00
9.357509999999999764e+02, -1.385299999999999976e+00
9.357680000000000291e+02, -9.146130000000000093e-01
9.357849999999999682e+02, 8.860040000000000138e-01
9.358010000000000446e+02, 1.457350000000000034e-01
9.358179999999999836e+02, 4.885669999999999735e-01
9.358350000000000364e+02, 2.960499999999999798e-01
9.358509999999999991e+02, 1.252019999999999911e+00
9.358680000000000518e+02, 3.241609999999999769e-01
9.358849999999999909e+02, -6.049200000000000133e-01
9.359009999999999536e+02, -5.849119999999999875e-01
9.359180000000000064e+02, 1.764509999999999967e-01
9.359349999999999454e+02, 4.379230000000000067e-01
9.359510000000000218e+02, 1.160910000000000108e+00
9.359679999999999609e+02, -5.715999999999999970e-01
9.359850000000000136e+02, 9.039770000000000305e-01
9.360009999999999764e+02, 1.133510000000000018e+00
9.360180000000000291e+02, 1.196119999999999961e-01
9.360349999999999682e+02, -1.206260000000000110e+00
9.360510000000000446e+02, 2.626450000000000173e-01
9.360679999999999836e+02, 1.318480000000000096e+00
9.360850000000000364e+02, 1.587320000000000120e-01
9.361009999999999991e+02, -2.289160000000000084e-01
9.361180000000000518e+02, -1.268580000000000041e+00
9.361349999999999909e+02, 1.960250000000000048e-01
9.361509999999999536e+02, 2.773379999999999734e-01
9.361680000000000064e+02, -5.509020000000000028e-01
9.361849999999999454e+02, -3.804239999999999844e-01
9.362010000000000218e+02, 1.054499999999999993e+00
9.362179999999999609e+02, -9.494650000000000312e-02
9.362350000000000136e+02, -1.424770000000000092e+00
9.362509999999999764e+02, -4.591250000000000053e-01
9.362680000000000291e+02, 2.689759999999999929e-01
9.362849999999999682e+02, 1.047739999999999894e+00
9.363010000000000446e+02, -6.524689999999999657e-01
9.363179999999999836e+02, -5.391129999999999534e-01
9.363350000000000364e+02, -5.267209999999999948e-01
9.363509999999999991e+02, 4.837540000000000173e-01
9.363680000000000518e+02, 1.539179999999999993e+00
9.363849999999999909e+02, 1.610549999999999926e+00
9.364009999999999536e+02, -1.887399999999999911e-01
9.364180000000000064e+02, -5.054630000000000234e-02
9.364349999999999454e+02, -1.609480000000000022e+00
9.364510000000000218e+02, -3.498870000000000036e-01
9.364679999999999609e+02, 1.735410000000000008e-01
9.364850000000000136e+02, -4.191160000000000198e-03
9.365009999999999764e+02, -6.381359999999999810e-02
9.365180000000000291e+02, -4.069749999999999757e-01
9.365349999999999682e+02, -1.497130000000000072e+00
9.365510000000000446e+02, 6.031480000000000175e-01
9.365679999999999836e+02, 7.108680000000000554e-01
9.365850000000000364e+02, 7.237599999999999589e-01
9.366009999999999991e+02, -5.753500000000000281e-01
9.366180000000000518e+02, -8.002820000000000489e-01
9.366349999999999909e+02, -1.325069999999999970e+00
9.366509999999999536e+02, -6.572599999999999554e-01
9.366680000000000064e+02, 1.218469999999999942e+00
9.366849999999999454e+02, 1.019889999999999963e-01
9.367010000000000218e+02, 1.280949999999999867e-01
9.367179999999999609e+02, -1.539200000000000013e-01
9.367350000000000136e+02, 8.094700000000000228e-01
9.367509999999999764e+02, 1.157070000000000043e-01
9.367680000000000291e+02, -1.216590000000000060e+00
9.367849999999999682e+02, -1.382670000000000066e+00
9.368010000000000446e+02, -4.914939999999999864e-01
9.368179999999999836e+02, -6.203959999999999475e-01
9.368350000000000364e+02, -9.745260000000000034e-01
9.368509999999999991e+02, 1.172849999999999948e+00
9.368680000000000518e+02, -2.722149999999999848e-01
9.368849999999999909e+02, 1.124160000000000048e+00
9.369009999999999536e+02, -2.347859999999999836e+00
9.369180000000000064e+02, 8.522629999999999928e-01
9.369349999999999454e+02, -7.003639999999999866e-01
9.369510000000000218e+02, -4.198430000000000217e-01
9.369679999999999609e+02, 4.352599999999999802e-01
9.369850000000000136e+02, -8.265709999999999724e-02
9.370009999999999764e+02, 4.254290000000000016e-01
9.370180000000000291e+02, 6.118780000000000330e-01
9.370349999999999682e+02, -1.494310000000000083e-01
9.370510000000000446e+02, -2.955920000000000214e-01
9.370679999999999836e+02, 1.732289999999999941e-01
9.370850000000000364e+02, -5.252120000000000122e-01
9.371009999999999991e+02, 1.412469999999999892e+00
9.371180000000000518e+02, 5.355180000000000495e-01
9.371349999999999909e+02, 1.363620000000000054e+00
9.371509999999999536e+02, -6.597960000000000491e-01
9.371680000000000064e+02, -3.191609999999999725e-01
9.371849999999999454e+02, 3.579550000000000093e-02
9.372010000000000218e+02, 1.871629999999999960e-01
9.372179999999999609e+02, 4.148760000000000225e-01
9.372350000000000136e+02, -1.744729999999999892e+00
9.372509999999999764e+02, -1.216760000000000064e+00
9.372680000000000291e+02, 2.090329999999999966e-01
9.372849999999999682e+02, -2.988340000000000093e-02
9.373010000000000446e+02, -8.962639999999999496e-01
9.373179999999999836e+02, 1.114379999999999926e+00
9.373350000000000364e+02, 4.855260000000000131e-01
9.373509999999999991e+02, 5.448669999999999902e-01
9.373680000000000518e+02, -3.627900000000000014e-01
9.373849999999999909e+02, 2.223370000000000068e-01
9.374009999999999536e+02, 1.845730000000000093e+00
9.374180000000000064e+02, 9.263829999999999565e-01
9.374349999999999454e+02, 2.323249999999999815e+00
9.374510000000000218e+02, 1.263009999999999966e+00
9.374679999999999609e+02, -3.317160000000000108e-01
9.374850000000000136e+02, -1.319110000000000005e+00
9.375009999999999764e+02, -1.494019999999999904e+00
9.375180000000000291e+02, -2.229700000000000015e-01
9.375349999999999682e+02, 5.440249999999999808e-01
9.375510000000000446e+02, -2.481210000000000082e-01
9.375679999999999836e+02, 5.221400000000000485e-01
9.375850000000000364e+02, -9.585409999999999764e-01
9.376009999999999991e+02, 9.601020000000000110e-01
9.376180000000000518e+02, 1.787139999999999951e+00
9.376349999999999909e+02, 1.355019999999999891e+00
9.376509999999999536e+02, -9.499520000000000186e-01
9.376680000000000064e+02, -1.170879999999999921e+00
9.376849999999999454e+02, -5.882270000000000554e-01
9.377010000000000218e+02, 5.309779999999999500e-01
9.377179999999999609e+02, 8.491570000000000507e-01
9.377350000000000136e+02, 9.624040000000000372e-01
9.377509999999999764e+02, 9.570039999999999658e-01
9.377680000000000291e+02, -3.821499999999999897e-01
9.377849999999999682e+02, -7.522999999999999687e-01
9.378010000000000446e+02, 9.302799999999999958e-01
9.378179999999999836e+02, 1.319909999999999917e+00
9.378350000000000364e+02, 6.425959999999999450e-01
9.378509999999999991e+02, -7.559029999999999916e-01
9.378680000000000518e+02, 1.395739999999999981e+00
9.378849999999999909e+02, -6.493179999999999508e-01
9.379009999999999536e+02, -1.124610000000000110e+00
9.379180000000000064e+02, -1.267749999999999932e+00
9.379349999999999454e+02, -7.077700000000000657e-02
9.379510000000000218e+02, 4.681919999999999971e-01
9.379679999999999609e+02, 5.172529999999999628e-01
9.379850000000000136e+02, 8.611210000000000253e-01
9.380009999999999764e+02, -7.513020000000000254e-01
9.380180000000000291e+02, -1.277719999999999967e+00
9.380349999999999682e+02, -1.201689999999999925e+00
9.380510000000000446e+02, -1.705359999999999931e-01
9.380679999999999836e+02, -3.616889999999999827e-01
9.380850000000000364e+02, 1.793589999999999907e-01
9.381009999999999991e+02, 1.650649999999999951e+00
9.381180000000000518e+02, 1.660349999999999993e+00
9.381349999999999909e+02, 3.757690000000000197e-01
9.381509999999999536e+02, -3.236020000000000008e-01
9.381680000000000064e+02, -1.438290000000000068e+00
9.381849999999999454e+02, -3.773970000000000102e-02
9.382010000000000218e+02, 5.026739999999999542e-01
9.382179999999999609e+02, -1.859049999999999869e-01
9.382350000000000136e+02, 2.765439999999999912e-02
9.382509999999999764e+02, 1.879359999999999919e+00
9.382680000000000291e+02, 1.280180000000000096e+00
9.382849999999999682e+02, -6.098789999999999489e-01
9.383010000000000446e+02, -4.469679999999999764e-01
9.383179999999999836e+02, -5.118049999999999544e-01
9.383350000000000364e+02, -1.717780000000000085e+00
9.383509999999999991e+02, -7.834349999999999925e-01
9.383680000000000518e+02, 1.273150000000000115e-01
9.383849999999999909e+02, 8.075930000000000053e-01
9.384009999999999536e+02, -8.068610000000000504e-01
9.384180000000000064e+02, -1.979789999999999883e-01
9.384349999999999454e+02, -9.405510000000000259e-01
9.384510000000000218e+02, -7.620080000000000187e-01
9.384679999999999609e+02, -1.136179999999999968e+00
9.384850000000000136e+02, -3.187670000000000087e-03
9.385009999999999764e+02, -4.841739999999999933e-01
9.385180000000000291e+02, 6.896280000000000188e-01
9.385349999999999682e+02, 3.108980000000000077e-01
9.385510000000000446e+02, -6.886999999999999789e-01
9.385679999999999836e+02, -4.997500000000000275e-01
9.385850000000000364e+02, -2.295230000000000048e-01
9.386009999999999991e+02, 6.039989999999999942e-02
9.386180000000000518e+02, -1.283739999999999881e-01
9.386349999999999909e+02, -3.176519999999999899e-01
9.386509999999999536e+02, 7.524509999999999810e-01
9.386680000000000064e+02, -1.098810000000000064e+00
9.386849999999999454e+02, -3.222509999999999958e-02
9.387010000000000218e+02, 5.846080000000000026e-02
9.387179999999999609e+02, -9.233059999999999601e-01
9.387350000000000136e+02, 3.540410000000000085e-02
9.387509999999999764e+02, 3.184560000000000168e-02
9.387680000000000291e+02, 1.187590000000000034e-01
9.387849999999999682e+02, -1.009509999999999907e+00
9.388010000000000446e+02, -1.024899999999999922e+00
9.388179999999999836e+02, 1.098090000000000038e-01
9.388350000000000364e+02, 1.684249999999999914e-01
9.388509999999999991e+02, 2.137249999999999872e+00
9.388680000000000518e+02, -2.653030000000000110e-01
9.388849999999999909e+02, 9.181219999999999937e-01
9.389009999999999536e+02, -1.208110000000000017e-01
9.389180000000000064e+02, 1.581839999999999913e-01
9.389349999999999454e+02, 5.330230000000000246e-01
9.389510000000000218e+02, -6.253130000000000077e-01
9.389679999999999609e+02, 4.190940000000000221e-01
9.389850000000000136e+02, 2.311030000000000029e-01
9.390009999999999764e+02, 7.597110000000000252e-01
9.390180000000000291e+02, 3.896510000000000251e-01
9.390349999999999682e+02, -1.508349999999999969e-02
9.390510000000000446e+02, 5.523400000000000531e-01
9.390679999999999836e+02, -1.539360000000000062e+00
9.390850000000000364e+02, -1.011959999999999971e+00
9.391009999999999991e+02, 1.070880000000000054e+00
9.391180000000000518e+02, -8.048089999999999966e-01
9.391349999999999909e+02, 2.707829999999999959e-01
9.391509999999999536e+02, 1.689389999999999947e+00
9.391680000000000064e+02, -1.261460000000000026e+00
9.391849999999999454e+02, 2.870929999999999871e-01
9.392010000000000218e+02, 6.791930000000000467e-01
9.392179999999999609e+02, -7.651120000000000143e-01
9.392350000000000136e+02, -4.811619999999999786e-01
9.392509999999999764e+02, -1.502320000000000100e+00
9.392680000000000291e+02, -1.699249999999999927e+00
9.392849999999999682e+02, 9.041690000000000005e-01
9.393010000000000446e+02, 1.636180000000000134e-01
9.393179999999999836e+02, 6.886290000000000466e-01
9.393350000000000364e+02, -3.355389999999999762e-01
9.393509999999999991e+02, -1.510000000000000009e+00
9.393680000000000518e+02, 5.730079999999999618e-01
9.393849999999999909e+02, -6.075209999999999777e-01
9.394009999999999536e+02, -8.656970000000000498e-01
9.394180000000000064e+02, 5.119439999999999547e-01
9.394349999999999454e+02, 1.048899999999999944e+00
9.394510000000000218e+02, -1.104659999999999948e-01
9.394679999999999609e+02, 6.141130000000000200e-01
9.394850000000000136e+02, 2.246370000000000033e-01
9.395009999999999764e+02, 2.192250000000000032e-01
9.395180000000000291e+02, 1.083650000000000065e-02
9.395349999999999682e+02, 1.701189999999999980e+00
9.395510000000000446e+02, -2.552050000000000152e-01
9.395679999999999836e+02, -2.743959999999999733e-01
9.395850000000000364e+02, 1.234750000000000014e-01
9.396009999999999991e+02, 8.641269999999999785e-01
9.396180000000000518e+02, 9.405170000000000474e-01
9.396349999999999909e+02, 8.460710000000000452e-02
9.396509999999999536e+02, -1.434099999999999930e+00
9.396680000000000064e+02, -1.618900000000000006e+00
9.396849999999999454e+02, 4.718649999999999789e-01
9.397010000000000218e+02, 7.566169999999999840e-01
9.397179999999999609e+02, -5.772139999999999910e-02
9.397350000000000136e+02, 1.388589999999999991e+00
9.397509999999999764e+02, -1.021849999999999925e+00
9.397680000000000291e+02, 8.639059999999999517e-01
9.397849999999999682e+02, -3.206959999999999811e-01
9.398010000000000446e+02, -1.621580000000000021e+00
9.398179999999999836e+02, -1.249949999999999894e+00
9.398350000000000364e+02, -1.158279999999999976e+00
9.398509999999999991e+02, 1.169410000000000061e+00
9.398680000000000518e+02, 1.361960000000000059e+00
9.398849999999999909e+02, 7.889760000000000106e-01
9.399009999999999536e+02, -1.162320000000000020e+00
9.399180000000000064e+02, -5.614559999999999551e-01
9.399349999999999454e+02, -1.560060000000000002e+00
9.399510000000000218e+02, -5.113609999999999545e-01
9.399679999999999609e+02, -3.937260000000000204e-01
9.399850000000000136e+02, -8.915960000000000552e-01
9.400009999999999764e+02, -1.106810000000000072e+00
9.400180000000000291e+02, 3.946580000000000088e-01
9.400349999999999682e+02, 7.900570000000000093e-01
9.400510000000000446e+02, -2.645150000000000001e-01
9.400679999999999836e+02, 6.344910000000000272e-01
9.400850000000000364e+02, 8.052930000000000366e-01
9.401009999999999991e+02, 8.335780000000000411e-01
9.401180000000000518e+02, -8.833699999999999886e-01
9.401349999999999909e+02, -5.734399999999999498e-01
9.401509999999999536e+02, -5.004950000000000232e-01
9.401680000000000064e+02, -5.495330000000000492e-01
9.401849999999999454e+02, 1.301880000000000051e-02
9.402010000000000218e+02, 1.320030000000000037e+00
9.402179999999999609e+02, 4.358090000000000019e-01
9.402350000000000136e+02, 8.508139999999999592e-01
9.402509999999999764e+02, -9.023579999999999934e-01
9.402680000000000291e+02, -3.758279999999999954e-01
9.402849999999999682e+02, 1.275169999999999915e-01
9.403010000000000446e+02, -1.119969999999999910e+00
9.403179999999999836e+02, 6.129470000000000196e-01
9.403350000000000364e+02, -3.921080000000000121e-01
9.403509999999999991e+02, 1.893100000000000060e-01
9.403680000000000518e+02, -1.113059999999999938e+00
9.403849999999999909e+02, 4.439759999999999818e-01
9.404009999999999536e+02, 1.355169999999999986e-01
9.404180000000000064e+02, 6.769119999999999582e-01
9.404349999999999454e+02, -4.933089999999999975e-01
9.404510000000000218e+02, 4.272710000000000119e-01
9.404679999999999609e+02, 1.652250000000000107e-01
9.404850000000000136e+02, 1.862589999999999968e+00
9.405009999999999764e+02, 1.376109999999999944e+00
9.405180000000000291e+02, 7.806539999999999591e-01
9.405349999999999682e+02, 3.585490000000000066e-01
9.405510000000000446e+02, -1.342680000000000096e+00
9.405679999999999836e+02, 4.996720000000000050e-01
9.405850000000000364e+02, 1.345959999999999934e-01
9.406009999999999991e+02, 1.079550000000000010e+00
9.406180000000000518e+02, 1.412800000000000056e+00
9.406349999999999909e+02, 6.210860000000000269e-01
9.406509999999999536e+02, -1.203370000000000051e+00
9.406680000000000064e+02, 4.314680000000000182e-01
9.406849999999999454e+02, 8.679959999999999898e-01
9.407010000000000218e+02, -2.925619999999999887e-01
9.407179999999999609e+02, -8.213629999999999542e-02
9.407350000000000136e+02, 7.755750000000000144e-01
9.407509999999999764e+02, 1.322639999999999927e-01
9.407680000000000291e+02, 1.092370000000000063e+00
9.407849999999999682e+02, -4.549389999999999823e-01
9.408010000000000446e+02, -1.450620000000000021e+00
9.408179999999999836e+02, -1.588389999999999969e+00
9.408350000000000364e+02, -8.488310000000000022e-01
9.408509999999999991e+02, 7.473579999999999668e-01
9.408680000000000518e+02, 6.761930000000000440e-01
9.408849999999999909e+02, 9.985910000000000064e-01
9.409009999999999536e+02, 6.116260000000000030e-01
9.409180000000000064e+02, 5.810619999999999674e-01
9.409349999999999454e+02, 1.302909999999999902e-01
9.409510000000000218e+02, -8.100289999999999990e-01
9.409679999999999609e+02, -1.164560000000000040e+00
9.409850000000000136e+02, -6.394980000000000109e-01
9.410009999999999764e+02, 2.924530000000000185e-01
9.410180000000000291e+02, 5.891279999999999850e-01
9.410349999999999682e+02, -3.116410000000000013e-01
9.410510000000000446e+02, 3.186080000000000023e-01
9.410679999999999836e+02, 3.169109999999999983e-01
9.410850000000000364e+02, 1.001249999999999973e+00
9.411009999999999991e+02, -7.608559999999999768e-01
9.411180000000000518e+02, -1.082389999999999963e+00
9.411349999999999909e+02, -1.640900000000000136e-01
9.411509999999999536e+02, 1.055129999999999957e-01
9.411680000000000064e+02, 1.356700000000000128e-01
9.411849999999999454e+02, 3.596249999999999725e-01
9.412010000000000218e+02, -4.402800000000000047e-01
9.412179999999999609e+02, -1.473980000000000012e-01
9.412350000000000136e+02, 1.225959999999999939e+00
9.412509999999999764e+02, 1.625850000000000017e+00
9.412680000000000291e+02, 5.652779999999999472e-01
9.412849999999999682e+02, -5.474780000000000202e-01
9.413010000000000446e+02, -5.504890000000000061e-01
9.413179999999999836e+02, -5.541279999999999539e-01
9.413350000000000364e+02, -1.737460000000000004e+00
9.413509999999999991e+02, -2.259649999999999992e-01
9.413680000000000518e+02, 8.702299999999999480e-01
9.413849999999999909e+02, 4.469910000000000272e-01
9.414009999999999536e+02, -2.965079999999999938e-01
9.414180000000000064e+02, -3.078409999999999758e-01
9.414349999999999454e+02, -1.646730000000000027e+00
9.414510000000000218e+02, 3.770269999999999871e-02
9.414679999999999609e+02, 6.465959999999999486e-01
9.414850000000000136e+02, -5.859529999999999461e-01
9.415009999999999764e+02, 6.953749999999999654e-01
9.415180000000000291e+02, 4.665779999999999927e-01
9.415349999999999682e+02, -6.902199999999999447e-01
9.415510000000000446e+02, 4.954580000000000095e-01
9.415679999999999836e+02, 5.110710000000000253e-02
9.415850000000000364e+02, -1.143059999999999965e+00
9.416009999999999991e+02, -1.145699999999999941e+00
9.416180000000000518e+02, -4.011859999999999871e-01
9.416349999999999909e+02, 9.064259999999999540e-01
9.416509999999999536e+02, 1.619939999999999936e+00
9.416680000000000064e+02, 8.727970000000000450e-01
9.416849999999999454e+02, 1.278479999999999894e-01
9.417010000000000218e+02, -2.532570000000000099e-01
9.417179999999999609e+02, -2.221710000000000074e-01
9.417350000000000136e+02, -7.867020000000000124e-01
9.417509999999999764e+02, -1.866900000000000004e+00
9.417680000000000291e+02, -8.020690000000000319e-01
9.417849999999999682e+02, -5.672359999999999625e-01
9.418010000000000446e+02, -3.023640000000000216e-01
9.418179999999999836e+02, -3.816539999999999933e-01
9.418350000000000364e+02, -5.261639999999999651e-01
9.418509999999999991e+02, 3.102989999999999915e-01
9.418680000000000518e+02, -3.625189999999999801e-01
9.418849999999999909e+02, -1.600910000000000111e-01
9.419009999999999536e+02, 1.809749999999999970e+00
9.419180000000000064e+02, 8.155320000000000347e-01
9.419349999999999454e+02, -1.590930000000000122e-02
9.419510000000000218e+02, 2.674150000000000138e-01
9.419679999999999609e+02, -1.817209999999999936e-01
9.419850000000000136e+02, 5.062590000000000146e-01
9.420009999999999764e+02, -7.333490000000000286e-01
9.420180000000000291e+02, -2.503150000000000097e-01
9.420349999999999682e+02, -5.898290000000000477e-01
9.420510000000000446e+02, 2.131560000000000121e-01
9.420679999999999836e+02, 1.366170000000000107e+00
9.420850000000000364e+02, 1.240399999999999947e+00
9.421009999999999991e+02, 7.595650000000000457e-01
9.421180000000000518e+02, 7.755640000000000311e-01
9.421349999999999909e+02, -4.410169999999999924e-01
9.421509999999999536e+02, 3.477759999999999740e-01
9.421680000000000064e+02, -2.034729999999999872e-01
9.421849999999999454e+02, -2.360260000000000136e-01
9.422010000000000218e+02, -5.635740000000000194e-01
9.422179999999999609e+02, 7.836339999999999972e-02
9.422350000000000136e+02, -8.480010000000000048e-01
9.422509999999999764e+02, -1.066200000000000037e+00
9.422680000000000291e+02, -9.844939999999999802e-01
9.422849999999999682e+02, 1.267919999999999880e-01
9.423010000000000446e+02, -8.490889999999999549e-02
9.423179999999999836e+02, 6.103509999999999769e-01
9.423350000000000364e+02, -1.344570000000000043e+00
9.423509999999999991e+02, -1.251400000000000068e+00
9.423680000000000518e+02, -6.422729999999999542e-04
9.423849999999999909e+02, 5.660929999999999573e-01
9.424009999999999536e+02, 5.975380000000000136e-01
9.424180000000000064e+02, 1.045509999999999939e+00
9.424349999999999454e+02, -8.246710000000000429e-01
9.424510000000000218e+02, 2.786600000000000188e-01
9.424679999999999609e+02, -3.085939999999999794e-01
9.424850000000000136e+02, 2.789800000000000058e-01
9.425009999999999764e+02, -8.596329999999999250e-03
9.425180000000000291e+02, -2.801370000000000249e-01
9.425349999999999682e+02, -1.135270000000000001e+00
9.425510000000000446e+02, -3.788400000000000101e-01
9.425679999999999836e+02, -1.284739999999999993e+00
9.425850000000000364e+02, -4.495999999999999996e-02
9.426009999999999991e+02, 8.469750000000000334e-01
9.426180000000000518e+02, -5.470139999999999725e-02
9.426349999999999909e+02, 1.652779999999999916e+00
9.426509999999999536e+02, 2.973379999999999912e-01
9.426680000000000064e+02, -3.867869999999999919e-01
9.426849999999999454e+02, 6.282429999999999959e-01
9.427010000000000218e+02, 3.154319999999999902e-01
9.427179999999999609e+02, -2.844070000000000209e-01
9.427350000000000136e+02, -1.592059999999999864e-01
9.427509999999999764e+02, -2.644509999999999916e-01
9.427680000000000291e+02, 2.805540000000000256e-01
9.427849999999999682e+02, -4.266389999999999766e-02
9.428010000000000446e+02, -1.688120000000000065e+00
9.428179999999999836e+02, 4.569380000000000108e-01
9.428350000000000364e+02, -9.736669999999999492e-01
9.428509999999999991e+02, -8.176980000000000359e-01
9.428680000000000518e+02, -1.354109999999999925e+00
9.428849999999999909e+02, -1.532040000000000068e+00
9.429009999999999536e+02, -5.791429999999999634e-01
9.429180000000000064e+02, -1.638850000000000029e-02
9.429349999999999454e+02, 1.444849999999999968e+00
9.429510000000000218e+02, 4.597430000000000128e-01
9.429679999999999609e+02, 7.677840000000000220e-01
9.429850000000000136e+02, 1.140060000000000073e+00
9.430009999999999764e+02, 1.585870000000000057e-01
9.430180000000000291e+02, -6.383250000000000035e-02
9.430349999999999682e+02, -3.430730000000000168e-01
9.430510000000000446e+02, 6.881040000000000489e-01
9.430679999999999836e+02, -1.143850000000000033e+00
9.430850000000000364e+02, 9.008680000000000021e-01
9.431009999999999991e+02, 1.277270000000000072e-01
9.431180000000000518e+02, 5.352420000000000094e-03
9.431349999999999909e+02, -9.088950000000000085e-01
9.431509999999999536e+02, 8.925809999999999578e-01
9.431680000000000064e+02, -1.430739999999999901e+00
9.431849999999999454e+02, -4.136259999999999937e-01
9.432010000000000218e+02, -1.632759999999999989e+00
9.432179999999999609e+02, -1.192180000000000017e+00
9.432350000000000136e+02, 4.031930000000000236e-01
9.432509999999999764e+02, -4.390609999999999791e-01
9.432680000000000291e+02, -6.466060000000000141e-01
9.432849999999999682e+02, 1.172930000000000028e+00
9.433010000000000446e+02, 1.620399999999999896e-01
9.433179999999999836e+02, 5.993810000000000526e-01
9.433350000000000364e+02, 9.752450000000000285e-01
9.433509999999999991e+02, 4.240240000000000120e-01
9.433680000000000518e+02, -8.325580000000000203e-01
9.433849999999999909e+02, 6.171459999999999724e-01
9.434009999999999536e+02, 2.034509999999999930e-01
9.434180000000000064e+02, 7.083420000000000272e-01
9.434349999999999454e+02, 1.756840000000000068e-01
9.434510000000000218e+02, 1.434960000000000013e+00
9.434679999999999609e+02, -4.188020000000000076e-01
9.434850000000000136e+02, 7.930549999999999544e-01
9.435009999999999764e+02, 6.422820000000000196e-01
9.435180000000000291e+02, 8.947800000000000198e-01
9.435349999999999682e+02, -3.449490000000000056e-01
9.435510000000000446e+02, -3.126769999999999827e-01
9.435679999999999836e+02, 1.259520000000000084e-01
9.435850000000000364e+02, 1.310199999999999976e-01
9.436009999999999991e+02, -3.233719999999999928e-01
9.436180000000000518e+02, -2.806199999999999806e-01
9.436349999999999909e+02, 2.181550000000000156e-02
9.436509999999999536e+02, -2.789099999999999913e-01
9.436680000000000064e+02, 1.580869999999999997e+00
9.436849999999999454e+02, -3.493160000000000154e-01
9.437010000000000218e+02, -3.063400000000000012e-01
9.437179999999999609e+02, -6.202010000000000023e-01
9.437350000000000136e+02, -3.093580000000000219e-01
9.437509999999999764e+02, -1.143929999999999891e+00
9.437680000000000291e+02, 2.278110000000000135e-01
9.437849999999999682e+02, -1.308310000000000084e+00
9.438010000000000446e+02, -7.979969999999999564e-01
9.438179999999999836e+02, -4.838119999999999921e-02
9.438350000000000364e+02, -4.391740000000000227e-02
9.438509999999999991e+02, 2.035140000000000005e-01
9.438680000000000518e+02, -1.103399999999999936e+00
9.438849999999999909e+02, -1.053900000000000059e+00
9.439009999999999536e+02, 3.656729999999999703e-02
9.439180000000000064e+02, 5.506269999999999776e-01
9.439349999999999454e+02, 1.425179999999999891e+00
9.439510000000000218e+02, -1.108130000000000059e+00
9.439679999999999609e+02, 5.700100000000000167e-01
9.439850000000000136e+02, -1.597920000000000007e+00
9.440009999999999764e+02, -5.216119999999999785e-02
9.440180000000000291e+02, -4.250720000000000193e-02
9.440349999999999682e+02, 1.121159999999999934e+00
9.440510000000000446e+02, 1.813059999999999894e+00
9.440679999999999836e+02, -5.985989999999999922e-01
9.440850000000000364e+02, -2.468340000000000117e-02
9.441009999999999991e+02, -1.424779999999999935e+00
9.441180000000000518e+02, -1.826219999999999954e+00
9.441349999999999909e+02, -5.024990000000000290e-01
9.441509999999999536e+02, 5.997799999999999659e-02
9.441680000000000064e+02, -6.431649999999999867e-01
9.441849999999999454e+02, -1.114719999999999933e+00
9.442010000000000218e+02, 2.525069999999999815e-01
9.442179999999999609e+02, 3.598859999999999837e-01
9.442350000000000136e+02, 3.584840000000000249e-01
9.442509999999999764e+02, 8.799709999999999477e-01
9.442680000000000291e+02, 7.409350000000000103e-01
9.442849999999999682e+02, 9.882250000000000201e-01
9.443010000000000446e+02, 1.416160000000000085e+00
9.443179999999999836e+02, -1.689190000000000136e-01
9.443350000000000364e+02, -9.721109999999999474e-01
9.443509999999999991e+02, 1.232180000000000081e-02
9.443680000000000518e+02, 1.167389999999999955e-01
9.443849999999999909e+02, -3.373879999999999935e-02
9.444009999999999536e+02, 1.504510000000000014e+00
9.444180000000000064e+02, 2.973330000000000140e-01
9.444349999999999454e+02, -1.634160000000000057e+00
9.444510000000000218e+02, -1.621399999999999952e+00
9.444679999999999609e+02, 4.058370000000000033e-01
9.444850000000000136e+02, -3.323720000000000008e-01
9.445009999999999764e+02, 9.664420000000000233e-01
9.445180000000000291e+02, 1.845620000000000038e-01
9.445349999999999682e+02, 3.448769999999999891e-01
9.445510000000000446e+02, -5.367589999999999861e-01
9.445679999999999836e+02, 1.142719999999999958e+00
9.445850000000000364e+02, 2.172570000000000057e-01
9.446009999999999991e+02, -1.489139999999999908e-01
9.446180000000000518e+02, 1.534550000000000081e+00
9.446349999999999909e+02, -1.331080000000000041e+00
9.446509999999999536e+02, -7.470160000000000133e-01
9.446680000000000064e+02, -1.125750000000000028e+00
9.446849999999999454e+02, 5.585799999999999654e-01
9.447010000000000218e+02, 1.150670000000000082e+00
9.447179999999999609e+02, -3.398010000000000197e-01
9.447350000000000136e+02, -8.024509999999999976e-02
9.447509999999999764e+02, -7.683159999999999989e-01
9.447680000000000291e+02, -5.024880000000000457e-01
9.447849999999999682e+02, -1.598570000000000046e+00
9.448010000000000446e+02, -8.358320000000000194e-01
9.448179999999999836e+02, -7.230849999999999778e-01
9.448350000000000364e+02, 2.233010000000000161e+00
9.448509999999999991e+02, 4.797440000000000038e-01
9.448680000000000518e+02, -7.894430000000000058e-01
9.448849999999999909e+02, 6.733299999999999841e-01
9.449009999999999536e+02, -9.581830000000000069e-01
9.449180000000000064e+02, -9.355350000000000055e-01
9.449349999999999454e+02, -1.486210000000000031e-01
9.449510000000000218e+02, 1.803719999999999990e+00
9.449679999999999609e+02, 7.650320000000000453e-01
9.449850000000000136e+02, 1.018979999999999997e+00
9.450009999999999764e+02, -5.612219999999999986e-01
9.450180000000000291e+02, -1.293250000000000011e+00
9.450349999999999682e+02, -1.535719999999999974e+00
9.450510000000000446e+02, 6.353820000000000023e-01
9.450679999999999836e+02, -2.131579999999999864e-01
9.450850000000000364e+02, 5.807989999999999542e-01
9.451009999999999991e+02, -6.429120000000000668e-02
9.451180000000000518e+02, 3.779779999999999807e-01
9.451349999999999909e+02, -6.970529999999999782e-02
9.451509999999999536e+02, -9.500330000000000163e-01
9.451680000000000064e+02, -1.082649999999999890e+00
9.451849999999999454e+02, -1.755740000000000078e+00
9.452010000000000218e+02, 7.394519999999999982e-01
9.452179999999999609e+02, 1.157350000000000101e+00
9.452350000000000136e+02, -1.883620000000000017e-01
9.452509999999999764e+02, -6.171060000000000434e-01
9.452680000000000291e+02, 1.840529999999999944e-01
9.452849999999999682e+02, 8.024959999999999871e-01
9.453010000000000446e+02, 4.462780000000000080e-01
9.453179999999999836e+02, 1.939100000000000046e+00
9.453350000000000364e+02, -3.616590000000000082e-01
9.453509999999999991e+02, 1.661799999999999944e-01
9.453680000000000518e+02, -9.540180000000000327e-01
9.453849999999999909e+02, -4.352380000000000138e-01
9.454009999999999536e+02, 1.423599999999999977e+00
9.454180000000000064e+02, 5.887889999999999791e-02
9.454349999999999454e+02, 1.584470000000000045e-01
9.454510000000000218e+02, -1.652409999999999990e-01
9.454679999999999609e+02, -1.373559999999999892e+00
9.454850000000000136e+02, 2.831219999999999848e-01
9.455009999999999764e+02, 1.748399999999999954e-01
9.455180000000000291e+02, -4.507300000000000195e-01
9.455349999999999682e+02, -2.636890000000000067e-01
9.455510000000000446e+02, -4.898040000000000171e-01
9.455679999999999836e+02, 3.382959999999999856e-01
9.455850000000000364e+02, 8.205780000000000296e-01
9.456009999999999991e+02, -7.370190000000000075e-02
9.456180000000000518e+02, -6.933219999999999938e-01
9.456349999999999909e+02, -1.914299999999999891e-01
9.456509999999999536e+02, -1.346929999999999961e+00
9.456680000000000064e+02, 7.417789999999999662e-01
9.456849999999999454e+02, 1.040669999999999984e+00
9.457010000000000218e+02, 1.266550000000000065e+00
9.457179999999999609e+02, 9.221340000000000092e-01
9.457350000000000136e+02, -1.468279999999999863e-01
9.457509999999999764e+02, -3.384530000000000038e-01
9.457680000000000291e+02, -1.217040000000000066e-01
9.457849999999999682e+02, -1.990580000000000127e-01
9.458010000000000446e+02, -9.923330000000000206e-01
9.458179999999999836e+02, -6.738640000000000185e-01
9.458350000000000364e+02, -8.626819999999999489e-01
9.458509999999999991e+02, -5.490249999999999853e-01
9.458680000000000518e+02, 1.341110000000000024e+00
9.458849999999999909e+02, 1.393489999999999895e+00
9.459009999999999536e+02, 1.325260000000000105e+00
9.459180000000000064e+02, -7.309740000000000126e-01
9.459349999999999454e+02, -3.425799999999999956e-01
9.459510000000000218e+02, -2.540690000000000115e+00
9.459679999999999609e+02, -1.540620000000000100e+00
9.459850000000000136e+02, 1.712500000000000133e-01
9.460009999999999764e+02, -1.917169999999999985e-01
9.460180000000000291e+02, 5.965679999999999872e-01
9.460349999999999682e+02, 9.537850000000000494e-02
9.460510000000000446e+02, -9.299549999999999483e-02
9.460679999999999836e+02, -1.353900000000000103e+00
9.460850000000000364e+02, 6.624120000000000008e-02
9.461009999999999991e+02, 4.508179999999999965e-01
9.461180000000000518e+02, 7.277869999999999617e-01
9.461349999999999909e+02, 3.951930000000000165e-01
9.461509999999999536e+02, -1.200879999999999947e+00
9.461680000000000064e+02, -4.365930000000000089e-01
9.461849999999999454e+02, 1.391779999999999962e-01
9.462010000000000218e+02, 1.951289999999999969e+00
9.462179999999999609e+02, 4.049099999999999921e-01
9.462350000000000136e+02, -5.866390000000000216e-01
9.462509999999999764e+02, -2.712450000000000028e+00
9.462680000000000291e+02, -1.109050000000000091e+00
9.462849999999999682e+02, 8.982179999999999331e-02
9.463010000000000446e+02, 1.208800000000000097e+00
9.463179999999999836e+02, 1.025989999999999958e+00
9.463350000000000364e+02, -1.352859999999999896e-01
9.463509999999999991e+02, 1.298079999999999901e+00
9.463680000000000518e+02, 4.088660000000000072e-01
9.463849999999999909e+02, 2.396870000000000112e-01
9.464009999999999536e+02, 4.128340000000000308e-03
9.464180000000000064e+02, 1.103460000000000107e+00
9.464349999999999454e+02, -5.632200000000000539e-01
9.464510000000000218e+02, 1.174949999999999953e-02
9.464679999999999609e+02, -1.725859999999999894e-01
9.464850000000000136e+02, -3.987609999999999766e-01
9.465009999999999764e+02, 1.201510000000000078e+00
9.465180000000000291e+02, -6.666109999999999536e-01
9.465349999999999682e+02, 2.595180000000000264e-01
9.465510000000000446e+02, 6.286599999999999966e-01
9.465679999999999836e+02, 2.366570000000000062e-01
9.465850000000000364e+02, -1.029770000000000074e+00
9.466009999999999991e+02, 2.265629999999999866e-01
9.466180000000000518e+02, 2.616260000000000252e-01
9.466349999999999909e+02, -1.061239999999999961e+00
9.466509999999999536e+02, -1.012539999999999996e+00
9.466680000000000064e+02, 4.846119999999999872e-01
9.466849999999999454e+02, 1.918279999999999985e+00
9.467010000000000218e+02, 4.873979999999999979e-01
9.467179999999999609e+02, -3.656610000000000138e-01
9.467350000000000136e+02, -1.683359999999999967e+00
9.467509999999999764e+02, -8.268159999999999954e-01
9.467680000000000291e+02, -1.045730000000000048e+00
9.467849999999999682e+02, 9.767399999999999693e-02
9.468010000000000446e+02, 1.270059999999999967e+00
9.468179999999999836e+02, 5.815139999999999754e-01
9.468350000000000364e+02, 3.290509999999999824e-01
9.468509999999999991e+02, 5.715289999999999954e-02
9.468680000000000518e+02, 4.385749999999999926e-01
9.468849999999999909e+02, -3.621489999999999987e-01
9.469009999999999536e+02, -9.903739999999999766e-01
9.469180000000000064e+02, -1.451349999999999918e+00
9.469349999999999454e+02, 1.187710000000000043e+00
9.469510000000000218e+02, -7.527570000000000094e-02
9.469679999999999609e+02, 9.732680000000000220e-01
9.469850000000000136e+02, 2.894479999999999831e-01
9.470009999999999764e+02, -1.033179999999999987e+00
9.470180000000000291e+02, 1.080549999999999983e-01
9.470349999999999682e+02, -3.665059999999999985e-01
9.470510000000000446e+02, -4.946229999999999793e-01
9.470679999999999836e+02, 4.687910000000000132e-01
9.470850000000000364e+02, -3.879780000000000034e-02
9.471009999999999991e+02, 3.221410000000000107e-01
9.471180000000000518e+02, 7.690580000000000194e-01
9.471349999999999909e+02, 7.586899999999999755e-01
9.471509999999999536e+02, -9.205740000000000034e-01
9.471680000000000064e+02, 4.260849999999999915e-01
9.471849999999999454e+02, -7.968250000000000055e-01
9.472010000000000218e+02, -6.194190000000000529e-01
9.472179999999999609e+02, -4.501660000000000106e-01
9.472350000000000136e+02, -1.504089999999999927e+00
9.472509999999999764e+02, 9.036459999999999493e-01
9.472680000000000291e+02, 2.209309999999999885e+00
9.472849999999999682e+02, 1.398930000000000007e+00
9.473010000000000446e+02, 1.755390000000000006e+00
9.473179999999999836e+02, -3.349610000000000087e-01
9.473350000000000364e+02, 4.405470000000000219e-01
9.473509999999999991e+02, -5.803970000000000518e-01
9.473680000000000518e+02, -1.077320000000000055e+00
9.473849999999999909e+02, 1.034810000000000008e+00
9.474009999999999536e+02, 1.690450000000000008e-01
9.474180000000000064e+02, 1.199429999999999941e-01
9.474349999999999454e+02, 6.810159999999999547e-01
9.474510000000000218e+02, -5.018669999999999520e-01
9.474679999999999609e+02, -5.080970000000000208e-01
9.474850000000000136e+02, 3.336859999999999826e-01
9.475009999999999764e+02, -1.475680000000000047e-01
9.475180000000000291e+02, -1.553390000000000049e-01
9.475349999999999682e+02, 2.742089999999999805e-01
9.475510000000000446e+02, 1.081919999999999965e-01
9.475679999999999836e+02, 2.716800000000000118e-02
9.475850000000000364e+02, 1.449610000000000065e+00
9.476009999999999991e+02, 6.751439999999999664e-01
9.476180000000000518e+02, -5.006959999999999883e-02
9.476349999999999909e+02, 2.420160000000000089e-01
9.476509999999999536e+02, 5.503249999999999809e-02
9.476680000000000064e+02, 5.588429999999999787e-01
9.476849999999999454e+02, 7.827720000000000511e-02
9.477010000000000218e+02, 2.812129999999999838e-02
9.477179999999999609e+02, 1.389520000000000088e+00
9.477350000000000136e+02, -9.479569999999999663e-02
9.477509999999999764e+02, -1.341569999999999985e-01
9.477680000000000291e+02, 5.900279999999999969e-01
9.477849999999999682e+02, -7.818319999999999437e-02
9.478010000000000446e+02, -3.898050000000000126e-01
9.478179999999999836e+02, -3.198600000000000054e-02
9.478350000000000364e+02, -2.836910000000000265e-01
9.478509999999999991e+02, 8.064700000000000202e-01
9.478680000000000518e+02, -2.890940000000000176e-01
9.478849999999999909e+02, 4.115449999999999942e-01
9.479009999999999536e+02, 5.031750000000000389e-01
9.479180000000000064e+02, 2.772440000000000015e+00
9.479349999999999454e+02, -2.586620000000000030e-01
9.479510000000000218e+02, -1.539509999999999934e+00
9.479679999999999609e+02, -1.202280000000000015e+00
9.479850000000000136e+02, 1.924579999999999902e-01
9.480009999999999764e+02, 5.523559999999999581e-01
9.480180000000000291e+02, 4.873660000000000214e-01
9.480349999999999682e+02, 4.994399999999999951e-01
9.480510000000000446e+02, 5.747120000000000006e-01
9.480679999999999836e+02, -1.970920000000000005e+00
9.480850000000000364e+02, 2.761339999999999906e-01
9.481009999999999991e+02, -1.942059999999999897e-01
9.481180000000000518e+02, -1.067110000000000003e+00
9.481349999999999909e+02, -4.437840000000000118e-01
9.481509999999999536e+02, 3.933729999999999727e-01
9.481680000000000064e+02, 1.893680000000000030e+00
9.481849999999999454e+02, 1.719950000000000090e+00
9.482010000000000218e+02, -3.244070000000000009e-01
9.482179999999999609e+02, 2.930240000000000067e-01
9.482350000000000136e+02, -2.552809999999999802e-01
9.482509999999999764e+02, -9.194290000000000518e-01
9.482680000000000291e+02, 3.973419999999999730e-01
9.482849999999999682e+02, 6.282260000000000622e-02
9.483010000000000446e+02, -9.682359999999999856e-01
9.483179999999999836e+02, -9.203219999999999734e-01
9.483350000000000364e+02, 1.601170000000000093e-01
9.483509999999999991e+02, -3.573609999999999842e-01
9.483680000000000518e+02, -5.524019999999999486e-01
9.483849999999999909e+02, -3.913429999999999964e-01
9.484009999999999536e+02, 6.496650000000000480e-01
9.484180000000000064e+02, 1.120849999999999902e+00
9.484349999999999454e+02, 7.328229999999999467e-02
9.484510000000000218e+02, -2.021619999999999973e+00
9.484679999999999609e+02, -9.891400000000000192e-01
9.484850000000000136e+02, -6.392940000000000289e-01
9.485009999999999764e+02, -8.892949999999999466e-01
9.485180000000000291e+02, -4.123149999999999871e-01
9.485349999999999682e+02, 9.174569999999999670e-01
9.485510000000000446e+02, 1.196129999999999916e+00
9.485679999999999836e+02, 1.628319999999999990e+00
9.485850000000000364e+02, -6.298340000000000050e-01
9.486009999999999991e+02, 8.547169999999999490e-01
9.486180000000000518e+02, -6.110759999999999525e-01
9.486349999999999909e+02, 7.044200000000000461e-01
9.486509999999999536e+02, 8.858160000000000478e-01
9.486680000000000064e+02, -1.100770000000000026e+00
9.486849999999999454e+02, -4.728049999999999753e-01
9.487010000000000218e+02, -3.426509999999999834e-01
9.487179999999999609e+02, 4.249290000000000012e-01
9.487350000000000136e+02, -2.291459999999999886e-01
9.487509999999999764e+02, -9.613049999999999373e-02
9.487680000000000291e+02, 2.432399999999999840e-02
9.487849999999999682e+02, -2.048709999999999976e-01
9.488010000000000446e+02, -4.034420000000000228e-01
9.488179999999999836e+02, -7.336819999999999453e-01
9.488350000000000364e+02, -2.271160000000000123e-01
9.488509999999999991e+02, 5.805390000000000272e-01
9.488680000000000518e+02, 7.438869999999999649e-01
9.488849999999999909e+02, 5.039240000000000386e-01
9.489009999999999536e+02, 1.802179999999999893e+00
9.489180000000000064e+02, 1.851399999999999990e-01
9.489349999999999454e+02, -1.261390000000000011e+00
9.489510000000000218e+02, -4.551380000000000009e-02
9.489679999999999609e+02, 4.114510000000000112e-01
9.489850000000000136e+02, -1.519309999999999938e+00
9.490009999999999764e+02, -1.396630000000000038e+00
9.490180000000000291e+02, 4.885099999999999998e-01
9.490349999999999682e+02, -4.288600000000000190e-01
9.490510000000000446e+02, 7.194009999999999572e-01
9.490679999999999836e+02, 1.091469999999999940e+00
9.490850000000000364e+02, -2.489709999999999979e-01
9.491009999999999991e+02, -8.409830000000000361e-01
9.491180000000000518e+02, 2.705790000000000139e-01
9.491349999999999909e+02, -2.224190000000000056e-01
9.491509999999999536e+02, -1.346240000000000103e+00
9.491680000000000064e+02, 8.269840000000000524e-01
9.491849999999999454e+02, 3.821290000000000103e-02
9.492010000000000218e+02, 2.080309999999999937e-01
9.492179999999999609e+02, -9.096880000000000521e-01
9.492350000000000136e+02, -2.443000000000000060e+00
9.492509999999999764e+02, 6.715290000000000425e-01
9.492680000000000291e+02, 3.120569999999999733e-01
9.492849999999999682e+02, 4.678030000000000244e-01
9.493010000000000446e+02, 5.757129999999999886e-02
9.493179999999999836e+02, -2.415039999999999965e-01
9.493350000000000364e+02, 3.648959999999999981e-01
9.493509999999999991e+02, 1.144460000000000033e+00
9.493680000000000518e+02, 4.657919999999999838e-01
9.493849999999999909e+02, 1.061369999999999925e+00
9.494009999999999536e+02, -3.294830000000000259e-01
9.494180000000000064e+02, -4.989930000000000199e-01
9.494349999999999454e+02, 3.649220000000000241e-01
9.494510000000000218e+02, -3.897240000000000149e-01
9.494679999999999609e+02, -1.010690000000000061e-01
9.494850000000000136e+02, -1.166530000000000067e+00
9.495009999999999764e+02, -1.935939999999999883e-01
9.495180000000000291e+02, -1.857550000000000034e+00
9.495349999999999682e+02, -1.823509999999999964e+00
9.495510000000000446e+02, 9.230450000000000044e-01
9.495679999999999836e+02, -2.549649999999999972e-01
9.495850000000000364e+02, 9.105900000000000105e-01
9.496009999999999991e+02, 1.213810000000000056e+00
9.496180000000000518e+02, -1.352510000000000101e-01
9.496349999999999909e+02, 1.366439999999999877e-01
9.496509999999999536e+02, -7.945649999999999935e-02
9.496680000000000064e+02, 2.079300000000000037e-01
9.496849999999999454e+02, -6.458819999999999562e-01
9.497010000000000218e+02, -9.490960000000000507e-01
9.497179999999999609e+02, 1.731879999999999878e-02
9.497350000000000136e+02, 5.790669999999999984e-01
9.497509999999999764e+02, 1.639869999999999939e+00
9.497680000000000291e+02, 6.304980000000000029e-01
9.497849999999999682e+02, -8.241100000000000092e-01
9.498010000000000446e+02, 8.599740000000000162e-01
9.498179999999999836e+02, -4.790389999999999926e-01
9.498350000000000364e+02, -2.339360000000000051e-01
9.498509999999999991e+02, -8.859909999999999730e-01
9.498680000000000518e+02, -2.884749999999999814e-01
9.498849999999999909e+02, 1.135930000000000106e+00
9.499009999999999536e+02, 1.372370000000000090e+00
9.499180000000000064e+02, 1.219090000000000007e+00
9.499349999999999454e+02, -5.623380000000000045e-01
9.499510000000000218e+02, -9.233200000000000296e-01
9.499679999999999609e+02, 5.895399999999999946e-02
9.499850000000000136e+02, 6.404440000000000133e-01
9.500009999999999764e+02, -9.590210000000000401e-02
9.500180000000000291e+02, -1.420970000000000066e+00
9.500349999999999682e+02, -7.264620000000000521e-01
9.500510000000000446e+02, -5.521620000000000417e-01
9.500679999999999836e+02, 9.327429999999999888e-01
9.500850000000000364e+02, 1.663489999999999913e+00
9.501009999999999991e+02, -9.122730000000000006e-01
9.501180000000000518e+02, -2.441379999999999939e-01
9.501349999999999909e+02, -1.778589999999999893e+00
9.501509999999999536e+02, 2.079910000000000092e-01
9.501680000000000064e+02, 9.200319999999999609e-01
9.501849999999999454e+02, 6.627530000000000365e-01
9.502010000000000218e+02, 4.489659999999999762e-01
9.502179999999999609e+02, 8.148239999999999927e-01
9.502350000000000136e+02, 6.631139999999999812e-01
9.502509999999999764e+02, -1.369639999999999969e+00
9.502680000000000291e+02, -3.055620000000000003e-01
9.502849999999999682e+02, 1.677200000000000024e+00
9.503010000000000446e+02, 2.211500000000000132e-01
9.503179999999999836e+02, -4.532909999999999995e-01
9.503350000000000364e+02, -8.496310000000000251e-01
9.503509999999999991e+02, -4.605000000000000204e-01
9.503680000000000518e+02, 4.636490000000000056e-02
9.503849999999999909e+02, 2.475320000000000020e-01
9.504009999999999536e+02, 5.962859999999999827e-01
9.504180000000000064e+02, 5.990199999999999969e-01
9.504349999999999454e+02, 7.436519999999999797e-01
9.504510000000000218e+02, -9.694919999999999927e-02
9.504679999999999609e+02, 1.102640000000000009e-01
9.504850000000000136e+02, -8.059969999999999635e-01
9.505009999999999764e+02, -1.993730000000000002e+00
9.505180000000000291e+02, 4.262389999999999790e-01
9.505349999999999682e+02, 3.629589999999999900e-02
9.505510000000000446e+02, 1.429910000000000014e+00
9.505679999999999836e+02, 2.893040000000000056e-01
9.505850000000000364e+02, 6.159270000000000023e-01
9.506009999999999991e+02, -6.603689999999999838e-01
9.506180000000000518e+02, 2.662849999999999939e-01
9.506349999999999909e+02, 5.835390000000000299e-01
9.506509999999999536e+02, -1.778980000000000006e-01
9.506680000000000064e+02, -9.612760000000000193e-01
9.506849999999999454e+02, -4.882719999999999838e-01
9.507010000000000218e+02, 4.085190000000000210e-01
9.507179999999999609e+02, -3.914109999999999812e-02
9.507350000000000136e+02, 5.018569999999999975e-01
9.507509999999999764e+02, 6.845719999999999583e-01
9.507680000000000291e+02, 6.993040000000000367e-01
9.507849999999999682e+02, 1.263190000000000035e+00
9.508010000000000446e+02, 4.506990000000000163e-01
9.508179999999999836e+02, 1.773359999999999867e-02
9.508350000000000364e+02, -1.274639999999999995e+00
9.508509999999999991e+02, 1.642919999999999936e-01
9.508680000000000518e+02, -1.102510000000000101e+00
9.508849999999999909e+02, -8.977049999999999752e-01
9.509009999999999536e+02, -9.161500000000000199e-01
9.509180000000000064e+02, -6.723139999999999672e-01
9.509349999999999454e+02, -1.411630000000000107e-01
9.509510000000000218e+02, 5.306279999999999886e-01
9.509679999999999609e+02, -4.827300000000000341e-02
9.509850000000000136e+02, 5.271439999999999459e-01
9.510009999999999764e+02, 1.010979999999999990e+00
9.510180000000000291e+02, -4.204089999999999772e-01
9.510349999999999682e+02, -1.089220000000000077e+00
9.510510000000000446e+02, -4.900100000000000011e-01
9.510679999999999836e+02, 7.521609999999999685e-01
9.510850000000000364e+02, 1.754080000000000084e-01
9.511009999999999991e+02, 8.723180000000000378e-01
9.511180000000000518e+02, 3.918840000000000101e-01
9.511349999999999909e+02, -9.059830000000000660e-02
9.511509999999999536e+02, 8.394040000000000390e-01
9.511680000000000064e+02, -1.469880000000000075e-01
9.511849999999999454e+02, 8.864109999999999490e-01
9.512010000000000218e+02, 1.695079999999999920e-01
9.512179999999999609e+02, -8.592530000000000445e-01
9.512350000000000136e+02, -7.035909999999999664e-01
9.512509999999999764e+02, -1.066599999999999993e+00
9.512680000000000291e+02, 9.832290000000000474e-02
9.512849999999999682e+02, -7.567190000000000305e-01
9.513010000000000446e+02, 6.307230000000000336e-01
9.513179999999999836e+02, -7.047440000000000371e-01
9.513350000000000364e+02, -3.450860000000000039e-01
9.513509999999999991e+02, 5.498320000000000290e-02
9.513680000000000518e+02, 2.671660000000000146e+00
9.513849999999999909e+02, 1.103539999999999965e+00
9.514009999999999536e+02, 1.758879999999999999e+00
9.514180000000000064e+02, -4.316820000000000102e-01
9.514349999999999454e+02, -3.499300000000000188e-01
9.514510000000000218e+02, -7.007759999999999545e-01
9.514679999999999609e+02, -9.297020000000000284e-01
9.514850000000000136e+02, -6.274220000000000352e-01
9.515009999999999764e+02, -3.175700000000000189e-01
9.515180000000000291e+02, 1.156600000000000072e+00
9.515349999999999682e+02, 1.963660000000000128e-01
9.515510000000000446e+02, -6.528559999999999919e-01
9.515679999999999836e+02, 1.402629999999999988e-01
9.515850000000000364e+02, -7.629899999999999460e-01
9.516009999999999991e+02, -7.361119999999999886e-01
9.516180000000000518e+02, -1.319839999999999902e+00
9.516349999999999909e+02, -1.937789999999999901e+00
9.516509999999999536e+02, -8.404650000000000176e-01
9.516680000000000064e+02, 1.394980000000000109e+00
9.516849999999999454e+02, 9.353709999999999525e-01
9.517010000000000218e+02, 2.733029999999999834e-02
9.517179999999999609e+02, 3.357490000000000197e-01
9.517350000000000136e+02, -1.072449999999999903e+00
9.517509999999999764e+02, -5.884080000000000421e-01
9.517680000000000291e+02, -7.856999999999999540e-01
9.517849999999999682e+02, 8.068199999999999816e-01
9.518010000000000446e+02, 5.857259999999999689e-01
9.518179999999999836e+02, -6.824230000000000018e-01
9.518350000000000364e+02, 7.063579999999999859e-02
9.518509999999999991e+02, -8.245969999999999689e-02
9.518680000000000518e+02, -2.955010000000000137e-01
9.518849999999999909e+02, -2.287119999999999986e-01
9.519009999999999536e+02, -7.994470000000000187e-01
9.519180000000000064e+02, 6.565870000000000317e-01
9.519349999999999454e+02, -1.554079999999999906e-01
9.519510000000000218e+02, -6.043669999999999876e-01
9.519679999999999609e+02, -4.426559999999999939e-01
9.519850000000000136e+02, 4.330430000000000113e-01
9.520009999999999764e+02, 1.549309999999999965e+00
9.520180000000000291e+02, 2.239929999999999977e-01
9.520349999999999682e+02, 4.074880000000000169e-01
9.520510000000000446e+02, -4.609570000000000056e-01
9.520679999999999836e+02, -8.433110000000000328e-01
9.520850000000000364e+02, -3.493029999999999746e-01
9.521009999999999991e+02, -5.537389999999999812e-01
9.521180000000000518e+02, -4.651899999999999924e-01
9.521349999999999909e+02, -1.097709999999999964e+00
9.521509999999999536e+02, -8.190610000000000390e-01
9.521680000000000064e+02, -2.889970000000000039e-01
9.521849999999999454e+02, 7.890669999999999629e-01
9.522010000000000218e+02, -6.106019999999999781e-01
9.522179999999999609e+02, -4.629550000000000054e-01
9.522350000000000136e+02, 9.353719999999999812e-01
9.522509999999999764e+02, 1.148859999999999992e+00
9.522680000000000291e+02, 3.123219999999999885e-01
9.522849999999999682e+02, -3.765769999999999951e-01
9.523010000000000446e+02, 1.518140000000000045e+00
9.523179999999999836e+02, 1.364319999999999977e+00
9.523350000000000364e+02, -5.729109999999999481e-01
9.523509999999999991e+02, -8.271899999999999809e-01
9.523680000000000518e+02, -4.406919999999999726e-01
9.523849999999999909e+02, -1.130600000000000049e+00
9.524009999999999536e+02, 4.143899999999999806e-01
9.524180000000000064e+02, 1.485249999999999959e+00
9.524349999999999454e+02, -4.472869999999999902e-01
9.524510000000000218e+02, 1.542379999999999862e-01
9.524679999999999609e+02, -2.190259999999999874e+00
9.524850000000000136e+02, -8.288060000000000427e-01
9.525009999999999764e+02, 5.206439999999999957e-01
9.525180000000000291e+02, 5.850290000000000212e-01
9.525349999999999682e+02, -1.246329999999999938e-01
9.525510000000000446e+02, -9.915580000000000505e-01
9.525679999999999836e+02, -5.872260000000000257e-01
9.525850000000000364e+02, -9.422380000000000200e-01
9.526009999999999991e+02, 1.400260000000000116e-01
9.526180000000000518e+02, -5.100430000000000241e-01
9.526349999999999909e+02, -4.000429999999999819e-01
9.526509999999999536e+02, 2.436639999999999917e-01
9.526680000000000064e+02, 5.359230000000000382e-01
9.526849999999999454e+02, 3.719919999999999893e-01
9.527010000000000218e+02, 6.786720000000000530e-01
9.527179999999999609e+02, -5.395990000000000508e-01
9.527350000000000136e+02, -1.130819999999999936e+00
9.527509999999999764e+02, 1.549860000000000126e-01
9.527680000000000291e+02, 2.990200000000000080e-01
9.527849999999999682e+02, -3.635090000000000265e-01
9.528010000000000446e+02, -5.836929999999999896e-02
9.528179999999999836e+02, -2.281060000000000032e-01
9.528350000000000364e+02, 6.495419999999999527e-01
9.528509999999999991e+02, -4.891710000000000225e-01
9.528680000000000518e+02, -6.126589999999999536e-01
9.528849999999999909e+02, 7.258510000000000240e-01
9.529009999999999536e+02, 4.978630000000000000e-01
9.529180000000000064e+02, 3.385810000000000208e-01
9.529349999999999454e+02, 1.675879999999999870e-01
9.529510000000000218e+02, 3.069910000000000139e-01
9.529679999999999609e+02, 3.931209999999999982e-01
9.529850000000000136e+02, 7.833400000000000363e-01
9.530009999999999764e+02, -1.656629999999999908e-02
9.530180000000000291e+02, -1.154470000000000107e+00
9.530349999999999682e+02, 9.446039999999999992e-01
9.530510000000000446e+02, 8.594279999999999697e-01
9.530679999999999836e+02, 1.559300000000000130e-01
9.530850000000000364e+02, -2.105059999999999987e-01
9.531009999999999991e+02, -1.451880000000000059e+00
9.531180000000000518e+02, -2.058510000000000062e-01
9.531349999999999909e+02, 1.602889999999999870e-01
9.531509999999999536e+02, -4.718939999999999801e-01
9.531680000000000064e+02, -9.295150000000000634e-02
9.531849999999999454e+02, -2.496819999999999873e-01
9.532010000000000218e+02, -3.948099999999999943e-01
9.532179999999999609e+02, 1.428039999999999976e+00
9.532350000000000136e+02, 2.726439999999999975e-01
9.532509999999999764e+02, 7.426829999999999821e-01
9.532680000000000291e+02, -1.429990000000000094e+00
9.532849999999999682e+02, -1.303889999999999993e+00
9.533010000000000446e+02, -1.596850000000000103e+00
9.533179999999999836e+02, -6.048050000000000370e-01
9.533350000000000364e+02, 1.243120000000000003e+00
9.533509999999999991e+02, -2.266029999999999989e-01
9.533680000000000518e+02, 1.017600000000000060e+00
9.533849999999999909e+02, -6.306730000000000391e-01
9.534009999999999536e+02, -1.989950000000000108e+00
9.534180000000000064e+02, -1.966120000000000090e+00
9.534349999999999454e+02, -4.017410000000000148e-01
9.534510000000000218e+02, 1.264270000000000005e+00
9.534679999999999609e+02, 1.312040000000000095e+00
9.534850000000000136e+02, 8.468759999999999621e-01
9.535009999999999764e+02, -1.519240000000000035e-01
9.535180000000000291e+02, 3.237450000000000050e-01
9.535349999999999682e+02, 1.220229999999999926e+00
9.535510000000000446e+02, -3.870939999999999936e-01
9.535679999999999836e+02, 7.467500000000000526e-02
9.535850000000000364e+02, 4.815479999999999761e-01
9.536009999999999991e+02, -1.844819999999999904e+00
9.536180000000000518e+02, -6.705360000000000209e-01
9.536349999999999909e+02, 4.654339999999999866e-03
9.536509999999999536e+02, 4.836449999999999916e-01
9.536680000000000064e+02, -5.378330000000000055e-01
9.536849999999999454e+02, 3.470770000000000244e-01
9.537010000000000218e+02, 1.028270000000000017e+00
9.537179999999999609e+02, -3.676320000000000143e-01
9.537350000000000136e+02, 1.112950000000000106e+00
9.537509999999999764e+02, 5.118049999999999544e-01
9.537680000000000291e+02, -7.384709999999999885e-01
9.537849999999999682e+02, -2.135800000000000143e+00
9.538010000000000446e+02, -1.406139999999999946e+00
9.538179999999999836e+02, -5.118669999999999609e-01
9.538350000000000364e+02, -6.897189999999999710e-01
9.538509999999999991e+02, 1.512080000000000091e+00
9.538680000000000518e+02, 2.246840000000000170e+00
9.538849999999999909e+02, -3.546219999999999928e-01
9.539009999999999536e+02, 8.541050000000000031e-01
9.539180000000000064e+02, 1.011260000000000048e+00
9.539349999999999454e+02, 5.682509999999999506e-01
9.539510000000000218e+02, -6.076749999999999652e-01
9.539679999999999609e+02, -7.115789999999999615e-01
9.539850000000000136e+02, 3.576699999999999879e-01
9.540009999999999764e+02, 1.018650000000000055e+00
9.540180000000000291e+02, 9.996389999999999443e-02
9.540349999999999682e+02, -6.218730000000000091e-01
9.540510000000000446e+02, -1.438879999999999937e+00
9.540679999999999836e+02, 1.883510000000000018e+00
9.540850000000000364e+02, 7.463800000000000434e-01
9.541009999999999991e+02, 7.328890000000000127e-01
9.541180000000000518e+02, 5.926700000000000301e-01
9.541349999999999909e+02, 1.648190000000000044e+00
9.541509999999999536e+02, 2.205489999999999950e-01
9.541680000000000064e+02, -9.231780000000000541e-01
9.541849999999999454e+02, -1.012420000000000098e+00
9.542010000000000218e+02, -1.315500000000000003e-01
9.542179999999999609e+02, -4.012020000000000031e-01
9.542350000000000136e+02, 8.944659999999999833e-01
9.542509999999999764e+02, 1.714670000000000083e-01
9.542680000000000291e+02, 5.736620000000000053e-01
9.542849999999999682e+02, -2.397789999999999921e-01
9.543010000000000446e+02, -7.145629999999999482e-01
9.543179999999999836e+02, 2.483920000000000017e-01
9.543350000000000364e+02, 1.364640000000000075e+00
9.543509999999999991e+02, -4.771719999999999851e-01
9.543680000000000518e+02, -6.146829999999999794e-01
9.543849999999999909e+02, -9.213029999999999831e-01
9.544009999999999536e+02, -1.753079999999999972e+00
9.544180000000000064e+02, 1.692400000000000015e-01
9.544349999999999454e+02, 8.592450000000000088e-02
9.544510000000000218e+02, 8.781529999999999614e-01
9.544679999999999609e+02, 2.219140000000000001e-01
9.544850000000000136e+02, 2.251499999999999890e-01
9.545009999999999764e+02, -1.074340000000000073e+00
9.545180000000000291e+02, -3.166700000000000070e-01
9.545349999999999682e+02, 7.202590000000000381e-02
9.545510000000000446e+02, 3.454189999999999761e-01
9.545679999999999836e+02, 7.236240000000000450e-01
9.545850000000000364e+02, -4.547539999999999916e-01
9.546009999999999991e+02, -1.702739999999999920e+00
9.546180000000000518e+02, -9.807970000000000299e-01
9.546349999999999909e+02, 6.767410000000000370e-01
9.546509999999999536e+02, -8.173949999999999272e-03
9.546680000000000064e+02, -7.827490000000000281e-01
9.546849999999999454e+02, -5.088639999999999830e-01
9.547010000000000218e+02, -1.832249999999999990e-01
9.547179999999999609e+02, -1.904959999999999987e-01
9.547350000000000136e+02, -7.591189999999999882e-01
9.547509999999999764e+02, 3.244360000000000022e-01
9.547680000000000291e+02, -3.447620000000000129e-01
9.547849999999999682e+02, 4.668450000000000100e-01
9.548010000000000446e+02, 2.504520000000000080e-01
9.548179999999999836e+02, 1.927550000000000097e+00
9.548350000000000364e+02, 1.784030000000000005e+00
9.548509999999999991e+02, 7.870800000000000018e-01
9.548680000000000518e+02, -3.300549999999999873e-01
9.548849999999999909e+02, 1.193629999999999969e+00
9.549009999999999536e+02, 1.239470000000000072e+00
9.549180000000000064e+02, -1.636110000000000064e-01
9.549349999999999454e+02, 9.537539999999999907e-01
9.549510000000000218e+02, -7.083269999999999844e-02
9.549679999999999609e+02, -2.343409999999999938e-01
9.549850000000000136e+02, 4.978659999999999752e-01
9.550009999999999764e+02, 3.133230000000000182e-01
9.550180000000000291e+02, 5.027819999999999512e-01
9.550349999999999682e+02, -2.239780000000000104e-01
9.550510000000000446e+02, -7.034690000000000387e-02
9.550679999999999836e+02, -1.198469999999999924e+00
9.550850000000000364e+02, 1.691829999999999945e+00
9.551009999999999991e+02, -1.845029999999999934e-02
9.551180000000000518e+02, -5.583029999999999937e-01
9.551349999999999909e+02, -1.009989999999999943e+00
9.551509999999999536e+02, 6.649749999999999828e-01
9.551680000000000064e+02, -8.643560000000000132e-01
9.551849999999999454e+02, 1.765020000000000033e+00
9.552010000000000218e+02, -5.034809999999999564e-01
9.552179999999999609e+02, -1.084319999999999951e+00
9.552350000000000136e+02, -9.475280000000000369e-01
9.552509999999999764e+02, -7.702290000000000525e-01
9.552680000000000291e+02, -7.405049999999999688e-01
9.552849999999999682e+02, -6.625570000000000070e-02
9.553010000000000446e+02, 2.182109999999999883e-01
9.553179999999999836e+02, -3.701709999999999723e-01
9.553350000000000364e+02, -4.953549999999999898e-01
9.553509999999999991e+02, 8.282439999999999802e-01
9.553680000000000518e+02, 6.147970000000000379e-01
9.553849999999999909e+02, 2.369519999999999960e-01
9.554009999999999536e+02, 4.867400000000000199e-02
9.554180000000000064e+02, -8.045250000000000457e-01
9.554349999999999454e+02, -2.198460000000000136e-01
9.554510000000000218e+02, 1.078549999999999898e+00
9.554679999999999609e+02, -6.954219999999999846e-01
9.554850000000000136e+02, -5.938940000000000330e-01
9.555009999999999764e+02, -4.849029999999999729e-01
9.555180000000000291e+02, -2.184760000000000035e-01
9.555349999999999682e+02, 5.706630000000000313e-01
9.555510000000000446e+02, -1.091069999999999984e+00
9.555679999999999836e+02, 4.886249999999999760e-01
9.555850000000000364e+02, -2.392600000000000005e-01
9.556009999999999991e+02, -3.228030000000000066e-01
9.556180000000000518e+02, 1.315339999999999954e+00
9.556349999999999909e+02, -3.067980000000000151e-01
9.556509999999999536e+02, -1.894870000000000054e+00
9.556680000000000064e+02, -1.817259999999999986e-01
9.556849999999999454e+02, 1.168779999999999958e-01
9.557010000000000218e+02, 8.568489999999999718e-01
9.557179999999999609e+02, -3.929600000000000107e-03
9.557350000000000136e+02, -5.887179999999999636e-01
9.557509999999999764e+02, -2.505129999999999857e-01
9.557680000000000291e+02, -6.621440000000000659e-02
9.557849999999999682e+02, 6.321020000000000527e-01
9.558010000000000446e+02, 6.765900000000000247e-01
9.558179999999999836e+02, 7.098379999999999690e-01
9.558350000000000364e+02, 1.556310000000000082e+00
9.558509999999999991e+02, 4.922440000000000149e-01
9.558680000000000518e+02, 1.484939999999999927e+00
9.558849999999999909e+02, 6.049879999999999702e-01
9.559009999999999536e+02, -1.361140000000000017e+00
9.559180000000000064e+02, -1.607329999999999925e+00
9.559349999999999454e+02, -1.301069999999999949e+00
9.559510000000000218e+02, 6.938109999999999555e-01
9.559679999999999609e+02, 6.918199999999999905e-01
9.559850000000000136e+02, 2.986840000000000050e-01
9.560009999999999764e+02, -1.087939999999999907e+00
9.560180000000000291e+02, -4.922239999999999949e-01
9.560349999999999682e+02, -8.554549999999999654e-01
9.560510000000000446e+02, -7.206789999999999585e-01
9.560679999999999836e+02, -2.577979999999999855e-02
9.560850000000000364e+02, 2.651240000000000263e-01
9.561009999999999991e+02, -2.761140000000000261e-01
9.561180000000000518e+02, 1.930820000000000036e-01
9.561349999999999909e+02, 1.918809999999999960e-01
9.561509999999999536e+02, 2.115179999999999838e-02
9.561680000000000064e+02, 1.996159999999999879e-01
9.561849999999999454e+02, -5.872249999999999970e-01
9.562010000000000218e+02, 4.977099999999999858e-01
9.562179999999999609e+02, -7.260320000000000107e-01
9.562350000000000136e+02, -2.880969999999999920e-01
9.562509999999999764e+02, 1.053780000000000038e-03
9.562680000000000291e+02, -1.127399999999999958e+00
9.562849999999999682e+02, 7.119699999999999918e-01
9.563010000000000446e+02, 5.712559999999999860e-01
9.563179999999999836e+02, 5.531909999999999883e-01
9.563350000000000364e+02, -9.611139999999999961e-02
9.563509999999999991e+02, 4.999259999999999815e-01
9.563680000000000518e+02, -1.366790000000000019e-02
9.563849999999999909e+02, 8.527109999999999967e-01
9.564009999999999536e+02, -6.445610000000000506e-01
9.564180000000000064e+02, -5.200090000000000545e-01
9.564349999999999454e+02, -3.290710000000000163e-02
9.564510000000000218e+02, 1.038759999999999906e+00
9.564679999999999609e+02, 1.829979999999999940e-01
9.564850000000000136e+02, 4.082890000000000130e-02
9.565009999999999764e+02, 3.529379999999999740e-01
9.565180000000000291e+02, 4.860220000000000096e-01
9.565349999999999682e+02, 7.714220000000000521e-01
9.565510000000000446e+02, -1.259279999999999955e+00
9.565679999999999836e+02, -4.007040000000000046e-01
9.565850000000000364e+02, -3.085080000000000044e-01
9.566009999999999991e+02, -1.065379999999999938e-01
9.566180000000000518e+02, -6.911129999999999773e-01
9.566349999999999909e+02, -1.063129999999999908e+00
9.566509999999999536e+02, -5.569190000000000529e-01
9.566680000000000064e+02, 2.142219999999999958e-01
9.566849999999999454e+02, -1.399070000000000036e+00
9.567010000000000218e+02, -2.068859999999999921e+00
9.567179999999999609e+02, -1.198010000000000019e+00
9.567350000000000136e+02, 1.138249999999999984e+00
9.567509999999999764e+02, 8.377820000000000267e-01
9.567680000000000291e+02, 8.227879999999999638e-01
9.567849999999999682e+02, -2.727700000000000125e-01
9.568010000000000446e+02, -1.328320000000000056e-01
9.568179999999999836e+02, -1.199310000000000098e+00
9.568350000000000364e+02, -1.116589999999999971e+00
9.568509999999999991e+02, -1.748709999999999987e+00
9.568680000000000518e+02, -1.272159999999999958e+00
9.568849999999999909e+02, -1.911200000000000121e-01
9.569009999999999536e+02, -3.099299999999999833e-01
9.569180000000000064e+02, 4.680670000000000108e-01
9.569349999999999454e+02, 1.420809999999999906e+00
9.569510000000000218e+02, 3.187010000000000121e-01
9.569679999999999609e+02, 1.598189999999999888e-01
9.569850000000000136e+02, -1.065120000000000067e+00
9.570009999999999764e+02, -8.326160000000000228e-01
9.570180000000000291e+02, 1.043449999999999933e-01
9.570349999999999682e+02, -5.934800000000000075e-01
9.570510000000000446e+02, 5.102980000000000294e-01
9.570679999999999836e+02, -7.287639999999999674e-01
9.570850000000000364e+02, -7.237219999999999764e-01
9.571009999999999991e+02, 1.103339999999999987e+00
9.571180000000000518e+02, -9.296930000000000471e-02
9.571349999999999909e+02, -1.003929999999999989e+00
9.571509999999999536e+02, -6.306399999999999784e-01
9.571680000000000064e+02, 9.546440000000000481e-02
9.571849999999999454e+02, 7.787460000000000493e-01
9.572010000000000218e+02, 1.668719999999999981e+00
9.572179999999999609e+02, -1.023190000000000044e+00
9.572350000000000136e+02, -1.120789999999999953e+00
9.572509999999999764e+02, 4.647790000000000254e-02
9.572680000000000291e+02, 3.000820000000000154e-01
9.572849999999999682e+02, -6.088630000000000431e-01
9.573010000000000446e+02, -5.478410000000000224e-01
9.573179999999999836e+02, -1.109189999999999898e+00
9.573350000000000364e+02, -1.624290000000000012e+00
9.573509999999999991e+02, 1.391929999999999890e+00
9.573680000000000518e+02, -9.114870000000000472e-01
9.573849999999999909e+02, -4.598050000000000193e-01
9.574009999999999536e+02, -8.302209999999999868e-01
9.574180000000000064e+02, -1.674299999999999955e-01
9.574349999999999454e+02, -4.707859999999999823e-01
9.574510000000000218e+02, -2.493740000000000123e-01
9.574679999999999609e+02, -7.180640000000000356e-01
9.574850000000000136e+02, 8.870740000000000292e-01
9.575009999999999764e+02, 1.570219999999999949e+00
9.575180000000000291e+02, -2.986509999999999998e-01
9.575349999999999682e+02, -1.019649999999999945e+00
9.575510000000000446e+02, -6.146669999999999634e-01
9.575679999999999836e+02, -1.321479999999999988e+00
9.575850000000000364e+02, -1.325420000000000043e+00
9.576009999999999991e+02, -1.582840000000000080e-01
9.576180000000000518e+02, -8.048329999999999373e-02
9.576349999999999909e+02, 1.779330000000000078e-01
9.576509999999999536e+02, 5.637990000000000501e-01
9.576680000000000064e+02, -3.034080000000000110e-01
9.576849999999999454e+02, -4.841380000000000128e-01
9.577010000000000218e+02, -3.638939999999999952e-01
9.577179999999999609e+02, 6.186129999999999685e-01
9.577350000000000136e+02, 2.105059999999999987e-01
9.577509999999999764e+02, -1.279509999999999925e+00
9.577680000000000291e+02, 8.713330000000000242e-01
9.577849999999999682e+02, 5.783310000000000395e-01
9.578010000000000446e+02, -5.605019999999999447e-01
9.578179999999999836e+02, -4.951720000000000010e-01
9.578350000000000364e+02, -6.129120000000000124e-01
9.578509999999999991e+02, 3.824210000000000109e-01
9.578680000000000518e+02, 4.441240000000000188e-01
9.578849999999999909e+02, -1.531600000000000072e+00
9.579009999999999536e+02, -1.444129999999999914e+00
9.579180000000000064e+02, -8.480469999999999953e-01
9.579349999999999454e+02, 7.987600000000000255e-01
9.579510000000000218e+02, 8.383159999999999501e-01
9.579679999999999609e+02, 3.294730000000000159e-01
9.579850000000000136e+02, 7.454819999999999780e-01
9.580009999999999764e+02, -3.859770000000000145e-01
9.580180000000000291e+02, -7.980380000000000251e-01
9.580349999999999682e+02, 1.711840000000000028e-01
9.580510000000000446e+02, -7.089189999999999658e-01
9.580679999999999836e+02, -1.095029999999999948e+00
9.580850000000000364e+02, -3.657190000000000163e-01
9.581009999999999991e+02, -2.345349999999999935e-01
9.581180000000000518e+02, -1.039760000000000018e+00
9.581349999999999909e+02, 2.068750000000000033e-01
9.581509999999999536e+02, 5.016119999999999468e-01
9.581680000000000064e+02, 6.116179999999999950e-01
9.581849999999999454e+02, 5.234240000000000004e-01
9.582010000000000218e+02, 6.951969999999999539e-01
9.582179999999999609e+02, -5.013809999999999656e-01
9.582350000000000136e+02, -5.907909999999999551e-01
9.582509999999999764e+02, 1.308519999999999905e+00
9.582680000000000291e+02, -3.440060000000000340e-02
9.582849999999999682e+02, -3.155290000000000039e-01
9.583010000000000446e+02, 9.890809999999999880e-01
9.583179999999999836e+02, -1.719100000000000072e-01
9.583350000000000364e+02, 8.592469999999999830e-01
9.583509999999999991e+02, 9.250819999999999599e-01
9.583680000000000518e+02, -5.779980000000000118e-01
9.583849999999999909e+02, -1.933900000000000063e-01
9.584009999999999536e+02, -8.734929999999999639e-01
9.584180000000000064e+02, -5.142470000000000097e-01
9.584349999999999454e+02, -1.451850000000000085e-01
9.584510000000000218e+02, -6.323149999999999604e-01
9.584679999999999609e+02, -3.501440000000000108e-01
9.584850000000000136e+02, 1.029719999999999969e+00
9.585009999999999764e+02, 6.795750000000000401e-01
9.585180000000000291e+02, -1.468200000000000061e-01
9.585349999999999682e+02, 3.577219999999999844e-01
9.585510000000000446e+02, 1.041940000000000088e+00
9.585679999999999836e+02, -1.361490000000000089e+00
9.585850000000000364e+02, -1.271719999999999962e+00
9.586009999999999991e+02, -7.625619999999999621e-01
9.586180000000000518e+02, -1.950159999999999949e-01
9.586349999999999909e+02, 8.753440000000000110e-01
9.586509999999999536e+02, 1.719810000000000061e+00
9.586680000000000064e+02, 1.314589999999999925e+00
9.586849999999999454e+02, -3.440500000000000225e-01
9.587010000000000218e+02, -7.756180000000000296e-01
9.587179999999999609e+02, 4.150840000000000085e-01
9.587350000000000136e+02, 1.429619999999999891e+00
9.587509999999999764e+02, 1.274319999999999897e+00
9.587680000000000291e+02, 8.342180000000000151e-01
9.587849999999999682e+02, -3.114390000000000214e-01
9.588010000000000446e+02, -4.739450000000000052e-01
9.588179999999999836e+02, 9.769980000000000331e-01
9.588350000000000364e+02, 1.525700000000000056e+00
9.588509999999999991e+02, 5.904249999999999776e-01
9.588680000000000518e+02, -1.742010000000000058e+00
9.588849999999999909e+02, -5.031369999999999454e-01
9.589009999999999536e+02, -9.361420000000000297e-01
9.589180000000000064e+02, -1.533830000000000027e+00
9.589349999999999454e+02, 2.419989999999999919e-01
9.589510000000000218e+02, -2.576089999999999769e-01
9.589679999999999609e+02, -1.217930000000000054e-02
9.589850000000000136e+02, -1.219230000000000036e+00
9.590009999999999764e+02, -3.503450000000000175e-01
9.590180000000000291e+02, 1.511100000000000110e+00
9.590349999999999682e+02, 5.840910000000000268e-01
9.590510000000000446e+02, 1.832560000000000022e-01
9.590679999999999836e+02, -2.882259999999999822e-01
9.590850000000000364e+02, 1.651060000000000028e-01
9.591009999999999991e+02, -6.026380000000000070e-01
9.591180000000000518e+02, 1.306270000000000001e-02
9.591349999999999909e+02, 8.137550000000000339e-02
9.591509999999999536e+02, 1.729080000000000061e-01
9.591680000000000064e+02, -2.034660000000000080e-01
9.591849999999999454e+02, 7.681949999999999612e-01
9.592010000000000218e+02, 7.682290000000000507e-01
9.592179999999999609e+02, -3.504740000000000077e-01
9.592350000000000136e+02, -3.528540000000000010e-01
9.592509999999999764e+02, 3.464809999999999834e-01
9.592680000000000291e+02, -8.065470000000000139e-01
9.592849999999999682e+02, -3.039609999999999881e-02
9.593010000000000446e+02, -1.008909999999999946e-01
9.593179999999999836e+02, 4.927320000000000311e-02
9.593350000000000364e+02, 1.322570000000000134e-01
9.593509999999999991e+02, 1.694209999999999994e+00
9.593680000000000518e+02, -1.291420000000000012e+00
9.593849999999999909e+02, -1.531279999999999863e-01
9.594009999999999536e+02, -1.043760000000000021e+00
9.594180000000000064e+02, 1.307840000000000114e-01
9.594349999999999454e+02, 3.377530000000000254e-01
9.594510000000000218e+02, 4.395689999999999875e-01
9.594679999999999609e+02, 4.397650000000000170e-01
9.594850000000000136e+02, 2.381409999999999916e-01
9.595009999999999764e+02, 3.486219999999999875e-01
9.595180000000000291e+02, -1.851939999999999920e+00
9.595349999999999682e+02, -1.297250000000000070e-01
9.595510000000000446e+02, -7.112319999999999753e-01
9.595679999999999836e+02, -3.919440000000000146e-01
9.595850000000000364e+02, -1.167799999999999949e+00
9.596009999999999991e+02, -4.520640000000000214e-01
9.596180000000000518e+02, 1.680439999999999989e-01
9.596349999999999909e+02, -9.976040000000000463e-01
9.596509999999999536e+02, 1.161790000000000100e+00
9.596680000000000064e+02, 1.307399999999999896e+00
9.596849999999999454e+02, 1.402099999999999902e+00
9.597010000000000218e+02, 2.207969999999999933e-01
9.597179999999999609e+02, 4.563380000000000214e-02
9.597350000000000136e+02, 1.339309999999999945e-01
9.597509999999999764e+02, -1.031779999999999919e+00
9.597680000000000291e+02, -3.419079999999999897e-01
9.597849999999999682e+02, -6.379320000000000546e-01
9.598010000000000446e+02, -7.871709999999999541e-01
9.598179999999999836e+02, -2.496740000000000070e-01
9.598350000000000364e+02, 1.513050000000000006e+00
9.598509999999999991e+02, -2.726640000000000175e-01
9.598680000000000518e+02, 1.084419999999999940e+00
9.598849999999999909e+02, 2.726979999999999942e-03
9.599009999999999536e+02, -5.288669999999999760e-01
9.599180000000000064e+02, -1.175690000000000068e-01
9.599349999999999454e+02, -5.939010000000000122e-01
9.599510000000000218e+02, -8.639780000000000237e-01
9.599679999999999609e+02, -8.779139999999999722e-01
9.599850000000000136e+02, 7.250550000000000050e-01
9.600009999999999764e+02, 3.776419999999999777e-01
9.600180000000000291e+02, -3.738380000000000036e-01
9.600349999999999682e+02, 1.737809999999999910e-01
9.600510000000000446e+02, -9.822650000000000547e-01
9.600679999999999836e+02, -9.896160000000000512e-01
9.600850000000000364e+02, -5.744320000000000537e-01
9.601009999999999991e+02, -7.994799999999999823e-03
9.601180000000000518e+02, -1.469230000000000015e-02
9.601349999999999909e+02, 1.552850000000000064e-01
9.601509999999999536e+02, -8.444439999999999724e-01
9.601680000000000064e+02, 6.087660000000000293e-02
9.601849999999999454e+02, 5.929980000000000251e-01
9.602010000000000218e+02, 5.232179999999999609e-01
9.602179999999999609e+02, -6.060389999999999944e-01
9.602350000000000136e+02, 2.375889999999999946e-01
9.602509999999999764e+02, -4.828989999999999672e-02
9.602680000000000291e+02, -6.644839999999999636e-01
9.602849999999999682e+02, -1.375969999999999915e+00
9.603010000000000446e+02, -1.000140000000000029e+00
9.603179999999999836e+02, 4.383319999999999994e-01
9.603350000000000364e+02, -1.935979999999999923e-01
9.603509999999999991e+02, -1.535239999999999938e-01
9.603680000000000518e+02, -2.120769999999999822e+00
9.603849999999999909e+02, -7.762160000000000171e-01
9.604009999999999536e+02, -4.313969999999999749e-01
9.604180000000000064e+02, -2.760529999999999928e-01
9.604349999999999454e+02, 1.311620000000000008e+00
9.604510000000000218e+02, 7.152110000000000412e-01
9.604679999999999609e+02, 5.503949999999999676e-01
9.604850000000000136e+02, 7.521820000000000173e-01
9.605009999999999764e+02, -6.226040000000000463e-01
9.605180000000000291e+02, -2.679469999999999907e-01
9.605349999999999682e+02, -1.219179999999999986e-01
9.605510000000000446e+02, 1.864460000000000006e-01
9.605679999999999836e+02, -2.755070000000000019e-01
9.605850000000000364e+02, -8.852619999999999933e-01
9.606009999999999991e+02, -5.034429999999999739e-01
9.606180000000000518e+02, -1.120200000000000085e+00
9.606349999999999909e+02, -3.365170000000000106e-01
9.606509999999999536e+02, -1.179070000000000062e+00
9.606680000000000064e+02, 4.496280000000000276e-01
9.606849999999999454e+02, -6.917109999999999648e-01
9.607010000000000218e+02, -7.726359999999999895e-01
9.607179999999999609e+02, -6.137150000000000105e-01
9.607350000000000136e+02, -2.967830000000000190e-01
9.607509999999999764e+02, -1.416120000000000045e+00
9.607680000000000291e+02, -7.535009999999999764e-01
9.607849999999999682e+02, 1.603809999999999958e+00
9.608010000000000446e+02, 1.026429999999999954e+00
9.608179999999999836e+02, 6.215910000000000046e-01
9.608350000000000364e+02, 9.853119999999999656e-01
9.608509999999999991e+02, 1.301819999999999977e+00
9.608680000000000518e+02, 7.795839999999999714e-02
9.608849999999999909e+02, 3.773029999999999995e-01
9.609009999999999536e+02, -1.186819999999999986e+00
9.609180000000000064e+02, 3.170479999999999826e-02
9.609349999999999454e+02, 1.260969999999999869e-01
9.609510000000000218e+02, 1.220420000000000060e+00
9.609679999999999609e+02, -7.979079999999999506e-01
9.609850000000000136e+02, -1.479710000000000081e+00
9.610009999999999764e+02, -8.501539999999999653e-01
9.610180000000000291e+02, -1.104470000000000063e+00
9.610349999999999682e+02, 1.304100000000000037e+00
9.610510000000000446e+02, 5.144689999999999541e-01
9.610679999999999836e+02, -1.031780000000000058e-01
9.610850000000000364e+02, 3.402649999999999841e-01
9.611009999999999991e+02, -1.916710000000000080e-01
9.611180000000000518e+02, -9.701389999999999736e-01
9.611349999999999909e+02, -2.959620000000000029e-01
9.611509999999999536e+02, 2.754509999999999792e+00
9.611680000000000064e+02, 1.956199999999999939e+00
9.611849999999999454e+02, 5.416689999999999561e-01
9.612010000000000218e+02, -1.941249999999999920e+00
9.612179999999999609e+02, -1.460190000000000099e+00
9.612350000000000136e+02, -3.585780000000000078e-01
9.612509999999999764e+02, 1.279249999999999998e+00
9.612680000000000291e+02, 2.789490000000000025e-01
9.612849999999999682e+02, 8.599750000000000449e-01
9.613010000000000446e+02, -1.436979999999999924e+00
9.613179999999999836e+02, -4.457809999999999828e-01
9.613350000000000364e+02, 1.430320000000000036e+00
9.613509999999999991e+02, 4.527769999999999850e-01
9.613680000000000518e+02, 1.233829999999999982e+00
9.613849999999999909e+02, 2.149000000000000077e-01
9.614009999999999536e+02, -2.330129999999999979e-01
9.614180000000000064e+02, 1.349309999999999919e-02
9.614349999999999454e+02, -8.657110000000000083e-01
9.614510000000000218e+02, 2.114790000000000073e-02
9.614679999999999609e+02, 8.421699999999999742e-01
9.614850000000000136e+02, 4.104760000000000075e-01
9.615009999999999764e+02, 2.657820000000000071e+00
9.615180000000000291e+02, 9.877089999999999481e-01
9.615349999999999682e+02, -1.143880000000000008e+00
9.615510000000000446e+02, -7.537810000000000343e-01
9.615679999999999836e+02, -1.018720000000000070e+00
9.615850000000000364e+02, -6.059719999999999690e-02
9.616009999999999991e+02, -4.139109999999999734e-01
9.616180000000000518e+02, -6.333090000000000108e-01
9.616349999999999909e+02, 7.048609999999999598e-01
9.616509999999999536e+02, 1.062480000000000091e+00
9.616680000000000064e+02, -7.874350000000000446e-03
9.616849999999999454e+02, -9.564169999999999616e-01
9.617010000000000218e+02, -7.844010000000000149e-01
9.617179999999999609e+02, -5.872169999999999890e-01
9.617350000000000136e+02, 1.838400000000000034e+00
9.617509999999999764e+02, -1.976489999999999914e-01
9.617680000000000291e+02, -5.889550000000000063e-01
9.617849999999999682e+02, -7.911249999999999671e-01
9.618010000000000446e+02, -1.642689999999999984e+00
9.618179999999999836e+02, -9.481450000000000156e-01
9.618350000000000364e+02, -5.290439999999999587e-01
9.618509999999999991e+02, 8.330440000000000067e-01
9.618680000000000518e+02, 1.211209999999999898e+00
9.618849999999999909e+02, 3.121459999999999790e-01
9.619009999999999536e+02, 8.707089999999999552e-01
9.619180000000000064e+02, 2.709840000000000027e-01
9.619349999999999454e+02, 4.173169999999999658e-02
9.619510000000000218e+02, -1.383420000000000094e+00
9.619679999999999609e+02, -2.953049999999999842e-01
9.619850000000000136e+02, -1.355920000000000014e+00
9.620009999999999764e+02, -1.216539999999999955e+00
9.620180000000000291e+02, 7.249729999999999785e-01
9.620349999999999682e+02, 5.503050000000000441e-01
9.620510000000000446e+02, -6.753700000000000259e-01
9.620679999999999836e+02, 3.822710000000000274e-01
9.620850000000000364e+02, 7.447420000000000151e-01
9.621009999999999991e+02, 9.573800000000000088e-01
9.621180000000000518e+02, 1.232299999999999951e+00
9.621349999999999909e+02, -1.576529999999999987e+00
9.621509999999999536e+02, 1.320489999999999942e+00
9.621680000000000064e+02, 1.470409999999999995e+00
9.621849999999999454e+02, -1.088270000000000036e-02
9.622010000000000218e+02, -1.396959999999999869e-01
9.622179999999999609e+02, -5.371230000000000171e-01
9.622350000000000136e+02, -4.424960000000000004e-01
9.622509999999999764e+02, -8.816380000000000050e-02
9.622680000000000291e+02, 3.974150000000000182e-01
9.622849999999999682e+02, -3.544959999999999778e-01
9.623010000000000446e+02, -3.574240000000000195e-01
9.623179999999999836e+02, 1.771250000000000047e-01
9.623350000000000364e+02, 2.185979999999999868e-01
9.623509999999999991e+02, -1.111979999999999968e+00
9.623680000000000518e+02, -1.294149999999999912e+00
9.623849999999999909e+02, 6.308139999999999858e-01
9.624009999999999536e+02, -4.996189999999999798e-01
9.624180000000000064e+02, -5.225520000000000165e-01
9.624349999999999454e+02, -4.918529999999999847e-01
9.624510000000000218e+02, -2.363689999999999958e-01
9.624679999999999609e+02, 1.984870000000000037e-02
9.624850000000000136e+02, 5.949210000000000331e-01
9.625009999999999764e+02, 1.090829999999999966e+00
9.625180000000000291e+02, 6.605100000000000415e-01
9.625349999999999682e+02, 6.284100000000000241e-01
9.625510000000000446e+02, -7.554089999999999971e-01
9.625679999999999836e+02, 1.831270000000000120e-01
9.625850000000000364e+02, -7.981549999999999478e-01
9.626009999999999991e+02, 6.021180000000000421e-01
9.626180000000000518e+02, 4.348810000000000175e-01
9.626349999999999909e+02, -1.753379999999999939e+00
9.626509999999999536e+02, -4.604159999999999919e-01
9.626680000000000064e+02, -2.287549999999999861e-01
9.626849999999999454e+02, -1.940580000000000083e-01
9.627010000000000218e+02, -1.639420000000000099e+00
9.627179999999999609e+02, 4.451240000000000197e-01
9.627350000000000136e+02, 6.385859999999999870e-01
9.627509999999999764e+02, 1.285099999999999909e+00
9.627680000000000291e+02, 1.554920000000000080e+00
9.627849999999999682e+02, -1.052379999999999982e-01
9.628010000000000446e+02, -2.185989999999999878e-01
9.628179999999999836e+02, 4.249870000000000037e-01
9.628350000000000364e+02, 5.919600000000000417e-01
9.628509999999999991e+02, 1.021190000000000042e+00
9.628680000000000518e+02, 3.134710000000000274e-02
9.628849999999999909e+02, 2.498970000000000080e-01
9.629009999999999536e+02, -1.944419999999999829e-02
9.629180000000000064e+02, 2.010239999999999944e-02
9.629349999999999454e+02, -1.303889999999999993e+00
9.629510000000000218e+02, -1.022650000000000059e+00
9.629679999999999609e+02, 3.235310000000000130e-01
9.629850000000000136e+02, -1.591589999999999949e-01
9.630009999999999764e+02, 5.559979999999999922e-01
9.630180000000000291e+02, -2.423490000000000089e-01
9.630349999999999682e+02, 2.661180000000000212e-01
9.630510000000000446e+02, -6.717530000000000445e-01
9.630679999999999836e+02, -8.344019999999999770e-01
9.630850000000000364e+02, -7.336479999999999668e-01
9.631009999999999991e+02, -3.757380000000000164e-01
9.631180000000000518e+02, 8.507029999999999870e-01
9.631349999999999909e+02, -4.132480000000000042e-01
9.631509999999999536e+02, 6.157909999999999773e-02
9.631680000000000064e+02, -5.389189999999999953e-02
9.631849999999999454e+02, -1.186299999999999993e-01
9.632010000000000218e+02, -5.721800000000000219e-01
9.632179999999999609e+02, -4.391669999999999741e-01
9.632350000000000136e+02, 1.000980000000000064e-01
9.632509999999999764e+02, -1.133429999999999938e+00
9.632680000000000291e+02, -4.097469999999999724e-01
9.632849999999999682e+02, -1.241529999999999995e-01
9.633010000000000446e+02, 4.463759999999999950e-01
9.633179999999999836e+02, 6.491660000000000208e-01
9.633350000000000364e+02, 1.969030000000000058e+00
9.633509999999999991e+02, 8.182559999999999834e-01
9.633680000000000518e+02, -1.181000000000000050e+00
9.633849999999999909e+02, -9.987040000000000362e-01
9.634009999999999536e+02, -9.116359999999999741e-02
9.634180000000000064e+02, -2.843769999999999909e-01
9.634349999999999454e+02, 3.041630000000000167e-01
9.634510000000000218e+02, -1.733540000000000081e-01
9.634679999999999609e+02, 3.359380000000000144e-01
9.634850000000000136e+02, 5.282409999999999883e-02
9.635009999999999764e+02, 2.208189999999999875e-01
9.635180000000000291e+02, -1.383580000000000032e+00
9.635349999999999682e+02, -6.678300000000000347e-01
9.635510000000000446e+02, 7.230720000000000480e-01
9.635679999999999836e+02, -1.464620000000000033e+00
9.635850000000000364e+02, 2.740179999999999838e-01
9.636009999999999991e+02, 7.980850000000000444e-01
9.636180000000000518e+02, 6.469869999999999788e-01
9.636349999999999909e+02, 5.478790000000000049e-02
9.636509999999999536e+02, -3.339770000000000238e-02
9.636680000000000064e+02, -7.129780000000000006e-01
9.636849999999999454e+02, -3.120530000000000248e-01
9.637010000000000218e+02, 2.022740000000000093e-01
9.637179999999999609e+02, 7.924740000000000117e-01
9.637350000000000136e+02, 9.746979999999999533e-01
9.637509999999999764e+02, 3.341660000000000186e-01
9.637680000000000291e+02, -1.192250000000000032e+00
9.637849999999999682e+02, -1.103669999999999929e+00
9.638010000000000446e+02, -6.191560000000000397e-01
9.638179999999999836e+02, -1.005290000000000017e+00
9.638350000000000364e+02, 5.685500000000000276e-02
9.638509999999999991e+02, 8.930850000000000177e-01
9.638680000000000518e+02, 5.444989999999999553e-01
9.638849999999999909e+02, -1.259870000000000045e+00
9.639009999999999536e+02, -1.357350000000000056e+00
9.639180000000000064e+02, -7.622750000000000359e-01
9.639349999999999454e+02, 8.321429999999999660e-01
9.639510000000000218e+02, 1.349439999999999973e+00
9.639679999999999609e+02, -1.471880000000000133e-01
9.639850000000000136e+02, 1.108880000000000088e+00
9.640009999999999764e+02, 1.052470000000000017e+00
9.640180000000000291e+02, 2.240350000000000119e-01
9.640349999999999682e+02, 1.840870000000000006e-01
9.640510000000000446e+02, -2.991129999999999831e-02
9.640679999999999836e+02, 3.721900000000000208e-01
9.640850000000000364e+02, 1.941980000000000095e-01
9.641009999999999991e+02, 6.424119999999999830e-02
9.641180000000000518e+02, -4.581080000000000152e-01
9.641349999999999909e+02, -1.479670000000000041e+00
9.641509999999999536e+02, -6.043859999999999788e-01
9.641680000000000064e+02, -8.279919999999999503e-01
9.641849999999999454e+02, -1.580680000000000085e+00
9.642010000000000218e+02, -1.653999999999999915e+00
9.642179999999999609e+02, -1.615169999999999995e+00
9.642350000000000136e+02, 2.279120000000000035e-01
9.642509999999999764e+02, 3.132829999999999782e-01
9.642680000000000291e+02, 1.016389999999999905e+00
9.642849999999999682e+02, 1.029060000000000086e+00
9.643010000000000446e+02, 5.458910000000000151e-01
9.643179999999999836e+02, 7.830270000000000286e-02
9.643350000000000364e+02, -1.095700000000000007e-01
9.643509999999999991e+02, -1.074440000000000062e+00
9.643680000000000518e+02, -8.415380000000000082e-01
9.643849999999999909e+02, -1.572009999999999907e+00
9.644009999999999536e+02, 1.775490000000000013e+00
9.644180000000000064e+02, 4.018549999999999900e-02
9.644349999999999454e+02, 1.490590000000000082e+00
9.644510000000000218e+02, 9.634599999999999831e-01
9.644679999999999609e+02, 1.408230000000000037e-01
9.644850000000000136e+02, 4.815849999999999992e-02
9.645009999999999764e+02, -1.716269999999999962e+00
9.645180000000000291e+02, -1.651540000000000008e+00
9.645349999999999682e+02, 2.138569999999999915e-01
9.645510000000000446e+02, -4.457300000000000151e-01
9.645679999999999836e+02, -2.082050000000000012e-01
9.645850000000000364e+02, -2.175690000000000124e-01
9.646009999999999991e+02, -1.174990000000000062e-01
9.646180000000000518e+02, -4.665199999999999902e-01
9.646349999999999909e+02, 8.374810000000000310e-01
9.646509999999999536e+02, 9.628780000000000117e-01
9.646680000000000064e+02, 1.282950000000000035e+00
9.646849999999999454e+02, -1.430730000000000057e+00
9.647010000000000218e+02, -1.017840000000000078e+00
9.647179999999999609e+02, -7.659010000000000540e-01
9.647350000000000136e+02, -5.386859999999999982e-01
9.647509999999999764e+02, -7.093970000000000553e-01
9.647680000000000291e+02, 2.429659999999999875e-01
9.647849999999999682e+02, 4.236110000000000153e-01
9.648010000000000446e+02, 2.441159999999999997e+00
9.648179999999999836e+02, -1.239430000000000046e-02
9.648350000000000364e+02, -1.688360000000000138e-01
9.648509999999999991e+02, 1.942530000000000090e-01
9.648680000000000518e+02, -8.066419999999999702e-01
9.648849999999999909e+02, -2.679259999999999975e-01
9.649009999999999536e+02, 9.741710000000000647e-02
9.649180000000000064e+02, -8.369229999999999725e-01
9.649349999999999454e+02, -9.511359999999999815e-01
9.649510000000000218e+02, 1.178680000000000005e-01
9.649679999999999609e+02, 2.071719999999999950e-01
9.649850000000000136e+02, 1.114219999999999988e+00
9.650009999999999764e+02, 1.518839999999999912e-01
9.650180000000000291e+02, -5.930679999999999980e-02
9.650349999999999682e+02, 6.305800000000000294e-01
9.650510000000000446e+02, -1.510400000000000067e-03
9.650679999999999836e+02, -8.460789999999999977e-02
9.650850000000000364e+02, -5.471329999999999943e-02
9.651009999999999991e+02, -4.862349999999999728e-01
9.651180000000000518e+02, -2.950969999999999982e-01
9.651349999999999909e+02, -1.389829999999999954e-01
9.651509999999999536e+02, 1.336840000000000028e+00
9.651680000000000064e+02, 3.117889999999999828e-01
9.651849999999999454e+02, 4.781190000000000162e-01
9.652010000000000218e+02, -2.640310000000000157e-01
9.652179999999999609e+02, 1.637480000000000047e-01
9.652350000000000136e+02, 8.271060000000000079e-01
9.652509999999999764e+02, 1.227059999999999956e-01
9.652680000000000291e+02, 8.768329999999999735e-01
9.652849999999999682e+02, -6.546480000000000077e-01
9.653010000000000446e+02, 4.814260000000000206e-01
9.653179999999999836e+02, -1.024780000000000024e+00
9.653350000000000364e+02, -8.946060000000000123e-02
9.653509999999999991e+02, -3.729930000000000051e-02
9.653680000000000518e+02, 1.360540000000000083e+00
9.653849999999999909e+02, 1.054159999999999986e+00
9.654009999999999536e+02, -1.573189999999999866e-01
9.654180000000000064e+02, -5.343059999999999476e-01
9.654349999999999454e+02, -1.731689999999999952e+00
9.654510000000000218e+02, -6.041119999999999823e-01
9.654679999999999609e+02, -4.638090000000000268e-01
9.654850000000000136e+02, -1.102130000000000054e-01
9.655009999999999764e+02, 6.555840000000000278e-02
9.655180000000000291e+02, 6.865500000000000075e-03
9.655349999999999682e+02, 9.368840000000000501e-01
9.655510000000000446e+02, 1.026690000000000103e+00
9.655679999999999836e+02, 1.141090000000000021e-01
9.655850000000000364e+02, -9.976469999999999505e-01
9.656009999999999991e+02, -7.227219999999999756e-01
9.656180000000000518e+02, 7.136519999999999531e-01
9.656349999999999909e+02, 3.939750000000000196e-01
9.656509999999999536e+02, 7.374939999999999829e-01
9.656680000000000064e+02, -4.750449999999999950e-01
9.656849999999999454e+02, -8.061099999999999932e-01
9.657010000000000218e+02, -1.716769999999999907e+00
9.657179999999999609e+02, 8.525129999999999653e-01
9.657350000000000136e+02, 5.229819999999999469e-01
9.657509999999999764e+02, 4.298170000000000046e-01
9.657680000000000291e+02, -9.173789999999999445e-01
9.657849999999999682e+02, 7.378890000000000449e-02
9.658010000000000446e+02, 4.593130000000000268e-01
9.658179999999999836e+02, -6.616710000000000091e-01
9.658350000000000364e+02, 9.745279999999999498e-01
9.658509999999999991e+02, -5.055509999999999726e-01
9.658680000000000518e+02, -2.114340000000000108e-01
9.658849999999999909e+02, 1.447599999999999998e+00
9.659009999999999536e+02, -1.296750000000000125e-01
9.659180000000000064e+02, 4.342530000000000001e-01
9.659349999999999454e+02, 6.731520000000000385e-03
9.659510000000000218e+02, 9.904650000000000398e-01
9.659679999999999609e+02, 5.465090000000000225e-01
9.659850000000000136e+02, 8.029429999999999623e-01
9.660009999999999764e+02, 3.385850000000000248e-01
9.660180000000000291e+02, -5.068730000000000180e-01
9.660349999999999682e+02, -1.159100000000000019e+00
9.660510000000000446e+02, 4.504500000000000171e-01
9.660679999999999836e+02, 7.738040000000000473e-01
9.660850000000000364e+02, -5.215070000000000539e-01
9.661009999999999991e+02, -4.561520000000000019e-01
9.661180000000000518e+02, 9.628349999999999964e-01
9.661349999999999909e+02, 1.133569999999999967e+00
9.661509999999999536e+02, 2.214109999999999967e-01
9.661680000000000064e+02, -3.050680000000000058e-01
9.661849999999999454e+02, -1.035169999999999924e+00
9.662010000000000218e+02, -2.432199999999999918e-01
9.662179999999999609e+02, -2.079169999999999977e-02
9.662350000000000136e+02, 1.067549999999999999e+00
9.662509999999999764e+02, 7.756429999999999714e-01
9.662680000000000291e+02, -4.745179999999999954e-01
9.662849999999999682e+02, -1.018969999999999931e+00
9.663010000000000446e+02, -8.435540000000000260e-01
9.663179999999999836e+02, -4.252099999999999769e-01
9.663350000000000364e+02, 1.893390000000000073e-01
9.663509999999999991e+02, -1.796729999999999994e-01
9.663680000000000518e+02, -1.921339999999999992e-01
9.663849999999999909e+02, -9.784760000000000124e-01
9.664009999999999536e+02, -4.705230000000000246e-01
9.664180000000000064e+02, -1.016899999999999915e+00
9.664349999999999454e+02, 2.953540000000000054e-01
9.664510000000000218e+02, 3.360770000000000146e-01
9.664679999999999609e+02, 5.822599999999999998e-01
9.664850000000000136e+02, 7.154230000000000311e-01
9.665009999999999764e+02, -2.810609999999999845e-04
9.665180000000000291e+02, -3.921760000000000246e-01
9.665349999999999682e+02, 3.500860000000000083e-01
9.665510000000000446e+02, -5.602759999999999962e-01
9.665679999999999836e+02, -1.040340000000000042e+00
9.665850000000000364e+02, -2.134270000000000056e-01
9.666009999999999991e+02, 4.302549999999999986e-01
9.666180000000000518e+02, 6.683270000000000044e-01
9.666349999999999909e+02, -7.569270000000000165e-02
9.666509999999999536e+02, -1.147950000000000026e+00
9.666680000000000064e+02, -1.353429999999999911e+00
9.666849999999999454e+02, -5.131200000000000205e-01
9.667010000000000218e+02, -4.069930000000000075e-02
9.667179999999999609e+02, 8.794330000000000203e-01
9.667350000000000136e+02, 1.774640000000000106e-01
9.667509999999999764e+02, 6.467300000000000271e-01
9.667680000000000291e+02, -3.852729999999999766e-01
9.667849999999999682e+02, 1.415410000000000057e+00
9.668010000000000446e+02, 1.558000000000000052e+00
9.668179999999999836e+02, 3.428080000000000016e-01
9.668350000000000364e+02, 2.132249999999999979e+00
9.668509999999999991e+02, 6.364479999999999617e-03
9.668680000000000518e+02, -1.166860000000000008e+00
9.668849999999999909e+02, -5.144830000000000236e-01
9.669009999999999536e+02, 9.973619999999999708e-01
9.669180000000000064e+02, 3.039580000000000060e-01
9.669349999999999454e+02, -6.795860000000000234e-01
9.669510000000000218e+02, 4.099809999999999843e-01
9.669679999999999609e+02, 6.198719999999999786e-01
9.669850000000000136e+02, -6.708709999999999951e-01
9.670009999999999764e+02, -1.022599999999999953e+00
9.670180000000000291e+02, -2.281910000000000049e-01
9.670349999999999682e+02, -4.341700000000000004e-01
9.670510000000000446e+02, -7.958220000000000571e-02
9.670679999999999836e+02, 5.433210000000000539e-01
9.670850000000000364e+02, 8.692549999999999999e-01
9.671009999999999991e+02, -4.258339999999999903e-01
9.671180000000000518e+02, -4.076029999999999931e-02
9.671349999999999909e+02, -2.136770000000000058e-01
9.671509999999999536e+02, 5.701760000000000161e-01
9.671680000000000064e+02, 8.071850000000000414e-01
9.671849999999999454e+02, 3.298289999999999833e-01
9.672010000000000218e+02, -5.539709999999999912e-01
9.672179999999999609e+02, 1.187310000000000088e+00
9.672350000000000136e+02, 1.583900000000000086e+00
9.672509999999999764e+02, -4.917590000000000017e-01
9.672680000000000291e+02, -3.888590000000000102e-01
9.672849999999999682e+02, -9.981980000000000297e-01
9.673010000000000446e+02, -2.248110000000000108e-01
9.673179999999999836e+02, 5.630219999999999669e-02
9.673350000000000364e+02, -3.668899999999999939e-01
9.673509999999999991e+02, -2.020889999999999839e-02
9.673680000000000518e+02, -9.594840000000000035e-01
9.673849999999999909e+02, -6.749429999999999596e-01
9.674009999999999536e+02, 2.531800000000000161e-01
9.674180000000000064e+02, -3.342780000000000196e-01
9.674349999999999454e+02, -6.575490000000000501e-01
9.674510000000000218e+02, 1.634639999999999982e-01
9.674679999999999609e+02, 1.579320000000000057e+00
9.674850000000000136e+02, 1.038240000000000052e+00
9.675009999999999764e+02, 2.060279999999999889e-01
9.675180000000000291e+02, 1.197740000000000027e+00
9.675349999999999682e+02, -1.983040000000000080e-01
9.675510000000000446e+02, 1.417950000000000044e+00
9.675679999999999836e+02, 1.612540000000000084e-01
9.675850000000000364e+02, -2.091550000000000076e-01
9.676009999999999991e+02, -6.129299999999999748e-01
9.676180000000000518e+02, 6.485100000000000309e-01
9.676349999999999909e+02, 5.118979999999999642e-01
9.676509999999999536e+02, 8.768340000000000023e-01
9.676680000000000064e+02, 6.940960000000000185e-02
9.676849999999999454e+02, 4.173399999999999888e-01
9.677010000000000218e+02, -3.173389999999999822e-01
9.677179999999999609e+02, -1.521779999999999911e+00
9.677350000000000136e+02, -3.512529999999999819e-01
9.677509999999999764e+02, -2.975309999999999899e-01
9.677680000000000291e+02, 3.068919999999999981e-01
9.677849999999999682e+02, 2.139649999999999885e-02
9.678010000000000446e+02, -1.427859999999999980e-03
9.678179999999999836e+02, 1.699170000000000125e-01
9.678350000000000364e+02, 1.940699999999999925e-01
9.678509999999999991e+02, 1.649190000000000100e-01
9.678680000000000518e+02, 8.035470000000000113e-01
9.678849999999999909e+02, 2.505269999999999997e-01
9.679009999999999536e+02, 6.800009999999999666e-01
9.679180000000000064e+02, 1.206979999999999997e-01
9.679349999999999454e+02, -8.833729999999999638e-01
9.679510000000000218e+02, -2.008030000000000093e-01
9.679679999999999609e+02, 1.099949999999999983e+00
9.679850000000000136e+02, 5.157779999999999587e-01
9.680009999999999764e+02, 6.128909999999999914e-02
9.680180000000000291e+02, -9.294200000000000239e-01
9.680349999999999682e+02, -1.423669999999999991e+00
9.680510000000000446e+02, -3.529959999999999765e-01
9.680679999999999836e+02, -4.220630000000000215e-01
9.680850000000000364e+02, -1.364769999999999872e-01
9.681009999999999991e+02, 1.195559999999999956e+00
9.681180000000000518e+02, -2.093839999999999868e-01
9.681349999999999909e+02, -1.271039999999999948e-01
9.681509999999999536e+02, 4.065790000000000237e-01
9.681680000000000064e+02, 9.690609999999999502e-01
9.681849999999999454e+02, 6.386929999999999552e-01
9.682010000000000218e+02, 1.108630000000000032e-01
9.682179999999999609e+02, -1.586109999999999909e+00
9.682350000000000136e+02, -1.843920000000000003e+00
9.682509999999999764e+02, -4.498219999999999996e-01
9.682680000000000291e+02, -5.658009999999999984e-01
9.682849999999999682e+02, -9.445670000000000455e-01
9.683010000000000446e+02, -5.642920000000000158e-01
9.683179999999999836e+02, -4.883629999999999916e-01
9.683350000000000364e+02, 1.327390000000000070e+00
9.683509999999999991e+02, 5.720410000000000217e-01
9.683680000000000518e+02, -8.486430000000000362e-01
9.683849999999999909e+02, -4.743740000000000179e-01
9.684009999999999536e+02, -1.128910000000000052e-01
9.684180000000000064e+02, 1.481770000000000032e+00
9.684349999999999454e+02, 1.081779999999999964e+00
9.684510000000000218e+02, 3.633449999999999736e-01
9.684679999999999609e+02, -1.398760000000000003e+00
9.684850000000000136e+02, -1.105290000000000106e+00
9.685009999999999764e+02, 1.024970000000000048e-01
9.685180000000000291e+02, 1.570459999999999967e+00
9.685349999999999682e+02, -7.141600000000000170e-01
9.685510000000000446e+02, -1.454739999999999922e+00
9.685679999999999836e+02, 4.688089999999999757e-01
9.685850000000000364e+02, 1.393809999999999993e+00
9.686009999999999991e+02, 9.487229999999999830e-01
9.686180000000000518e+02, 9.576179999999999692e-01
9.686349999999999909e+02, 1.705510000000000081e-01
9.686509999999999536e+02, 8.370170000000000110e-01
9.686680000000000064e+02, 1.960059999999999913e+00
9.686849999999999454e+02, 6.845539999999999958e-01
9.687010000000000218e+02, -4.714249999999999829e-01
9.687179999999999609e+02, -8.616070000000000118e-01
9.687350000000000136e+02, 2.756600000000000161e-01
9.687509999999999764e+02, 3.366850000000000120e-01
9.687680000000000291e+02, 5.750690000000000524e-01
9.687849999999999682e+02, -7.987170000000000381e-02
9.688010000000000446e+02, -1.543080000000000007e+00
9.688179999999999836e+02, 8.065149999999999819e-01
9.688350000000000364e+02, -1.427700000000000080e-01
9.688509999999999991e+02, -6.104509999999999624e-03
9.688680000000000518e+02, 3.652259999999999951e-01
9.688849999999999909e+02, 1.358680000000000110e+00
9.689009999999999536e+02, 8.941919999999999868e-01
9.689180000000000064e+02, 5.516330000000000400e-01
9.689349999999999454e+02, 6.952850000000000419e-01
9.689510000000000218e+02, -6.469329999999999803e-01
9.689679999999999609e+02, 6.657630000000000492e-02
9.689850000000000136e+02, -8.888080000000000425e-01
9.690009999999999764e+02, 1.005289999999999934e-01
9.690180000000000291e+02, 2.476980000000000015e-01
9.690349999999999682e+02, 5.835719999999999796e-01
9.690510000000000446e+02, -5.167640000000000011e-01
9.690679999999999836e+02, -9.001090000000000479e-01
9.690850000000000364e+02, -2.126500000000000057e+00
9.691009999999999991e+02, -5.966550000000000464e-01
9.691180000000000518e+02, 2.415190000000000115e-01
9.691349999999999909e+02, -1.160090000000000066e+00
9.691509999999999536e+02, 6.754789999999999406e-02
9.691680000000000064e+02, 4.175679999999999947e-01
9.691849999999999454e+02, 1.162320000000000020e+00
9.692010000000000218e+02, 5.055920000000000414e-01
9.692179999999999609e+02, 7.930409999999999959e-01
9.692350000000000136e+02, 1.671410000000000118e-01
9.692509999999999764e+02, 3.146360000000000129e-02
9.692680000000000291e+02, -3.867829999999999879e-01
9.692849999999999682e+02, -2.308860000000000079e-01
9.693010000000000446e+02, -3.191709999999999825e-01
9.693179999999999836e+02, -2.728590000000000182e-01
9.693350000000000364e+02, -8.659289999999999488e-01
9.693509999999999991e+02, 5.072499999999999787e-01
9.693680000000000518e+02, 1.876239999999999908e+00
9.693849999999999909e+02, 1.625210000000000043e+00
9.694009999999999536e+02, 8.739069999999999894e-01
9.694180000000000064e+02, 9.254670000000000396e-01
9.694349999999999454e+02, 2.595219999999999749e-01
9.694510000000000218e+02, 5.143299999999999539e-01
9.694679999999999609e+02, 5.348659999999999526e-01
9.694850000000000136e+02, -2.163249999999999895e-01
9.695009999999999764e+02, -1.475700000000000012e+00
9.695180000000000291e+02, -2.399249999999999883e+00
9.695349999999999682e+02, -1.502799999999999914e+00
9.695510000000000446e+02, 1.461910000000000043e+00
9.695679999999999836e+02, 1.043469999999999898e+00
9.695850000000000364e+02, 9.708090000000000330e-01
9.696009999999999991e+02, 5.516940000000000177e-01
9.696180000000000518e+02, -3.932220000000000160e-01
9.696349999999999909e+02, -3.992800000000000238e-01
9.696509999999999536e+02, 1.281299999999999939e-01
9.696680000000000064e+02, -7.759610000000000118e-02
9.696849999999999454e+02, 9.681800000000000406e-01
9.697010000000000218e+02, -1.797590000000000021e+00
9.697179999999999609e+02, -6.596469999999999834e-01
9.697350000000000136e+02, -1.090370000000000061e+00
9.697509999999999764e+02, -5.223689999999999584e-03
9.697680000000000291e+02, 1.735649999999999971e-01
9.697849999999999682e+02, 4.611680000000000224e-01
9.698010000000000446e+02, 4.297000000000000264e-01
9.698179999999999836e+02, 1.308049999999999935e+00
9.698350000000000364e+02, -3.486389999999999767e-01
9.698509999999999991e+02, -1.570859999999999923e+00
9.698680000000000518e+02, -1.247489999999999988e+00
9.698849999999999909e+02, 4.420990000000000197e-01
9.699009999999999536e+02, -2.487860000000000071e-01
9.699180000000000064e+02, 2.537209999999999965e+00
9.699349999999999454e+02, 3.322229999999999905e-01
9.699510000000000218e+02, -2.266100000000000059e-01
9.699679999999999609e+02, -1.954780000000000129e-01
9.699850000000000136e+02, -2.245930000000000148e-02
9.700009999999999764e+02, -4.315550000000000219e-01
9.700180000000000291e+02, -4.874169999999999892e-01
9.700349999999999682e+02, 6.993139999999999912e-01
9.700510000000000446e+02, 1.556650000000000089e+00
9.700679999999999836e+02, 1.070399999999999963e-01
9.700850000000000364e+02, -7.018999999999999684e-01
9.701009999999999991e+02, 3.506830000000000225e-01
9.701180000000000518e+02, 1.666759999999999908e-01
9.701349999999999909e+02, 1.640439999999999898e+00
9.701509999999999536e+02, 4.253020000000000134e-01
9.701680000000000064e+02, 1.151910000000000017e-01
9.701849999999999454e+02, -5.115750000000000158e-02
9.702010000000000218e+02, 7.597679999999999989e-01
9.702179999999999609e+02, 9.112870000000000692e-02
9.702350000000000136e+02, 7.456030000000000157e-01
9.702509999999999764e+02, -2.756839999999999846e-01
9.702680000000000291e+02, -7.678110000000000213e-01
9.702849999999999682e+02, 2.124989999999999934e-01
9.703010000000000446e+02, 1.361390000000000100e+00
9.703179999999999836e+02, -5.884970000000000478e-01
9.703350000000000364e+02, -1.740839999999999943e+00
9.703509999999999991e+02, -3.466069999999999984e-01
9.703680000000000518e+02, 9.420380000000000420e-01
9.703849999999999909e+02, 5.721720000000000139e-01
9.704009999999999536e+02, 6.266749999999999821e-01
9.704180000000000064e+02, 1.135010000000000047e-01
9.704349999999999454e+02, 1.042529999999999957e+00
9.704510000000000218e+02, 4.892639999999999767e-01
9.704679999999999609e+02, 7.304640000000000022e-01
9.704850000000000136e+02, 7.303699999999999637e-01
9.705009999999999764e+02, 2.496140000000000025e-01
9.705180000000000291e+02, 3.781439999999999801e-01
9.705349999999999682e+02, 2.505069999999999797e-01
9.705510000000000446e+02, -1.280860000000000054e-01
9.705679999999999836e+02, 1.557109999999999918e-02
9.705850000000000364e+02, 8.196040000000000270e-02
9.706009999999999991e+02, -1.041330000000000089e+00
9.706180000000000518e+02, -1.493230000000000057e+00
9.706349999999999909e+02, 7.749190000000000245e-01
9.706509999999999536e+02, 3.814030000000000198e-02
9.706680000000000064e+02, -1.379159999999999942e+00
9.706849999999999454e+02, 2.605899999999999883e-01
9.707010000000000218e+02, -5.503839999999999844e-01
9.707179999999999609e+02, -3.732440000000000202e-01
9.707350000000000136e+02, -3.521719999999999851e-01
9.707509999999999764e+02, 4.537260000000000182e-01
9.707680000000000291e+02, -2.763200000000000101e-01
9.707849999999999682e+02, -3.026860000000000106e-01
9.708010000000000446e+02, 1.000070000000000014e+00
9.708179999999999836e+02, 6.671310000000000295e-01
9.708350000000000364e+02, 6.744639999999999525e-01
9.708509999999999991e+02, 5.756400000000000405e-01
9.708680000000000518e+02, -4.593180000000000041e-01
9.708849999999999909e+02, -7.816490000000000382e-01
9.709009999999999536e+02, -8.528769999999999962e-01
9.709180000000000064e+02, -3.627750000000000141e-01
9.709349999999999454e+02, 8.889510000000000467e-01
9.709510000000000218e+02, -7.390860000000000485e-02
9.709679999999999609e+02, 1.470390000000000086e+00
9.709850000000000136e+02, 6.454189999999999650e-01
9.710009999999999764e+02, 3.606119999999999881e-01
9.710180000000000291e+02, -1.190129999999999910e+00
9.710349999999999682e+02, -1.714220000000000077e+00
9.710510000000000446e+02, -9.144189999999999818e-01
9.710679999999999836e+02, -7.092549999999999688e-01
9.710850000000000364e+02, 1.752129999999999965e+00
9.711009999999999991e+02, -4.109539999999999860e-01
9.711180000000000518e+02, -6.009569999999999634e-01
9.711349999999999909e+02, -3.438860000000000250e-01
9.711509999999999536e+02, -3.458510000000000056e-02
9.711680000000000064e+02, 2.776669999999999972e-01
9.711849999999999454e+02, 7.906940000000000079e-01
9.712010000000000218e+02, -9.505069999999999908e-01
9.712179999999999609e+02, 2.660069999999999935e-01
9.712350000000000136e+02, 2.190189999999999915e-01
9.712509999999999764e+02, -9.636649999999999938e-01
9.712680000000000291e+02, 4.165610000000000146e-01
9.712849999999999682e+02, -9.080200000000000493e-01
9.713010000000000446e+02, -1.192509999999999959e+00
9.713179999999999836e+02, -1.350209999999999910e+00
9.713350000000000364e+02, 8.121369999999999978e-01
9.713509999999999991e+02, 1.622200000000000086e+00
9.713680000000000518e+02, 7.326559999999999739e-01
9.713849999999999909e+02, 7.981740000000000501e-01
9.714009999999999536e+02, -2.029700000000000115e-01
9.714180000000000064e+02, -4.789919999999999733e-01
9.714349999999999454e+02, -1.622880000000000100e+00
9.714510000000000218e+02, -8.715540000000000509e-01
9.714679999999999609e+02, 4.343230000000000146e-01
9.714850000000000136e+02, 1.071229999999999905e+00
9.715009999999999764e+02, 1.082989999999999897e+00
9.715180000000000291e+02, 3.279259999999999953e-01
9.715349999999999682e+02, 4.867290000000000227e-01
9.715510000000000446e+02, -8.755249999999999977e-01
9.715679999999999836e+02, -1.364859999999999962e+00
9.715850000000000364e+02, 8.246820000000000539e-02
9.716009999999999991e+02, 2.605140000000000233e-01
9.716180000000000518e+02, 1.794450000000000101e+00
9.716349999999999909e+02, 9.619480000000000253e-01
9.716509999999999536e+02, 1.497539999999999982e-01
9.716680000000000064e+02, 7.060610000000000497e-01
9.716849999999999454e+02, 1.378070000000000128e-01
9.717010000000000218e+02, 5.411580000000000279e-01
9.717179999999999609e+02, -6.804810000000000025e-01
9.717350000000000136e+02, -3.928240000000000065e-01
9.717509999999999764e+02, -7.637089999999999712e-01
9.717680000000000291e+02, -3.687719999999999887e-01
9.717849999999999682e+02, -1.353809999999999958e+00
9.718010000000000446e+02, -4.106759999999999855e-01
9.718179999999999836e+02, 7.529400000000000537e-01
9.718350000000000364e+02, 1.451149999999999940e-01
9.718509999999999991e+02, 4.389910000000000201e-01
9.718680000000000518e+02, -2.066500000000000004e-01
9.718849999999999909e+02, 8.171979999999999800e-01
9.719009999999999536e+02, 5.177500000000000158e-02
9.719180000000000064e+02, -5.305980000000000141e-01
9.719349999999999454e+02, 7.120229999999999615e-01
9.719510000000000218e+02, 2.895879999999999982e-02
9.719679999999999609e+02, -3.412720000000000198e-01
9.719850000000000136e+02, 2.184119999999999950e-01
9.720009999999999764e+02, -6.049170000000000380e-01
9.720180000000000291e+02, -9.282610000000000028e-01
9.720349999999999682e+02, 1.777739999999999876e-02
9.720510000000000446e+02, -1.895630000000000093e-01
9.720679999999999836e+02, -2.732999999999999874e-01
9.720850000000000364e+02, 1.402919999999999945e+00
9.721009999999999991e+02, -1.175630000000000008e-01
9.721180000000000518e+02, 6.179810000000000025e-01
9.721349999999999909e+02, 1.160989999999999966e+00
9.721509999999999536e+02, -6.521329999999999627e-01
9.721680000000000064e+02, -1.235460000000000030e-01
9.721849999999999454e+02, 2.092829999999999968e-01
9.722010000000000218e+02, -3.366770000000000040e-01
9.722179999999999609e+02, -8.511469999999999869e-01
9.722350000000000136e+02, -3.510590000000000099e-01
9.722509999999999764e+02, -6.663069999999999826e-01
9.722680000000000291e+02, -1.737100000000000033e-01
9.722849999999999682e+02, 1.240580000000000016e+00
9.723010000000000446e+02, 1.188269999999999937e+00
9.723179999999999836e+02, -1.366280000000000099e-03
9.723350000000000364e+02, 1.160760000000000014e+00
9.723509999999999991e+02, 9.006009999999999849e-01
9.723680000000000518e+02, -7.762269999999999934e-03
9.723849999999999909e+02, -8.670729999999999826e-01
9.724009999999999536e+02, -3.146970000000000045e-01
9.724180000000000064e+02, -5.092259999999999565e-01
9.724349999999999454e+02, 6.288300000000000001e-01
9.724510000000000218e+02, 4.912000000000000255e-01
9.724679999999999609e+02, -2.276759999999999895e-01
9.724850000000000136e+02, -6.490449999999999831e-01
9.725009999999999764e+02, -6.600500000000000256e-01
9.725180000000000291e+02, -1.084309999999999996e-01
9.725349999999999682e+02, 2.708479999999999777e-01
9.725510000000000446e+02, 8.000070000000000237e-01
9.725679999999999836e+02, 8.119290000000000118e-01
9.725850000000000364e+02, 2.617200000000000082e-01
9.726009999999999991e+02, 4.780320000000000125e-01
9.726180000000000518e+02, 4.642660000000000120e-01
9.726349999999999909e+02, -9.397720000000000518e-01
9.726509999999999536e+02, -1.484809999999999963e+00
9.726680000000000064e+02, -1.474850000000000050e-01
9.726849999999999454e+02, 9.236460000000000503e-02
9.727010000000000218e+02, -1.085919999999999996e+00
9.727179999999999609e+02, -1.793319999999999984e-02
9.727350000000000136e+02, 3.481569999999999943e-01
9.727509999999999764e+02, 1.294929999999999914e+00
9.727680000000000291e+02, 9.480549999999999811e-01
9.727849999999999682e+02, -1.737849999999999895e+00
9.728010000000000446e+02, -1.672169999999999934e+00
9.728179999999999836e+02, -1.595779999999999976e+00
9.728350000000000364e+02, -1.489119999999999999e+00
9.728509999999999991e+02, 1.061199999999999921e+00
9.728680000000000518e+02, -1.355200000000000016e-01
9.728849999999999909e+02, 9.536139999999999617e-01
9.729009999999999536e+02, -3.961049999999999849e-01
9.729180000000000064e+02, 5.840239999999999876e-01
9.729349999999999454e+02, -7.932289999999999619e-01
9.729510000000000218e+02, -1.722180000000000044e+00
9.729679999999999609e+02, -1.133899999999999908e+00
9.729850000000000136e+02, 1.216129999999999933e+00
9.730009999999999764e+02, 1.746050000000000102e+00
9.730180000000000291e+02, -1.831599999999999895e-01
9.730349999999999682e+02, 5.175579999999999625e-01
9.730510000000000446e+02, -2.922449999999999770e-01
9.730679999999999836e+02, -2.776250000000000107e-01
9.730850000000000364e+02, 3.386080000000000201e-01
9.731009999999999991e+02, -3.541949999999999821e-01
9.731180000000000518e+02, 2.951739999999999919e-01
9.731349999999999909e+02, -2.297520000000000118e-01
9.731509999999999536e+02, -1.093869999999999898e+00
9.731680000000000064e+02, -5.793800000000000061e-01
9.731849999999999454e+02, -1.191950000000000065e+00
9.732010000000000218e+02, -6.893889999999999740e-02
9.732179999999999609e+02, -9.270950000000000024e-01
9.732350000000000136e+02, 6.908469999999999889e-01
9.732509999999999764e+02, 2.909760000000000124e-01
9.732680000000000291e+02, -5.973349999999999493e-01
9.732849999999999682e+02, -6.729490000000000194e-01
9.733010000000000446e+02, 8.228550000000000031e-01
9.733179999999999836e+02, -2.594520000000000159e-01
9.733350000000000364e+02, 1.479010000000000047e-01
9.733509999999999991e+02, -7.986799999999999455e-01
9.733680000000000518e+02, 5.888750000000000373e-01
9.733849999999999909e+02, -1.374670000000000059e-01
9.734009999999999536e+02, 9.285069999999999713e-01
9.734180000000000064e+02, 1.370870000000000033e+00
9.734349999999999454e+02, 5.513740000000000308e-01
9.734510000000000218e+02, -1.354650000000000021e-01
9.734679999999999609e+02, -1.354999999999999982e+00
9.734850000000000136e+02, -1.276750000000000052e+00
9.735009999999999764e+02, 1.938010000000000010e-01
9.735180000000000291e+02, 6.255960000000000409e-01
9.735349999999999682e+02, -3.780580000000000052e-01
9.735510000000000446e+02, -3.088859999999999939e-01
9.735679999999999836e+02, -1.406109999999999971e+00
9.735850000000000364e+02, -6.126539999999999764e-02
9.736009999999999991e+02, 9.474369999999999320e-03
9.736180000000000518e+02, 1.057409999999999961e+00
9.736349999999999909e+02, 1.090200000000000058e+00
9.736509999999999536e+02, 1.479759999999999964e+00
9.736680000000000064e+02, 4.336940000000000239e-01
9.736849999999999454e+02, -1.544489999999999919e+00
9.737010000000000218e+02, -1.021069999999999922e+00
9.737179999999999609e+02, 5.193950000000000511e-01
9.737350000000000136e+02, 1.408860000000000001e+00
9.737509999999999764e+02, 2.162459999999999938e-01
9.737680000000000291e+02, -5.484539999999999971e-01
9.737849999999999682e+02, -1.414190000000000058e+00
9.738010000000000446e+02, -1.801439999999999930e+00
9.738179999999999836e+02, -2.110520000000000174e+00
9.738350000000000364e+02, -1.806899999999999951e+00
9.738509999999999991e+02, -2.420640000000000014e-01
9.738680000000000518e+02, 1.653729999999999922e+00
9.738849999999999909e+02, 1.066060000000000008e+00
9.739009999999999536e+02, -7.267709999999999448e-01
9.739180000000000064e+02, 3.689669999999999894e-01
9.739349999999999454e+02, 6.812479999999999647e-01
9.739510000000000218e+02, -3.575240000000000085e-01
9.739679999999999609e+02, -5.210780000000000273e-02
9.739850000000000136e+02, -3.675080000000000013e-02
9.740009999999999764e+02, -1.967450000000000032e-01
9.740180000000000291e+02, 7.691729999999999956e-01
9.740349999999999682e+02, 3.487219999999999764e-01
9.740510000000000446e+02, -6.689910000000000301e-02
9.740679999999999836e+02, -9.264660000000000117e-01
9.740850000000000364e+02, 5.835880000000000234e-02
9.741009999999999991e+02, 7.050619999999999665e-01
9.741180000000000518e+02, -3.225190000000000001e-01
9.741349999999999909e+02, 1.072349999999999914e+00
9.741509999999999536e+02, 2.791440000000000032e-01
9.741680000000000064e+02, 2.466619999999999924e-01
9.741849999999999454e+02, 2.081179999999999808e+00
9.742010000000000218e+02, 1.162300000000000111e+00
9.742179999999999609e+02, 1.055470000000000019e-01
9.742350000000000136e+02, -5.630560000000000009e-01
9.742509999999999764e+02, -5.342470000000000274e-01
9.742680000000000291e+02, 2.631419999999999870e-01
9.742849999999999682e+02, -5.680070000000000396e-01
9.743010000000000446e+02, -4.616779999999999773e-01
9.743179999999999836e+02, -6.967109999999999692e-01
9.743350000000000364e+02, -3.025189999999999824e-01
9.743509999999999991e+02, 2.718389999999999973e-01
9.743680000000000518e+02, 6.135399999999999743e-01
9.743849999999999909e+02, -1.398330000000000128e-01
9.744009999999999536e+02, -1.099609999999999976e+00
9.744180000000000064e+02, 9.044870000000000410e-01
9.744349999999999454e+02, 1.383020000000000083e-01
9.744510000000000218e+02, -2.319340000000000013e-01
9.744679999999999609e+02, 1.103930000000000050e-01
9.744850000000000136e+02, -1.425270000000000037e+00
9.745009999999999764e+02, 9.146020000000000261e-01
9.745180000000000291e+02, -4.463059999999999805e-01
9.745349999999999682e+02, -2.484810000000000074e-01
9.745510000000000446e+02, -8.556399999999999562e-01
9.745679999999999836e+02, -8.881669999999999843e-02
9.745850000000000364e+02, -3.369869999999999810e-01
9.746009999999999991e+02, -1.355350000000000055e+00
9.746180000000000518e+02, 9.849350000000000049e-01
9.746349999999999909e+02, 1.015439999999999898e+00
9.746509999999999536e+02, 1.194499999999999895e+00
9.746680000000000064e+02, 1.830219999999999902e-01
9.746849999999999454e+02, -8.769909999999999650e-01
9.747010000000000218e+02, -5.076460000000000000e-02
9.747179999999999609e+02, 1.316840000000000011e+00
9.747350000000000136e+02, -1.087749999999999967e-01
9.747509999999999764e+02, 5.008129999999999526e-01
9.747680000000000291e+02, 1.706099999999999950e+00
9.747849999999999682e+02, 8.515279999999999516e-01
9.748010000000000446e+02, -8.707390000000000407e-01
9.748179999999999836e+02, -2.320510000000000073e+00
9.748350000000000364e+02, -1.029079999999999995e+00
9.748509999999999991e+02, 1.288489999999999913e+00
9.748680000000000518e+02, -3.497879999999999878e-01
9.748849999999999909e+02, 4.979709999999999970e-01
9.749009999999999536e+02, -2.672149999999999803e-01
9.749180000000000064e+02, -3.461000000000000187e-01
9.749349999999999454e+02, 6.111670000000000158e-01
9.749510000000000218e+02, -2.906549999999999967e-01
9.749679999999999609e+02, 2.953729999999999967e-01
9.749850000000000136e+02, 5.935219999999999940e-01
9.750009999999999764e+02, -3.667309999999999737e-01
9.750180000000000291e+02, 1.230360000000000065e-01
9.750349999999999682e+02, 3.575579999999999731e-02
9.750510000000000446e+02, 4.898460000000000036e-01
9.750679999999999836e+02, -1.834850000000000092e-01
9.750850000000000364e+02, -1.041290000000000049e+00
9.751009999999999991e+02, 1.862060000000000104e-02
9.751180000000000518e+02, 4.159919999999999729e-01
9.751349999999999909e+02, -3.760630000000000223e-02
9.751509999999999536e+02, 5.446330000000000338e-01
9.751680000000000064e+02, 5.585240000000000204e-01
9.751849999999999454e+02, -1.091730000000000061e-01
9.752010000000000218e+02, -1.421480000000000077e+00
9.752179999999999609e+02, 8.742060000000000386e-01
9.752350000000000136e+02, 7.244720000000000049e-01
9.752509999999999764e+02, 2.868260000000000254e-01
9.752680000000000291e+02, -4.734129999999999727e-01
9.752849999999999682e+02, -1.891499999999999959e+00
9.753010000000000446e+02, -6.952789999999999804e-01
9.753179999999999836e+02, -4.200329999999999897e-01
9.753350000000000364e+02, 1.791430000000000078e+00
9.753509999999999991e+02, 9.064529999999999532e-01
9.753680000000000518e+02, 7.359660000000000091e-01
9.753849999999999909e+02, -1.012210000000000054e+00
9.754009999999999536e+02, -5.695179999999999687e-01
9.754180000000000064e+02, -1.010950000000000015e+00
9.754349999999999454e+02, -2.197870000000000101e-01
9.754510000000000218e+02, -4.490589999999999860e-01
9.754679999999999609e+02, -8.623309999999999587e-01
9.754850000000000136e+02, -7.838490000000000180e-01
9.755009999999999764e+02, 1.654830000000000023e+00
9.755180000000000291e+02, 1.216890000000000027e+00
9.755349999999999682e+02, 9.999289999999999567e-01
9.755510000000000446e+02, -4.888660000000000228e-02
9.755679999999999836e+02, -6.252600000000000380e-01
9.755850000000000364e+02, -1.145710000000000006e+00
9.756009999999999991e+02, -1.082459999999999978e+00
9.756180000000000518e+02, -1.011279999999999957e+00
9.756349999999999909e+02, 3.790810000000000013e-02
9.756509999999999536e+02, 6.288439999999999586e-01
9.756680000000000064e+02, 2.869139999999999802e+00
9.756849999999999454e+02, 1.889220000000000066e-01
9.757010000000000218e+02, -1.280450000000000088e+00
9.757179999999999609e+02, -5.549119999999999608e-01
9.757350000000000136e+02, -2.228289999999999993e-01
9.757509999999999764e+02, 3.917149999999999799e-01
9.757680000000000291e+02, 3.308679999999999954e-01
9.757849999999999682e+02, 5.307939999999999880e-01
9.758010000000000446e+02, 4.527800000000000158e-01
9.758179999999999836e+02, 4.276030000000000109e-01
9.758350000000000364e+02, -3.683420000000000027e-01
9.758509999999999991e+02, 7.286979999999999569e-01
9.758680000000000518e+02, 1.265840000000000021e-01
9.758849999999999909e+02, 1.340200000000000058e+00
9.759009999999999536e+02, -9.870740000000000069e-01
9.759180000000000064e+02, -3.925629999999999953e-01
9.759349999999999454e+02, -3.542549999999999866e-01
9.759510000000000218e+02, 3.320830000000000309e-02
9.759679999999999609e+02, -2.834519999999999817e-01
9.759850000000000136e+02, 2.465289999999999843e-02
9.760009999999999764e+02, 2.307160000000000044e-01
9.760180000000000291e+02, 4.341340000000000199e-01
9.760349999999999682e+02, -1.109499999999999931e+00
9.760510000000000446e+02, -7.153709999999999791e-01
9.760679999999999836e+02, -1.004839999999999955e+00
9.760850000000000364e+02, 1.743860000000000132e-01
9.761009999999999991e+02, -2.695659999999999723e-01
9.761180000000000518e+02, 4.991510000000000113e-01
9.761349999999999909e+02, 2.733979999999999744e-01
9.761509999999999536e+02, 5.348349999999999493e-01
9.761680000000000064e+02, 3.287120000000000042e-01
9.761849999999999454e+02, -3.040780000000000149e-01
9.762010000000000218e+02, 1.534319999999999906e+00
9.762179999999999609e+02, 7.138090000000000268e-01
9.762350000000000136e+02, 1.632919999999999927e+00
9.762509999999999764e+02, -1.280210000000000070e+00
9.762680000000000291e+02, -1.095350000000000046e+00
9.762849999999999682e+02, -2.397299999999999986e+00
9.763010000000000446e+02, 8.184930000000000261e-01
9.763179999999999836e+02, 9.501849999999999463e-01
9.763350000000000364e+02, 4.956949999999999967e-01
9.763509999999999991e+02, 1.027719999999999967e+00
9.763680000000000518e+02, 6.327620000000000466e-01
9.763849999999999909e+02, 5.113240000000000007e-01
9.764009999999999536e+02, -5.327509999999999746e-01
9.764180000000000064e+02, -2.685250000000000137e-01
9.764349999999999454e+02, -3.843509999999999982e-02
9.764510000000000218e+02, 2.438190000000000079e-01
9.764679999999999609e+02, 5.690509999999999735e-01
9.764850000000000136e+02, 1.444860000000000033e+00
9.765009999999999764e+02, -4.373219999999999885e-01
9.765180000000000291e+02, -1.951160000000000005e+00
9.765349999999999682e+02, -6.451500000000000012e-01
9.765510000000000446e+02, 8.228560000000000318e-01
9.765679999999999836e+02, 1.235770000000000035e+00
9.765850000000000364e+02, 1.164479999999999960e+00
9.766009999999999991e+02, -1.122849999999999904e+00
9.766180000000000518e+02, -4.932699999999999863e-01
9.766349999999999909e+02, -2.918999999999999928e-01
9.766509999999999536e+02, 7.845870000000000344e-01
9.766680000000000064e+02, 5.568750000000000089e-01
9.766849999999999454e+02, 8.921940000000000426e-01
9.767010000000000218e+02, 2.578980000000000161e-01
9.767179999999999609e+02, -1.744950000000000001e+00
9.767350000000000136e+02, -1.854910000000000059e+00
9.767509999999999764e+02, -1.389580000000000037e+00
9.767680000000000291e+02, 4.985169999999999879e-01
9.767849999999999682e+02, 3.467769999999999880e-02
9.768010000000000446e+02, -1.865829999999999989e-01
9.768179999999999836e+02, -7.890840000000000076e-01
9.768350000000000364e+02, -9.034180000000000543e-01
9.768509999999999991e+02, -1.090950000000000086e+00
9.768680000000000518e+02, -7.503459999999999575e-01
9.768849999999999909e+02, 5.163940000000000197e-01
9.769009999999999536e+02, -8.862019999999999620e-02
9.769180000000000064e+02, 1.402740000000000098e+00
9.769349999999999454e+02, 2.366649999999999865e-01
9.769510000000000218e+02, -3.348340000000000205e-01
9.769679999999999609e+02, 1.848109999999999919e+00
9.769850000000000136e+02, -7.336869999999999503e-02
9.770009999999999764e+02, 4.571020000000000083e-01
9.770180000000000291e+02, -7.108829999999999316e-02
9.770349999999999682e+02, -1.118249999999999938e-01
9.770510000000000446e+02, -6.951469999999999594e-01
9.770679999999999836e+02, -4.569789999999999963e-02
9.770850000000000364e+02, 4.513170000000000237e-01
9.771009999999999991e+02, 2.898789999999999978e-01
9.771180000000000518e+02, 1.011069999999999913e+00
9.771349999999999909e+02, -1.108989999999999976e-01
9.771509999999999536e+02, 8.155289999999999484e-01
9.771680000000000064e+02, -6.762880000000000003e-01
9.771849999999999454e+02, -7.899340000000000250e-01
9.772010000000000218e+02, -6.152030000000000554e-01
9.772179999999999609e+02, 1.888229999999999908e-01
9.772350000000000136e+02, -7.345810000000000395e-01
9.772509999999999764e+02, -6.403980000000000228e-01
9.772680000000000291e+02, -8.376090000000000479e-01
9.772849999999999682e+02, -4.258870000000000156e-01
9.773010000000000446e+02, 8.743880000000000541e-01
9.773179999999999836e+02, -4.068069999999999742e-01
9.773350000000000364e+02, 7.207799999999999763e-01
9.773509999999999991e+02, -5.240339999999999998e-01
9.773680000000000518e+02, 1.280999999999999917e+00
9.773849999999999909e+02, 1.011060000000000070e+00
9.774009999999999536e+02, 5.157019999999999937e-01
9.774180000000000064e+02, 4.477769999999999806e-01
9.774349999999999454e+02, -5.388589999999999769e-01
9.774510000000000218e+02, -1.799109999999999876e-01
9.774679999999999609e+02, 1.246720000000000050e-01
9.774850000000000136e+02, -4.494680000000000029e-03
9.775009999999999764e+02, -5.486389999999999878e-01
9.775180000000000291e+02, 7.776520000000000099e-01
9.775349999999999682e+02, 1.253890000000000005e-01
9.775510000000000446e+02, 1.617499999999999938e+00
9.775679999999999836e+02, 6.132929999999999771e-01
9.775850000000000364e+02, 1.989390000000000047e-01
9.776009999999999991e+02, -6.377230000000000398e-01
9.776180000000000518e+02, 1.262620000000000076e+00
9.776349999999999909e+02, 3.414199999999999874e-02
9.776509999999999536e+02, 1.865100000000000091e-01
9.776680000000000064e+02, 4.328110000000000290e-02
9.776849999999999454e+02, 1.099750000000000005e+00
9.777010000000000218e+02, -1.139100000000000001e+00
9.777179999999999609e+02, -1.915979999999999905e-01
9.777350000000000136e+02, -5.558410000000000295e-01
9.777509999999999764e+02, 8.203570000000000306e-02
9.777680000000000291e+02, -1.093099999999999961e+00
9.777849999999999682e+02, -1.119079999999999936e-01
9.778010000000000446e+02, -2.279309999999999947e-01
9.778179999999999836e+02, 2.144159999999999844e+00
9.778350000000000364e+02, 6.046979999999999578e-01
9.778509999999999991e+02, 1.112440000000000095e+00
9.778680000000000518e+02, -6.316910000000000025e-01
9.778849999999999909e+02, 7.778500000000000414e-01
9.779009999999999536e+02, -5.364489999999999537e-01
9.779180000000000064e+02, -1.486199999999999966e+00
9.779349999999999454e+02, -1.475589999999999957e-01
9.779510000000000218e+02, 5.982899999999999885e-01
9.779679999999999609e+02, 1.563650000000000040e-01
9.779850000000000136e+02, 1.079649999999999999e+00
9.780009999999999764e+02, -1.814910000000000134e-01
9.780180000000000291e+02, -1.206280000000000019e+00
9.780349999999999682e+02, -7.977440000000000087e-01
9.780510000000000446e+02, -1.039679999999999938e+00
9.780679999999999836e+02, 1.456909999999999927e+00
9.780850000000000364e+02, -3.669149999999999912e-01
9.781009999999999991e+02, 5.520420000000000327e-01
9.781180000000000518e+02, -4.617789999999999950e-01
9.781349999999999909e+02, -9.373070000000000013e-01
9.781509999999999536e+02, -3.629879999999999773e-01
9.781680000000000064e+02, 2.421059999999999879e-01
9.781849999999999454e+02, -5.148650000000000171e-01
9.782010000000000218e+02, -4.375660000000000105e-01
9.782179999999999609e+02, 2.656270000000000159e-02
9.782350000000000136e+02, -4.555159999999999765e-01
9.782509999999999764e+02, 5.212970000000000104e-01
9.782680000000000291e+02, 3.574849999999999972e-01
9.782849999999999682e+02, -3.627850000000000241e-01
9.783010000000000446e+02, 4.934810000000000030e-01
9.783179999999999836e+02, -1.385379999999999945e-01
9.783350000000000364e+02, 8.994349999999999845e-01
9.783509999999999991e+02, 2.409759999999999958e-01
9.783680000000000518e+02, 2.094380000000000130e+00
9.783849999999999909e+02, 1.138660000000000005e+00
9.784009999999999536e+02, 1.073839999999999933e-01
9.784180000000000064e+02, 6.097500000000000142e-01
9.784349999999999454e+02, 1.890920000000000101e-01
9.784510000000000218e+02, -1.064170000000000060e+00
9.784679999999999609e+02, -4.673430000000000084e-01
9.784850000000000136e+02, -2.948779999999999735e-01
9.785009999999999764e+02, -1.246160000000000045e-01
9.785180000000000291e+02, 6.939389999999999725e-01
9.785349999999999682e+02, 5.369049999999999656e-01
9.785510000000000446e+02, 2.746089999999999920e-01
9.785679999999999836e+02, -1.847640000000000046e-02
9.785850000000000364e+02, 7.638160000000000505e-01
9.786009999999999991e+02, 6.910039999999999516e-01
9.786180000000000518e+02, 7.101619999999999600e-01
9.786349999999999909e+02, 9.383749999999999591e-01
9.786509999999999536e+02, 6.587480000000000002e-01
9.786680000000000064e+02, -2.124510000000000010e-01
9.786849999999999454e+02, -7.402180000000000426e-01
9.787010000000000218e+02, -4.377489999999999992e-01
9.787179999999999609e+02, 3.273880000000000123e-01
9.787350000000000136e+02, -1.704759999999999956e-02
9.787509999999999764e+02, -9.823300000000000365e-01
9.787680000000000291e+02, 3.019589999999999774e-01
9.787849999999999682e+02, 9.516559999999999464e-01
9.788010000000000446e+02, 1.199999999999999956e+00
9.788179999999999836e+02, 1.941199999999999870e-01
9.788350000000000364e+02, 1.615099999999999980e+00
9.788509999999999991e+02, -4.365519999999999956e-01
9.788680000000000518e+02, -9.876030000000000086e-01
9.788849999999999909e+02, -8.996739999999999737e-01
9.789009999999999536e+02, 1.401440000000000019e+00
9.789180000000000064e+02, 7.348270000000000080e-01
9.789349999999999454e+02, -9.733880000000000310e-03
9.789510000000000218e+02, -2.301769999999999872e+00
9.789679999999999609e+02, 3.462569999999999815e-01
9.789850000000000136e+02, 1.084810000000000052e+00
9.790009999999999764e+02, 1.844079999999999886e-01
9.790180000000000291e+02, 3.062289999999999734e-01
9.790349999999999682e+02, 9.283789999999999543e-01
9.790510000000000446e+02, 2.550749999999999962e-01
9.790679999999999836e+02, -4.764419999999999766e-01
9.790850000000000364e+02, -4.042680000000000162e-01
9.791009999999999991e+02, 1.033670000000000089e+00
9.791180000000000518e+02, 4.423989999999999867e-01
9.791349999999999909e+02, 2.024710000000000121e-01
9.791509999999999536e+02, 4.847019999999999801e-02
9.791680000000000064e+02, -1.124889999999999918e-02
9.791849999999999454e+02, -4.494000000000000217e-01
9.792010000000000218e+02, 3.606690000000000174e-01
9.792179999999999609e+02, -2.453879999999999950e-01
9.792350000000000136e+02, -2.076770000000000005e-01
9.792509999999999764e+02, -6.163380000000000525e-01
9.792680000000000291e+02, 3.606710000000000194e-01
9.792849999999999682e+02, 4.937270000000000270e-01
9.793010000000000446e+02, -7.418420000000000014e-01
9.793179999999999836e+02, 1.608970000000000122e-01
9.793350000000000364e+02, 3.528999999999999915e-01
9.793509999999999991e+02, -6.223170000000000091e-01
9.793680000000000518e+02, 1.473730000000000040e-01
9.793849999999999909e+02, -4.301780000000000048e-01
9.794009999999999536e+02, 3.332720000000000127e-01
9.794180000000000064e+02, -3.141800000000000148e-01
9.794349999999999454e+02, 2.997429999999999817e-01
9.794510000000000218e+02, 3.283670000000000200e-01
9.794679999999999609e+02, 4.667990000000000195e-01
9.794850000000000136e+02, -9.198450000000000237e-01
9.795009999999999764e+02, 5.620610000000000328e-01
9.795180000000000291e+02, 1.291180000000000105e-01
9.795349999999999682e+02, -1.818349999999999911e+00
9.795510000000000446e+02, -6.507129999999999859e-01
9.795679999999999836e+02, -1.746070000000000011e+00
9.795850000000000364e+02, 4.559540000000000259e-01
9.796009999999999991e+02, 6.819779999999999731e-01
9.796180000000000518e+02, 7.160229999999999650e-01
9.796349999999999909e+02, 1.818750000000000089e+00
9.796509999999999536e+02, 4.619570000000000065e-01
9.796680000000000064e+02, -1.331280000000000019e+00
9.796849999999999454e+02, -1.824689999999999906e-03
9.797010000000000218e+02, -1.087190000000000101e+00
9.797179999999999609e+02, 5.017549999999999510e-01
9.797350000000000136e+02, 2.519029999999999880e-01
9.797509999999999764e+02, 1.520189999999999930e+00
9.797680000000000291e+02, -2.957689999999999972e-02
9.797849999999999682e+02, -3.207169999999999743e-01
9.798010000000000446e+02, 1.059910000000000019e-01
9.798179999999999836e+02, 1.641299999999999981e+00
9.798350000000000364e+02, 1.451510000000000078e+00
9.798509999999999991e+02, 1.303010000000000002e+00
9.798680000000000518e+02, 5.798919999999999630e-01
9.798849999999999909e+02, -6.050250000000000350e-01
9.799009999999999536e+02, -7.167170000000000485e-01
9.799180000000000064e+02, -7.364199999999999635e-01
9.799349999999999454e+02, 7.161589999999999900e-01
9.799510000000000218e+02, 1.483780000000000099e+00
9.799679999999999609e+02, -1.002380000000000049e+00
9.799850000000000136e+02, -1.630840000000000067e-01
9.800009999999999764e+02, 2.170680000000000109e-01
9.800180000000000291e+02, 3.076470000000000038e-01
9.800349999999999682e+02, 9.005100000000000326e-01
9.800510000000000446e+02, 2.409499999999999975e-01
9.800679999999999836e+02, 2.668809999999999794e-01
9.800850000000000364e+02, -2.668849999999999834e-01
9.801009999999999991e+02, -7.247390000000000221e-01
9.801180000000000518e+02, -6.303349999999999786e-01
9.801349999999999909e+02, -8.027739999999999876e-01
9.801509999999999536e+02, 9.335430000000000117e-02
9.801680000000000064e+02, -2.195819999999999994e-01
9.801849999999999454e+02, -1.917200000000000154e-02
9.802010000000000218e+02, 6.700220000000000065e-01
9.802179999999999609e+02, 6.498490000000000100e-01
9.802350000000000136e+02, 1.598459999999999992e+00
9.802509999999999764e+02, -8.748810000000000198e-01
9.802680000000000291e+02, 5.341069999999999984e-01
9.802849999999999682e+02, 1.122479999999999922e+00
9.803010000000000446e+02, 1.459940000000000015e+00
9.803179999999999836e+02, 1.328869999999999996e+00
9.803350000000000364e+02, 6.563149999999999817e-01
9.803509999999999991e+02, -2.447239999999999971e-01
9.803680000000000518e+02, -5.737560000000000437e-01
9.803849999999999909e+02, -2.768939999999999735e-01
9.804009999999999536e+02, 6.538890000000000535e-01
9.804180000000000064e+02, 3.345090000000000216e-03
9.804349999999999454e+02, 1.076149999999999940e+00
9.804510000000000218e+02, -1.897359999999999880e-01
9.804679999999999609e+02, 5.657670000000000199e-01
9.804850000000000136e+02, -8.410710000000000408e-02
9.805009999999999764e+02, 1.307269999999999932e+00
9.805180000000000291e+02, -1.162699999999999984e-01
9.805349999999999682e+02, 2.344569999999999987e-01
9.805510000000000446e+02, 1.314100000000000046e+00
9.805679999999999836e+02, 2.145999999999999908e+00
9.805850000000000364e+02, -9.989890000000000159e-01
9.806009999999999991e+02, 6.562750000000000528e-01
9.806180000000000518e+02, -9.694519999999999804e-01
9.806349999999999909e+02, 6.672099999999999698e-01
9.806509999999999536e+02, 8.480349999999999833e-01
9.806680000000000064e+02, 6.561059999999999670e-01
9.806849999999999454e+02, -4.909999999999999781e-02
9.807010000000000218e+02, -4.102509999999999768e-01
9.807179999999999609e+02, -3.533990000000000187e-01
9.807350000000000136e+02, 1.008150000000000102e+00
9.807509999999999764e+02, -5.215130000000000043e-01
9.807680000000000291e+02, 9.480640000000000178e-01
9.807849999999999682e+02, 1.528129999999999988e+00
9.808010000000000446e+02, -7.746699999999999697e-01
9.808179999999999836e+02, -5.175239999999999840e-01
9.808350000000000364e+02, -8.350670000000000037e-01
9.808509999999999991e+02, 1.051050000000000040e-01
9.808680000000000518e+02, 1.160279999999999978e+00
9.808849999999999909e+02, -1.148840000000000083e+00
9.809009999999999536e+02, -1.926970000000000072e-01
9.809180000000000064e+02, 3.588189999999999991e-01
9.809349999999999454e+02, 8.573330000000000117e-01
9.809510000000000218e+02, 1.334750000000000103e+00
9.809679999999999609e+02, -5.315410000000000412e-01
9.809850000000000136e+02, 1.258430000000000104e-01
9.810009999999999764e+02, 1.824740000000000029e+00
9.810180000000000291e+02, -9.836479999999999668e-01
9.810349999999999682e+02, -3.791320000000000107e-02
9.810510000000000446e+02, -8.603640000000000176e-01
9.810679999999999836e+02, -9.944490000000000274e-02
9.810850000000000364e+02, -3.351250000000000062e-01
9.811009999999999991e+02, 3.767769999999999730e-01
9.811180000000000518e+02, -3.609760000000000191e-01
9.811349999999999909e+02, -4.817910000000000248e-01
9.811509999999999536e+02, 1.082880000000000065e+00
9.811680000000000064e+02, 1.734199999999999964e+00
9.811849999999999454e+02, 1.731419999999999834e-02
9.812010000000000218e+02, 1.846430000000000016e-01
9.812179999999999609e+02, -7.312469999999999803e-01
9.812350000000000136e+02, 3.224879999999999969e-01
9.812509999999999764e+02, 1.042470000000000008e+00
9.812680000000000291e+02, -6.274560000000000137e-01
9.812849999999999682e+02, -1.381590000000000096e+00
9.813010000000000446e+02, -5.627870000000000372e-01
9.813179999999999836e+02, -1.041099999999999914e+00
9.813350000000000364e+02, -6.817290000000000294e-01
9.813509999999999991e+02, 6.717049999999999965e-01
9.813680000000000518e+02, 4.648999999999999799e-01
9.813849999999999909e+02, 1.642440000000000011e-01
9.814009999999999536e+02, -1.442239999999999911e-01
9.814180000000000064e+02, -8.775570000000000315e-01
9.814349999999999454e+02, -1.005120000000000013e+00
9.814510000000000218e+02, -4.797299999999999898e-01
9.814679999999999609e+02, 9.213590000000000391e-01
9.814850000000000136e+02, 3.188670000000000115e-01
9.815009999999999764e+02, 1.011249999999999982e+00
9.815180000000000291e+02, 2.663360000000000172e-01
9.815349999999999682e+02, -4.254640000000000088e-01
9.815510000000000446e+02, -1.105900000000000105e+00
9.815679999999999836e+02, -9.496949999999999559e-01
9.815850000000000364e+02, 2.517019999999999813e-01
9.816009999999999991e+02, 6.628310000000000105e-03
9.816180000000000518e+02, -1.879919999999999924e-01
9.816349999999999909e+02, 7.910580000000000389e-01
9.816509999999999536e+02, -5.615160000000000151e-01
9.816680000000000064e+02, -2.721029999999999838e-01
9.816849999999999454e+02, 6.850910000000000055e-01
9.817010000000000218e+02, 2.185520000000000171e-02
9.817179999999999609e+02, -1.140390000000000015e+00
9.817350000000000136e+02, 1.747460000000000124e-01
9.817509999999999764e+02, -1.233469999999999983e-01
9.817680000000000291e+02, 2.088919999999999944e-01
9.817849999999999682e+02, 1.806439999999999990e-01
9.818010000000000446e+02, -6.787090000000000067e-01
9.818179999999999836e+02, -9.454820000000000446e-01
9.818350000000000364e+02, -1.607969999999999899e+00
9.818509999999999991e+02, 7.856029999999999958e-02
9.818680000000000518e+02, 7.465650000000000341e-01
9.818849999999999909e+02, -1.167289999999999939e+00
9.819009999999999536e+02, -1.239610000000000101e+00
9.819180000000000064e+02, 4.808120000000000172e-01
9.819349999999999454e+02, -1.472529999999999950e-01
9.819510000000000218e+02, -8.132770000000000277e-01
9.819679999999999609e+02, 7.982460000000000111e-01
9.819850000000000136e+02, 2.233570000000000000e-01
9.820009999999999764e+02, -7.248799999999999688e-01
9.820180000000000291e+02, -1.621460000000000123e-01
9.820349999999999682e+02, 1.479489999999999972e-01
9.820510000000000446e+02, -6.212220000000000519e-01
9.820679999999999836e+02, 8.687139999999999862e-01
9.820850000000000364e+02, 1.112500000000000044e+00
9.821009999999999991e+02, -9.831419999999999604e-01
9.821180000000000518e+02, -5.716040000000000010e-01
9.821349999999999909e+02, -6.278280000000000527e-01
9.821509999999999536e+02, -1.661799999999999944e+00
9.821680000000000064e+02, -5.145250000000000101e-01
9.821849999999999454e+02, 9.180190000000000294e-01
9.822010000000000218e+02, 8.108149999999999524e-01
9.822179999999999609e+02, -2.737550000000000261e-01
9.822350000000000136e+02, -6.281430000000000069e-01
9.822509999999999764e+02, -6.796999999999999709e-01
9.822680000000000291e+02, -6.149500000000000105e-02
9.822849999999999682e+02, 1.545420000000000016e+00
9.823010000000000446e+02, -6.806400000000000228e-01
9.823179999999999836e+02, -8.784509999999999541e-02
9.823350000000000364e+02, -2.427610000000000046e-01
9.823509999999999991e+02, 9.698409999999999531e-01
9.823680000000000518e+02, -5.043199999999999905e-01
9.823849999999999909e+02, -4.573820000000000108e-01
9.824009999999999536e+02, -4.672990000000000199e-01
9.824180000000000064e+02, -3.071999999999999731e-01
9.824349999999999454e+02, 9.321129999999999693e-01
9.824510000000000218e+02, 5.716080000000000050e-01
9.824679999999999609e+02, -5.975989999999999774e-02
9.824850000000000136e+02, -2.550720000000000209e-01
9.825009999999999764e+02, -8.679930000000000145e-01
9.825180000000000291e+02, -4.589030000000000054e-01
9.825349999999999682e+02, -7.444229999999999459e-01
9.825510000000000446e+02, 6.032549999999999857e-01
9.825679999999999836e+02, 6.129900000000000349e-01
9.825850000000000364e+02, 8.874499999999999611e-01
9.826009999999999991e+02, -2.743869999999999920e-01
9.826180000000000518e+02, 3.918119999999999936e-01
9.826349999999999909e+02, 2.018500000000000016e-01
9.826509999999999536e+02, 6.200010000000000243e-01
9.826680000000000064e+02, -1.329670000000000019e-01
9.826849999999999454e+02, -7.301649999999999807e-02
9.827010000000000218e+02, 1.326519999999999921e+00
9.827179999999999609e+02, 1.368330000000000046e+00
9.827350000000000136e+02, 7.529379999999999962e-01
9.827509999999999764e+02, 7.761210000000000331e-02
9.827680000000000291e+02, -1.236310000000000020e+00
9.827849999999999682e+02, -4.176889999999999770e-01
9.828010000000000446e+02, 1.466629999999999878e-01
9.828179999999999836e+02, -1.358160000000000034e+00
9.828350000000000364e+02, 1.544230000000000047e-01
9.828509999999999991e+02, 1.368120000000000003e+00
9.828680000000000518e+02, 5.420409999999999950e-01
9.828849999999999909e+02, -1.827479999999999938e-01
9.829009999999999536e+02, -1.199829999999999952e+00
9.829180000000000064e+02, -3.955770000000000119e-01
9.829349999999999454e+02, -5.925529999999999686e-02
9.829510000000000218e+02, 3.012509999999999841e-02
9.829679999999999609e+02, -1.714720000000000022e+00
9.829850000000000136e+02, 4.144800000000000151e-01
9.830009999999999764e+02, 2.384179999999999910e-01
9.830180000000000291e+02, 7.448620000000000241e-01
9.830349999999999682e+02, 7.158090000000000286e-01
9.830510000000000446e+02, 7.781930000000000236e-01
9.830679999999999836e+02, -2.866290000000000227e-01
9.830850000000000364e+02, 1.441489999999999938e+00
9.831009999999999991e+02, 1.049919999999999964e+00
9.831180000000000518e+02, -3.850319999999999854e-01
9.831349999999999909e+02, -7.826349999999999696e-01
9.831509999999999536e+02, 4.220209999999999934e-02
9.831680000000000064e+02, -7.466450000000000031e-01
9.831849999999999454e+02, 3.619379999999999820e-01
9.832010000000000218e+02, -3.690410000000000079e-01
9.832179999999999609e+02, 4.686040000000000205e-01
9.832350000000000136e+02, 5.637050000000000116e-01
9.832509999999999764e+02, -5.546400000000000219e-01
9.832680000000000291e+02, -1.009789999999999993e-01
9.832849999999999682e+02, -1.132660000000000000e+00
9.833010000000000446e+02, -1.021700000000000053e+00
9.833179999999999836e+02, -1.510809999999999986e+00
9.833350000000000364e+02, 4.605290000000000217e-01
9.833509999999999991e+02, 5.139089999999999492e-01
9.833680000000000518e+02, 1.132279999999999953e+00
9.833849999999999909e+02, -2.470410000000000106e-01
9.834009999999999536e+02, 1.175539999999999918e-02
9.834180000000000064e+02, 6.030750000000000277e-01
9.834349999999999454e+02, 9.340359999999999774e-01
9.834510000000000218e+02, 1.230329999999999924e+00
9.834679999999999609e+02, -4.504219999999999891e-01
9.834850000000000136e+02, -2.051759999999999973e-01
9.835009999999999764e+02, 4.155769999999999742e-01
9.835180000000000291e+02, 2.081520000000000037e-01
9.835349999999999682e+02, 9.894760000000000222e-01
9.835510000000000446e+02, 9.852530000000000454e-01
9.835679999999999836e+02, -5.512500000000000039e-02
9.835850000000000364e+02, -9.095239999999999991e-01
9.836009999999999991e+02, -3.551270000000000260e-01
9.836180000000000518e+02, -9.731819999999999915e-01
9.836349999999999909e+02, 2.479519999999999988e-02
9.836509999999999536e+02, -3.814460000000000073e-01
9.836680000000000064e+02, 2.446060000000000123e+00
9.836849999999999454e+02, 2.649469999999999881e-01
9.837010000000000218e+02, -7.831970000000000320e-01
9.837179999999999609e+02, -2.402410000000000156e+00
9.837350000000000136e+02, -4.941320000000000157e-01
9.837509999999999764e+02, 1.292790000000000106e+00
9.837680000000000291e+02, 7.921080000000000343e-01
9.837849999999999682e+02, -5.051600000000000534e-01
9.838010000000000446e+02, -5.473259999999999792e-01
9.838179999999999836e+02, -1.234569999999999945e+00
9.838350000000000364e+02, -1.005749999999999977e-01
9.838509999999999991e+02, 8.132040000000000379e-01
9.838680000000000518e+02, 9.703570000000000251e-01
9.838849999999999909e+02, 1.748000000000000109e-01
9.839009999999999536e+02, 7.348879999999999857e-01
9.839180000000000064e+02, -1.032710000000000017e-01
9.839349999999999454e+02, -3.322529999999999928e-02
9.839510000000000218e+02, -4.355439999999999867e-01
9.839679999999999609e+02, -5.986770000000000286e-02
9.839850000000000136e+02, -6.651719999999999855e-01
9.840009999999999764e+02, 7.053160000000000540e-01
9.840180000000000291e+02, 1.554079999999999906e+00
9.840349999999999682e+02, 2.072249999999999925e-01
9.840510000000000446e+02, 4.931649999999999923e-02
9.840679999999999836e+02, -9.009380000000000166e-01
9.840850000000000364e+02, -1.406179999999999986e+00
9.841009999999999991e+02, 5.362820000000000364e-01
9.841180000000000518e+02, 8.339929999999999843e-01
9.841349999999999909e+02, 6.375380000000000491e-01
9.841509999999999536e+02, -1.152390000000000025e+00
9.841680000000000064e+02, -3.428140000000000076e-01
9.841849999999999454e+02, 3.758159999999999834e-01
9.842010000000000218e+02, 1.171769999999999978e+00
9.842179999999999609e+02, 1.264180000000000081e+00
9.842350000000000136e+02, 9.031470000000000331e-01
9.842509999999999764e+02, -4.253549999999999692e-02
9.842680000000000291e+02, -1.387029999999999930e-01
9.842849999999999682e+02, -6.143079999999999652e-01
9.843010000000000446e+02, 4.411039999999999961e-01
9.843179999999999836e+02, 5.168949999999999934e-01
9.843350000000000364e+02, -3.904920000000000058e-01
9.843509999999999991e+02, -1.962160000000000015e-01
9.843680000000000518e+02, 3.129370000000000068e-02
9.843849999999999909e+02, 1.366980000000000084e+00
9.844009999999999536e+02, 7.355939999999999701e-01
9.844180000000000064e+02, 1.299460000000000059e+00
9.844349999999999454e+02, -4.232620000000000271e-01
9.844510000000000218e+02, 2.543219999999999925e-01
9.844679999999999609e+02, -1.293860000000000010e+00
9.844850000000000136e+02, -6.471449999999999703e-01
9.845009999999999764e+02, -8.271000000000000574e-02
9.845180000000000291e+02, 1.028089999999999948e+00
9.845349999999999682e+02, 1.447209999999999885e-01
9.845510000000000446e+02, 4.778200000000000225e-01
9.845679999999999836e+02, -1.060890000000000027e-01
9.845850000000000364e+02, -4.408139999999999836e-01
9.846009999999999991e+02, -1.537160000000000082e+00
9.846180000000000518e+02, 2.950160000000000005e-01
9.846349999999999909e+02, -2.339839999999999975e-01
9.846509999999999536e+02, -5.648640000000000327e-01
9.846680000000000064e+02, -3.307869999999999977e-01
9.846849999999999454e+02, 1.139930000000000110e+00
9.847010000000000218e+02, 6.635309999999999819e-01
9.847179999999999609e+02, 1.012659999999999949e-01
9.847350000000000136e+02, -5.724259999999999904e-01
9.847509999999999764e+02, 7.243889999999999496e-01
9.847680000000000291e+02, 6.084219999999999906e-02
9.847849999999999682e+02, -7.220590000000000064e-01
9.848010000000000446e+02, 1.246869999999999923e+00
9.848179999999999836e+02, 4.664619999999999878e-01
9.848350000000000364e+02, -2.558929999999999816e-01
9.848509999999999991e+02, 1.376940000000000053e+00
9.848680000000000518e+02, -1.125289999999999901e+00
9.848849999999999909e+02, 9.868740000000000290e-01
9.849009999999999536e+02, -6.394680000000000364e-01
9.849180000000000064e+02, -9.776169999999999582e-01
9.849349999999999454e+02, -5.030329999999999524e-01
9.849510000000000218e+02, -5.597410000000000441e-01
9.849679999999999609e+02, -9.895709999999999784e-01
9.849850000000000136e+02, 7.973930000000000184e-01
9.850009999999999764e+02, -7.020499999999999831e-03
9.850180000000000291e+02, -9.816960000000000131e-01
9.850349999999999682e+02, 1.356079999999999952e+00
9.850510000000000446e+02, 2.390609999999999957e-01
9.850679999999999836e+02, 6.433489999999999487e-01
9.850850000000000364e+02, 2.025190000000000046e-01
9.851009999999999991e+02, 3.217369999999999952e-01
9.851180000000000518e+02, -3.620740000000000069e-01
9.851349999999999909e+02, 5.869159999999999933e-01
9.851509999999999536e+02, -2.925730000000000275e-01
9.851680000000000064e+02, 9.155409999999999937e-02
9.851849999999999454e+02, -3.327340000000000159e-02
9.852010000000000218e+02, 5.627870000000000372e-01
9.852179999999999609e+02, 9.728769999999999918e-01
9.852350000000000136e+02, 2.622459999999999791e-01
9.852509999999999764e+02, 7.183749999999999858e-01
9.852680000000000291e+02, -1.599960000000000049e+00
9.852849999999999682e+02, 1.255469999999999919e-01
9.853010000000000446e+02, -1.003220000000000001e+00
9.853179999999999836e+02, 9.649210000000000287e-01
9.853350000000000364e+02, -1.032499999999999973e+00
9.853509999999999991e+02, 1.843619999999999981e-01
9.853680000000000518e+02, 1.023020000000000040e-01
9.853849999999999909e+02, -7.055320000000000480e-01
9.854009999999999536e+02, -3.845290000000000097e-01
9.854180000000000064e+02, 6.143020000000000147e-01
9.854349999999999454e+02, -4.373449999999999838e-01
9.854510000000000218e+02, -9.471169999999999589e-02
9.854679999999999609e+02, 1.376910000000000078e-01
9.854850000000000136e+02, 3.573049999999999837e-01
9.855009999999999764e+02, 2.387090000000000045e-01
9.855180000000000291e+02, -4.834069999999999756e-01
9.855349999999999682e+02, -2.822089999999999876e-01
9.855510000000000446e+02, 5.515520000000000145e-02
9.855679999999999836e+02, -5.997650000000000203e-02
9.855850000000000364e+02, 2.604509999999999881e-01
9.856009999999999991e+02, 1.520739999999999870e-01
9.856180000000000518e+02, 2.536780000000000146e-01
9.856349999999999909e+02, -7.877450000000000285e-01
9.856509999999999536e+02, 3.699970000000000342e-02
9.856680000000000064e+02, 3.544100000000000028e-01
9.856849999999999454e+02, 1.553469999999999906e+00
9.857010000000000218e+02, -1.287849999999999939e+00
9.857179999999999609e+02, -8.135499999999999954e-01
9.857350000000000136e+02, -6.011600000000000277e-01
9.857509999999999764e+02, 3.043380000000000044e-02
9.857680000000000291e+02, 8.292159999999999531e-01
9.857849999999999682e+02, 2.493930000000000036e-01
9.858010000000000446e+02, 1.144870000000000054e+00
9.858179999999999836e+02, 1.311670000000000058e-01
9.858350000000000364e+02, -9.879750000000000476e-01
9.858509999999999991e+02, -6.067960000000000020e-01
9.858680000000000518e+02, 7.302950000000000275e-01
9.858849999999999909e+02, 1.063350000000000017e+00
9.859009999999999536e+02, 8.157290000000000374e-01
9.859180000000000064e+02, 2.208759999999999890e-01
9.859349999999999454e+02, -7.217450000000000254e-03
9.859510000000000218e+02, -5.566109999999999808e-02
9.859679999999999609e+02, -9.106699999999999795e-01
9.859850000000000136e+02, -1.843629999999999991e-01
9.860009999999999764e+02, 9.159909999999999997e-01
9.860180000000000291e+02, 1.017279999999999962e+00
9.860349999999999682e+02, 1.143780000000000019e+00
9.860510000000000446e+02, 3.742030000000000078e-01
9.860679999999999836e+02, -1.625289999999999901e+00
9.860850000000000364e+02, -9.529840000000000533e-01
9.861009999999999991e+02, 2.477749999999999952e-01
9.861180000000000518e+02, 1.464860000000000051e+00
9.861349999999999909e+02, 9.667080000000000117e-01
9.861509999999999536e+02, 2.111870000000000136e-01
9.861680000000000064e+02, 3.891959999999999864e-01
9.861849999999999454e+02, 7.604600000000000248e-01
9.862010000000000218e+02, 9.524810000000000221e-01
9.862179999999999609e+02, 5.143020000000000369e-01
9.862350000000000136e+02, -2.963330000000000131e-01
9.862509999999999764e+02, -1.791730000000000045e+00
9.862680000000000291e+02, 6.946059999999999734e-02
9.862849999999999682e+02, -3.213500000000000245e-01
9.863010000000000446e+02, 7.458540000000000170e-01
9.863179999999999836e+02, 5.782829999999999915e-01
9.863350000000000364e+02, 3.471170000000000089e-01
9.863509999999999991e+02, 9.233929999999999916e-02
9.863680000000000518e+02, 1.119769999999999932e-01
9.863849999999999909e+02, -1.053400000000000031e-01
9.864009999999999536e+02, 2.653320000000000123e-01
9.864180000000000064e+02, -9.310429999999999540e-01
9.864349999999999454e+02, -3.389940000000000175e-01
9.864510000000000218e+02, -1.630079999999999862e-01
9.864679999999999609e+02, -2.767990000000000173e-01
9.864850000000000136e+02, -1.095199999999999951e+00
9.865009999999999764e+02, -5.431089999999999529e-01
9.865180000000000291e+02, -6.284810000000000049e-03
9.865349999999999682e+02, 2.810500000000000064e-03
9.865510000000000446e+02, 5.322350000000000136e-01
9.865679999999999836e+02, 9.149960000000000315e-01
9.865850000000000364e+02, -2.598960000000000159e-01
9.866009999999999991e+02, -1.414719999999999867e-01
9.866180000000000518e+02, -5.196049999999999836e-01
9.866349999999999909e+02, -9.760339999999999572e-01
9.866509999999999536e+02, 1.369180000000000119e-01
9.866680000000000064e+02, -3.677159999999999873e-01
9.866849999999999454e+02, 2.214029999999999887e-01
9.867010000000000218e+02, 3.404479999999999729e-01
9.867179999999999609e+02, 5.630859999999999754e-01
9.867350000000000136e+02, 6.345309999999999562e-01
9.867509999999999764e+02, 5.215910000000000268e-01
9.867680000000000291e+02, 6.520510000000000472e-01
9.867849999999999682e+02, 1.243520000000000042e-01
9.868010000000000446e+02, -1.880779999999999952e-01
9.868179999999999836e+02, 1.131390000000000000e-02
9.868350000000000364e+02, -4.483519999999999728e-01
9.868509999999999991e+02, 9.102909999999999613e-01
9.868680000000000518e+02, 3.949409999999999865e-01
9.868849999999999909e+02, 3.827070000000000194e-01
9.869009999999999536e+02, -3.251600000000000046e-01
9.869180000000000064e+02, 9.018080000000000540e-01
9.869349999999999454e+02, -2.482789999999999997e-01
9.869510000000000218e+02, 1.304480000000000084e+00
9.869679999999999609e+02, -1.590300000000000047e-01
9.869850000000000136e+02, -9.437609999999999610e-01
9.870009999999999764e+02, -1.055150000000000032e+00
9.870180000000000291e+02, 5.378150000000000430e-01
9.870349999999999682e+02, -1.722879999999999967e-01
9.870510000000000446e+02, -7.991319999999999535e-01
9.870679999999999836e+02, 4.879459999999999908e-01
9.870850000000000364e+02, -7.072460000000000413e-01
9.871009999999999991e+02, -4.645409999999999817e-01
9.871180000000000518e+02, 2.853129999999999833e-01
9.871349999999999909e+02, -4.051080000000000236e-01
9.871509999999999536e+02, 3.907700000000000062e-01
9.871680000000000064e+02, -3.940190000000000081e-01
9.871849999999999454e+02, 5.699030000000000484e-01
9.872010000000000218e+02, 1.434249999999999969e-01
9.872179999999999609e+02, 5.272240000000000260e-01
9.872350000000000136e+02, 7.383250000000000091e-01
9.872509999999999764e+02, 2.541900000000000270e-01
9.872680000000000291e+02, 6.466039999999999566e-01
9.872849999999999682e+02, 4.183259999999999756e-01
9.873010000000000446e+02, -4.907369999999999788e-01
9.873179999999999836e+02, -2.192149999999999932e-01
9.873350000000000364e+02, 1.342830000000000065e-02
9.873509999999999991e+02, -2.069219999999999948e-01
9.873680000000000518e+02, -3.607870000000000243e-01
9.873849999999999909e+02, 1.096149999999999958e+00
9.874009999999999536e+02, 1.520480000000000054e+00
9.874180000000000064e+02, 1.357859999999999900e-01
9.874349999999999454e+02, 2.098690000000000000e-01
9.874510000000000218e+02, -5.967599999999999988e-02
9.874679999999999609e+02, -2.154420000000000002e+00
9.874850000000000136e+02, -1.324280000000000075e-02
9.875009999999999764e+02, -4.768100000000000116e-01
9.875180000000000291e+02, 1.343739999999999934e+00
9.875349999999999682e+02, 1.052470000000000017e+00
9.875510000000000446e+02, -3.036609999999999917e-03
9.875679999999999836e+02, 6.899410000000000265e-01
9.875850000000000364e+02, -7.821360000000000534e-01
9.876009999999999991e+02, -1.954460000000000086e-01
9.876180000000000518e+02, 2.390990000000000060e-01
9.876349999999999909e+02, 3.916720000000000201e-01
9.876509999999999536e+02, -1.183969999999999967e+00
9.876680000000000064e+02, -1.258680000000000021e+00
9.876849999999999454e+02, -5.604609999999999870e-01
9.877010000000000218e+02, -7.144209999999999727e-01
9.877179999999999609e+02, -7.255000000000000338e-01
9.877350000000000136e+02, -6.917929999999999913e-01
9.877509999999999764e+02, -3.738569999999999949e-01
9.877680000000000291e+02, -2.704170000000000185e-01
9.877849999999999682e+02, 2.949450000000000127e-01
9.878010000000000446e+02, -1.605029999999999957e+00
9.878179999999999836e+02, 3.899610000000000021e-01
9.878350000000000364e+02, -9.259199999999999653e-01
9.878509999999999991e+02, 6.495710000000000095e-01
9.878680000000000518e+02, -4.325049999999999728e-01
9.878849999999999909e+02, 4.751739999999999853e-01
9.879009999999999536e+02, -5.331660000000000288e-01
9.879180000000000064e+02, 6.501230000000000064e-01
9.879349999999999454e+02, -9.764960000000000306e-01
9.879510000000000218e+02, -6.297970000000000512e-01
9.879679999999999609e+02, -7.825239999999999974e-01
9.879850000000000136e+02, -8.529430000000000067e-01
9.880009999999999764e+02, 1.592829999999999940e-02
9.880180000000000291e+02, 3.131399999999999739e-01
9.880349999999999682e+02, 1.613100000000000089e-01
9.880510000000000446e+02, -1.969709999999999864e-02
9.880679999999999836e+02, -2.151760000000000062e-01
9.880850000000000364e+02, -4.847830000000000195e-01
9.881009999999999991e+02, 6.376509999999999678e-01
9.881180000000000518e+02, -2.075319999999999943e-01
9.881349999999999909e+02, 2.787999999999999923e-01
9.881509999999999536e+02, 1.524310000000000054e+00
9.881680000000000064e+02, 3.120910000000000073e-01
9.881849999999999454e+02, 2.031820000000000181e+00
9.882010000000000218e+02, -2.890430000000000083e-02
9.882179999999999609e+02, -9.395149999999999890e-01
9.882350000000000136e+02, -2.603260000000000018e-01
9.882509999999999764e+02, 8.500599999999999823e-02
9.882680000000000291e+02, 7.111910000000000176e-01
9.882849999999999682e+02, 9.200399999999999689e-01
9.883010000000000446e+02, 2.869959999999999734e-01
9.883179999999999836e+02, 4.739829999999999877e-01
9.883350000000000364e+02, -2.771750000000000047e-01
9.883509999999999991e+02, -3.510840000000000072e-01
9.883680000000000518e+02, -3.804290000000000171e-01
9.883849999999999909e+02, -2.320109999999999950e-01
9.884009999999999536e+02, -1.971749999999999892e-01
9.884180000000000064e+02, -3.339590000000000058e-01
9.884349999999999454e+02, 4.745469999999999966e-01
9.884510000000000218e+02, 4.615650000000000031e-01
9.884679999999999609e+02, 9.439750000000000085e-01
9.884850000000000136e+02, 5.597730000000000067e-02
9.885009999999999764e+02, -1.177699999999999969e+00
9.885180000000000291e+02, 1.229680000000000106e+00
9.885349999999999682e+02, -8.828089999999999549e-02
9.885510000000000446e+02, 1.812170000000000059e+00
9.885679999999999836e+02, 1.034429999999999961e+00
9.885850000000000364e+02, 8.420750000000000179e-01
9.886009999999999991e+02, 7.452609999999999513e-01
9.886180000000000518e+02, 2.847759999999999736e-01
9.886349999999999909e+02, -4.018189999999999817e-01
9.886509999999999536e+02, -1.140789999999999971e+00
9.886680000000000064e+02, -1.257130000000000081e+00
9.886849999999999454e+02, -1.322270000000000112e-01
9.887010000000000218e+02, 7.423440000000000039e-01
9.887179999999999609e+02, -5.046559999999999935e-01
9.887350000000000136e+02, 2.075440000000000063e-01
9.887509999999999764e+02, 5.474700000000000122e-01
9.887680000000000291e+02, -1.454979999999999885e-01
9.887849999999999682e+02, -3.692770000000000219e-01
9.888010000000000446e+02, -2.468200000000000116e-01
9.888179999999999836e+02, -1.518120000000000025e-01
9.888350000000000364e+02, 5.474729999999999874e-01
9.888509999999999991e+02, 6.478699999999999459e-01
9.888680000000000518e+02, -4.767899999999999916e-01
9.888849999999999909e+02, -5.856130000000000502e-01
9.889009999999999536e+02, -1.926740000000000119e-01
9.889180000000000064e+02, -3.310649999999999982e-01
9.889349999999999454e+02, 1.350219999999999976e+00
9.889510000000000218e+02, 2.323639999999999872e-01
9.889679999999999609e+02, 6.211240000000000094e-01
9.889850000000000136e+02, -4.945640000000000036e-01
9.890009999999999764e+02, -3.683409999999999740e-01
9.890180000000000291e+02, -6.439110000000000111e-01
9.890349999999999682e+02, -9.716150000000000064e-01
9.890510000000000446e+02, -8.494730000000000336e-01
9.890679999999999836e+02, 3.539399999999999769e-01
9.890850000000000364e+02, 1.354649999999999910e+00
9.891009999999999991e+02, -1.620119999999999894e-01
9.891180000000000518e+02, 7.744539999999999758e-01
9.891349999999999909e+02, -3.404849999999999821e-01
9.891509999999999536e+02, -3.752050000000000107e-01
9.891680000000000064e+02, 1.250180000000000069e+00
9.891849999999999454e+02, 3.372990000000000155e-01
9.892010000000000218e+02, -1.843229999999999924e+00
9.892179999999999609e+02, -8.226769999999999916e-01
9.892350000000000136e+02, 4.436280000000000223e-01
9.892509999999999764e+02, 3.915660000000000251e-01
9.892680000000000291e+02, 2.025430000000000008e-01
9.892849999999999682e+02, 4.865389999999999993e-02
9.893010000000000446e+02, 5.353139999999999565e-01
9.893179999999999836e+02, 4.453799999999999981e-01
9.893350000000000364e+02, 4.309540000000000037e-01
9.893509999999999991e+02, 2.739230000000000276e-01
9.893680000000000518e+02, -8.773220000000000462e-01
9.893849999999999909e+02, -1.879070000000000018e+00
9.894009999999999536e+02, -8.292100000000000026e-01
9.894180000000000064e+02, -8.144700000000000273e-01
9.894349999999999454e+02, -1.577000000000000068e-01
9.894510000000000218e+02, 1.859730000000000105e+00
9.894679999999999609e+02, 1.371669999999999945e+00
9.894850000000000136e+02, 1.936690000000000023e+00
9.895009999999999764e+02, 4.519310000000000271e-01
9.895180000000000291e+02, -8.948920000000000485e-02
9.895349999999999682e+02, -1.892549999999999955e+00
9.895510000000000446e+02, -1.476580000000000004e+00
9.895679999999999836e+02, 2.820900000000000074e-01
9.895850000000000364e+02, 1.019200000000000106e+00
9.896009999999999991e+02, -2.487189999999999956e-01
9.896180000000000518e+02, -1.948910000000000087e-01
9.896349999999999909e+02, -3.134179999999999744e-01
9.896509999999999536e+02, -5.479479999999999906e-01
9.896680000000000064e+02, 9.016589999999999883e-01
9.896849999999999454e+02, 1.255349999999999966e+00
9.897010000000000218e+02, 3.066110000000000224e-01
9.897179999999999609e+02, -2.094479999999999897e+00
9.897350000000000136e+02, -1.592070000000000096e+00
9.897509999999999764e+02, 3.934770000000000212e-01
9.897680000000000291e+02, -5.697290000000000409e-01
9.897849999999999682e+02, -2.391610000000000125e-01
9.898010000000000446e+02, -2.772620000000000084e-01
9.898179999999999836e+02, 2.136810000000000098e-01
9.898350000000000364e+02, -3.684760000000000119e-02
9.898509999999999991e+02, 8.478639999999999510e-01
