9.898680000000000518e+02, -9.848740000000000272e-01
9.898849999999999909e+02, 1.165650000000000019e-02
9.899009999999999536e+02, -5.827539999999999942e-01
9.899180000000000064e+02, -5.472000000000000197e-01
9.899349999999999454e+02, 4.216840000000000171e-02
9.899510000000000218e+02, 3.568140000000000200e-01
9.899679999999999609e+02, 1.083329999999999904e+00
9.899850000000000136e+02, 9.580450000000000355e-01
9.900009999999999764e+02, -1.400879999999999903e+00
9.900180000000000291e+02, 9.817500000000000115e-01
9.900349999999999682e+02, 5.667429999999999968e-01
9.900510000000000446e+02, 1.798170000000000046e+00
9.900679999999999836e+02, 7.238339999999999774e-01
9.900850000000000364e+02, 1.233079999999999954e+00
9.901009999999999991e+02, -6.284119999999999706e-01
9.901180000000000518e+02, -7.872500000000000053e-01
9.901349999999999909e+02, -1.872449999999999948e+00
9.901509999999999536e+02, -8.622109999999999497e-01
9.901680000000000064e+02, -3.621159999999999934e-01
9.901849999999999454e+02, 5.233900000000000219e-01
9.902010000000000218e+02, -6.721329999999999805e-01
9.902179999999999609e+02, 3.482279999999999820e-01
9.902350000000000136e+02, 1.157340000000000035e-01
9.902509999999999764e+02, -1.760010000000000047e-02
9.902680000000000291e+02, 1.257719999999999949e-01
9.902849999999999682e+02, 9.560809999999999587e-01
9.903010000000000446e+02, -1.554959999999999898e+00
9.903179999999999836e+02, -2.332970000000000044e-01
9.903350000000000364e+02, -9.277450000000000419e-01
9.903509999999999991e+02, -4.364040000000000141e-01
9.903680000000000518e+02, -3.404390000000000194e-02
9.903849999999999909e+02, 3.425530000000000241e-02
9.904009999999999536e+02, -4.776059999999999750e-01
9.904180000000000064e+02, -3.963389999999999969e-01
9.904349999999999454e+02, -5.310270000000000268e-01
9.904510000000000218e+02, 1.531210000000000071e-01
9.904679999999999609e+02, 5.101920000000000066e-02
9.904850000000000136e+02, 1.989360000000000017e+00
9.905009999999999764e+02, 9.308499999999999552e-01
9.905180000000000291e+02, -5.244590000000000085e-01
9.905349999999999682e+02, 4.170789999999999775e-01
9.905510000000000446e+02, -1.145950000000000024e+00
9.905679999999999836e+02, -4.617149999999999865e-01
9.905850000000000364e+02, -4.623149999999999760e-01
9.906009999999999991e+02, -6.392480000000000384e-01
9.906180000000000518e+02, 1.123620000000000035e-01
9.906349999999999909e+02, -6.106960000000000166e-01
9.906509999999999536e+02, -8.779589999999999617e-02
9.906680000000000064e+02, 1.504969999999999919e-01
9.906849999999999454e+02, -9.833219999999999461e-02
9.907010000000000218e+02, 7.682980000000000365e-01
9.907179999999999609e+02, 8.600780000000000092e-01
9.907350000000000136e+02, 8.707270000000000287e-01
9.907509999999999764e+02, 9.183959999999999901e-01
9.907680000000000291e+02, 3.385380000000000056e-01
9.907849999999999682e+02, -8.628700000000000259e-01
9.908010000000000446e+02, -2.325480000000000047e-01
9.908179999999999836e+02, 3.904400000000000093e-01
9.908350000000000364e+02, 1.187519999999999909e+00
9.908509999999999991e+02, -5.794629999999999920e-02
9.908680000000000518e+02, -5.875829999999999664e-01
9.908849999999999909e+02, 9.362019999999999786e-01
9.909009999999999536e+02, -5.105620000000000297e-02
9.909180000000000064e+02, 5.019740000000000313e-01
9.909349999999999454e+02, 1.670299999999999896e+00
9.909510000000000218e+02, 7.201279999999999903e-01
9.909679999999999609e+02, 9.444500000000000117e-01
9.909850000000000136e+02, 5.973810000000000404e-03
9.910009999999999764e+02, 2.158039999999999958e-01
9.910180000000000291e+02, -8.224939999999999474e-01
9.910349999999999682e+02, 5.306119999999999726e-01
9.910510000000000446e+02, 8.344380000000000130e-01
9.910679999999999836e+02, 6.552839999999999776e-01
9.910850000000000364e+02, 1.362109999999999932e+00
9.911009999999999991e+02, 1.474139999999999895e-01
9.911180000000000518e+02, 6.344440000000000079e-01
9.911349999999999909e+02, 8.624290000000000012e-01
9.911509999999999536e+02, -2.606959999999999833e-01
9.911680000000000064e+02, -2.524319999999999897e-01
9.911849999999999454e+02, -1.850899999999999990e+00
9.912010000000000218e+02, -2.118630000000000013e+00
9.912179999999999609e+02, -1.442649999999999988e+00
9.912350000000000136e+02, -7.532269999999999799e-01
9.912509999999999764e+02, 5.622110000000000163e-01
9.912680000000000291e+02, 1.488539999999999863e-01
9.912849999999999682e+02, -3.926990000000000203e-01
9.913010000000000446e+02, 5.805829999999999602e-01
9.913179999999999836e+02, 4.902580000000000271e-01
9.913350000000000364e+02, 1.188239999999999991e-01
9.913509999999999991e+02, -1.829880000000000118e-01
9.913680000000000518e+02, -1.061379999999999990e+00
9.913849999999999909e+02, 1.491079999999999905e-01
9.914009999999999536e+02, -1.229149999999999965e-01
9.914180000000000064e+02, 1.525870000000000060e+00
9.914349999999999454e+02, 1.751379999999999937e+00
9.914510000000000218e+02, -2.889019999999999921e-01
9.914679999999999609e+02, -8.542809999999999571e-01
9.914850000000000136e+02, -1.014129999999999976e+00
9.915009999999999764e+02, 6.604400000000000270e-01
9.915180000000000291e+02, 2.437970000000000137e-01
9.915349999999999682e+02, -2.651100000000000123e-01
9.915510000000000446e+02, 7.533800000000000496e-01
9.915679999999999836e+02, 7.307409999999999739e-01
9.915850000000000364e+02, 1.410539999999999905e+00
9.916009999999999991e+02, 1.487479999999999913e+00
9.916180000000000518e+02, 1.863990000000000091e-01
9.916349999999999909e+02, -1.730710000000000026e-01
9.916509999999999536e+02, -3.041619999999999879e-01
9.916680000000000064e+02, -9.983140000000000347e-01
9.916849999999999454e+02, -3.532129999999999992e-01
9.917010000000000218e+02, -1.560759999999999925e-01
9.917179999999999609e+02, 1.342119999999999980e-01
9.917350000000000136e+02, 1.792429999999999968e+00
9.917509999999999764e+02, -1.463950000000000085e+00
9.917680000000000291e+02, -2.422219999999999929e-01
9.917849999999999682e+02, 4.189499999999999891e-01
9.918010000000000446e+02, 4.265909999999999980e-01
9.918179999999999836e+02, 5.355849999999999778e-01
9.918350000000000364e+02, 4.681829999999999672e-03
9.918509999999999991e+02, -6.297819999999999530e-01
9.918680000000000518e+02, -1.474780000000000015e-02
9.918849999999999909e+02, -7.514819999999999833e-01
9.919009999999999536e+02, -9.408689999999999554e-01
9.919180000000000064e+02, 4.930729999999999835e-01
9.919349999999999454e+02, -5.557549999999999643e-03
9.919510000000000218e+02, 1.669640000000000013e-01
9.919679999999999609e+02, -7.115420000000000078e-01
9.919850000000000136e+02, 5.985780000000000545e-01
9.920009999999999764e+02, 1.463179999999999925e+00
9.920180000000000291e+02, -3.109939999999999927e-01
9.920349999999999682e+02, -5.060270000000000046e-01
9.920510000000000446e+02, 1.836869999999999892e-01
9.920679999999999836e+02, 2.676600000000000090e-01
9.920850000000000364e+02, 5.160569999999999741e-02
9.921009999999999991e+02, -5.129399999999999515e-01
9.921180000000000518e+02, 5.992320000000000285e-02
9.921349999999999909e+02, -7.159609999999999586e-01
9.921509999999999536e+02, -5.453050000000000397e-01
9.921680000000000064e+02, -1.321579999999999977e+00
9.921849999999999454e+02, 6.772190000000000154e-01
9.922010000000000218e+02, 1.335120000000000084e+00
9.922179999999999609e+02, 1.320559999999999956e+00
9.922350000000000136e+02, 6.299930000000000252e-01
9.922509999999999764e+02, -1.395520000000000094e+00
9.922680000000000291e+02, -1.248939999999999939e+00
9.922849999999999682e+02, -8.727909999999999835e-02
9.923010000000000446e+02, -8.224059999999999704e-01
9.923179999999999836e+02, -2.515279999999999738e-01
9.923350000000000364e+02, -1.007229999999999931e-01
9.923509999999999991e+02, -3.088009999999999922e-01
9.923680000000000518e+02, -1.584400000000000031e+00
9.923849999999999909e+02, -8.958340000000000192e-01
9.924009999999999536e+02, -4.415049999999999808e-01
9.924180000000000064e+02, 1.364989999999999926e+00
9.924349999999999454e+02, 1.296910000000000007e+00
9.924510000000000218e+02, 1.207019999999999982e+00
9.924679999999999609e+02, 4.432809999999999806e-01
9.924850000000000136e+02, -7.069039999999999768e-01
9.925009999999999764e+02, 8.811030000000000251e-02
9.925180000000000291e+02, -1.172989999999999977e+00
9.925349999999999682e+02, -1.208550000000000041e-01
9.925510000000000446e+02, -3.648460000000000036e-01
9.925679999999999836e+02, 4.275639999999999996e-01
9.925850000000000364e+02, -1.668409999999999893e-01
9.926009999999999991e+02, 6.957109999999999683e-01
9.926180000000000518e+02, -2.516869999999999941e-01
9.926349999999999909e+02, 9.137410000000000254e-01
9.926509999999999536e+02, 9.247739999999999849e-01
9.926680000000000064e+02, -8.883309999999999818e-02
9.926849999999999454e+02, 7.394600000000000062e-01
9.927010000000000218e+02, -2.479839999999999822e+00
9.927179999999999609e+02, -3.291459999999999941e-01
9.927350000000000136e+02, -1.378070000000000128e-01
9.927509999999999764e+02, 2.843350000000000044e-01
9.927680000000000291e+02, 2.017210000000000114e-01
9.927849999999999682e+02, -5.364910000000000512e-01
9.928010000000000446e+02, -3.219799999999999884e-01
9.928179999999999836e+02, 8.746610000000000218e-01
9.928350000000000364e+02, 1.573860000000000037e+00
9.928509999999999991e+02, -7.561970000000000081e-01
9.928680000000000518e+02, -6.020999999999999686e-01
9.928849999999999909e+02, 4.371950000000000142e-02
9.929009999999999536e+02, -1.533279999999999921e-01
9.929180000000000064e+02, 3.282309999999999950e-01
9.929349999999999454e+02, 1.359390000000000098e+00
9.929510000000000218e+02, -1.133610000000000007e+00
9.929679999999999609e+02, -1.229190000000000005e+00
9.929850000000000136e+02, -1.098389999999999977e+00
9.930009999999999764e+02, -1.978759999999999963e-01
9.930180000000000291e+02, 2.363270000000000093e-01
9.930349999999999682e+02, -1.628090000000000093e-01
9.930510000000000446e+02, -9.902630000000000807e-03
9.930679999999999836e+02, -2.293459999999999943e-01
9.930850000000000364e+02, 3.747670000000000168e-01
9.931009999999999991e+02, 8.048030000000000461e-01
9.931180000000000518e+02, 8.589149999999999840e-01
9.931349999999999909e+02, 5.079839999999999911e-01
9.931509999999999536e+02, 1.015709999999999891e+00
9.931680000000000064e+02, 8.051869999999999861e-01
9.931849999999999454e+02, 4.945339999999999736e-01
9.932010000000000218e+02, -2.385039999999999938e-01
9.932179999999999609e+02, -1.611799999999999899e+00
9.932350000000000136e+02, -1.991749999999999909e-01
9.932509999999999764e+02, 5.001959999999999740e-01
9.932680000000000291e+02, 1.117539999999999978e+00
9.932849999999999682e+02, 1.988610000000000100e-01
9.933010000000000446e+02, -2.964800000000000213e-01
9.933179999999999836e+02, -1.876659999999999995e-01
9.933350000000000364e+02, -1.035460000000000047e+00
9.933509999999999991e+02, 2.495509999999999950e-01
9.933680000000000518e+02, -4.963029999999999942e-01
9.933849999999999909e+02, -5.443289999999999518e-01
9.934009999999999536e+02, -5.738779999999999992e-01
9.934180000000000064e+02, -1.272619999999999862e-01
9.934349999999999454e+02, -5.777290000000000203e-02
9.934510000000000218e+02, -1.969289999999999929e-01
9.934679999999999609e+02, 5.801260000000000305e-01
9.934850000000000136e+02, 3.918220000000000036e-02
9.935009999999999764e+02, 4.830490000000000061e-01
9.935180000000000291e+02, 6.131020000000000358e-01
9.935349999999999682e+02, 8.078490000000000393e-01
9.935510000000000446e+02, 1.102000000000000063e-01
9.935679999999999836e+02, 6.893960000000000088e-01
9.935850000000000364e+02, 1.926120000000000054e-01
9.936009999999999991e+02, 2.636140000000000150e-01
9.936180000000000518e+02, 7.177909999999999568e-01
9.936349999999999909e+02, 7.184260000000000090e-01
9.936509999999999536e+02, 3.589250000000000079e-02
9.936680000000000064e+02, -2.175809999999999800e+00
9.936849999999999454e+02, 4.070039999999999769e-02
9.937010000000000218e+02, 4.427510000000000057e-01
9.937179999999999609e+02, 6.429809999999999692e-02
9.937350000000000136e+02, 4.629809999999999759e-01
9.937509999999999764e+02, 3.278460000000000263e-01
9.937680000000000291e+02, -5.544240000000000279e-01
9.937849999999999682e+02, 5.720429999999999682e-01
9.938010000000000446e+02, -8.305160000000000320e-02
9.938179999999999836e+02, 7.692580000000000078e-03
9.938350000000000364e+02, -4.427650000000000335e-02
9.938509999999999991e+02, 5.709640000000000271e-01
9.938680000000000518e+02, -2.534660000000000246e-01
9.938849999999999909e+02, 4.936519999999999797e-01
9.939009999999999536e+02, 6.230670000000000375e-01
9.939180000000000064e+02, -1.678759999999999974e-01
9.939349999999999454e+02, -1.289379999999999971e+00
9.939510000000000218e+02, -1.595150000000000068e+00
9.939679999999999609e+02, -1.460450000000000026e+00
9.939850000000000136e+02, -1.077329999999999899e+00
9.940009999999999764e+02, -8.442469999999999697e-01
9.940180000000000291e+02, 5.328500000000000458e-01
9.940349999999999682e+02, 3.612750000000000128e-01
9.940510000000000446e+02, -5.235999999999999543e-01
9.940679999999999836e+02, 3.493589999999999751e-01
9.940850000000000364e+02, 3.049229999999999996e-01
9.941009999999999991e+02, 5.483149999999999968e-01
9.941180000000000518e+02, -1.800889999999999991e-01
9.941349999999999909e+02, 3.583239999999999759e-01
9.941509999999999536e+02, 9.883909999999999918e-02
9.941680000000000064e+02, 3.059540000000000037e-01
9.941849999999999454e+02, 1.195859999999999923e+00
9.942010000000000218e+02, 1.546130000000000004e-01
9.942179999999999609e+02, 6.740660000000000540e-01
9.942350000000000136e+02, -4.704280000000000128e-01
9.942509999999999764e+02, -9.443259999999999987e-01
9.942680000000000291e+02, 1.658090000000000064e+00
9.942849999999999682e+02, 6.939760000000000373e-01
9.943010000000000446e+02, -2.279370000000000007e-01
9.943179999999999836e+02, 1.086850000000000038e-01
9.943350000000000364e+02, -1.194280000000000008e+00
9.943509999999999991e+02, -1.227250000000000008e-01
9.943680000000000518e+02, -1.749910000000000077e+00
9.943849999999999909e+02, 5.771849999999999481e-01
9.944009999999999536e+02, 6.316270000000000495e-01
9.944180000000000064e+02, -2.672089999999999882e-02
9.944349999999999454e+02, 9.422110000000000207e-01
9.944510000000000218e+02, 6.271369999999999445e-01
9.944679999999999609e+02, 2.944329999999999864e-02
9.944850000000000136e+02, -4.801050000000000040e-01
9.945009999999999764e+02, -9.637019999999999476e-01
9.945180000000000291e+02, -1.193659999999999943e+00
9.945349999999999682e+02, 1.947099999999999942e-01
9.945510000000000446e+02, -1.306969999999999965e+00
9.945679999999999836e+02, 8.675929999999999476e-01
9.945850000000000364e+02, 5.557689999999999575e-01
9.946009999999999991e+02, -6.184589999999999810e-01
9.946180000000000518e+02, 6.465740000000000202e-03
9.946349999999999909e+02, 9.047290000000000054e-01
9.946509999999999536e+02, 6.819370000000000154e-01
9.946680000000000064e+02, -6.008869999999999489e-01
9.946849999999999454e+02, 1.349660000000000082e+00
9.947010000000000218e+02, -1.388090000000000046e+00
9.947179999999999609e+02, -3.577699999999999769e-01
9.947350000000000136e+02, -1.833740000000000092e-01
9.947509999999999764e+02, -3.669330000000000092e-01
9.947680000000000291e+02, 9.640579999999999705e-01
9.947849999999999682e+02, 6.284870000000000179e-01
9.948010000000000446e+02, 6.767490000000000450e-01
9.948179999999999836e+02, 1.382940000000000058e+00
9.948350000000000364e+02, -8.767629999999999868e-02
9.948509999999999991e+02, 6.607629999999999892e-01
9.948680000000000518e+02, 2.266269999999999951e-01
9.948849999999999909e+02, -2.432920000000000083e-01
9.949009999999999536e+02, -9.053480000000000416e-01
9.949180000000000064e+02, 2.619210000000000149e-01
9.949349999999999454e+02, -1.133440000000000003e+00
9.949510000000000218e+02, 3.310919999999999974e-01
9.949679999999999609e+02, -2.368860000000000132e-01
9.949850000000000136e+02, -8.284909999999999775e-01
9.950009999999999764e+02, 7.954210000000000447e-01
9.950180000000000291e+02, 1.576670000000000016e+00
9.950349999999999682e+02, 2.954419999999999824e-01
9.950510000000000446e+02, -2.359970000000000123e+00
9.950679999999999836e+02, -1.021779999999999911e+00
9.950850000000000364e+02, 1.146339999999999915e+00
9.951009999999999991e+02, 1.938479999999999981e+00
9.951180000000000518e+02, 1.244569999999999954e+00
9.951349999999999909e+02, -5.003819999999999935e-01
9.951509999999999536e+02, 1.662250000000000116e-01
9.951680000000000064e+02, -2.178609999999999991e-01
9.951849999999999454e+02, -1.732310000000000016e+00
9.952010000000000218e+02, 3.085019999999999984e-01
9.952179999999999609e+02, -4.528950000000000337e-02
9.952350000000000136e+02, -1.349259999999999904e+00
9.952509999999999764e+02, -6.586570000000000480e-01
9.952680000000000291e+02, 1.404439999999999911e+00
9.952849999999999682e+02, 1.624630000000000019e+00
9.953010000000000446e+02, 4.166119999999999823e-01
9.953179999999999836e+02, -1.355799999999999894e+00
9.953350000000000364e+02, 1.831800000000000095e-01
9.953509999999999991e+02, 6.698690000000000477e-01
9.953680000000000518e+02, 1.989880000000000093e+00
9.953849999999999909e+02, -1.181159999999999988e+00
9.954009999999999536e+02, -1.235589999999999966e+00
9.954180000000000064e+02, -7.048799999999999510e-01
9.954349999999999454e+02, -9.079289999999999861e-01
9.954510000000000218e+02, -1.975260000000000016e+00
9.954679999999999609e+02, -3.808720000000000161e-02
9.954850000000000136e+02, 1.124949999999999894e+00
9.955009999999999764e+02, 3.359120000000000161e-02
9.955180000000000291e+02, 1.007130000000000081e+00
9.955349999999999682e+02, 8.981400000000000494e-01
9.955510000000000446e+02, -1.301879999999999926e+00
9.955679999999999836e+02, -1.175200000000000022e+00
9.955850000000000364e+02, -1.012389999999999957e-01
9.956009999999999991e+02, 4.710110000000000130e-01
9.956180000000000518e+02, 4.886730000000000240e-01
9.956349999999999909e+02, -2.473380000000000134e+00
9.956509999999999536e+02, -1.542980000000000018e+00
9.956680000000000064e+02, -4.061270000000000158e-01
9.956849999999999454e+02, 2.806400000000000006e-01
9.957010000000000218e+02, 1.132160000000000055e+00
9.957179999999999609e+02, 4.076949999999999741e-01
9.957350000000000136e+02, 3.877740000000000076e-01
9.957509999999999764e+02, -5.107169999999999765e-01
9.957680000000000291e+02, -8.868780000000000552e-01
9.957849999999999682e+02, 6.501109999999999944e-01
9.958010000000000446e+02, 4.550740000000000340e-02
9.958179999999999836e+02, 7.071830000000000060e-01
9.958350000000000364e+02, 7.461149999999999727e-01
9.958509999999999991e+02, 3.583339999999999859e-01
9.958680000000000518e+02, 6.449380000000000113e-01
9.958849999999999909e+02, 3.954340000000000077e-01
9.959009999999999536e+02, -1.653889999999999874e-02
9.959180000000000064e+02, -4.410220000000000251e-01
9.959349999999999454e+02, -1.437980000000000036e+00
9.959510000000000218e+02, -1.502419999999999867e-01
9.959679999999999609e+02, 6.668509999999999716e-02
9.959850000000000136e+02, 8.111450000000000049e-01
9.960009999999999764e+02, 1.753060000000000063e+00
9.960180000000000291e+02, 1.621159999999999934e+00
9.960349999999999682e+02, -3.723330000000000251e-01
9.960510000000000446e+02, -1.738180000000000058e+00
9.960679999999999836e+02, -1.645899999999999919e+00
9.960850000000000364e+02, -8.349029999999999507e-01
9.961009999999999991e+02, 1.870479999999999920e-01
9.961180000000000518e+02, 1.188940000000000108e+00
9.961349999999999909e+02, 1.079830000000000068e+00
9.961509999999999536e+02, 1.063549999999999995e+00
9.961680000000000064e+02, 8.541129999999999556e-02
9.961849999999999454e+02, 1.160319999999999963e-01
9.962010000000000218e+02, 2.838820000000000232e-01
9.962179999999999609e+02, 2.236609999999999987e-01
9.962350000000000136e+02, 1.163750000000000062e-01
9.962509999999999764e+02, -1.478399999999999992e-01
9.962680000000000291e+02, 6.789270000000000027e-02
9.962849999999999682e+02, 4.503220000000000001e-01
9.963010000000000446e+02, 7.022869999999999946e-01
9.963179999999999836e+02, -9.981109999999999982e-02
9.963350000000000364e+02, 5.833770000000000344e-01
9.963509999999999991e+02, 1.601190000000000113e-01
9.963680000000000518e+02, 5.796470000000000233e-01
9.963849999999999909e+02, -1.320179999999999965e-01
9.964009999999999536e+02, -7.152340000000000364e-01
9.964180000000000064e+02, -3.019769999999999855e-04
9.964349999999999454e+02, -1.237100000000000005e-01
9.964510000000000218e+02, -7.349020000000000552e-01
9.964679999999999609e+02, -1.650779999999999914e+00
9.964850000000000136e+02, -4.824760000000000160e-01
9.965009999999999764e+02, -9.196680000000000410e-01
9.965180000000000291e+02, -4.750719999999999943e-01
9.965349999999999682e+02, 4.304100000000000148e-01
9.965510000000000446e+02, 9.989940000000000486e-01
9.965679999999999836e+02, -3.031590000000000118e-01
9.965850000000000364e+02, 5.275950000000000362e-01
9.966009999999999991e+02, 4.342660000000000270e-02
9.966180000000000518e+02, -7.490179999999999616e-01
9.966349999999999909e+02, -8.326149999999999940e-01
9.966509999999999536e+02, -1.275439999999999907e-01
9.966680000000000064e+02, -6.919239999999999835e-01
9.966849999999999454e+02, 9.124290000000000456e-01
9.967010000000000218e+02, 2.116179999999999950e+00
9.967179999999999609e+02, 2.032830000000000137e+00
9.967350000000000136e+02, 4.696119999999999739e-01
9.967509999999999764e+02, -4.902599999999999736e-01
9.967680000000000291e+02, 1.819260000000000044e-01
9.967849999999999682e+02, 3.465569999999999762e-02
9.968010000000000446e+02, 2.587269999999999848e-01
9.968179999999999836e+02, 7.309799999999999631e-01
9.968350000000000364e+02, -5.657910000000000023e-02
9.968509999999999991e+02, 1.548349999999999893e+00
9.968680000000000518e+02, 1.490680000000000005e+00
9.968849999999999909e+02, 3.543379999999999863e-01
9.969009999999999536e+02, -3.707429999999999892e-01
9.969180000000000064e+02, -6.309850000000000181e-01
9.969349999999999454e+02, -7.868960000000000399e-01
9.969510000000000218e+02, 4.054559999999999831e-01
9.969679999999999609e+02, -3.159290000000000154e-01
9.969850000000000136e+02, 1.350059999999999871e-01
9.970009999999999764e+02, -4.672290000000000054e-01
9.970180000000000291e+02, 2.358419999999999961e-01
9.970349999999999682e+02, 1.449660000000000115e-01
9.970510000000000446e+02, -9.615899999999999448e-01
9.970679999999999836e+02, 8.375660000000000327e-01
9.970850000000000364e+02, 5.791779999999999845e-03
9.971009999999999991e+02, 4.394680000000000253e-01
9.971180000000000518e+02, 4.695829999999999727e-01
9.971349999999999909e+02, -2.524660000000000237e-01
9.971509999999999536e+02, -6.210940000000000349e-01
9.971680000000000064e+02, 2.182669999999999888e-01
9.971849999999999454e+02, -3.445469999999999956e-03
9.972010000000000218e+02, -1.492220000000000102e+00
9.972179999999999609e+02, -1.453570000000000029e+00
9.972350000000000136e+02, -1.698649999999999993e+00
9.972509999999999764e+02, 7.634670000000000067e-01
9.972680000000000291e+02, 5.997989999999999711e-01
9.972849999999999682e+02, 6.756119999999999903e-01
9.973010000000000446e+02, 1.586130000000000040e+00
9.973179999999999836e+02, -1.063960000000000045e-01
9.973350000000000364e+02, 1.421370000000000133e-01
9.973509999999999991e+02, -1.007980000000000098e+00
9.973680000000000518e+02, -8.972420000000000395e-02
9.973849999999999909e+02, 5.510420000000000318e-01
9.974009999999999536e+02, -1.043619999999999992e+00
9.974180000000000064e+02, -8.835429999999999673e-02
9.974349999999999454e+02, 6.174840000000000328e-01
9.974510000000000218e+02, -2.155509999999999926e-01
9.974679999999999609e+02, -9.108399999999999830e-01
9.974850000000000136e+02, -1.233619999999999939e+00
9.975009999999999764e+02, -1.861119999999999997e-01
9.975180000000000291e+02, 6.262449999999999961e-02
9.975349999999999682e+02, 3.597250000000000170e-01
9.975510000000000446e+02, 7.379289999999999461e-01
9.975679999999999836e+02, 7.021810000000000551e-01
9.975850000000000364e+02, 9.861490000000000533e-02
9.976009999999999991e+02, 8.019279999999999742e-01
9.976180000000000518e+02, 9.257500000000000451e-02
9.976349999999999909e+02, -7.945799999999999530e-01
9.976509999999999536e+02, -1.636749999999999927e+00
9.976680000000000064e+02, -1.254520000000000080e+00
9.976849999999999454e+02, 2.185970000000000135e-01
9.977010000000000218e+02, 3.705439999999999845e-01
9.977179999999999609e+02, 1.265400000000000080e+00
9.977350000000000136e+02, 1.077439999999999953e+00
9.977509999999999764e+02, 3.954520000000000257e-01
9.977680000000000291e+02, 4.910399999999999765e-01
9.977849999999999682e+02, -1.038319999999999910e+00
9.978010000000000446e+02, 8.990489999999999593e-02
9.978179999999999836e+02, 9.700579999999999758e-01
9.978350000000000364e+02, 1.751989999999999936e+00
9.978509999999999991e+02, 1.743999999999999995e+00
9.978680000000000518e+02, -1.468399999999999983e-01
9.978849999999999909e+02, 1.098510000000000097e+00
9.979009999999999536e+02, 3.369110000000000160e-01
9.979180000000000064e+02, 8.242599999999999927e-01
9.979349999999999454e+02, 3.656260000000000066e-01
9.979510000000000218e+02, -3.340690000000000048e-01
9.979679999999999609e+02, -6.827659999999999840e-01
9.979850000000000136e+02, 8.148140000000000382e-01
9.980009999999999764e+02, 3.080559999999999965e-01
9.980180000000000291e+02, -4.027129999999999876e-01
9.980349999999999682e+02, -1.297739999999999894e+00
9.980510000000000446e+02, 9.625909999999999744e-01
9.980679999999999836e+02, -1.004850000000000021e+00
9.980850000000000364e+02, -4.286880000000000135e-01
9.981009999999999991e+02, -1.104840000000000044e+00
9.981180000000000518e+02, 5.482460000000000111e-01
9.981349999999999909e+02, 2.898080000000000100e-01
9.981509999999999536e+02, 4.828529999999999767e-01
9.981680000000000064e+02, -3.257929999999999993e-01
9.981849999999999454e+02, -8.387689999999999868e-01
9.982010000000000218e+02, -4.368960000000000066e-01
9.982179999999999609e+02, 1.787230000000000069e-02
9.982350000000000136e+02, -1.772019999999999845e-02
9.982509999999999764e+02, 4.872540000000000204e-01
9.982680000000000291e+02, -6.747389999999999777e-01
9.982849999999999682e+02, -1.204920000000000019e-01
9.983010000000000446e+02, 5.219369999999999843e-01
9.983179999999999836e+02, -2.396060000000000134e-01
9.983350000000000364e+02, -4.074260000000000104e-01
9.983509999999999991e+02, 7.663689999999999669e-01
9.983680000000000518e+02, 9.885260000000000158e-01
9.983849999999999909e+02, 3.987519999999999953e-01
9.984009999999999536e+02, -4.576219999999999732e-01
9.984180000000000064e+02, -3.391719999999999735e-01
9.984349999999999454e+02, -6.244279999999999969e-02
9.984510000000000218e+02, 1.817040000000000044e-01
9.984679999999999609e+02, -8.361319999999999864e-01
9.984850000000000136e+02, -6.918860000000000010e-01
9.985009999999999764e+02, -6.555919999999999526e-01
9.985180000000000291e+02, -9.465619999999999590e-02
9.985349999999999682e+02, -3.167150000000000243e-01
9.985510000000000446e+02, 3.995699999999999807e-01
9.985679999999999836e+02, -5.405389999999999917e-01
9.985850000000000364e+02, -1.171010000000000106e+00
9.986009999999999991e+02, -2.871040000000000258e-01
9.986180000000000518e+02, -4.600029999999999952e-01
9.986349999999999909e+02, 8.824319999999999942e-01
9.986509999999999536e+02, -2.273129999999999873e-01
9.986680000000000064e+02, -5.309439999999999715e-01
9.986849999999999454e+02, 5.537919999999999510e-01
9.987010000000000218e+02, 1.160459999999999964e-01
9.987179999999999609e+02, -2.007809999999999873e-01
9.987350000000000136e+02, -3.684729999999999950e-01
9.987509999999999764e+02, 5.138960000000000056e-02
9.987680000000000291e+02, 1.401019999999999932e+00
9.987849999999999682e+02, -9.372759999999999980e-01
9.988010000000000446e+02, -7.723440000000000305e-01
9.988179999999999836e+02, 1.389480000000000055e-02
9.988350000000000364e+02, -4.508759999999999990e-01
9.988509999999999991e+02, -2.648559999999999803e-01
9.988680000000000518e+02, 1.161399999999999932e-01
9.988849999999999909e+02, 1.578430000000000111e-01
9.989009999999999536e+02, 5.950220000000000509e-01
9.989180000000000064e+02, 1.702500000000000124e-01
9.989349999999999454e+02, -2.222339999999999871e-01
9.989510000000000218e+02, -4.428179999999999894e-01
9.989679999999999609e+02, -7.261710000000000109e-01
9.989850000000000136e+02, -7.446679999999999966e-02
9.990009999999999764e+02, 6.748210000000000042e-01
9.990180000000000291e+02, 5.851189999999999447e-01
9.990349999999999682e+02, 1.287349999999999994e+00
9.990510000000000446e+02, 5.483409999999999673e-01
9.990679999999999836e+02, 1.005889999999999951e+00
9.990850000000000364e+02, 5.057239999999999513e-01
9.991009999999999991e+02, 9.454620000000000246e-01
9.991180000000000518e+02, 1.431080000000000026e-02
9.991349999999999909e+02, -6.918699999999999850e-01
9.991509999999999536e+02, -1.868230000000000057e+00
9.991680000000000064e+02, -1.170830000000000037e+00
9.991849999999999454e+02, -4.579420000000000157e-01
9.992010000000000218e+02, 7.769610000000000405e-02
9.992179999999999609e+02, -8.017080000000000040e-02
9.992350000000000136e+02, -1.636950000000000072e-01
9.992509999999999764e+02, -5.020029999999999770e-01
9.992680000000000291e+02, -1.895139999999999880e-01
9.992849999999999682e+02, -7.948359999999999870e-01
9.993010000000000446e+02, 2.990249999999999853e-01
9.993179999999999836e+02, 2.605629999999999891e-01
9.993350000000000364e+02, -6.080860000000000154e-01
9.993509999999999991e+02, 2.861770000000000147e-01
9.993680000000000518e+02, -1.129089999999999927e+00
9.993849999999999909e+02, -4.939669999999999894e-01
9.994009999999999536e+02, 3.282869999999999955e-01
9.994180000000000064e+02, 2.449079999999999868e-01
9.994349999999999454e+02, -1.592449999999999977e-01
9.994510000000000218e+02, 1.835630000000000095e+00
9.994679999999999609e+02, -5.316699999999999759e-01
9.994850000000000136e+02, -5.063710000000000155e-01
9.995009999999999764e+02, -2.911980000000000124e-01
9.995180000000000291e+02, -1.103169999999999984e+00
9.995349999999999682e+02, -3.201950000000000074e-01
9.995510000000000446e+02, -3.479979999999999740e-01
9.995679999999999836e+02, 5.046319999999999695e-01
9.995850000000000364e+02, -1.333769999999999900e+00
9.996009999999999991e+02, 2.416969999999999952e-01
9.996180000000000518e+02, -8.754180000000000295e-01
9.996349999999999909e+02, -1.028210000000000068e+00
9.996509999999999536e+02, 1.535320000000000018e-01
9.996680000000000064e+02, 4.474859999999999949e-01
9.996849999999999454e+02, 1.389969999999999928e+00
9.997010000000000218e+02, 1.262450000000000072e+00
9.997179999999999609e+02, -8.711670000000000247e-01
9.997350000000000136e+02, -1.438059999999999894e-01
9.997509999999999764e+02, -9.655240000000000489e-01
9.997680000000000291e+02, -1.108139999999999903e+00
9.997849999999999682e+02, 1.110050000000000064e-01
9.998010000000000446e+02, 1.273460000000000036e+00
9.998179999999999836e+02, 8.579269999999999952e-01
9.998350000000000364e+02, 6.889189999999999481e-01
9.998509999999999991e+02, -2.860170000000000212e-01
9.998680000000000518e+02, -7.117580000000000018e-01
9.998849999999999909e+02, -3.520690000000000208e-01
9.999009999999999536e+02, 1.788580000000000059e+00
9.999180000000000064e+02, 9.314709999999999657e-02
9.999349999999999454e+02, -7.569430000000000325e-01
9.999510000000000218e+02, 1.663979999999999904e-01
9.999679999999999609e+02, 1.420560000000000045e+00
9.999850000000000136e+02, 7.401990000000000514e-01
1.000000000000000000e+03, -3.499160000000000048e-01
1.000019999999999982e+03, 6.581159999999999788e-02
1.000029999999999973e+03, 3.822499999999999787e-01
1.000049999999999955e+03, 1.812539999999999984e-01
1.000070000000000050e+03, -8.534380000000000299e-01
1.000080000000000041e+03, -1.174779999999999935e+00
1.000100000000000023e+03, 3.753480000000000150e-01
1.000120000000000005e+03, 1.135389999999999899e+00
1.000129999999999995e+03, 1.317089999999999927e-01
1.000149999999999977e+03, -4.206300000000000039e-01
1.000169999999999959e+03, 7.673080000000000178e-02
1.000179999999999950e+03, -3.801849999999999674e-02
1.000200000000000045e+03, -1.064859999999999918e+00
1.000220000000000027e+03, -8.754709999999999992e-01
1.000230000000000018e+03, 6.677929999999999700e-01
1.000250000000000000e+03, 7.688639999999999919e-01
1.000269999999999982e+03, 7.595049999999999857e-01
1.000279999999999973e+03, 1.076170000000000043e-01
1.000299999999999955e+03, -1.892560000000000076e-01
1.000320000000000050e+03, -6.728039999999999576e-01
1.000330000000000041e+03, -1.747230000000000061e+00
1.000350000000000023e+03, -1.084570000000000034e+00
1.000370000000000005e+03, 1.063989999999999991e+00
1.000379999999999995e+03, 7.027710000000000345e-01
1.000399999999999977e+03, 1.088710000000000067e+00
1.000419999999999959e+03, -4.043820000000000192e-01
1.000429999999999950e+03, 8.043559999999999599e-02
1.000450000000000045e+03, -6.349770000000000136e-01
1.000470000000000027e+03, -8.546989999999999865e-01
1.000480000000000018e+03, -8.067169999999999896e-02
1.000500000000000000e+03, 9.869890000000000052e-01
1.000519999999999982e+03, 6.150529999999999609e-01
1.000529999999999973e+03, -6.565370000000000372e-01
1.000549999999999955e+03, -5.159789999999999655e-01
1.000570000000000050e+03, 4.376530000000000142e-01
1.000580000000000041e+03, -3.736970000000000014e-01
1.000600000000000023e+03, 1.131070000000000020e+00
1.000620000000000005e+03, -4.711250000000000160e-01
1.000629999999999995e+03, -1.870759999999999923e-01
1.000649999999999977e+03, -7.617680000000000007e-01
1.000669999999999959e+03, 2.158550000000000052e-02
1.000679999999999950e+03, -6.471660000000000190e-01
1.000700000000000045e+03, -5.565250000000000058e-02
1.000720000000000027e+03, 1.136910000000000004e-01
1.000730000000000018e+03, 5.961670000000000164e-02
1.000750000000000000e+03, 1.163590000000000041e-01
1.000769999999999982e+03, 1.681219999999999937e-01
1.000779999999999973e+03, -2.888069999999999804e-01
1.000799999999999955e+03, 4.151299999999999990e-01
1.000820000000000050e+03, 2.257889999999999897e-01
1.000830000000000041e+03, 4.954549999999999926e-02
1.000850000000000023e+03, -3.645079999999999987e-01
1.000870000000000005e+03, 1.105010000000000048e+00
1.000879999999999995e+03, 3.729459999999999997e-01
1.000899999999999977e+03, 1.356200000000000072e+00
1.000919999999999959e+03, 2.731799999999999784e+00
1.000929999999999950e+03, 6.880849999999999467e-01
1.000950000000000045e+03, 4.026569999999999871e-01
1.000970000000000027e+03, -1.400449999999999973e+00
1.000980000000000018e+03, -6.661550000000000527e-01
1.001000000000000000e+03, -1.542329999999999979e+00
1.001019999999999982e+03, -8.411359999999999670e-02
1.001029999999999973e+03, 1.651489999999999903e+00
1.001049999999999955e+03, 2.023629999999999818e+00
1.001070000000000050e+03, 1.487020000000000008e+00
1.001080000000000041e+03, -1.163180000000000103e+00
1.001100000000000023e+03, -1.946779999999999899e-01
1.001120000000000005e+03, -7.483469999999999844e-01
1.001129999999999995e+03, -7.577350000000000474e-01
1.001149999999999977e+03, -4.399819999999999842e-01
1.001169999999999959e+03, -1.951289999999999969e-01
1.001179999999999950e+03, -6.302309999999999857e-01
1.001200000000000045e+03, 5.099299999999999944e-01
1.001220000000000027e+03, -2.463160000000000072e-01
1.001230000000000018e+03, -3.542150000000000021e-01
1.001250000000000000e+03, -1.172339999999999938e+00
1.001269999999999982e+03, 7.521719999999999795e-02
1.001279999999999973e+03, 3.178489999999999926e-01
1.001299999999999955e+03, -5.226039999999999575e-01
1.001320000000000050e+03, 7.923090000000000410e-01
1.001330000000000041e+03, 7.569230000000000125e-01
1.001350000000000023e+03, 3.191080000000000028e-01
1.001370000000000005e+03, 1.989090000000000025e-01
1.001379999999999995e+03, -5.527819999999999956e-01
1.001399999999999977e+03, -2.242659999999999931e-01
1.001419999999999959e+03, -7.529150000000000009e-01
1.001429999999999950e+03, 3.846740000000000159e-01
1.001450000000000045e+03, -6.261060000000000236e-02
1.001470000000000027e+03, 1.235580000000000012e-01
1.001480000000000018e+03, -5.936759999999999815e-01
1.001500000000000000e+03, 8.798000000000000265e-01
1.001519999999999982e+03, 1.159659999999999913e+00
1.001529999999999973e+03, 1.084340000000000082e+00
1.001549999999999955e+03, -2.515859999999999763e-01
1.001570000000000050e+03, 2.097640000000000060e-01
1.001580000000000041e+03, -5.461209999999999676e-01
1.001600000000000023e+03, -6.554370000000000474e-01
1.001620000000000005e+03, 3.094689999999999941e-02
1.001629999999999995e+03, -1.036939999999999973e+00
1.001649999999999977e+03, -9.527520000000000433e-01
1.001669999999999959e+03, -4.655159999999999854e-01
1.001679999999999950e+03, -1.130150000000000043e-01
1.001700000000000045e+03, 2.912109999999999976e-01
1.001720000000000027e+03, 2.129729999999999956e-01
1.001730000000000018e+03, 3.227749999999999786e-01
1.001750000000000000e+03, 5.401709999999999567e-01
1.001769999999999982e+03, -4.104240000000000110e-01
1.001779999999999973e+03, -2.852249999999999924e-02
1.001799999999999955e+03, 1.748480000000000034e+00
1.001820000000000050e+03, 4.651560000000000139e-01
1.001830000000000041e+03, -4.060770000000000213e-01
1.001850000000000023e+03, -1.046049999999999924e+00
1.001870000000000005e+03, -8.690259999999999652e-01
1.001879999999999995e+03, -8.338609999999999634e-01
1.001899999999999977e+03, -3.992379999999999818e-01
1.001919999999999959e+03, -4.247340000000000004e-01
1.001929999999999950e+03, 6.692730000000000068e-01
1.001950000000000045e+03, 3.552420000000000022e-01
1.001970000000000027e+03, -4.630580000000000251e-01
1.001980000000000018e+03, 6.992270000000000429e-01
1.002000000000000000e+03, -2.745690000000000075e-01
1.002019999999999982e+03, 4.389120000000000243e-01
1.002029999999999973e+03, 1.043290000000000051e+00
1.002049999999999955e+03, -7.772350000000000092e-01
1.002070000000000050e+03, 1.367050000000000098e+00
1.002080000000000041e+03, -1.937780000000000058e-02
1.002100000000000023e+03, -5.108070000000000110e-01
1.002120000000000005e+03, -1.330969999999999986e+00
1.002129999999999995e+03, -1.453170000000000017e-01
1.002149999999999977e+03, -8.401469999999999771e-01
1.002169999999999959e+03, 3.986609999999999876e-01
1.002179999999999950e+03, -1.023079999999999989e+00
1.002200000000000045e+03, 1.497309999999999919e+00
1.002220000000000027e+03, 4.828470000000000262e-01
1.002230000000000018e+03, 7.867610000000000436e-01
1.002250000000000000e+03, 1.287099999999999911e+00
1.002269999999999982e+03, -5.943429999999999547e-01
1.002279999999999973e+03, 4.672560000000000047e-01
1.002299999999999955e+03, 1.872020000000000073e-01
1.002320000000000050e+03, 1.802859999999999879e-02
1.002330000000000041e+03, 4.801050000000000040e-01
1.002350000000000023e+03, 4.026609999999999912e-01
1.002370000000000005e+03, -1.214390000000000053e-01
1.002379999999999995e+03, -5.828959999999999697e-01
1.002399999999999977e+03, -6.002859999999999863e-01
1.002419999999999959e+03, 1.302839999999999998e+00
1.002429999999999950e+03, 9.095980000000000176e-01
1.002450000000000045e+03, -9.258629999999999916e-01
1.002470000000000027e+03, -7.659810000000000230e-01
1.002480000000000018e+03, -1.407990000000000075e+00
1.002500000000000000e+03, -7.078689999999999705e-01
1.002519999999999982e+03, 3.773869999999999725e-01
1.002529999999999973e+03, 1.945589999999999931e+00
1.002549999999999955e+03, 9.364839999999999831e-01
1.002570000000000050e+03, 5.896820000000000395e-01
1.002580000000000041e+03, 2.336809999999999998e-01
1.002600000000000023e+03, -5.212849999999999984e-01
1.002620000000000005e+03, -7.305479999999999752e-01
1.002629999999999995e+03, -2.885329999999999839e-01
1.002649999999999977e+03, 7.859789999999999832e-02
1.002669999999999959e+03, 1.067579999999999973e+00
1.002679999999999950e+03, -2.951120000000000132e-02
1.002700000000000045e+03, 1.881990000000000052e-01
1.002720000000000027e+03, -7.223249999999999636e-03
1.002730000000000018e+03, 4.664949999999999930e-01
1.002750000000000000e+03, -5.200590000000000074e-02
1.002769999999999982e+03, 1.383650000000000047e+00
1.002779999999999973e+03, -3.290270000000000139e-01
1.002799999999999955e+03, -7.233079999999999510e-01
1.002820000000000050e+03, -7.466319999999999624e-01
1.002830000000000041e+03, 9.937190000000000190e-01
1.002850000000000023e+03, 6.871049999999999658e-01
1.002870000000000005e+03, 7.736429999999999696e-01
1.002879999999999995e+03, -1.101040000000000005e-02
1.002899999999999977e+03, -8.921430000000000193e-01
1.002919999999999959e+03, -4.997710000000000208e-01
1.002929999999999950e+03, 1.153000000000000025e+00
1.002950000000000045e+03, 1.079730000000000079e+00
1.002970000000000027e+03, -2.429290000000000060e-01
1.002980000000000018e+03, 4.831940000000000124e-01
1.003000000000000000e+03, 7.025419999999999998e-01
1.003019999999999982e+03, -2.098970000000000002e-02
1.003029999999999973e+03, -1.607920000000000016e+00
1.003049999999999955e+03, 1.436610000000000109e-01
1.003070000000000050e+03, 1.361829999999999985e-01
1.003080000000000041e+03, -1.702289999999999914e-01
1.003100000000000023e+03, -2.926599999999999757e-01
1.003120000000000005e+03, -1.053439999999999932e+00
1.003129999999999995e+03, -1.848180000000000101e-01
1.003149999999999977e+03, -3.887439999999999785e-01
1.003169999999999959e+03, -5.917510000000000270e-01
1.003179999999999950e+03, -1.085650000000000004e+00
1.003200000000000045e+03, -2.186569999999999903e-01
1.003220000000000027e+03, 5.152720000000000390e-03
1.003230000000000018e+03, -3.524249999999999883e-01
1.003250000000000000e+03, -1.225559999999999983e+00
1.003269999999999982e+03, -8.021530000000000049e-01
1.003279999999999973e+03, 3.270069999999999921e-02
1.003299999999999955e+03, -2.486399999999999999e-01
1.003320000000000050e+03, 1.268850000000000033e+00
1.003330000000000041e+03, 2.053550000000000098e-01
1.003350000000000023e+03, -2.746689999999999965e-01
1.003370000000000005e+03, 8.578999999999999959e-01
1.003379999999999995e+03, 9.356750000000000345e-01
1.003399999999999977e+03, -3.265200000000000047e-02
1.003419999999999959e+03, 3.112039999999999806e-01
1.003429999999999950e+03, 4.899930000000000119e-01
1.003450000000000045e+03, -6.791289999999999827e-01
1.003470000000000027e+03, -6.374279999999999946e-01
1.003480000000000018e+03, -5.942760000000000264e-01
1.003500000000000000e+03, 3.393780000000000130e-01
1.003519999999999982e+03, -3.410730000000000151e-01
1.003529999999999973e+03, 5.794310000000000294e-01
1.003549999999999955e+03, 8.337529999999999664e-01
1.003570000000000050e+03, 1.991189999999999904e-01
1.003580000000000041e+03, -1.086619999999999919e+00
1.003600000000000023e+03, -1.390069999999999917e-01
1.003620000000000005e+03, 4.914259999999999740e-01
1.003629999999999995e+03, -5.183050000000000157e-01
1.003649999999999977e+03, -1.632050000000000001e+00
1.003669999999999959e+03, 4.341059999999999919e-01
1.003679999999999950e+03, -6.292969999999999953e-01
1.003700000000000045e+03, -3.951370000000000160e-01
1.003720000000000027e+03, 9.302899999999999503e-01
1.003730000000000018e+03, 9.108720000000000150e-01
1.003750000000000000e+03, -4.177400000000000002e-01
1.003769999999999982e+03, -1.563819999999999932e-01
1.003779999999999973e+03, -8.110459999999999892e-02
1.003799999999999955e+03, -7.559090000000000531e-01
1.003820000000000050e+03, 4.790969999999999951e-01
1.003830000000000041e+03, 7.622210000000000374e-01
1.003850000000000023e+03, -9.293679999999999719e-01
1.003870000000000005e+03, -1.197339999999999932e-01
1.003879999999999995e+03, -6.819269999999999499e-01
1.003899999999999977e+03, 1.259609999999999896e+00
1.003919999999999959e+03, 5.482289999999999663e-01
1.003929999999999950e+03, 3.496130000000000071e-01
1.003950000000000045e+03, 7.424250000000000294e-02
1.003970000000000027e+03, 3.199409999999999754e-01
1.003980000000000018e+03, -1.410669999999999980e-01
1.004000000000000000e+03, 1.087960000000000038e-01
1.004019999999999982e+03, 7.477540000000000298e-01
1.004029999999999973e+03, 1.377129999999999965e+00
1.004049999999999955e+03, 1.222429999999999906e+00
1.004070000000000050e+03, -4.692370000000000152e-01
1.004080000000000041e+03, -7.746779999999999777e-01
1.004100000000000023e+03, -1.352609999999999923e-02
1.004120000000000005e+03, -8.540640000000000454e-01
1.004129999999999995e+03, 4.211570000000000036e-01
1.004149999999999977e+03, -4.118370000000000086e-01
1.004169999999999959e+03, 1.628149999999999986e+00
1.004179999999999950e+03, -3.296310000000000073e-01
1.004200000000000045e+03, -4.525020000000000153e-01
1.004220000000000027e+03, -1.690909999999999913e+00
1.004230000000000018e+03, 6.783019999999999605e-01
1.004250000000000000e+03, 1.261560000000000015e+00
1.004269999999999982e+03, 9.301080000000000458e-01
1.004279999999999973e+03, 1.925000000000000044e-01
1.004299999999999955e+03, -4.031319999999999903e-01
1.004320000000000050e+03, -6.767520000000000202e-01
1.004330000000000041e+03, 1.540399999999999929e-03
1.004350000000000023e+03, 1.065579999999999999e-01
1.004370000000000005e+03, -6.723190000000000000e-01
1.004379999999999995e+03, 1.125720000000000054e+00
1.004399999999999977e+03, 1.917520000000000058e-01
1.004419999999999959e+03, 1.367560000000000109e+00
1.004429999999999950e+03, 2.040089999999999959e-01
1.004450000000000045e+03, -2.434439999999999868e-02
1.004470000000000027e+03, 4.970140000000000113e-01
1.004480000000000018e+03, 2.661890000000000089e-01
1.004500000000000000e+03, -9.897859999999999991e-02
1.004519999999999982e+03, 8.095440000000000413e-01
1.004529999999999973e+03, 8.174120000000000275e-01
1.004549999999999955e+03, 1.346489999999999965e+00
1.004570000000000050e+03, 1.488379999999999981e-01
1.004580000000000041e+03, -1.497189999999999979e-02
1.004600000000000023e+03, -1.250229999999999952e-01
1.004620000000000005e+03, -9.297119999999999829e-01
1.004629999999999995e+03, 2.941699999999999871e-01
1.004649999999999977e+03, 2.621020000000000016e-01
1.004669999999999959e+03, -1.452139999999999986e+00
1.004679999999999950e+03, -4.440319999999999823e-01
1.004700000000000045e+03, -3.255680000000000240e-01
1.004720000000000027e+03, -5.665620000000000100e-01
1.004730000000000018e+03, -2.116909999999999903e-01
1.004750000000000000e+03, 1.358819999999999917e+00
1.004769999999999982e+03, -6.542850000000000055e-01
1.004779999999999973e+03, 3.795890000000000097e-01
1.004799999999999955e+03, 6.163929999999999687e-01
1.004820000000000050e+03, -7.856750000000000123e-01
1.004830000000000041e+03, 1.818659999999999943e+00
1.004850000000000023e+03, 3.490989999999999926e-01
1.004870000000000005e+03, 1.133939999999999948e+00
1.004879999999999995e+03, 5.749090000000000034e-01
1.004899999999999977e+03, 4.390970000000000151e-01
1.004919999999999959e+03, 9.281629999999999603e-01
1.004929999999999950e+03, 2.459419999999999940e-01
1.004950000000000045e+03, 7.553729999999999611e-01
1.004970000000000027e+03, 2.148539999999999894e-01
1.004980000000000018e+03, -9.622699999999999587e-01
1.005000000000000000e+03, 1.444099999999999939e+00
1.005019999999999982e+03, 2.547519999999999785e-01
1.005029999999999973e+03, 4.955970000000000097e-01
1.005049999999999955e+03, 5.959919999999999662e-01
1.005070000000000050e+03, -2.162329999999999863e+00
1.005080000000000041e+03, -1.073730000000000073e+00
1.005100000000000023e+03, -1.485960000000000059e-01
1.005120000000000005e+03, -7.815410000000000412e-01
1.005129999999999995e+03, 4.552359999999999740e-01
1.005149999999999977e+03, -1.722069999999999990e-01
1.005169999999999959e+03, -6.496969999999999690e-01
1.005179999999999950e+03, 7.721970000000000223e-01
1.005200000000000045e+03, -6.686729999999999619e-01
1.005220000000000027e+03, -5.197589999999999849e-02
1.005230000000000018e+03, 4.453889999999999794e-01
1.005250000000000000e+03, -5.907329999999999526e-01
1.005269999999999982e+03, -4.579920000000000102e-01
1.005279999999999973e+03, 1.733340000000000103e+00
1.005299999999999955e+03, 1.012910000000000060e-01
1.005320000000000050e+03, -6.209470000000000267e-01
1.005330000000000041e+03, -1.133819999999999967e-01
1.005350000000000023e+03, -1.269980000000000109e+00
1.005370000000000005e+03, 6.957790000000000363e-01
1.005379999999999995e+03, 7.539540000000000131e-01
1.005399999999999977e+03, 9.207009999999999916e-01
1.005419999999999959e+03, 4.389719999999999733e-01
1.005429999999999950e+03, -9.691210000000000102e-02
1.005450000000000045e+03, 4.270059999999999967e-01
1.005470000000000027e+03, -5.159489999999999910e-01
1.005480000000000018e+03, -1.954770000000000119e-01
1.005500000000000000e+03, -1.133659999999999890e+00
1.005519999999999982e+03, 1.019689999999999985e+00
1.005529999999999973e+03, -7.178060000000000551e-01
1.005549999999999955e+03, -1.716399999999999926e+00
1.005570000000000050e+03, 9.758790000000000520e-01
1.005580000000000041e+03, 1.399399999999999977e+00
1.005600000000000023e+03, 1.374949999999999894e+00
1.005620000000000005e+03, 1.657880000000000020e+00
1.005629999999999995e+03, -1.158809999999999979e-01
1.005649999999999977e+03, -6.784750000000000503e-01
1.005669999999999959e+03, 4.979959999999999942e-01
1.005679999999999950e+03, 3.494030000000000191e-01
1.005700000000000045e+03, 1.152779999999999916e+00
1.005720000000000027e+03, 7.782790000000000541e-01
1.005730000000000018e+03, 1.539020000000000110e-01
1.005750000000000000e+03, 2.948729999999999962e-01
1.005769999999999982e+03, 1.243480000000000002e-01
1.005779999999999973e+03, -1.397080000000000100e+00
1.005799999999999955e+03, 4.731620000000000270e-01
1.005820000000000050e+03, -5.941619999999999679e-01
1.005830000000000041e+03, 9.752929999999999933e-02
1.005850000000000023e+03, -1.431059999999999999e+00
1.005870000000000005e+03, -1.268140000000000045e+00
1.005879999999999995e+03, -2.512059999999999849e-01
1.005899999999999977e+03, 2.424600000000000088e-01
1.005919999999999959e+03, 1.310900000000000121e-01
1.005929999999999950e+03, 2.375020000000000131e+00
1.005950000000000045e+03, 9.626900000000000457e-01
1.005970000000000027e+03, -5.947719999999999674e-01
1.005980000000000018e+03, 5.001619999999999955e-01
1.006000000000000000e+03, -5.984479999999999800e-01
1.006019999999999982e+03, 9.626810000000000089e-01
1.006029999999999973e+03, 6.287009999999999543e-01
1.006049999999999955e+03, 1.182250000000000023e+00
1.006070000000000050e+03, -7.895879999999999566e-01
1.006080000000000041e+03, -2.144050000000000122e-01
1.006100000000000023e+03, 5.675639999999999574e-01
1.006120000000000005e+03, 4.239249999999999963e-01
1.006129999999999995e+03, -6.116939999999999600e-01
1.006149999999999977e+03, -5.192860000000000253e-01
1.006169999999999959e+03, -4.470930000000000182e-01
1.006179999999999950e+03, -1.098749999999999893e+00
1.006200000000000045e+03, -7.892310000000000159e-01
1.006220000000000027e+03, 1.632149999999999990e-01
1.006230000000000018e+03, -3.262410000000000032e-01
1.006250000000000000e+03, 1.775989999999999958e+00
1.006269999999999982e+03, 1.100459999999999994e+00
1.006279999999999973e+03, -5.074920000000000542e-01
1.006299999999999955e+03, -2.431790000000000063e-01
1.006320000000000050e+03, -8.104649999999999910e-01
1.006330000000000041e+03, -2.767419999999999880e-01
1.006350000000000023e+03, -6.405079999999999663e-01
1.006370000000000005e+03, -2.973609999999999864e-01
1.006379999999999995e+03, 2.311739999999999906e-01
1.006399999999999977e+03, -6.512019999999999476e-01
1.006419999999999959e+03, 1.179429999999999978e+00
1.006429999999999950e+03, 2.032490000000000130e-01
1.006450000000000045e+03, -1.232520000000000060e+00
1.006470000000000027e+03, -1.583320000000000061e+00
1.006480000000000018e+03, -1.172749999999999959e+00
1.006500000000000000e+03, 3.663899999999999796e-02
1.006519999999999982e+03, -5.429110000000000325e-01
1.006529999999999973e+03, -6.941570000000000240e-01
1.006549999999999955e+03, -8.366069999999999895e-01
1.006570000000000050e+03, 3.995059999999999722e-01
1.006580000000000041e+03, -3.219429999999999792e-01
1.006600000000000023e+03, -2.348909999999999887e-01
1.006620000000000005e+03, 1.229889999999999928e+00
1.006629999999999995e+03, 3.152860000000000107e-01
1.006649999999999977e+03, -4.088620000000000032e-01
1.006669999999999959e+03, 7.392680000000000362e-01
1.006679999999999950e+03, -8.154599999999999627e-01
1.006700000000000045e+03, -1.303719999999999990e+00
1.006720000000000027e+03, -7.814229999999999787e-01
1.006730000000000018e+03, 6.382679999999999465e-01
1.006750000000000000e+03, -5.252219999999999667e-01
1.006769999999999982e+03, 1.130970000000000031e+00
1.006779999999999973e+03, 2.495819999999999983e-01
1.006799999999999955e+03, 4.930910000000000154e-02
1.006820000000000050e+03, -1.205529999999999990e+00
1.006830000000000041e+03, 3.633750000000000036e-01
1.006850000000000023e+03, -5.828100000000000502e-01
1.006870000000000005e+03, 1.191050000000000025e-01
1.006879999999999995e+03, 4.490410000000000235e-01
1.006899999999999977e+03, 8.908190000000000552e-02
1.006919999999999959e+03, -1.692480000000000095e-01
1.006929999999999950e+03, 3.824960000000000027e-01
1.006950000000000045e+03, -1.081790000000000029e+00
1.006970000000000027e+03, 3.002799999999999914e-01
1.006980000000000018e+03, 6.268749999999999600e-01
1.007000000000000000e+03, 7.812069999999999848e-01
1.007019999999999982e+03, -2.569420000000000037e-01
1.007029999999999973e+03, -6.429019999999999735e-01
1.007049999999999955e+03, 9.774639999999999995e-01
1.007070000000000050e+03, 8.121699999999999475e-01
1.007080000000000041e+03, -1.694539999999999935e+00
1.007100000000000023e+03, -1.433540000000000036e+00
1.007120000000000005e+03, -2.449620000000000131e-01
1.007129999999999995e+03, 6.070160000000000000e-01
1.007149999999999977e+03, 1.216569999999999929e+00
1.007169999999999959e+03, 1.674239999999999895e-01
1.007179999999999950e+03, -8.685220000000000162e-01
1.007200000000000045e+03, -1.223910000000000053e+00
1.007220000000000027e+03, 8.006919999999999593e-01
1.007230000000000018e+03, -6.203459999999999530e-01
1.007250000000000000e+03, 2.371219999999999994e-01
1.007269999999999982e+03, -4.868689999999999962e-01
1.007279999999999973e+03, 1.012259999999999938e+00
1.007299999999999955e+03, 3.408869999999999956e-01
1.007320000000000050e+03, -1.613739999999999897e-01
1.007330000000000041e+03, -6.129620000000000068e-01
1.007350000000000023e+03, -8.030699999999999505e-01
1.007370000000000005e+03, 2.913129999999999886e-01
1.007379999999999995e+03, 5.187829999999999941e-01
1.007399999999999977e+03, -6.803930000000000256e-01
1.007419999999999959e+03, 4.109550000000000147e-01
1.007429999999999950e+03, -6.256159999999999499e-01
1.007450000000000045e+03, -1.616670000000000051e+00
1.007470000000000027e+03, -2.189649999999999874e+00
1.007480000000000018e+03, -4.884499999999999953e-01
1.007500000000000000e+03, 1.222869999999999902e+00
1.007519999999999982e+03, 4.214510000000000201e-01
1.007529999999999973e+03, 3.685689999999999800e-01
1.007549999999999955e+03, 7.581020000000000536e-01
1.007570000000000050e+03, 1.217670000000000030e+00
1.007580000000000041e+03, -6.835579999999999989e-01
1.007600000000000023e+03, 3.627750000000000141e-01
1.007620000000000005e+03, 4.457800000000000096e-01
1.007629999999999995e+03, 9.574500000000000233e-01
1.007649999999999977e+03, -2.775649999999999992e-02
1.007669999999999959e+03, -4.336789999999999812e-01
1.007679999999999950e+03, -8.804880000000000484e-01
1.007700000000000045e+03, -6.167439999999999728e-02
1.007720000000000027e+03, 9.174060000000000548e-01
1.007730000000000018e+03, -6.644060000000000521e-01
1.007750000000000000e+03, 1.475680000000000103e+00
1.007769999999999982e+03, 1.485249999999999959e+00
1.007779999999999973e+03, 8.275139999999999718e-01
1.007799999999999955e+03, -3.337679999999999814e-02
1.007820000000000050e+03, -8.032030000000000003e-01
1.007830000000000041e+03, 9.063099999999999490e-01
1.007850000000000023e+03, 1.124319999999999986e+00
1.007870000000000005e+03, 1.472229999999999928e-01
1.007879999999999995e+03, -9.723450000000000149e-02
1.007899999999999977e+03, -5.406229999999999647e-01
1.007919999999999959e+03, -1.121280000000000054e+00
1.007929999999999950e+03, -2.147310000000000052e+00
1.007950000000000045e+03, -2.764140000000000000e-02
1.007970000000000027e+03, 3.584089999999999776e-01
1.007980000000000018e+03, 6.650500000000000300e-01
1.008000000000000000e+03, 2.374410000000000062e-02
1.008019999999999982e+03, 1.943529999999999980e-01
1.008029999999999973e+03, -4.319859999999999672e-02
1.008049999999999955e+03, 6.173309999999999631e-01
1.008070000000000050e+03, -3.130370000000000097e-01
1.008080000000000041e+03, -7.569660000000000277e-01
1.008100000000000023e+03, -1.508410000000000029e+00
1.008120000000000005e+03, 7.351639999999999564e-02
1.008129999999999995e+03, 7.795039999999999747e-01
1.008149999999999977e+03, 8.337550000000000239e-01
1.008169999999999959e+03, -1.891270000000000007e+00
1.008179999999999950e+03, 1.251719999999999944e+00
1.008200000000000045e+03, 1.530140000000000056e+00
1.008220000000000027e+03, 8.935990000000000322e-01
1.008230000000000018e+03, -1.550510000000000055e+00
1.008250000000000000e+03, 2.315069999999999906e-01
1.008269999999999982e+03, 4.264999999999999902e-01
1.008279999999999973e+03, -1.477489999999999915e-01
1.008299999999999955e+03, 1.836919999999999942e-01
1.008320000000000050e+03, 4.337359999999999827e-02
1.008330000000000041e+03, -2.402279999999999971e-01
1.008350000000000023e+03, -4.506649999999999823e-01
1.008370000000000005e+03, -3.490449999999999942e-01
1.008379999999999995e+03, 6.958760000000000501e-01
1.008399999999999977e+03, 7.469489999999999741e-01
1.008419999999999959e+03, 8.577970000000000039e-02
1.008429999999999950e+03, -7.271429999999999561e-02
1.008450000000000045e+03, 1.434509999999999952e+00
1.008470000000000027e+03, 2.877689999999999970e-01
1.008480000000000018e+03, 1.036070000000000046e+00
1.008500000000000000e+03, -9.751969999999999805e-01
1.008519999999999982e+03, -1.104740000000000055e+00
1.008529999999999973e+03, -7.169159999999999977e-01
1.008549999999999955e+03, 2.033089999999999897e-01
1.008570000000000050e+03, 1.683860000000000079e-01
1.008580000000000041e+03, -3.096180000000000043e-01
1.008600000000000023e+03, -4.696589999999999931e-01
1.008620000000000005e+03, 1.117380000000000040e+00
1.008629999999999995e+03, -2.064130000000000020e+00
1.008649999999999977e+03, 2.273100000000000120e-01
1.008669999999999959e+03, -5.390709999999999946e-02
1.008679999999999950e+03, 8.212120000000000530e-02
1.008700000000000045e+03, 2.957850000000000201e-01
1.008720000000000027e+03, -1.758350000000000080e+00
1.008730000000000018e+03, 4.959689999999999932e-01
1.008750000000000000e+03, 1.596450000000000091e-01
1.008769999999999982e+03, 1.049479999999999968e+00
1.008779999999999973e+03, -6.010739999999999972e-01
1.008799999999999955e+03, -8.146430000000000060e-01
1.008820000000000050e+03, -1.077960000000000029e+00
1.008830000000000041e+03, 2.128309999999999924e-01
1.008850000000000023e+03, 1.930109999999999881e-01
1.008870000000000005e+03, 1.544999999999999984e-01
1.008879999999999995e+03, -9.774169999999999803e-01
1.008899999999999977e+03, 1.772990000000000121e-01
1.008919999999999959e+03, -1.201799999999999952e-01
1.008929999999999950e+03, 4.243339999999999890e-01
1.008950000000000045e+03, -2.158299999999999941e-01
1.008970000000000027e+03, 3.783969999999999834e-01
1.008980000000000018e+03, -1.134949999999999987e-01
1.009000000000000000e+03, -1.426960000000000006e+00
1.009019999999999982e+03, -3.025109999999999744e-01
1.009029999999999973e+03, -2.651890000000000081e-01
1.009049999999999955e+03, 1.267600000000000116e-01
1.009070000000000050e+03, 3.854480000000000128e-01
1.009080000000000041e+03, 2.898560000000000025e-01
1.009100000000000023e+03, -2.210709999999999897e-01
1.009120000000000005e+03, 1.123029999999999973e+00
1.009129999999999995e+03, 1.410190000000000055e+00
1.009149999999999977e+03, -9.912900000000000045e-01
1.009169999999999959e+03, 1.548489999999999867e-01
1.009179999999999950e+03, -4.291789999999999772e-01
1.009200000000000045e+03, 6.811559999999999837e-01
1.009220000000000027e+03, 2.053290000000000060e+00
1.009230000000000018e+03, 9.167520000000000113e-01
1.009250000000000000e+03, -6.138299999999999867e-01
1.009269999999999982e+03, -7.911380000000000079e-01
1.009279999999999973e+03, 7.068159999999999998e-01
1.009299999999999955e+03, -7.087369999999999504e-01
1.009320000000000050e+03, -9.893960000000000532e-01
1.009330000000000041e+03, 4.607410000000000116e-01
1.009350000000000023e+03, -3.665089999999999737e-01
1.009370000000000005e+03, -1.093419999999999948e-01
1.009379999999999995e+03, 1.041390000000000038e+00
1.009399999999999977e+03, -3.751740000000000075e-01
1.009419999999999959e+03, -9.350490000000000190e-01
1.009429999999999950e+03, -1.905429999999999957e+00
1.009450000000000045e+03, 6.640549999999999509e-01
1.009470000000000027e+03, 9.824089999999999767e-01
1.009480000000000018e+03, 1.273679999999999923e+00
1.009500000000000000e+03, -1.732849999999999946e-01
1.009519999999999982e+03, -6.437120000000000168e-03
1.009529999999999973e+03, 7.056599999999999540e-01
1.009549999999999955e+03, -6.710560000000000136e-02
1.009570000000000050e+03, -1.147999999999999993e-01
1.009580000000000041e+03, 5.915629999999999500e-01
1.009600000000000023e+03, 7.003260000000000041e-02
1.009620000000000005e+03, -1.009980000000000100e+00
1.009629999999999995e+03, -4.571790000000000020e-01
1.009649999999999977e+03, -1.270000000000000018e+00
1.009669999999999959e+03, 1.582889999999999908e+00
1.009679999999999950e+03, 1.424080000000000013e+00
1.009700000000000045e+03, -2.348619999999999874e-01
1.009720000000000027e+03, -1.666050000000000031e+00
1.009730000000000018e+03, -4.871690000000000187e-01
1.009750000000000000e+03, -9.668860000000000232e-01
1.009769999999999982e+03, 7.895640000000000436e-01
1.009779999999999973e+03, 1.790739999999999998e+00
1.009799999999999955e+03, 3.967040000000000011e-01
1.009820000000000050e+03, 7.059569999999999457e-01
1.009830000000000041e+03, -1.436580000000000079e-01
1.009850000000000023e+03, 6.362210000000000365e-01
1.009870000000000005e+03, -5.853460000000000329e-01
1.009879999999999995e+03, -1.179799999999999960e+00
1.009899999999999977e+03, 3.386190000000000033e-01
1.009919999999999959e+03, -2.361790000000000000e-01
1.009929999999999950e+03, -2.650399999999999978e-01
1.009950000000000045e+03, -7.618510000000000559e-02
1.009970000000000027e+03, 8.596989999999999910e-01
1.009980000000000018e+03, -3.497060000000000168e-01
1.010000000000000000e+03, -7.892989999999999728e-01
1.010019999999999982e+03, -2.824300000000000144e-01
1.010029999999999973e+03, 4.877569999999999961e-01
1.010049999999999955e+03, -1.581819999999999893e-01
1.010070000000000050e+03, -4.761909999999999754e-01
1.010080000000000041e+03, -6.040790000000000326e-01
1.010100000000000023e+03, -1.523470000000000102e+00
1.010120000000000005e+03, -9.359290000000000109e-01
1.010129999999999995e+03, 1.460660000000000069e+00
1.010149999999999977e+03, -8.748789999999999345e-02
1.010169999999999959e+03, 3.072309999999999763e-01
1.010179999999999950e+03, -3.168980000000000130e-01
1.010200000000000045e+03, -4.124030000000000057e-02
1.010220000000000027e+03, -1.383040000000000047e+00
1.010230000000000018e+03, 9.039260000000000350e-02
1.010250000000000000e+03, -2.062440000000000107e-01
1.010269999999999982e+03, 1.465009999999999923e-01
1.010279999999999973e+03, -5.954230000000000356e-01
1.010299999999999955e+03, -6.689380000000000326e-01
1.010320000000000050e+03, 5.132290000000000463e-01
1.010330000000000041e+03, 2.482810000000000017e-01
1.010350000000000023e+03, -2.053650000000000198e+00
1.010370000000000005e+03, -1.377529999999999921e+00
1.010379999999999995e+03, -1.716529999999999889e+00
1.010399999999999977e+03, -6.818030000000000479e-01
1.010419999999999959e+03, 1.682490000000000041e+00
1.010429999999999950e+03, 2.122970000000000024e+00
1.010450000000000045e+03, 1.334719999999999906e+00
1.010470000000000027e+03, 7.966239999999999988e-01
1.010480000000000018e+03, -1.239900000000000002e+00
1.010500000000000000e+03, -1.050680000000000058e+00
1.010519999999999982e+03, -7.122380000000000377e-01
1.010529999999999973e+03, 1.471309999999999896e+00
1.010549999999999955e+03, 4.791779999999999928e-01
1.010570000000000050e+03, -5.543460000000000054e-01
1.010580000000000041e+03, 7.928600000000000092e-01
1.010600000000000023e+03, -4.497280000000000166e-01
1.010620000000000005e+03, 3.358970000000000011e-01
1.010629999999999995e+03, 1.007549999999999946e+00
1.010649999999999977e+03, -3.553799999999999737e-01
1.010669999999999959e+03, -1.421779999999999988e-01
1.010679999999999950e+03, -2.345569999999999947e-02
1.010700000000000045e+03, -5.121050000000000324e-01
1.010720000000000027e+03, 1.261430000000000051e+00
1.010730000000000018e+03, 1.038240000000000052e+00
1.010750000000000000e+03, -7.064660000000000384e-02
1.010769999999999982e+03, -2.153680000000000039e+00
1.010779999999999973e+03, 3.916959999999999886e-01
1.010799999999999955e+03, -4.997780000000000000e-01
1.010820000000000050e+03, 6.912970000000000226e-02
1.010830000000000041e+03, -3.138780000000000042e-02
1.010850000000000023e+03, -4.324890000000000123e-01
1.010870000000000005e+03, -3.831570000000000253e-01
1.010879999999999995e+03, 5.096309999999999452e-01
1.010899999999999977e+03, -8.328220000000000067e-02
1.010919999999999959e+03, 7.215019999999999767e-01
1.010929999999999950e+03, 1.233810000000000073e+00
1.010950000000000045e+03, -2.009380000000000055e-01
1.010970000000000027e+03, 3.988430000000000031e-01
1.010980000000000018e+03, -3.469450000000000034e-01
1.011000000000000000e+03, -9.514110000000000067e-01
1.011019999999999982e+03, 5.902190000000000492e-01
1.011029999999999973e+03, 2.958979999999999944e-01
1.011049999999999955e+03, 9.962069999999999537e-01
1.011070000000000050e+03, -5.892230000000000523e-01
1.011080000000000041e+03, -7.671850000000000058e-01
1.011100000000000023e+03, -3.900660000000000238e-01
1.011120000000000005e+03, 8.682330000000000325e-01
1.011129999999999995e+03, 5.249359999999999582e-01
1.011149999999999977e+03, -2.066409999999999914e-01
1.011169999999999959e+03, -4.193189999999999973e-01
1.011179999999999950e+03, 6.539209999999999745e-01
1.011200000000000045e+03, 4.349469999999999725e-01
1.011220000000000027e+03, 1.313039999999999985e+00
1.011230000000000018e+03, -3.122780000000000000e-01
1.011250000000000000e+03, 3.150270000000000015e-01
1.011269999999999982e+03, -6.841739999999999489e-01
1.011279999999999973e+03, -1.660080000000000000e+00
1.011299999999999955e+03, -1.088430000000000009e+00
1.011320000000000050e+03, -5.912160000000000332e-02
1.011330000000000041e+03, -4.723899999999999766e-01
1.011350000000000023e+03, 7.793170000000000375e-01
1.011370000000000005e+03, 4.541990000000000194e-01
1.011379999999999995e+03, 5.945219999999999949e-01
1.011399999999999977e+03, -6.756199999999999983e-01
1.011419999999999959e+03, 4.360080000000000205e-02
1.011429999999999950e+03, 2.220699999999999896e-01
1.011450000000000045e+03, -6.642040000000000166e-01
1.011470000000000027e+03, 1.862229999999999996e-01
1.011480000000000018e+03, -4.024750000000000272e-01
1.011500000000000000e+03, -1.481250000000000067e-01
1.011519999999999982e+03, 9.600589999999999957e-01
1.011529999999999973e+03, 3.660740000000000105e-01
1.011549999999999955e+03, 3.289090000000000069e-01
1.011570000000000050e+03, 1.111980000000000086e-02
1.011580000000000041e+03, 9.337929999999999842e-01
1.011600000000000023e+03, 3.099720000000000253e-01
1.011620000000000005e+03, -3.123949999999999991e-02
1.011629999999999995e+03, -5.296600000000000197e-01
1.011649999999999977e+03, 1.316619999999999902e+00
1.011669999999999959e+03, 4.596480000000000010e-01
1.011679999999999950e+03, -3.229600000000000248e-01
1.011700000000000045e+03, -9.450079999999999592e-01
1.011720000000000027e+03, -5.727339999999999653e-01
1.011730000000000018e+03, -1.036119999999999958e-01
1.011750000000000000e+03, 3.700559999999999961e-01
1.011769999999999982e+03, -1.092359999999999998e+00
1.011779999999999973e+03, -1.808680000000000010e-01
1.011799999999999955e+03, 7.627479999999999816e-01
1.011820000000000050e+03, 7.966560000000000308e-01
1.011830000000000041e+03, 4.234249999999999958e-01
1.011850000000000023e+03, -1.793369999999999964e-01
1.011870000000000005e+03, -1.872099999999999875e-01
1.011879999999999995e+03, 3.869170000000000109e-01
1.011899999999999977e+03, -9.458539999999999726e-01
1.011919999999999959e+03, -1.585439999999999960e+00
1.011929999999999950e+03, -1.512660000000000116e-01
1.011950000000000045e+03, 5.346819999999999906e-01
1.011970000000000027e+03, -1.446919999999999873e-01
1.011980000000000018e+03, 4.646930000000000227e-01
1.012000000000000000e+03, 1.353469999999999951e+00
1.012019999999999982e+03, -1.353369999999999920e-02
1.012029999999999973e+03, -6.330249999999999766e-02
1.012049999999999955e+03, -1.222169999999999979e+00
1.012070000000000050e+03, -5.510319999999999663e-01
1.012080000000000041e+03, -4.793089999999999851e-01
1.012100000000000023e+03, -3.127559999999999785e-01
1.012120000000000005e+03, 1.645750000000000046e+00
1.012129999999999995e+03, 5.832690000000000374e-01
1.012149999999999977e+03, -6.970239999999999769e-01
1.012169999999999959e+03, -1.255009999999999959e+00
1.012179999999999950e+03, -8.158410000000000384e-01
1.012200000000000045e+03, 6.057700000000000307e-01
1.012220000000000027e+03, 9.407090000000000174e-01
1.012230000000000018e+03, -1.015509999999999913e+00
1.012250000000000000e+03, -8.457440000000000513e-01
1.012269999999999982e+03, 6.673259999999999748e-01
1.012279999999999973e+03, 5.257380000000000386e-01
1.012299999999999955e+03, -1.110939999999999983e-01
1.012320000000000050e+03, -6.105720000000000036e-01
1.012330000000000041e+03, -1.232799999999999896e+00
1.012350000000000023e+03, 7.674809999999999688e-01
1.012370000000000005e+03, 2.063520000000000021e+00
1.012379999999999995e+03, 9.162900000000000489e-01
1.012399999999999977e+03, -4.392420000000000213e-01
1.012419999999999959e+03, -1.083499999999999908e+00
1.012429999999999950e+03, 2.849619999999999931e-01
1.012450000000000045e+03, -2.922339999999999938e-01
1.012470000000000027e+03, -4.513539999999999774e-01
1.012480000000000018e+03, -1.696640000000000092e-01
1.012500000000000000e+03, -1.605439999999999978e+00
1.012519999999999982e+03, -2.029680000000000095e-01
1.012529999999999973e+03, -7.247080000000000188e-02
1.012549999999999955e+03, 4.098840000000000122e-02
1.012570000000000050e+03, 6.865900000000000336e-01
1.012580000000000041e+03, 3.185029999999999806e-01
1.012600000000000023e+03, -8.263519999999999754e-01
1.012620000000000005e+03, -5.140259999999999829e-01
1.012629999999999995e+03, -1.055350000000000010e+00
1.012649999999999977e+03, 7.935280000000000111e-01
1.012669999999999959e+03, 3.807630000000000181e-01
1.012679999999999950e+03, 1.516180000000000083e+00
1.012700000000000045e+03, 5.046589999999999687e-01
1.012720000000000027e+03, -1.151110000000000050e-01
1.012730000000000018e+03, -5.972579999999999556e-01
1.012750000000000000e+03, -1.399950000000000083e-01
1.012769999999999982e+03, -1.385059999999999958e+00
1.012779999999999973e+03, -1.608580000000000079e-02
1.012799999999999955e+03, 1.074740000000000029e+00
1.012820000000000050e+03, 1.084659999999999958e+00
1.012830000000000041e+03, 1.253479999999999928e+00
1.012850000000000023e+03, 2.594620000000000259e-01
1.012870000000000005e+03, 2.486240000000000117e-01
1.012879999999999995e+03, -1.486040000000000028e+00
1.012899999999999977e+03, -1.790240000000000054e+00
1.012919999999999959e+03, -6.919450000000000323e-01
1.012929999999999950e+03, 5.057150000000000256e-01
1.012950000000000045e+03, 3.507489999999999775e-01
1.012970000000000027e+03, 6.702019999999999644e-01
1.012980000000000018e+03, -1.002099999999999991e+00
1.013000000000000000e+03, -6.175270000000000481e-01
1.013019999999999982e+03, -1.274909999999999988e+00
1.013029999999999973e+03, 5.115159999999999707e-01
1.013049999999999955e+03, 1.192220000000000057e+00
1.013070000000000050e+03, 4.220720000000000027e-01
1.013080000000000041e+03, 4.204890000000000017e-01
1.013100000000000023e+03, 1.464439999999999908e-01
1.013120000000000005e+03, 1.963740000000000041e+00
1.013129999999999995e+03, 4.775390000000000190e-02
1.013149999999999977e+03, 2.620600000000000152e-01
1.013169999999999959e+03, -6.914979999999999460e-01
1.013179999999999950e+03, -1.009660000000000002e-01
1.013200000000000045e+03, 1.382740000000000080e+00
1.013220000000000027e+03, 8.513570000000000304e-01
1.013230000000000018e+03, 5.052020000000000399e-01
1.013250000000000000e+03, 7.486840000000000162e-01
1.013269999999999982e+03, -1.338770000000000016e+00
1.013279999999999973e+03, -2.771509999999999807e-01
1.013299999999999955e+03, 5.127650000000000263e-01
1.013320000000000050e+03, 3.805649999999999866e-01
1.013330000000000041e+03, 3.715160000000000129e-01
1.013350000000000023e+03, -9.469180000000000375e-01
1.013370000000000005e+03, -9.700560000000000294e-01
1.013379999999999995e+03, -4.323089999999999988e-01
1.013399999999999977e+03, 8.726110000000000255e-01
1.013419999999999959e+03, 1.786629999999999885e-01
1.013429999999999950e+03, -4.007220000000000226e-01
1.013450000000000045e+03, 3.739069999999999894e-02
1.013470000000000027e+03, -1.265989999999999997e-02
1.013480000000000018e+03, 1.019290000000000029e+00
1.013500000000000000e+03, 1.893630000000000035e-01
1.013519999999999982e+03, -8.734730000000000549e-01
1.013529999999999973e+03, -9.795030000000000125e-01
1.013549999999999955e+03, -4.753930000000000100e-01
1.013570000000000050e+03, -5.043579999999999730e-01
1.013580000000000041e+03, -4.056150000000000033e-01
1.013600000000000023e+03, 9.631669999999999954e-01
1.013620000000000005e+03, 5.577260000000000550e-01
1.013629999999999995e+03, 3.499590000000000201e-01
1.013649999999999977e+03, 3.450480000000000214e-01
1.013669999999999959e+03, 8.095849999999999991e-01
1.013679999999999950e+03, 4.326200000000000045e-01
1.013700000000000045e+03, -2.092849999999999877e+00
1.013720000000000027e+03, -4.378500000000000170e-01
1.013730000000000018e+03, -1.221449999999999925e+00
1.013750000000000000e+03, 3.835990000000000233e-01
1.013769999999999982e+03, 4.444879999999999942e-01
1.013779999999999973e+03, 3.072520000000000251e-01
1.013799999999999955e+03, -2.579219999999999846e-01
1.013820000000000050e+03, -2.444679999999999909e-01
1.013830000000000041e+03, 5.260569999999999968e-01
1.013850000000000023e+03, 4.152490000000000001e-03
1.013870000000000005e+03, -1.774719999999999909e-01
1.013879999999999995e+03, 2.091439999999999966e-01
1.013899999999999977e+03, -1.918630000000000058e+00
1.013919999999999959e+03, -3.488080000000000347e-02
1.013929999999999950e+03, 5.951959999999999473e-01
1.013950000000000045e+03, 9.226259999999999462e-01
1.013970000000000027e+03, 1.334240000000000093e+00
1.013980000000000018e+03, 2.297190000000000065e-01
1.014000000000000000e+03, -4.703240000000000198e-01
1.014019999999999982e+03, -5.502040000000000264e-01
1.014029999999999973e+03, -1.294720000000000093e+00
1.014049999999999955e+03, 4.022620000000000084e-01
1.014070000000000050e+03, -2.342069999999999985e-01
1.014080000000000041e+03, 9.885450000000000070e-01
1.014100000000000023e+03, 7.671689999999999898e-01
1.014120000000000005e+03, 3.141229999999999856e-01
1.014129999999999995e+03, -4.322280000000000011e-01
1.014149999999999977e+03, -9.955880000000000285e-01
1.014169999999999959e+03, -1.880169999999999897e-01
1.014179999999999950e+03, 7.191640000000000532e-02
1.014200000000000045e+03, 3.003910000000000191e-01
1.014220000000000027e+03, 3.595559999999999728e-02
1.014230000000000018e+03, 6.192729999999999624e-01
1.014250000000000000e+03, 2.206170000000000075e-01
1.014269999999999982e+03, 1.179929999999999923e+00
1.014279999999999973e+03, -4.782420000000000004e-01
1.014299999999999955e+03, 1.802030000000000021e+00
1.014320000000000050e+03, 1.426570000000000060e-01
1.014330000000000041e+03, 5.122790000000000399e-01
1.014350000000000023e+03, 1.830289999999999973e+00
1.014370000000000005e+03, -8.167870000000000408e-01
1.014379999999999995e+03, 7.531529999999999614e-01
1.014399999999999977e+03, -2.731720000000000259e-01
1.014419999999999959e+03, 6.296969999999999512e-01
1.014429999999999950e+03, -7.243199999999999639e-01
1.014450000000000045e+03, -2.038360000000000172e-02
1.014470000000000027e+03, -4.859359999999999791e-01
1.014480000000000018e+03, 1.212259999999999893e+00
1.014500000000000000e+03, 2.438049999999999939e-01
1.014519999999999982e+03, 6.073659999999999823e-03
1.014529999999999973e+03, -5.466809999999999725e-01
1.014549999999999955e+03, 6.833010000000000472e-01
1.014570000000000050e+03, -4.331369999999999665e-02
1.014580000000000041e+03, 1.358590000000000075e-01
1.014600000000000023e+03, 2.036999999999999922e+00
1.014620000000000005e+03, 1.368949999999999889e+00
1.014629999999999995e+03, -1.395070000000000032e+00
1.014649999999999977e+03, -2.346380000000000132e-01
1.014669999999999959e+03, -1.599220000000000086e+00
1.014679999999999950e+03, -2.336880000000000068e-01
1.014700000000000045e+03, -2.970070000000000210e-01
1.014720000000000027e+03, -6.381109999999999838e-01
1.014730000000000018e+03, -9.519389999999999796e-02
1.014750000000000000e+03, -3.641260000000000052e-01
1.014769999999999982e+03, -5.183980000000000254e-01
1.014779999999999973e+03, 1.349520000000000053e+00
1.014799999999999955e+03, 9.745730000000000226e-01
1.014820000000000050e+03, 1.510410000000000030e+00
1.014830000000000041e+03, 2.874439999999999773e-01
1.014850000000000023e+03, -1.281570000000000098e+00
1.014870000000000005e+03, 4.789970000000000061e-01
1.014879999999999995e+03, 2.181929999999999981e-01
1.014899999999999977e+03, 4.723089999999999788e-01
1.014919999999999959e+03, -6.440639999999999699e-01
1.014929999999999950e+03, -1.253169999999999895e+00
1.014950000000000045e+03, 1.019660000000000011e-01
1.014970000000000027e+03, 1.551970000000000072e+00
1.014980000000000018e+03, 5.445779999999999892e-03
1.015000000000000000e+03, -1.131149999999999933e-01
1.015019999999999982e+03, 5.596249999999999836e-02
1.015029999999999973e+03, -6.201889999999999903e-01
1.015049999999999955e+03, -8.113489999999999869e-01
1.015070000000000050e+03, -9.129030000000000200e-01
1.015080000000000041e+03, 4.416280000000000205e-01
1.015100000000000023e+03, 4.205119999999999969e-01
1.015120000000000005e+03, -1.924099999999999977e-01
1.015129999999999995e+03, -3.411069999999999935e-01
1.015149999999999977e+03, -8.371129999999999960e-01
1.015169999999999959e+03, 9.066739999999999799e-01
1.015179999999999950e+03, -3.057219999999999938e-01
1.015200000000000045e+03, -7.359999999999999876e-01
1.015220000000000027e+03, -3.503720000000000168e-01
1.015230000000000018e+03, -1.978769999999999973e-01
1.015250000000000000e+03, 2.132660000000000000e+00
1.015269999999999982e+03, -6.510200000000000431e-01
1.015279999999999973e+03, -5.181759999999999838e-02
1.015299999999999955e+03, -1.204460000000000086e+00
1.015320000000000050e+03, -6.341299999999999715e-01
1.015330000000000041e+03, 2.498660000000000048e-01
1.015350000000000023e+03, 7.583370000000000388e-01
1.015370000000000005e+03, -5.017580000000000373e-01
1.015379999999999995e+03, -5.025399999999999867e-01
1.015399999999999977e+03, -7.819559999999999844e-01
1.015419999999999959e+03, 6.063269999999999771e-02
1.015429999999999950e+03, -6.681589999999999474e-01
1.015450000000000045e+03, -1.997649999999999981e-01
1.015470000000000027e+03, -2.867810000000000081e-01
1.015480000000000018e+03, -1.469900000000000095e-01
1.015500000000000000e+03, 1.271450000000000011e-02
1.015519999999999982e+03, 8.782059999999999866e-02
1.015529999999999973e+03, 3.464479999999999782e-01
1.015549999999999955e+03, -2.620700000000000252e-01
1.015570000000000050e+03, 7.149750000000000272e-01
1.015580000000000041e+03, -2.288590000000000069e-01
1.015600000000000023e+03, 1.964609999999999967e-01
1.015620000000000005e+03, 4.914789999999999992e-01
1.015629999999999995e+03, 7.201799999999999868e-02
1.015649999999999977e+03, -4.830280000000000129e-01
1.015669999999999959e+03, 6.426180000000000225e-01
1.015679999999999950e+03, -5.328650000000000331e-01
1.015700000000000045e+03, 3.903659999999999908e-01
1.015720000000000027e+03, -6.203490000000000393e-01
1.015730000000000018e+03, 8.286590000000000344e-01
1.015750000000000000e+03, 2.517110000000000181e-01
1.015769999999999982e+03, -3.212619999999999920e-01
1.015779999999999973e+03, 1.033490000000000020e+00
1.015799999999999955e+03, 1.133490000000000053e-01
1.015820000000000050e+03, -1.081690000000000013e-01
1.015830000000000041e+03, -6.365340000000000442e-01
1.015850000000000023e+03, -5.440059999999999896e-01
1.015870000000000005e+03, -5.816449999999999676e-01
1.015879999999999995e+03, -5.164530000000000509e-01
1.015899999999999977e+03, 9.575169999999999515e-01
1.015919999999999959e+03, 1.109690000000000065e+00
1.015929999999999950e+03, -3.020550000000000179e-01
1.015950000000000045e+03, -9.457259999999999556e-01
1.015970000000000027e+03, 1.219799999999999995e+00
1.015980000000000018e+03, -6.704780000000000184e-01
1.016000000000000000e+03, -4.180329999999999879e-01
1.016019999999999982e+03, -8.603830000000000089e-01
1.016029999999999973e+03, 1.198919999999999986e+00
1.016049999999999955e+03, -1.002300000000000066e-02
1.016070000000000050e+03, 1.041940000000000088e+00
1.016080000000000041e+03, 9.459980000000000055e-01
1.016100000000000023e+03, -2.146220000000000072e-01
1.016120000000000005e+03, 1.320149999999999935e-01
1.016129999999999995e+03, 2.000309999999999866e-01
1.016149999999999977e+03, -6.270059999999999523e-01
1.016169999999999959e+03, -1.168009999999999993e+00
1.016179999999999950e+03, -2.683170000000000277e-01
1.016200000000000045e+03, 1.092670000000000030e+00
1.016220000000000027e+03, -2.279359999999999997e-01
1.016230000000000018e+03, -4.976260000000000128e-01
1.016250000000000000e+03, -3.316120000000000179e-01
1.016269999999999982e+03, -7.842390000000000194e-01
1.016279999999999973e+03, -2.304319999999999979e-01
1.016299999999999955e+03, 8.024130000000000429e-01
1.016320000000000050e+03, 6.289630000000000498e-01
1.016330000000000041e+03, 6.893040000000000278e-01
1.016350000000000023e+03, 4.861739999999999950e-01
1.016370000000000005e+03, -5.920609999999999484e-01
1.016379999999999995e+03, 1.633050000000000057e-01
1.016399999999999977e+03, 8.562540000000000429e-02
1.016419999999999959e+03, -5.833850000000000424e-01
1.016429999999999950e+03, -6.130170000000000341e-01
1.016450000000000045e+03, -1.083229999999999915e+00
1.016470000000000027e+03, -2.897250000000000103e-01
1.016480000000000018e+03, 8.143789999999999640e-01
1.016500000000000000e+03, 1.195480000000000098e+00
1.016519999999999982e+03, 1.977919999999999900e+00
1.016529999999999973e+03, -5.384370000000000545e-01
1.016549999999999955e+03, 1.548300000000000010e+00
1.016570000000000050e+03, 1.153049999999999908e+00
1.016580000000000041e+03, -2.771859999999999880e-01
1.016600000000000023e+03, 3.527100000000000235e-01
1.016620000000000005e+03, -8.831740000000000146e-01
1.016629999999999995e+03, -1.577679999999999916e-01
1.016649999999999977e+03, 4.743350000000000066e-01
1.016669999999999959e+03, 2.632010000000000183e-01
1.016679999999999950e+03, -1.555839999999999890e+00
1.016700000000000045e+03, -1.824710000000000054e+00
1.016720000000000027e+03, -1.811890000000000001e+00
1.016730000000000018e+03, -6.595849999999999769e-01
1.016750000000000000e+03, -1.191850000000000076e+00
1.016769999999999982e+03, 6.058000000000000052e-01
1.016779999999999973e+03, 2.162860000000000060e-01
1.016799999999999955e+03, -2.186790000000000123e-01
1.016820000000000050e+03, -2.313040000000000096e-01
1.016830000000000041e+03, 6.206139999999999990e-01
1.016850000000000023e+03, 2.014710000000000112e-02
1.016870000000000005e+03, 1.194329999999999892e+00
1.016879999999999995e+03, 2.445209999999999884e-01
1.016899999999999977e+03, 2.582550000000000123e-01
1.016919999999999959e+03, -4.511100000000000110e-01
1.016929999999999950e+03, 1.169990000000000085e+00
1.016950000000000045e+03, 1.042070000000000052e+00
1.016970000000000027e+03, 3.258980000000000210e-01
1.016980000000000018e+03, -1.547730000000000050e+00
1.017000000000000000e+03, -7.597699999999999454e-01
1.017019999999999982e+03, -4.399500000000000077e-01
1.017029999999999973e+03, 8.997760000000000202e-01
1.017049999999999955e+03, 9.584900000000000364e-02
1.017070000000000050e+03, 6.352529999999999566e-01
1.017080000000000041e+03, 9.178400000000000447e-02
1.017100000000000023e+03, -6.870979999999999865e-01
1.017120000000000005e+03, -6.324659999999999727e-01
1.017129999999999995e+03, -3.104799999999999921e-02
1.017149999999999977e+03, -5.315020000000000300e-01
1.017169999999999959e+03, -1.227999999999999980e+00
1.017179999999999950e+03, -8.800299999999999789e-01
1.017200000000000045e+03, 3.911600000000000077e-01
1.017220000000000027e+03, 6.757400000000000073e-01
1.017230000000000018e+03, 1.352060000000000040e+00
1.017250000000000000e+03, 9.659149999999999681e-01
1.017269999999999982e+03, -2.261769999999999836e+00
1.017279999999999973e+03, -6.215249999999999941e-01
1.017299999999999955e+03, -1.491120000000000001e+00
1.017320000000000050e+03, 1.095990000000000020e+00
1.017330000000000041e+03, -1.544319999999999915e+00
1.017350000000000023e+03, 1.973310000000000064e-01
1.017370000000000005e+03, 1.618429999999999869e-01
1.017379999999999995e+03, -4.260889999999999955e-01
1.017399999999999977e+03, 7.678760000000000030e-01
1.017419999999999959e+03, 9.464369999999999727e-01
1.017429999999999950e+03, 1.301809999999999912e-01
1.017450000000000045e+03, 4.297960000000000114e-01
1.017470000000000027e+03, 1.291130000000000111e+00
1.017480000000000018e+03, 1.368719999999999937e+00
1.017500000000000000e+03, -1.815949999999999953e+00
1.017519999999999982e+03, 5.924449999999999994e-01
1.017529999999999973e+03, -2.439919999999999867e-01
1.017549999999999955e+03, 2.241630000000000011e-01
1.017570000000000050e+03, -2.688429999999999986e-01
1.017580000000000041e+03, -6.286310000000000509e-01
1.017600000000000023e+03, 1.172969999999999985e-01
1.017620000000000005e+03, 3.346379999999999910e-01
1.017629999999999995e+03, -9.762199999999999767e-01
1.017649999999999977e+03, 9.224189999999999889e-01
1.017669999999999959e+03, -1.010650000000000048e+00
1.017679999999999950e+03, 5.999780000000000113e-01
1.017700000000000045e+03, 1.996799999999999908e+00
1.017720000000000027e+03, 1.002000000000000002e+00
1.017730000000000018e+03, 1.391330000000000067e-01
1.017750000000000000e+03, 8.961729999999999349e-03
1.017769999999999982e+03, -9.068140000000000089e-01
1.017779999999999973e+03, -6.608840000000000270e-01
1.017799999999999955e+03, 5.229049999999999671e-02
1.017820000000000050e+03, -1.621340000000000003e+00
1.017830000000000041e+03, -1.117560000000000109e+00
1.017850000000000023e+03, -2.305869999999999864e-01
1.017870000000000005e+03, -9.292150000000000132e-01
1.017879999999999995e+03, -2.620540000000000092e-01
1.017899999999999977e+03, 8.636779999999999458e-01
1.017919999999999959e+03, 1.008049999999999891e+00
1.017929999999999950e+03, -3.322300000000000253e-02
1.017950000000000045e+03, -6.792709999999999582e-01
1.017970000000000027e+03, -5.652379999999999904e-02
1.017980000000000018e+03, 1.067849999999999966e+00
1.018000000000000000e+03, -1.342319999999999958e+00
1.018019999999999982e+03, 1.140679999999999916e+00
1.018029999999999973e+03, 6.088409999999999656e-01
1.018049999999999955e+03, -3.656809999999999783e-01
1.018070000000000050e+03, 9.094810000000000047e-03
1.018080000000000041e+03, -1.554780000000000051e-01
1.018100000000000023e+03, -7.719620000000000370e-01
1.018120000000000005e+03, 5.764829999999999954e-02
1.018129999999999995e+03, -9.219950000000000367e-02
1.018149999999999977e+03, 3.231559999999999988e-01
1.018169999999999959e+03, 8.092819999999999458e-01
1.018179999999999950e+03, -3.850000000000000089e-01
1.018200000000000045e+03, -6.112619999999999859e-02
1.018220000000000027e+03, -2.079650000000000110e-01
1.018230000000000018e+03, -5.124180000000000401e-01
1.018250000000000000e+03, 3.270750000000000046e-01
1.018269999999999982e+03, 3.745180000000000176e-01
1.018279999999999973e+03, -3.833799999999999986e-01
1.018299999999999955e+03, 8.810149999999999926e-01
1.018320000000000050e+03, 8.810489999999999711e-01
1.018330000000000041e+03, -3.854690000000000061e-01
1.018350000000000023e+03, -6.798939999999999984e-01
1.018370000000000005e+03, -4.334990000000000232e-01
1.018379999999999995e+03, -3.039279999999999760e-01
1.018399999999999977e+03, 2.930470000000000019e-01
1.018419999999999959e+03, 1.037150000000000016e+00
1.018429999999999950e+03, 1.302799999999999958e+00
1.018450000000000045e+03, 6.915459999999999940e-01
1.018470000000000027e+03, 3.696659999999999946e-01
1.018480000000000018e+03, -1.261600000000000055e+00
1.018500000000000000e+03, -3.452399999999999913e-01
1.018519999999999982e+03, -8.282979999999999787e-01
1.018529999999999973e+03, 5.242569999999999730e-01
1.018549999999999955e+03, -6.163349999999999662e-01
1.018570000000000050e+03, 4.976160000000000305e-02
1.018580000000000041e+03, 6.561759999999999815e-01
1.018600000000000023e+03, 7.369750000000000467e-01
1.018620000000000005e+03, -3.813619999999999788e-01
1.018629999999999995e+03, 1.826240000000000085e+00
1.018649999999999977e+03, 9.036849999999999605e-01
1.018669999999999959e+03, 4.359940000000000343e-02
1.018679999999999950e+03, -2.970059999999999922e-01
1.018700000000000045e+03, -3.529450000000000087e-01
1.018720000000000027e+03, 1.590090000000000114e-01
1.018730000000000018e+03, -7.010610000000000452e-01
1.018750000000000000e+03, -5.638440000000000119e-01
1.018769999999999982e+03, -4.543650000000000189e-01
1.018779999999999973e+03, -3.091010000000000146e-01
1.018799999999999955e+03, -1.783119999999999983e-01
1.018820000000000050e+03, -4.141299999999999981e-01
1.018830000000000041e+03, 5.151090000000000391e-01
1.018850000000000023e+03, 1.277679999999999927e+00
1.018870000000000005e+03, -1.698749999999999982e+00
1.018879999999999995e+03, -3.927019999999999955e-01
1.018899999999999977e+03, -4.553130000000000233e-01
1.018919999999999959e+03, 3.765240000000000253e-01
1.018929999999999950e+03, 1.199739999999999973e-01
1.018950000000000045e+03, -6.837990000000000457e-01
1.018970000000000027e+03, 1.304740000000000066e-01
1.018980000000000018e+03, -6.342200000000000060e-01
1.019000000000000000e+03, 8.337210000000000454e-01
1.019019999999999982e+03, -3.309150000000000147e-01
1.019029999999999973e+03, 1.110009999999999941e+00
1.019049999999999955e+03, 8.543250000000000011e-01
1.019070000000000050e+03, 4.500620000000000176e-01
1.019080000000000041e+03, 1.046939999999999982e+00
1.019100000000000023e+03, -7.194199999999999484e-01
1.019120000000000005e+03, -4.988839999999999941e-01
1.019129999999999995e+03, -2.744229999999999725e-01
1.019149999999999977e+03, 4.585109999999999880e-02
1.019169999999999959e+03, 1.881219999999999892e+00
1.019179999999999950e+03, 8.164400000000000546e-01
1.019200000000000045e+03, -5.499049999999999772e-01
1.019220000000000027e+03, -5.951480000000000103e-01
1.019230000000000018e+03, -1.086030000000000051e+00
1.019250000000000000e+03, -1.548829999999999929e+00
1.019269999999999982e+03, -8.504500000000000393e-01
1.019279999999999973e+03, 7.589289999999999647e-01
1.019299999999999955e+03, -3.650970000000000049e-01
1.019320000000000050e+03, 1.956980000000000108e-01
1.019330000000000041e+03, -3.871069999999999789e-01
1.019350000000000023e+03, 5.340040000000000342e-01
1.019370000000000005e+03, 1.622750000000000026e-01
1.019379999999999995e+03, -6.512320000000000331e-01
1.019399999999999977e+03, 8.157710000000000239e-01
1.019419999999999959e+03, 6.527279999999999749e-01
1.019429999999999950e+03, -6.313410000000000410e-01
1.019450000000000045e+03, 1.922629999999999895e-01
1.019470000000000027e+03, -1.359660000000000091e+00
1.019480000000000018e+03, -4.525799999999999823e-01
1.019500000000000000e+03, 4.903410000000000268e-01
1.019519999999999982e+03, -6.892319999999999558e-01
1.019529999999999973e+03, 2.475100000000000078e-01
1.019549999999999955e+03, 1.112410000000000065e-01
1.019570000000000050e+03, 9.190709999999999713e-01
1.019580000000000041e+03, 7.088259999999999561e-01
1.019600000000000023e+03, -6.993979999999999642e-01
1.019620000000000005e+03, -2.165849999999999831e+00
1.019629999999999995e+03, -3.553740000000000232e-01
1.019649999999999977e+03, -3.845540000000000069e-01
1.019669999999999959e+03, 5.763030000000000097e-01
1.019679999999999950e+03, 7.806779999999999831e-01
1.019700000000000045e+03, 6.674240000000000173e-01
1.019720000000000027e+03, -6.069919999999999760e-01
1.019730000000000018e+03, -6.859739999999999727e-01
1.019750000000000000e+03, 3.706299999999999872e-02
1.019769999999999982e+03, -1.545060000000000044e-01
1.019779999999999973e+03, -3.026880000000000126e-01
1.019799999999999955e+03, 5.750549999999999828e-01
1.019820000000000050e+03, 1.151049999999999907e+00
1.019830000000000041e+03, -3.139310000000000156e-01
1.019850000000000023e+03, 1.375469999999999970e+00
1.019870000000000005e+03, 1.039739999999999970e-01
1.019879999999999995e+03, -8.996680000000000232e-01
1.019899999999999977e+03, -1.060729999999999951e+00
1.019919999999999959e+03, 8.482629999999999337e-02
1.019929999999999950e+03, 1.197049999999999947e+00
1.019950000000000045e+03, -7.065270000000000161e-01
1.019970000000000027e+03, 1.344219999999999964e-02
1.019980000000000018e+03, -4.036270000000000135e-01
1.020000000000000000e+03, 1.559649999999999981e+00
1.020019999999999982e+03, 1.193929999999999936e+00
1.020029999999999973e+03, 1.685599999999999987e+00
1.020049999999999955e+03, 9.195520000000000360e-01
1.020070000000000050e+03, -1.576559999999999906e-01
1.020080000000000041e+03, -6.500010000000000510e-01
1.020100000000000023e+03, 5.867430000000000145e-01
1.020120000000000005e+03, 9.322240000000000526e-01
1.020129999999999995e+03, -5.634130000000000527e-01
1.020149999999999977e+03, -9.492449999999999499e-02
1.020169999999999959e+03, -8.046649999999999636e-01
1.020179999999999950e+03, -4.594940000000000135e-01
1.020200000000000045e+03, -1.520270000000000010e+00
1.020220000000000027e+03, 2.180950000000000111e-01
1.020230000000000018e+03, -1.739479999999999915e-01
1.020250000000000000e+03, -7.420060000000000544e-02
1.020269999999999982e+03, -4.094499999999999806e-01
1.020279999999999973e+03, 9.073039999999999994e-01
1.020299999999999955e+03, 3.061289999999999845e-01
1.020320000000000050e+03, -5.160120000000000262e-01
1.020330000000000041e+03, -5.241550000000000376e-01
1.020350000000000023e+03, -3.728739999999999832e-01
1.020370000000000005e+03, -1.691140000000000088e+00
1.020379999999999995e+03, -1.287900000000000045e+00
1.020399999999999977e+03, 1.225919999999999899e+00
1.020419999999999959e+03, 3.057759999999999992e-02
1.020429999999999950e+03, 2.214379999999999959e-01
1.020450000000000045e+03, 8.640910000000000535e-01
1.020470000000000027e+03, 3.009479999999999933e-01
1.020480000000000018e+03, -2.524980000000000002e-01
1.020500000000000000e+03, -1.154879999999999907e+00
1.020519999999999982e+03, 1.000250000000000083e+00
1.020529999999999973e+03, 3.656159999999999966e-01
1.020549999999999955e+03, -2.388550000000000118e-01
1.020570000000000050e+03, -2.580680000000000196e-01
1.020580000000000041e+03, -9.253909999999999636e-01
1.020600000000000023e+03, -1.402349999999999985e+00
1.020620000000000005e+03, -2.383220000000000061e-01
1.020629999999999995e+03, 9.395909999999999540e-01
1.020649999999999977e+03, 7.155629999999999491e-01
1.020669999999999959e+03, -2.593440000000000190e-01
1.020679999999999950e+03, -7.786960000000000548e-01
1.020700000000000045e+03, 4.673749999999999849e-01
1.020720000000000027e+03, -4.393549999999999955e-01
1.020730000000000018e+03, 5.116549999999999709e-01
1.020750000000000000e+03, 3.775780000000000247e-01
1.020769999999999982e+03, 6.456509999999999749e-01
1.020779999999999973e+03, -3.923719999999999986e-02
1.020799999999999955e+03, 8.723119999999999763e-01
1.020820000000000050e+03, 7.023150000000000226e-01
1.020830000000000041e+03, 8.852029999999999621e-01
1.020850000000000023e+03, -9.143759999999999388e-02
1.020870000000000005e+03, 8.493220000000000214e-01
1.020879999999999995e+03, -2.522539999999999782e+00
1.020899999999999977e+03, -6.769490000000000229e-01
1.020919999999999959e+03, -2.200849999999999973e+00
1.020929999999999950e+03, -3.862809999999999855e-01
1.020950000000000045e+03, 7.450459999999999861e-01
1.020970000000000027e+03, 7.119929999999999870e-01
1.020980000000000018e+03, -1.262330000000000119e-01
1.021000000000000000e+03, -9.648839999999999639e-01
1.021019999999999982e+03, 5.725479999999999459e-01
1.021029999999999973e+03, -1.355530000000000068e-01
1.021049999999999955e+03, 3.544080000000000008e-01
1.021070000000000050e+03, 1.293889999999999985e+00
1.021080000000000041e+03, 1.418439999999999979e-01
1.021100000000000023e+03, 1.567729999999999957e-01
1.021120000000000005e+03, -6.837069999999999537e-01
1.021129999999999995e+03, -9.106800000000000450e-01
1.021149999999999977e+03, -4.676730000000000054e-01
1.021169999999999959e+03, -7.198689999999999811e-01
1.021179999999999950e+03, 8.940460000000000074e-01
1.021200000000000045e+03, -1.349849999999999994e+00
1.021220000000000027e+03, -1.171370000000000022e+00
1.021230000000000018e+03, -8.506979999999999542e-01
1.021250000000000000e+03, -4.967429999999999901e-01
1.021269999999999982e+03, -5.181040000000000090e-01
1.021279999999999973e+03, 2.566800000000000193e-01
1.021299999999999955e+03, 2.802059999999999881e-03
1.021320000000000050e+03, -5.889579999999999815e-01
1.021330000000000041e+03, 2.369310000000000027e-01
1.021350000000000023e+03, 7.483210000000000139e-01
1.021370000000000005e+03, 1.457449999999999912e+00
1.021379999999999995e+03, 6.049470000000000125e-01
1.021399999999999977e+03, 1.304100000000000037e+00
1.021419999999999959e+03, -4.514279999999999959e-01
1.021429999999999950e+03, -4.230099999999999971e-01
1.021450000000000045e+03, 3.131720000000000337e-02
1.021470000000000027e+03, -1.403659999999999908e+00
1.021480000000000018e+03, -1.448129999999999917e+00
1.021500000000000000e+03, -7.310560000000000391e-01
1.021519999999999982e+03, -8.637709999999999555e-01
1.021529999999999973e+03, -1.875030000000000030e-01
1.021549999999999955e+03, 7.522229999999999750e-01
1.021570000000000050e+03, 5.339479999999999782e-01
1.021580000000000041e+03, 5.670169999999999932e-01
1.021600000000000023e+03, -1.050999999999999934e+00
1.021620000000000005e+03, 1.282990000000000075e+00
1.021629999999999995e+03, 7.335580000000000434e-01
1.021649999999999977e+03, 8.722560000000000313e-01
1.021669999999999959e+03, 8.518080000000000096e-01
1.021679999999999950e+03, 2.707490000000000174e-01
1.021700000000000045e+03, -9.207589999999999941e-01
1.021720000000000027e+03, -4.339420000000000083e-02
1.021730000000000018e+03, -1.268189999999999928e+00
1.021750000000000000e+03, 2.940209999999999959e-04
1.021769999999999982e+03, 4.808640000000000136e-01
1.021779999999999973e+03, 9.716949999999999754e-01
1.021799999999999955e+03, 9.558919999999999639e-01
1.021820000000000050e+03, -4.713339999999999752e-01
1.021830000000000041e+03, -3.999730000000000230e-01
1.021850000000000023e+03, -8.264979999999999549e-01
1.021870000000000005e+03, 1.751600000000000101e-01
1.021879999999999995e+03, 4.646919999999999940e-01
1.021899999999999977e+03, 1.300400000000000000e+00
1.021919999999999959e+03, 2.885130000000000194e-01
1.021929999999999950e+03, 9.807829999999999604e-01
1.021950000000000045e+03, -5.893850000000000477e-01
1.021970000000000027e+03, 2.621960000000000002e-03
1.021980000000000018e+03, -1.277169999999999916e+00
1.022000000000000000e+03, -5.317849999999999522e-01
1.022019999999999982e+03, 5.659330000000000194e-01
1.022029999999999973e+03, -1.691799999999999971e-01
1.022049999999999955e+03, 6.595630000000000104e-01
1.022070000000000050e+03, 1.027559999999999932e-02
1.022080000000000041e+03, 4.495500000000000052e-01
1.022100000000000023e+03, 4.395470000000000210e-01
1.022120000000000005e+03, 3.339650000000000118e-01
1.022129999999999995e+03, 1.174579999999999957e+00
1.022149999999999977e+03, 1.978280000000000038e+00
1.022169999999999959e+03, 4.925950000000000051e-01
1.022179999999999950e+03, -4.999330000000000163e-01
1.022200000000000045e+03, -1.323080000000000034e+00
1.022220000000000027e+03, -2.181250000000000133e-01
1.022230000000000018e+03, -9.495900000000000452e-01
1.022250000000000000e+03, -1.690319999999999878e-01
1.022269999999999982e+03, -5.386039999999999717e-01
1.022279999999999973e+03, -9.002799999999999692e-02
1.022299999999999955e+03, 9.377320000000000100e-01
1.022320000000000050e+03, 1.555350000000000010e+00
1.022330000000000041e+03, 7.199170000000000291e-01
1.022350000000000023e+03, 8.219849999999999657e-01
1.022370000000000005e+03, -5.570869999999999989e-01
1.022379999999999995e+03, -3.872889999999999944e-01
1.022399999999999977e+03, -1.123699999999999921e+00
1.022419999999999959e+03, 1.514380000000000059e+00
1.022429999999999950e+03, 3.951950000000000185e-01
1.022450000000000045e+03, -8.188189999999999635e-01
1.022470000000000027e+03, 6.239179999999999726e-01
1.022480000000000018e+03, 1.677130000000000010e-01
1.022500000000000000e+03, 2.961719999999999908e-01
1.022519999999999982e+03, -8.307010000000000227e-01
1.022529999999999973e+03, 8.404899999999999871e-02
1.022549999999999955e+03, 4.576200000000000268e-01
1.022570000000000050e+03, 1.496550000000000047e+00
1.022580000000000041e+03, -5.768450000000000522e-01
1.022600000000000023e+03, 5.815799999999999859e-01
1.022620000000000005e+03, 8.632699999999999818e-01
1.022629999999999995e+03, -3.688660000000000272e-01
1.022649999999999977e+03, 1.590769999999999962e-01
1.022669999999999959e+03, -5.915409999999999835e-01
1.022679999999999950e+03, 6.184309999999999530e-01
1.022700000000000045e+03, 1.415119999999999933e+00
1.022720000000000027e+03, -7.191780000000000395e-02
1.022730000000000018e+03, -2.506070000000000242e-01
1.022750000000000000e+03, -7.053960000000000230e-01
1.022769999999999982e+03, 2.979189999999999894e-01
1.022779999999999973e+03, 1.246699999999999919e+00
1.022799999999999955e+03, -7.381130000000000191e-01
1.022820000000000050e+03, -1.570449999999999902e-01
1.022830000000000041e+03, -8.980609999999999982e-01
1.022850000000000023e+03, -7.248930000000000096e-01
1.022870000000000005e+03, 2.920039999999999858e-01
1.022879999999999995e+03, 1.802459999999999896e-01
1.022899999999999977e+03, 1.504999999999999949e-01
1.022919999999999959e+03, 1.139280000000000070e+00
1.022929999999999950e+03, 3.972069999999999768e-01
1.022950000000000045e+03, 7.706960000000000477e-01
1.022970000000000027e+03, -8.259539999999999660e-01
1.022980000000000018e+03, 1.312529999999999974e+00
1.023000000000000000e+03, 6.047029999999999766e-02
1.023019999999999982e+03, 3.201879999999999726e-01
1.023029999999999973e+03, 5.462780000000000413e-01
1.023049999999999955e+03, 6.556170000000000053e-01
1.023070000000000050e+03, 4.900599999999999956e-01
1.023080000000000041e+03, 9.343029999999999391e-02
1.023100000000000023e+03, -6.202229999999999688e-01
1.023120000000000005e+03, -7.323159999999999670e-01
1.023129999999999995e+03, -3.386970000000000258e-01
1.023149999999999977e+03, -1.951680000000000081e-01
1.023169999999999959e+03, -9.176360000000000072e-02
1.023179999999999950e+03, -1.880650000000000099e-01
1.023200000000000045e+03, 7.272119999999999695e-01
1.023220000000000027e+03, -8.946619999999999573e-01
1.023230000000000018e+03, 7.774199999999999999e-01
1.023250000000000000e+03, -3.495249999999999746e-01
1.023269999999999982e+03, -1.686280000000000001e+00
1.023279999999999973e+03, 1.054999999999999966e-01
1.023299999999999955e+03, 5.192529999999999646e-01
1.023320000000000050e+03, 1.544120000000000041e-02
1.023330000000000041e+03, 4.684479999999999755e-01
1.023350000000000023e+03, 1.012500000000000032e-02
1.023370000000000005e+03, 8.508630000000000360e-01
1.023379999999999995e+03, -5.611059999999999659e-02
1.023399999999999977e+03, -3.036300000000000110e-01
1.023419999999999959e+03, -4.174419999999999797e-01
1.023429999999999950e+03, 9.887819999999999943e-02
1.023450000000000045e+03, 3.710490000000000177e-01
1.023470000000000027e+03, -1.258839999999999959e-01
1.023480000000000018e+03, -8.812969999999999970e-01
1.023500000000000000e+03, -5.656649999999999734e-01
1.023519999999999982e+03, 2.655230000000000090e-01
1.023529999999999973e+03, -5.384430000000000049e-01
1.023549999999999955e+03, 5.870079999999999742e-01
1.023570000000000050e+03, -7.618380000000000152e-01
1.023580000000000041e+03, -1.935189999999999966e-01
1.023600000000000023e+03, 1.987980000000000025e-01
1.023620000000000005e+03, -6.221879999999999772e-02
1.023629999999999995e+03, -1.250629999999999908e+00
1.023649999999999977e+03, 1.296730000000000105e-01
1.023669999999999959e+03, 5.469039999999999457e-01
1.023679999999999950e+03, 1.859010000000000051e+00
1.023700000000000045e+03, 4.608129999999999726e-01
1.023720000000000027e+03, -4.264180000000000192e-01
1.023730000000000018e+03, -4.512340000000000240e-01
1.023750000000000000e+03, -6.124819999999999709e-01
1.023769999999999982e+03, -1.557820000000000038e-01
1.023779999999999973e+03, 5.761530000000000262e-01
1.023799999999999955e+03, 2.250070000000000126e-01
1.023820000000000050e+03, -9.287349999999999772e-01
1.023830000000000041e+03, 2.044020000000000004e-01
1.023850000000000023e+03, 3.970870000000000233e-01
1.023870000000000005e+03, 5.108690000000000175e-01
1.023879999999999995e+03, 6.612869999999999582e-01
1.023899999999999977e+03, 4.787620000000000209e-01
1.023919999999999959e+03, 1.113770000000000038e-01
1.023929999999999950e+03, -1.269509999999999916e+00
1.023950000000000045e+03, -1.645669999999999911e-01
1.023970000000000027e+03, -4.277580000000000271e-01
1.023980000000000018e+03, -5.747219999999999551e-01
1.024000000000000000e+03, 4.325470000000000148e-01
1.024019999999999982e+03, 6.413309999999999844e-01
1.024029999999999973e+03, 1.552990000000000093e+00
1.024049999999999955e+03, 2.247030000000000138e-01
1.024069999999999936e+03, 6.176270000000000371e-01
1.024079999999999927e+03, 1.713139999999999941e-01
1.024099999999999909e+03, -1.841820000000000013e+00
1.024119999999999891e+03, -5.313679999999999515e-01
1.024130000000000109e+03, 1.227100000000000080e+00
1.024150000000000091e+03, 1.028480000000000061e+00
1.024170000000000073e+03, 5.159160000000000412e-01
1.024180000000000064e+03, 6.296450000000000102e-01
1.024200000000000045e+03, 4.078229999999999911e-01
1.024220000000000027e+03, -1.398020000000000040e+00
1.024230000000000018e+03, -8.780120000000000147e-01
1.024250000000000000e+03, -2.570660000000000167e-01
1.024269999999999982e+03, -8.538459999999999939e-01
1.024279999999999973e+03, -9.206790000000000251e-01
1.024299999999999955e+03, 3.082510000000000111e-02
1.024319999999999936e+03, 2.226130000000000053e-01
1.024329999999999927e+03, 1.025579999999999936e+00
1.024349999999999909e+03, -4.277550000000000102e-02
1.024369999999999891e+03, -7.641790000000000527e-01
1.024380000000000109e+03, 8.530529999999999502e-01
1.024400000000000091e+03, -1.149700000000000027e-01
1.024420000000000073e+03, 6.708490000000000286e-01
1.024430000000000064e+03, -5.929959999999999676e-01
1.024450000000000045e+03, 4.934329999999999966e-02
1.024470000000000027e+03, 9.071890000000000231e-01
1.024480000000000018e+03, 6.805520000000000458e-01
1.024500000000000000e+03, 7.612790000000000390e-01
1.024519999999999982e+03, 8.162110000000000198e-01
1.024529999999999973e+03, -6.436699999999999644e-01
1.024549999999999955e+03, -4.517550000000000177e-01
1.024569999999999936e+03, -2.850570000000000048e-01
1.024579999999999927e+03, 5.952110000000000456e-01
1.024599999999999909e+03, -3.355199999999999849e-01
1.024619999999999891e+03, -2.435650000000000037e-01
1.024630000000000109e+03, -1.551019999999999899e-01
1.024650000000000091e+03, -1.206550000000000011e+00
1.024670000000000073e+03, -4.908069999999999933e-01
1.024680000000000064e+03, -1.180919999999999970e+00
1.024700000000000045e+03, -1.429650000000000018e-02
1.024720000000000027e+03, -2.191019999999999968e+00
1.024730000000000018e+03, -7.015139999999999709e-01
1.024750000000000000e+03, 2.225979999999999903e-01
1.024769999999999982e+03, -6.893420000000000103e-01
1.024779999999999973e+03, 5.673949999999999827e-01
1.024799999999999955e+03, -4.584159999999999902e-01
1.024819999999999936e+03, 2.022769999999999957e+00
1.024829999999999927e+03, -4.672899999999999832e-01
1.024849999999999909e+03, -5.603399999999999492e-01
1.024869999999999891e+03, -1.218939999999999912e+00
1.024880000000000109e+03, -1.767600000000000060e+00
1.024900000000000091e+03, -1.384079999999999977e+00
1.024920000000000073e+03, -5.084250000000000158e-01
1.024930000000000064e+03, -2.035989999999999966e+00
1.024950000000000045e+03, -5.348950000000000232e-02
1.024970000000000027e+03, -7.753659999999999719e-02
1.024980000000000018e+03, 6.726130000000000164e-01
1.025000000000000000e+03, -3.661620000000000152e-02
1.025019999999999982e+03, -1.024729999999999919e+00
1.025029999999999973e+03, -5.919879999999999587e-01
1.025049999999999955e+03, 5.720229999999999482e-01
1.025069999999999936e+03, 3.131280000000000174e-01
1.025079999999999927e+03, 1.393989999999999951e-01
1.025099999999999909e+03, 1.023579999999999934e+00
1.025119999999999891e+03, 1.119180000000000064e+00
1.025130000000000109e+03, -2.694059999999999858e-02
1.025150000000000091e+03, -1.283269999999999966e-01
1.025170000000000073e+03, -2.091439999999999966e+00
1.025180000000000064e+03, -3.772499999999999742e-01
1.025200000000000045e+03, -5.738299999999999512e-01
1.025220000000000027e+03, -6.911280000000000201e-02
1.025230000000000018e+03, -2.669050000000000034e-01
1.025250000000000000e+03, 2.072630000000000194e+00
1.025269999999999982e+03, 3.398979999999999779e-01
1.025279999999999973e+03, -8.999500000000000277e-01
1.025299999999999955e+03, -4.388989999999999836e-01
1.025319999999999936e+03, -6.743050000000000432e-01
1.025329999999999927e+03, 5.039379999999999971e-01
1.025349999999999909e+03, 2.279750000000000110e-01
1.025369999999999891e+03, 1.163450000000000040e-01
1.025380000000000109e+03, 7.594739999999999824e-01
1.025400000000000091e+03, -1.303949999999999942e+00
1.025420000000000073e+03, 6.250139999999999585e-01
1.025430000000000064e+03, 2.548279999999999990e-01
1.025450000000000045e+03, 1.404120000000000090e-01
1.025470000000000027e+03, -9.072919999999999874e-01
1.025480000000000018e+03, -1.231600000000000028e+00
1.025500000000000000e+03, 7.995860000000000190e-01
1.025519999999999982e+03, 6.739950000000000108e-01
1.025529999999999973e+03, -8.809789999999999566e-01
1.025549999999999955e+03, 1.739449999999999885e-01
1.025569999999999936e+03, 5.466280000000000028e-01
1.025579999999999927e+03, -7.566739999999999577e-01
1.025599999999999909e+03, -3.864920000000000022e-01
1.025619999999999891e+03, 7.135310000000000263e-01
1.025630000000000109e+03, 8.215280000000000360e-01
1.025650000000000091e+03, -1.331469999999999931e+00
1.025670000000000073e+03, -2.092040000000000011e-01
1.025680000000000064e+03, -5.585579999999999989e-01
1.025700000000000045e+03, -2.183249999999999913e-01
1.025720000000000027e+03, -2.692009999999999889e-02
1.025730000000000018e+03, 5.274390000000000328e-02
1.025750000000000000e+03, 2.899849999999999928e-01
1.025769999999999982e+03, 1.207260000000000000e-01
1.025779999999999973e+03, 5.397669999999999968e-01
1.025799999999999955e+03, -3.879020000000000246e-01
1.025819999999999936e+03, 4.095920000000000116e-01
1.025829999999999927e+03, -2.510740000000000194e-01
1.025849999999999909e+03, 3.034330000000000083e-01
1.025869999999999891e+03, 5.832039999999999447e-01
1.025880000000000109e+03, 2.671680000000000166e-01
1.025900000000000091e+03, 1.178409999999999958e+00
1.025920000000000073e+03, 1.211279999999999912e+00
1.025930000000000064e+03, 1.218290000000000095e+00
1.025950000000000045e+03, 5.886930000000000218e-01
1.025970000000000027e+03, 2.592990000000000017e-01
1.025980000000000018e+03, -3.074580000000000091e-01
1.026000000000000000e+03, 1.375570000000000126e-01
1.026019999999999982e+03, 4.003320000000000212e-01
1.026029999999999973e+03, 9.383230000000000182e-01
1.026049999999999955e+03, 5.393379999999999841e-01
1.026069999999999936e+03, 1.083179999999999976e-01
1.026079999999999927e+03, 4.605600000000000249e-01
1.026099999999999909e+03, -2.223299999999999998e-01
1.026119999999999891e+03, -1.440469999999999917e+00
1.026130000000000109e+03, -8.256529999999999703e-01
1.026150000000000091e+03, -4.010179999999999856e-01
1.026170000000000073e+03, 8.382849999999999469e-01
1.026180000000000064e+03, 7.055329999999999657e-01
1.026200000000000045e+03, -3.054300000000000070e-02
1.026220000000000027e+03, 1.295769999999999977e-01
1.026230000000000018e+03, -4.178979999999999917e-01
1.026250000000000000e+03, 1.464960000000000040e+00
1.026269999999999982e+03, 1.341890000000000027e+00
1.026279999999999973e+03, -3.027230000000000198e-01
1.026299999999999955e+03, 1.671829999999999983e-01
1.026319999999999936e+03, -8.209830000000000183e-01
1.026329999999999927e+03, -8.772269999999999790e-01
1.026349999999999909e+03, -4.003330000000000083e-02
1.026369999999999891e+03, -6.200039999999999996e-01
1.026380000000000109e+03, 1.101189999999999891e+00
1.026400000000000091e+03, 9.153719999999999912e-02
1.026420000000000073e+03, -1.042109999999999981e-01
1.026430000000000064e+03, 1.796419999999999961e-01
1.026450000000000045e+03, -1.251209999999999933e+00
1.026470000000000027e+03, 1.169200000000000017e+00
1.026480000000000018e+03, -4.898460000000000036e-01
1.026500000000000000e+03, -1.088049999999999989e-01
1.026519999999999982e+03, -7.678949999999999942e-01
1.026529999999999973e+03, -6.632040000000000157e-01
1.026549999999999955e+03, 1.924570000000000100e-02
1.026569999999999936e+03, 1.454860000000000042e-01
1.026579999999999927e+03, -8.732489999999999697e-02
1.026599999999999909e+03, 8.942329999999999446e-01
1.026619999999999891e+03, 8.966839999999999533e-02
1.026630000000000109e+03, -1.186819999999999986e+00
1.026650000000000091e+03, -1.045060000000000100e+00
1.026670000000000073e+03, -5.560270000000000490e-01
1.026680000000000064e+03, 2.916030000000000011e-01
1.026700000000000045e+03, -1.300779999999999992e-01
1.026720000000000027e+03, -1.691980000000000040e+00
1.026730000000000018e+03, 7.230480000000000240e-01
1.026750000000000000e+03, -5.544569999999999776e-01
1.026769999999999982e+03, 1.503390000000000004e-01
1.026779999999999973e+03, 5.881819999999999826e-01
1.026799999999999955e+03, 2.017879999999999951e-01
1.026819999999999936e+03, 8.039279999999999760e-01
1.026829999999999927e+03, 7.582740000000000313e-02
1.026849999999999909e+03, -6.486650000000000471e-01
1.026869999999999891e+03, -1.341760000000000064e+00
1.026880000000000109e+03, -3.353749999999999787e-02
1.026900000000000091e+03, -6.665759999999999463e-01
1.026920000000000073e+03, -3.566559999999999730e-01
1.026930000000000064e+03, -4.064330000000000026e-02
1.026950000000000045e+03, -1.854929999999999912e-01
1.026970000000000027e+03, 1.727989999999999915e+00
1.026980000000000018e+03, 8.934119999999999839e-01
1.027000000000000000e+03, 8.751459999999999795e-01
1.027019999999999982e+03, 1.500009999999999954e-01
1.027029999999999973e+03, -1.024350000000000094e+00
1.027049999999999955e+03, -1.185959999999999903e+00
1.027069999999999936e+03, -6.414729999999999599e-01
1.027079999999999927e+03, -4.291179999999999994e-01
1.027099999999999909e+03, 8.367809999999999970e-01
1.027119999999999891e+03, 2.380470000000000086e-01
1.027130000000000109e+03, 6.232410000000000450e-01
1.027150000000000091e+03, 5.274759999999999449e-01
1.027170000000000073e+03, 8.382770000000000499e-01
1.027180000000000064e+03, -1.020590000000000108e+00
1.027200000000000045e+03, -1.143110000000000070e+00
1.027220000000000027e+03, -1.334189999999999987e+00
1.027230000000000018e+03, 6.736849999999999783e-01
1.027250000000000000e+03, 6.085720000000000018e-01
1.027269999999999982e+03, 1.125729999999999897e+00
1.027279999999999973e+03, -3.115200000000000191e-01
1.027299999999999955e+03, 9.345020000000000548e-01
1.027319999999999936e+03, -3.523120000000000140e-01
1.027329999999999927e+03, 5.793479999999999741e-01
1.027349999999999909e+03, -5.989999999999999769e-01
1.027369999999999891e+03, -9.333630000000000537e-01
1.027380000000000109e+03, 3.228980000000000183e-01
1.027400000000000091e+03, 1.348640000000000061e+00
1.027420000000000073e+03, 1.346999999999999864e-01
1.027430000000000064e+03, 6.477760000000000185e-01
1.027450000000000045e+03, 5.075800000000000312e-01
1.027470000000000027e+03, 2.198100000000000054e-01
1.027480000000000018e+03, -6.500669999999999504e-01
1.027500000000000000e+03, -4.116960000000000064e-01
1.027519999999999982e+03, -2.942310000000000203e-01
1.027529999999999973e+03, -8.776069999999999705e-02
1.027549999999999955e+03, -6.878830000000000222e-01
1.027569999999999936e+03, 1.042769999999999947e-01
1.027579999999999927e+03, -4.956769999999999926e-02
1.027599999999999909e+03, -3.167289999999999828e-01
1.027619999999999891e+03, -8.145069999999999810e-01
1.027630000000000109e+03, -9.190300000000000136e-01
1.027650000000000091e+03, -2.493029999999999968e-01
1.027670000000000073e+03, 8.724339999999999873e-02
1.027680000000000064e+03, -3.765229999999999966e-01
1.027700000000000045e+03, -7.424060000000000104e-01
1.027720000000000027e+03, 1.382640000000000084e-02
1.027730000000000018e+03, 1.274659999999999904e+00
1.027750000000000000e+03, 4.206779999999999964e-01
1.027769999999999982e+03, -9.572709999999999830e-01
1.027779999999999973e+03, -2.226869999999999961e-01
1.027799999999999955e+03, 1.242019999999999902e+00
1.027819999999999936e+03, 8.344420000000000170e-01
1.027829999999999927e+03, 3.306749999999999967e-01
1.027849999999999909e+03, -1.013840000000000019e-01
1.027869999999999891e+03, 3.406039999999999762e-02
1.027880000000000109e+03, -1.237759999999999971e+00
1.027900000000000091e+03, -2.453440000000000065e-01
1.027920000000000073e+03, -2.531840000000000132e-02
1.027930000000000064e+03, 4.936469999999999747e-02
1.027950000000000045e+03, 5.504539999999999988e-01
1.027970000000000027e+03, 2.159030000000000116e-01
1.027980000000000018e+03, 1.346540000000000020e-03
1.028000000000000000e+03, 1.382460000000000022e+00
1.028019999999999982e+03, 1.570429999999999993e+00
1.028029999999999973e+03, -8.877150000000000318e-01
1.028049999999999955e+03, 7.498970000000000635e-02
1.028069999999999936e+03, -8.710689999999999822e-01
1.028079999999999927e+03, -2.177520000000000011e-01
1.028099999999999909e+03, -9.300139999999999796e-02
1.028119999999999891e+03, 2.866420000000000079e-01
1.028130000000000109e+03, 1.122179999999999955e+00
1.028150000000000091e+03, -1.214779999999999971e+00
1.028170000000000073e+03, 6.630819999999999492e-01
1.028180000000000064e+03, -7.177909999999999568e-01
1.028200000000000045e+03, -5.469060000000000032e-01
1.028220000000000027e+03, -1.054689999999999933e-01
1.028230000000000018e+03, -1.046470000000000011e+00
1.028250000000000000e+03, 1.357720000000000038e+00
1.028269999999999982e+03, 1.534020000000000106e-01
1.028279999999999973e+03, 1.097359999999999891e+00
1.028299999999999955e+03, -1.036429999999999962e+00
1.028319999999999936e+03, -4.757509999999999795e-01
1.028329999999999927e+03, 4.657220000000000248e-01
1.028349999999999909e+03, -9.940179999999999849e-02
1.028369999999999891e+03, 9.818980000000000485e-01
1.028380000000000109e+03, 8.824849999999999639e-01
1.028400000000000091e+03, -9.347140000000000448e-01
1.028420000000000073e+03, -6.594379999999999686e-01
1.028430000000000064e+03, -4.445169999999999677e-02
1.028450000000000045e+03, -4.727729999999999988e-01
1.028470000000000027e+03, 1.078480000000000064e-02
1.028480000000000018e+03, -1.156689999999999996e+00
1.028500000000000000e+03, -9.581819999999999782e-01
1.028519999999999982e+03, 7.164110000000000200e-01
1.028529999999999973e+03, -5.116419999999999996e-02
1.028549999999999955e+03, -7.495530000000000248e-01
1.028569999999999936e+03, -3.705729999999999857e-01
1.028579999999999927e+03, 1.022319999999999895e+00
1.028599999999999909e+03, 3.723549999999999915e-01
1.028619999999999891e+03, -3.148000000000000242e-01
1.028630000000000109e+03, -1.046659999999999924e+00
1.028650000000000091e+03, 9.032179999999999376e-02
1.028670000000000073e+03, -2.126559999999999909e-02
1.028680000000000064e+03, -1.279039999999999899e-01
1.028700000000000045e+03, -4.231949999999999878e-01
1.028720000000000027e+03, 5.674169999999999492e-01
1.028730000000000018e+03, 1.279369999999999896e+00
1.028750000000000000e+03, 8.754509999999999792e-01
1.028769999999999982e+03, 2.602059999999999929e-01
1.028779999999999973e+03, -1.622149999999999981e+00
1.028799999999999955e+03, 8.784520000000000106e-01
1.028819999999999936e+03, 5.644430000000000280e-01
1.028829999999999927e+03, 1.177760000000000057e-01
1.028849999999999909e+03, -5.621549999999999603e-01
1.028869999999999891e+03, 7.735400000000000054e-01
1.028880000000000109e+03, 9.429229999999999556e-01
1.028900000000000091e+03, 1.581739999999999924e+00
1.028920000000000073e+03, 1.216920000000000002e+00
1.028930000000000064e+03, -2.386880000000000113e-01
1.028950000000000045e+03, 9.541279999999999761e-01
1.028970000000000027e+03, 1.172860000000000014e+00
1.028980000000000018e+03, 3.755060000000000064e-01
1.029000000000000000e+03, 7.391959999999999642e-01
1.029019999999999982e+03, -8.598780000000000312e-02
1.029029999999999973e+03, -2.015760000000000218e+00
1.029049999999999955e+03, -5.104680000000000328e-01
1.029069999999999936e+03, 7.439130000000000464e-01
1.029079999999999927e+03, 2.035730000000000040e-01
1.029099999999999909e+03, 1.036249999999999893e+00
1.029119999999999891e+03, 1.453989999999999894e+00
1.029130000000000109e+03, -3.833440000000000181e-01
1.029150000000000091e+03, -6.073049999999999837e-01
1.029170000000000073e+03, -7.137050000000000338e-01
1.029180000000000064e+03, -6.431550000000000322e-01
1.029200000000000045e+03, 1.119040000000000035e+00
1.029220000000000027e+03, -1.535070000000000046e-01
1.029230000000000018e+03, -1.783589999999999898e-01
1.029250000000000000e+03, -9.552690000000000348e-01
1.029269999999999982e+03, -9.553390000000000146e-03
1.029279999999999973e+03, -9.179800000000000182e-01
1.029299999999999955e+03, -1.359730000000000105e-01
1.029319999999999936e+03, 2.122419999999999862e-01
1.029329999999999927e+03, 5.128800000000000026e-02
1.029349999999999909e+03, -5.343080000000000052e-01
1.029369999999999891e+03, -8.521039999999999726e-01
1.029380000000000109e+03, 1.326289999999999969e-01
1.029400000000000091e+03, 3.377620000000000067e-01
1.029420000000000073e+03, -3.929860000000000020e-01
1.029430000000000064e+03, -1.673350000000000115e-01
1.029450000000000045e+03, -8.284420000000000117e-01
1.029470000000000027e+03, -3.815819999999999768e-01
1.029480000000000018e+03, -1.242019999999999902e+00
1.029500000000000000e+03, -1.030100000000000016e+00
1.029519999999999982e+03, 6.733870000000000133e-02
1.029529999999999973e+03, 5.828600000000000447e-01
1.029549999999999955e+03, 5.667389999999999928e-01
1.029569999999999936e+03, 5.950649999999999551e-01
1.029579999999999927e+03, -6.031149999999999706e-02
1.029599999999999909e+03, -9.664319999999999578e-01
1.029619999999999891e+03, -3.392029999999999768e-01
1.029630000000000109e+03, 6.107650000000000023e-01
1.029650000000000091e+03, -5.047679999999999945e-01
1.029670000000000073e+03, 9.156859999999999999e-01
1.029680000000000064e+03, 5.222670000000000368e-01
1.029700000000000045e+03, -5.655149999999999899e-01
1.029720000000000027e+03, -8.299590000000000023e-01
1.029730000000000018e+03, -2.464260000000000062e-01
1.029750000000000000e+03, -4.880220000000000113e-01
1.029769999999999982e+03, 7.128860000000000197e-01
1.029779999999999973e+03, 4.994399999999999951e-01
1.029799999999999955e+03, -4.366769999999999818e-01
1.029819999999999936e+03, -1.539309999999999956e+00
1.029829999999999927e+03, -3.169080000000000230e-01
1.029849999999999909e+03, 2.948339999999999850e-01
1.029869999999999891e+03, 1.149019999999999930e+00
1.029880000000000109e+03, 7.373129999999999962e-01
1.029900000000000091e+03, 1.470490000000000075e+00
1.029920000000000073e+03, -6.984040000000000248e-01
1.029930000000000064e+03, -3.437760000000000260e-01
1.029950000000000045e+03, 1.422819999999999974e+00
1.029970000000000027e+03, 7.079879999999999507e-01
1.029980000000000018e+03, 1.197389999999999982e-01
1.030000000000000000e+03, 4.331539999999999835e-01
1.030019999999999982e+03, 7.497869999999999813e-01
1.030029999999999973e+03, 1.224409999999999998e+00
1.030049999999999955e+03, 9.798780000000000268e-01
1.030069999999999936e+03, 1.314549999999999885e-01
1.030079999999999927e+03, -6.822799999999999976e-01
1.030099999999999909e+03, -7.728730000000000322e-02
1.030119999999999891e+03, 1.574030000000000040e+00
1.030130000000000109e+03, 1.585539999999999949e+00
1.030150000000000091e+03, 1.023700000000000027e-01
1.030170000000000073e+03, -4.429210000000000091e-01
1.030180000000000064e+03, -4.831710000000000171e-01
1.030200000000000045e+03, -1.477000000000000091e+00
1.030220000000000027e+03, 1.132920000000000038e-01
1.030230000000000018e+03, 2.998739999999999739e-01
1.030250000000000000e+03, 5.534149999999999903e-01
1.030269999999999982e+03, -1.177599999999999980e+00
1.030279999999999973e+03, 2.163730000000000098e-01
1.030299999999999955e+03, -1.098149999999999959e+00
1.030319999999999936e+03, 1.224969999999999892e+00
1.030329999999999927e+03, 1.048450000000000104e+00
1.030349999999999909e+03, -1.053540000000000032e-01
1.030369999999999891e+03, 6.077080000000000259e-01
1.030380000000000109e+03, 4.850389999999999979e-01
1.030400000000000091e+03, -4.266559999999999797e-01
1.030420000000000073e+03, -6.609289999999999887e-01
1.030430000000000064e+03, -1.791089999999999904e-01
1.030450000000000045e+03, -1.817090000000000094e-01
1.030470000000000027e+03, 2.207830000000000070e-01
1.030480000000000018e+03, -5.181909999999999572e-01
1.030500000000000000e+03, 6.620209999999999706e-01
1.030519999999999982e+03, -9.959869999999999557e-01
1.030529999999999973e+03, -6.751449999999999951e-01
1.030549999999999955e+03, 6.161370000000000458e-01
1.030569999999999936e+03, 8.592910000000000270e-01
1.030579999999999927e+03, -7.759439999999999671e-01
1.030599999999999909e+03, -1.067280000000000006e+00
1.030619999999999891e+03, -5.779290000000000260e-01
1.030630000000000109e+03, 1.488639999999999963e+00
1.030650000000000091e+03, -3.810439999999999938e-01
1.030670000000000073e+03, 2.022539999999999893e-01
1.030680000000000064e+03, 1.296960000000000057e-01
1.030700000000000045e+03, 1.152560000000000029e+00
1.030720000000000027e+03, -7.400700000000000056e-01
1.030730000000000018e+03, -9.188429999999999653e-01
1.030750000000000000e+03, 5.542300000000000004e-01
1.030769999999999982e+03, 1.292499999999999982e+00
1.030779999999999973e+03, 1.036429999999999962e+00
1.030799999999999955e+03, -2.031370000000000051e-02
1.030819999999999936e+03, -4.232310000000000239e-01
1.030829999999999927e+03, -5.713930000000000398e-01
1.030849999999999909e+03, 2.999370000000000092e-01
1.030869999999999891e+03, 1.197170000000000067e+00
1.030880000000000109e+03, -2.865550000000000042e-01
1.030900000000000091e+03, -7.479259999999999797e-01
1.030920000000000073e+03, -4.886570000000000080e-01
1.030930000000000064e+03, -1.114430000000000032e+00
1.030950000000000045e+03, -9.714110000000000245e-01
1.030970000000000027e+03, -9.013010000000000188e-01
1.030980000000000018e+03, 1.350639999999999896e-01
1.031000000000000000e+03, 6.000349999999999850e-01
1.031019999999999982e+03, 2.161480000000000068e-01
1.031029999999999973e+03, -5.173620000000000302e-02
1.031049999999999955e+03, -2.095859999999999945e-01
1.031069999999999936e+03, 8.931449999999999667e-01
1.031079999999999927e+03, -3.246350000000000069e-01
1.031099999999999909e+03, 3.290049999999999919e-01
1.031119999999999891e+03, -7.331720000000000459e-01
1.031130000000000109e+03, -6.391940000000000399e-01
1.031150000000000091e+03, 1.765120000000000022e-01
1.031170000000000073e+03, -5.264180000000000526e-01
1.031180000000000064e+03, -4.605670000000000042e-01
1.031200000000000045e+03, -1.162770000000000054e-01
1.031220000000000027e+03, -6.848060000000000258e-01
1.031230000000000018e+03, -4.638650000000000273e-01
1.031250000000000000e+03, -3.242769999999999819e-01
1.031269999999999982e+03, -2.897250000000000103e-01
1.031279999999999973e+03, 9.166680000000000661e-02
1.031299999999999955e+03, 1.520799999999999930e+00
1.031319999999999936e+03, 5.745240000000000347e-01
1.031329999999999927e+03, -7.402940000000000076e-01
1.031349999999999909e+03, -8.762579999999999814e-01
1.031369999999999891e+03, 1.733740000000000003e-01
1.031380000000000109e+03, 2.773669999999999747e-01
1.031400000000000091e+03, -5.232019999999999449e-01
1.031420000000000073e+03, 1.782499999999999918e-01
1.031430000000000064e+03, -2.575509999999999952e-02
1.031450000000000045e+03, -4.222040000000000237e-01
1.031470000000000027e+03, -4.232099999999999751e-01
1.031480000000000018e+03, -1.517579999999999927e-03
1.031500000000000000e+03, -8.414179999999999993e-01
1.031519999999999982e+03, 3.366489999999999760e-01
1.031529999999999973e+03, -9.290559999999999929e-01
1.031549999999999955e+03, -8.997810000000000530e-01
1.031569999999999936e+03, 3.173360000000000070e-01
1.031579999999999927e+03, 4.367019999999999791e-01
1.031599999999999909e+03, 9.816580000000000306e-01
1.031619999999999891e+03, 5.085100000000000176e-01
1.031630000000000109e+03, -5.971919999999999451e-01
1.031650000000000091e+03, -7.574889999999999679e-01
1.031670000000000073e+03, 5.026859999999999662e-01
1.031680000000000064e+03, -1.442740000000000133e-01
1.031700000000000045e+03, 3.986270000000000091e-01
1.031720000000000027e+03, 2.150910000000000044e-01
1.031730000000000018e+03, 6.375690000000000524e-01
1.031750000000000000e+03, -3.924949999999999828e-01
1.031769999999999982e+03, 3.279409999999999825e-01
1.031779999999999973e+03, -7.980639999999999956e-01
1.031799999999999955e+03, -9.166720000000000423e-01
1.031819999999999936e+03, -4.969160000000000244e-01
1.031829999999999927e+03, 1.750939999999999996e-01
1.031849999999999909e+03, 5.315670000000000117e-01
1.031869999999999891e+03, -6.263030000000000541e-01
1.031880000000000109e+03, -1.773409999999999986e-01
1.031900000000000091e+03, 8.027729999999999588e-01
1.031920000000000073e+03, 2.122600000000000042e-01
1.031930000000000064e+03, -5.331369999999999859e-02
1.031950000000000045e+03, -5.997160000000000268e-01
1.031970000000000027e+03, -6.727870000000000239e-01
1.031980000000000018e+03, 6.589760000000000062e-01
1.032000000000000000e+03, 5.395520000000000316e-01
1.032019999999999982e+03, -2.216200000000000114e-01
1.032029999999999973e+03, -5.916320000000000467e-01
1.032049999999999955e+03, -9.600670000000000037e-01
1.032069999999999936e+03, -3.786129999999999773e-01
1.032079999999999927e+03, 4.809780000000000166e-01
1.032099999999999909e+03, 7.275370000000000448e-02
1.032119999999999891e+03, 8.760360000000000369e-02
1.032130000000000109e+03, 9.127009999999999845e-01
1.032150000000000091e+03, -3.493009999999999865e-02
1.032170000000000073e+03, -4.034959999999999936e-02
1.032180000000000064e+03, -5.859140000000000459e-01
1.032200000000000045e+03, 1.129639999999999950e-01
1.032220000000000027e+03, 2.606100000000000083e-01
1.032230000000000018e+03, 1.300129999999999897e-01
1.032250000000000000e+03, 1.475540000000000074e+00
1.032269999999999982e+03, 5.752749999999999808e-01
1.032279999999999973e+03, 6.348970000000000447e-01
1.032299999999999955e+03, 2.308729999999999949e-01
1.032319999999999936e+03, -1.412170000000000092e-01
1.032329999999999927e+03, 8.133880000000000277e-02
1.032349999999999909e+03, 1.258809999999999985e+00
1.032369999999999891e+03, 8.269050000000000011e-01
1.032380000000000109e+03, 5.903380000000000294e-01
1.032400000000000091e+03, -8.780520000000000547e-01
1.032420000000000073e+03, -8.718569999999999931e-01
1.032430000000000064e+03, 1.607650000000000023e+00
1.032450000000000045e+03, 1.757289999999999963e-01
1.032470000000000027e+03, 3.081090000000000217e-01
1.032480000000000018e+03, 3.032389999999999808e-01
1.032500000000000000e+03, 9.810170000000000279e-01
1.032519999999999982e+03, 1.846850000000000103e+00
1.032529999999999973e+03, -1.210169999999999968e+00
1.032549999999999955e+03, -9.800649999999999640e-01
1.032569999999999936e+03, -5.877400000000000402e-01
1.032579999999999927e+03, -4.118709999999999732e-02
1.032599999999999909e+03, -2.696109999999999896e-01
1.032619999999999891e+03, 1.875529999999999906e-02
1.032630000000000109e+03, -3.311580000000000079e-01
1.032650000000000091e+03, 4.744459999999999789e-01
1.032670000000000073e+03, 8.360779999999999879e-01
1.032680000000000064e+03, 7.866570000000000507e-01
1.032700000000000045e+03, -4.534989999999999855e-01
1.032720000000000027e+03, 2.374330000000000052e-01
1.032730000000000018e+03, -6.655910000000000437e-01
1.032750000000000000e+03, -6.222659999999999858e-01
1.032769999999999982e+03, 7.449000000000000066e-01
1.032779999999999973e+03, -1.749450000000000050e-03
1.032799999999999955e+03, -2.147810000000000219e+00
1.032819999999999936e+03, -1.687249999999999917e+00
1.032829999999999927e+03, -1.489160000000000039e+00
1.032849999999999909e+03, -4.111029999999999962e-01
1.032869999999999891e+03, 2.244980000000000031e-01
1.032880000000000109e+03, 9.343160000000000354e-01
1.032900000000000091e+03, -5.717429999999999735e-02
1.032920000000000073e+03, -3.938969999999999971e-01
1.032930000000000064e+03, -2.096099999999999908e-01
1.032950000000000045e+03, -1.690069999999999906e-01
1.032970000000000027e+03, 3.590800000000000103e-01
1.032980000000000018e+03, 5.534499999999999975e-01
1.033000000000000000e+03, -1.064680000000000071e+00
1.033019999999999982e+03, -5.635900000000000354e-01
1.033029999999999973e+03, 8.469309999999999894e-01
1.033049999999999955e+03, 2.475990000000000135e-01
1.033069999999999936e+03, 2.761629999999999918e-01
1.033079999999999927e+03, -4.685759999999999925e-01
1.033099999999999909e+03, -6.333309999999999773e-01
1.033119999999999891e+03, -1.457450000000000134e-01
1.033130000000000109e+03, 5.700640000000000152e-01
1.033150000000000091e+03, -3.990679999999999783e-01
1.033170000000000073e+03, -7.755230000000000110e-03
1.033180000000000064e+03, 9.643730000000000357e-01
1.033200000000000045e+03, 8.815129999999999910e-01
1.033220000000000027e+03, 2.988179999999999725e-01
1.033230000000000018e+03, -2.511149999999999771e-01
1.033250000000000000e+03, -1.128379999999999939e+00
1.033269999999999982e+03, 1.056580000000000075e+00
1.033279999999999973e+03, 5.033699999999999841e-01
1.033299999999999955e+03, -3.723590000000000233e-02
1.033319999999999936e+03, 1.878479999999999928e+00
1.033329999999999927e+03, 4.465189999999999992e-01
1.033349999999999909e+03, 1.208560000000000051e-01
1.033369999999999891e+03, -5.903650000000000286e-01
1.033380000000000109e+03, -1.949639999999999984e-01
1.033400000000000091e+03, 4.704130000000000256e-01
1.033420000000000073e+03, -5.306459999999999511e-01
1.033430000000000064e+03, -1.109059999999999935e+00
1.033450000000000045e+03, -3.841129999999999822e-01
1.033470000000000027e+03, 1.451330000000000009e+00
1.033480000000000018e+03, -8.306780000000000275e-01
1.033500000000000000e+03, 1.165230000000000016e-01
1.033519999999999982e+03, 2.844940000000000246e-01
1.033529999999999973e+03, -1.292869999999999964e+00
1.033549999999999955e+03, -3.010590000000000210e-01
1.033569999999999936e+03, -1.325599999999999890e+00
1.033579999999999927e+03, -5.353109999999999813e-01
1.033599999999999909e+03, -1.262729999999999908e+00
1.033619999999999891e+03, -5.839060000000000084e-02
1.033630000000000109e+03, 9.969759999999999733e-01
1.033650000000000091e+03, -4.122430000000000261e-01
1.033670000000000073e+03, 8.927399999999999780e-01
1.033680000000000064e+03, -1.251359999999999972e-01
1.033700000000000045e+03, 7.297820000000000418e-01
1.033720000000000027e+03, -6.444509999999999961e-01
1.033730000000000018e+03, -4.257750000000000146e-01
1.033750000000000000e+03, -1.932669999999999874e-02
1.033769999999999982e+03, -1.065919999999999979e+00
1.033779999999999973e+03, 1.198849999999999971e+00
1.033799999999999955e+03, -3.163210000000000188e-01
1.033819999999999936e+03, -1.063400000000000040e-01
1.033829999999999927e+03, -1.146030000000000104e+00
1.033849999999999909e+03, -7.551649999999999752e-01
1.033869999999999891e+03, 3.226339999999999764e-01
1.033880000000000109e+03, 5.371219999999999883e-01
1.033900000000000091e+03, -6.016829999999999679e-01
1.033920000000000073e+03, -5.596970000000000001e-01
1.033930000000000064e+03, -1.013789999999999969e+00
1.033950000000000045e+03, -1.372059999999999946e-01
1.033970000000000027e+03, 2.526669999999999749e-01
1.033980000000000018e+03, -5.883570000000000189e-01
1.034000000000000000e+03, 4.405689999999999884e-01
1.034019999999999982e+03, 4.473679999999999879e-01
1.034029999999999973e+03, 1.285009999999999986e+00
1.034049999999999955e+03, -2.126649999999999929e-01
1.034069999999999936e+03, -4.900200000000000111e-01
1.034079999999999927e+03, -2.753229999999999844e-01
1.034099999999999909e+03, 1.645969999999999933e+00
1.034119999999999891e+03, 1.444220000000000059e+00
1.034130000000000109e+03, 3.376970000000000249e-01
1.034150000000000091e+03, 4.916329999999999867e-01
1.034170000000000073e+03, -3.880529999999999813e-01
1.034180000000000064e+03, -2.719910000000000036e-02
1.034200000000000045e+03, 6.041520000000000223e-01
1.034220000000000027e+03, 9.572289999999999965e-01
1.034230000000000018e+03, -1.921249999999999902e+00
1.034250000000000000e+03, -4.872540000000000204e-01
1.034269999999999982e+03, -1.062950000000000061e+00
1.034279999999999973e+03, -3.132449999999999957e-01
1.034299999999999955e+03, -1.600149999999999906e-01
1.034319999999999936e+03, -1.989249999999999907e-01
1.034329999999999927e+03, -1.844939999999999913e-01
1.034349999999999909e+03, -4.838620000000000143e-01
1.034369999999999891e+03, -9.051320000000000199e-02
1.034380000000000109e+03, -7.287120000000000264e-01
1.034400000000000091e+03, 3.406489999999999796e-01
1.034420000000000073e+03, 1.578740000000000004e-02
1.034430000000000064e+03, -3.988610000000000211e-01
1.034450000000000045e+03, 3.936330000000000107e-01
1.034470000000000027e+03, 1.284080000000000110e+00
1.034480000000000018e+03, -8.173240000000000505e-01
1.034500000000000000e+03, -6.297160000000000535e-01
1.034519999999999982e+03, -3.826689999999999814e-01
1.034529999999999973e+03, -1.727060000000000040e+00
1.034549999999999955e+03, -4.299810000000000021e-01
1.034569999999999936e+03, -1.256780000000000008e+00
1.034579999999999927e+03, -1.461580000000000101e+00
1.034599999999999909e+03, 1.133399999999999963e-01
1.034619999999999891e+03, 4.115590000000000082e-01
1.034630000000000109e+03, 1.008170000000000011e+00
1.034650000000000091e+03, 1.032170000000000032e+00
1.034670000000000073e+03, 2.963540000000000063e-01
1.034680000000000064e+03, 2.138059999999999961e-02
1.034700000000000045e+03, 4.417650000000000188e-01
1.034720000000000027e+03, -6.250850000000000017e-01
1.034730000000000018e+03, 2.428280000000000022e-02
1.034750000000000000e+03, -8.455129999999999590e-01
1.034769999999999982e+03, 2.642999999999999794e-01
1.034779999999999973e+03, 8.979700000000000459e-01
1.034799999999999955e+03, -5.222059999999999480e-01
1.034819999999999936e+03, 1.096770000000000023e+00
1.034829999999999927e+03, 6.333790000000000253e-01
1.034849999999999909e+03, 1.243360000000000021e+00
1.034869999999999891e+03, 5.234130000000000171e-01
1.034880000000000109e+03, -6.738100000000000200e-01
1.034900000000000091e+03, 5.333409999999999540e-01
1.034920000000000073e+03, 1.349809999999999899e-01
1.034930000000000064e+03, 3.421600000000000197e-01
1.034950000000000045e+03, 1.799680000000000030e-02
1.034970000000000027e+03, -3.235600000000000143e-01
1.034980000000000018e+03, -5.767839999999999634e-01
1.035000000000000000e+03, 6.202969999999999873e-01
1.035019999999999982e+03, -3.193599999999999772e-01
1.035029999999999973e+03, -1.176230000000000053e-01
1.035049999999999955e+03, -1.576349999999999973e-01
1.035069999999999936e+03, 9.053499999999999881e-01
1.035079999999999927e+03, -7.294069999999999721e-02
1.035099999999999909e+03, -2.187240000000000073e+00
1.035119999999999891e+03, 9.828689999999999927e-01
1.035130000000000109e+03, 1.701700000000000088e-02
1.035150000000000091e+03, -2.164649999999999908e-01
1.035170000000000073e+03, -6.119790000000000507e-01
1.035180000000000064e+03, -5.900940000000000074e-01
1.035200000000000045e+03, -1.223079999999999945e+00
1.035220000000000027e+03, -6.521460000000000035e-01
1.035230000000000018e+03, -1.547379999999999867e-01
1.035250000000000000e+03, 1.649289999999999923e+00
1.035269999999999982e+03, 1.229659999999999975e+00
1.035279999999999973e+03, -5.903289999999999926e-01
1.035299999999999955e+03, -8.667540000000000244e-01
1.035319999999999936e+03, -1.290399999999999880e-01
1.035329999999999927e+03, -3.035959999999999770e-01
1.035349999999999909e+03, 1.987470000000000070e-01
1.035369999999999891e+03, 5.126169999999999893e-01
1.035380000000000109e+03, 1.372589999999999977e+00
1.035400000000000091e+03, -3.593990000000000240e-01
1.035420000000000073e+03, 9.328430000000000055e-02
1.035430000000000064e+03, -5.638410000000000366e-01
1.035450000000000045e+03, 1.028489999999999960e-01
1.035470000000000027e+03, 9.425069999999999837e-01
1.035480000000000018e+03, 1.799230000000000107e+00
1.035500000000000000e+03, -1.615779999999999994e-01
1.035519999999999982e+03, -2.274719999999999853e+00
1.035529999999999973e+03, -4.298980000000000024e-01
1.035549999999999955e+03, -7.932399999999999451e-01
1.035569999999999936e+03, 1.062259999999999982e+00
1.035579999999999927e+03, 1.150499999999999995e-01
1.035599999999999909e+03, 1.066920000000000091e+00
1.035619999999999891e+03, 2.911190000000000166e-01
1.035630000000000109e+03, 2.085519999999999818e+00
1.035650000000000091e+03, 5.534390000000000143e-01
1.035670000000000073e+03, -4.883649999999999936e-01
1.035680000000000064e+03, -4.170010000000000105e-01
1.035700000000000045e+03, -3.411589999999999935e-03
1.035720000000000027e+03, -7.823090000000000321e-01
1.035730000000000018e+03, 3.377370000000000094e-01
1.035750000000000000e+03, -4.287569999999999992e-01
1.035769999999999982e+03, 1.512809999999999988e+00
1.035779999999999973e+03, 6.512679999999999580e-01
1.035799999999999955e+03, 9.087290000000000090e-01
1.035819999999999936e+03, -1.464370000000000116e-01
1.035829999999999927e+03, 6.073690000000000339e-02
1.035849999999999909e+03, 6.346129999999999827e-01
1.035869999999999891e+03, 8.775190000000000490e-01
1.035880000000000109e+03, 4.204510000000000192e-01
1.035900000000000091e+03, -7.643809999999999771e-01
1.035920000000000073e+03, 1.272599999999999953e+00
1.035930000000000064e+03, -1.088430000000000009e+00
1.035950000000000045e+03, -1.207359999999999989e+00
1.035970000000000027e+03, -2.770779999999999910e-01
1.035980000000000018e+03, 5.064450000000000340e-01
1.036000000000000000e+03, 3.023040000000000171e-01
1.036019999999999982e+03, 7.125869999999999704e-01
1.036029999999999973e+03, 3.613299999999999845e-01
1.036049999999999955e+03, -9.557259999999999645e-01
1.036069999999999936e+03, 2.382890000000000008e-01
1.036079999999999927e+03, -3.065890000000000004e-01
1.036099999999999909e+03, 7.342339999999999978e-02
1.036119999999999891e+03, -4.414389999999999981e-02
1.036130000000000109e+03, -6.495349999999999735e-01
1.036150000000000091e+03, -5.492390000000000327e-01
1.036170000000000073e+03, -1.053530000000000078e+00
1.036180000000000064e+03, -1.893920000000000048e-01
1.036200000000000045e+03, -2.638260000000000050e-01
1.036220000000000027e+03, -3.715700000000000253e-02
1.036230000000000018e+03, -3.209810000000000163e-01
1.036250000000000000e+03, -8.700790000000000468e-01
1.036269999999999982e+03, -1.445249999999999924e+00
1.036279999999999973e+03, -1.112330000000000041e+00
1.036299999999999955e+03, 5.363199999999999912e-02
1.036319999999999936e+03, 4.262679999999999803e-01
1.036329999999999927e+03, -1.183049999999999935e-01
1.036349999999999909e+03, -3.336700000000000083e-02
1.036369999999999891e+03, -1.368570000000000030e-02
1.036380000000000109e+03, 7.996309999999999807e-01
1.036400000000000091e+03, 2.617110000000000269e-01
1.036420000000000073e+03, 6.448169999999999735e-01
1.036430000000000064e+03, -6.474600000000000355e-01
1.036450000000000045e+03, -6.988799999999999457e-01
1.036470000000000027e+03, 9.436679999999999513e-01
1.036480000000000018e+03, -7.333380000000000454e-01
1.036500000000000000e+03, 6.757760000000000433e-01
1.036519999999999982e+03, 1.507719999999999894e-01
1.036529999999999973e+03, 2.579909999999999842e-02
1.036549999999999955e+03, -7.001910000000000078e-01
1.036569999999999936e+03, 3.520719999999999961e-01
1.036579999999999927e+03, 1.046820000000000084e+00
1.036599999999999909e+03, 3.859289999999999943e-02
1.036619999999999891e+03, -3.938079999999999914e-01
1.036630000000000109e+03, -1.917069999999999885e-01
1.036650000000000091e+03, -2.787629999999999830e-01
1.036670000000000073e+03, 1.009950000000000014e-01
1.036680000000000064e+03, 7.253290000000000015e-01
1.036700000000000045e+03, -1.049339999999999995e-01
1.036720000000000027e+03, -7.979300000000000281e-01
1.036730000000000018e+03, -6.717760000000000398e-01
1.036750000000000000e+03, -9.997110000000000163e-01
1.036769999999999982e+03, 1.000469999999999970e+00
1.036779999999999973e+03, 4.702259999999999773e-01
1.036799999999999955e+03, -4.079139999999999988e-01
1.036819999999999936e+03, 1.443119999999999958e+00
1.036829999999999927e+03, 7.493100000000000316e-01
1.036849999999999909e+03, -1.199700000000000072e-02
1.036869999999999891e+03, -1.026559999999999917e+00
1.036880000000000109e+03, -1.565940000000000110e+00
1.036900000000000091e+03, 4.155730000000000257e-01
1.036920000000000073e+03, 3.907990000000000075e-01
1.036930000000000064e+03, -8.342920000000000336e-01
1.036950000000000045e+03, 9.000399999999999512e-01
1.036970000000000027e+03, 1.714269999999999960e+00
1.036980000000000018e+03, -3.724469999999999725e-01
1.037000000000000000e+03, -1.195640000000000036e-01
1.037019999999999982e+03, -8.721320000000000183e-01
1.037029999999999973e+03, 1.892379999999999896e-01
1.037049999999999955e+03, 1.109169999999999989e+00
1.037069999999999936e+03, -2.644240000000000132e-02
1.037079999999999927e+03, 1.562270000000000048e-01
1.037099999999999909e+03, -1.907679999999999931e-01
1.037119999999999891e+03, 5.515919999999999712e-01
1.037130000000000109e+03, 1.130570000000000075e+00
1.037150000000000091e+03, 2.745710000000000095e-01
1.037170000000000073e+03, -4.826050000000000062e-01
1.037180000000000064e+03, -2.899399999999999755e-01
1.037200000000000045e+03, 8.960599999999999676e-01
1.037220000000000027e+03, 2.545100000000000140e-01
1.037230000000000018e+03, 5.824110000000000398e-03
1.037250000000000000e+03, -8.723389999999999755e-01
1.037269999999999982e+03, -8.627610000000000001e-01
1.037279999999999973e+03, 2.841179999999999817e-01
1.037299999999999955e+03, 1.087159999999999904e+00
1.037319999999999936e+03, 8.353930000000000522e-01
1.037329999999999927e+03, 8.047269999999999701e-01
1.037349999999999909e+03, -1.136689999999999978e+00
1.037369999999999891e+03, -1.090659999999999963e+00
1.037380000000000109e+03, 6.938060000000000338e-01
1.037400000000000091e+03, 3.409610000000000141e-01
1.037420000000000073e+03, -1.747769999999999879e-01
1.037430000000000064e+03, 2.245479999999999976e-01
1.037450000000000045e+03, 6.515130000000000088e-01
1.037470000000000027e+03, -1.852650000000000130e-01
1.037480000000000018e+03, 1.901220000000000132e-01
1.037500000000000000e+03, 1.827639999999999931e+00
1.037519999999999982e+03, 5.270860000000000545e-01
1.037529999999999973e+03, 1.030119999999999925e+00
1.037549999999999955e+03, -6.210919999999999774e-01
1.037569999999999936e+03, -1.651839999999999975e-01
1.037579999999999927e+03, -1.394339999999999913e+00
1.037599999999999909e+03, -7.170769999999999644e-01
1.037619999999999891e+03, 7.301459999999999617e-01
1.037630000000000109e+03, 4.686049999999999938e-01
1.037650000000000091e+03, 3.797860000000000125e-01
1.037670000000000073e+03, -3.774630000000000346e-02
1.037680000000000064e+03, 1.374749999999999917e+00
1.037700000000000045e+03, -2.859369999999999967e-01
1.037720000000000027e+03, 1.340729999999999977e+00
1.037730000000000018e+03, 6.862409999999999899e-01
1.037750000000000000e+03, -6.600740000000000496e-01
1.037769999999999982e+03, 4.358150000000000079e-01
1.037779999999999973e+03, 1.223609999999999975e-01
1.037799999999999955e+03, 3.595940000000000247e-01
1.037819999999999936e+03, -1.589849999999999985e+00
1.037829999999999927e+03, -8.295940000000000536e-01
1.037849999999999909e+03, 3.386230000000000073e-01
1.037869999999999891e+03, 1.688479999999999981e+00
1.037880000000000109e+03, 9.368980000000000086e-01
1.037900000000000091e+03, 7.633379999999999610e-01
1.037920000000000073e+03, -3.871640000000000081e-01
1.037930000000000064e+03, -6.520860000000000545e-01
1.037950000000000045e+03, 5.090500000000000025e-01
1.037970000000000027e+03, 6.500310000000000255e-01
1.037980000000000018e+03, 2.033349999999999880e-01
1.038000000000000000e+03, 6.136530000000000040e-01
1.038019999999999982e+03, 7.972420000000000062e-01
1.038029999999999973e+03, 1.151029999999999970e-01
1.038049999999999955e+03, -8.684629999999999850e-01
1.038069999999999936e+03, 3.277070000000000261e-01
1.038079999999999927e+03, -1.407769999999999966e+00
1.038099999999999909e+03, -8.946450000000000236e-02
1.038119999999999891e+03, 2.486770000000000092e-01
1.038130000000000109e+03, 1.125570000000000043e-01
1.038150000000000091e+03, 7.460649999999999782e-01
1.038170000000000073e+03, -1.266000000000000014e+00
1.038180000000000064e+03, -5.422730000000000050e-01
1.038200000000000045e+03, -3.313630000000000186e-01
1.038220000000000027e+03, -6.677340000000000497e-01
1.038230000000000018e+03, 1.068610000000000060e+00
1.038250000000000000e+03, 7.054629999999999512e-01
1.038269999999999982e+03, 5.312219999999999720e-01
1.038279999999999973e+03, 4.055690000000000128e-01
1.038299999999999955e+03, 2.089129999999999876e-01
1.038319999999999936e+03, -1.708069999999999866e-01
1.038329999999999927e+03, 8.064789999999999459e-02
1.038349999999999909e+03, 6.439939999999999554e-01
1.038369999999999891e+03, 5.993669999999999831e-01
1.038380000000000109e+03, 3.290669999999999984e-01
1.038400000000000091e+03, 1.028939999999999994e-01
1.038420000000000073e+03, -7.410980000000000345e-01
1.038430000000000064e+03, -9.052149999999999919e-01
1.038450000000000045e+03, -1.618279999999999941e+00
1.038470000000000027e+03, 5.336830000000000185e-01
1.038480000000000018e+03, 6.221119999999999983e-01
1.038500000000000000e+03, -1.034920000000000062e+00
1.038519999999999982e+03, -1.051399999999999890e+00
1.038529999999999973e+03, 4.173560000000000048e-01
1.038549999999999955e+03, 1.602519999999999945e+00
1.038569999999999936e+03, 2.263679999999999914e+00
1.038579999999999927e+03, 4.937710000000000155e-01
1.038599999999999909e+03, 6.111879999999999535e-01
1.038619999999999891e+03, -8.877819999999999601e-01
1.038630000000000109e+03, 7.613020000000000342e-01
1.038650000000000091e+03, -5.327190000000000536e-01
1.038670000000000073e+03, 2.540620000000000031e-02
1.038680000000000064e+03, -1.186639999999999917e+00
1.038700000000000045e+03, 7.291349999999999776e-01
1.038720000000000027e+03, 5.588980000000000059e-01
1.038730000000000018e+03, -5.854689999999999894e-02
1.038750000000000000e+03, 2.299640000000000017e-01
1.038769999999999982e+03, 8.335519999999999596e-01
1.038779999999999973e+03, 4.543179999999999996e-01
1.038799999999999955e+03, -4.684060000000000307e-02
1.038819999999999936e+03, -8.098840000000000483e-01
1.038829999999999927e+03, -9.856070000000000109e-01
1.038849999999999909e+03, -4.521379999999999844e-01
1.038869999999999891e+03, -1.273789999999999978e+00
1.038880000000000109e+03, -9.924650000000000416e-01
1.038900000000000091e+03, 2.035889999999999922e-01
1.038920000000000073e+03, -6.589490000000000069e-01
1.038930000000000064e+03, 4.098140000000000116e-02
1.038950000000000045e+03, -7.664180000000000437e-01
1.038970000000000027e+03, 1.032559999999999922e+00
1.038980000000000018e+03, 2.800279999999999991e-01
1.039000000000000000e+03, 1.075709999999999944e+00
1.039019999999999982e+03, -6.836790000000000367e-01
1.039029999999999973e+03, -1.456690000000000040e+00
1.039049999999999955e+03, -3.860120000000000218e-01
1.039069999999999936e+03, -1.886419999999999986e+00
1.039079999999999927e+03, -6.443259999999999543e-01
1.039099999999999909e+03, 1.300070000000000059e+00
1.039119999999999891e+03, 1.095769999999999911e+00
1.039130000000000109e+03, -6.187420000000000142e-01
1.039150000000000091e+03, 4.825929999999999942e-01
1.039170000000000073e+03, -1.014059999999999961e+00
1.039180000000000064e+03, -8.833670000000000133e-01
1.039200000000000045e+03, -4.544150000000000134e-01
1.039220000000000027e+03, -3.787679999999999936e-01
1.039230000000000018e+03, 1.560950000000000115e-01
1.039250000000000000e+03, 9.484979999999999523e-01
1.039269999999999982e+03, 1.484609999999999985e+00
1.039279999999999973e+03, 2.391870000000000107e-01
1.039299999999999955e+03, -1.277189999999999992e-01
1.039319999999999936e+03, 1.685640000000000027e+00
1.039329999999999927e+03, 1.954350000000000032e+00
1.039349999999999909e+03, 2.252499999999999947e+00
1.039369999999999891e+03, 5.895789999999999642e-01
1.039380000000000109e+03, -1.148740000000000094e+00
1.039400000000000091e+03, -1.114759999999999973e+00
1.039420000000000073e+03, -1.431219999999999937e+00
1.039430000000000064e+03, -1.364799999999999902e-01
1.039450000000000045e+03, 5.407239999999999824e-01
1.039470000000000027e+03, -4.034079999999999888e-01
1.039480000000000018e+03, -5.331789999999999585e-01
1.039500000000000000e+03, -7.056679999999999897e-02
1.039519999999999982e+03, -2.130759999999999876e-01
1.039529999999999973e+03, -5.418110000000000426e-01
1.039549999999999955e+03, -3.167220000000000035e-01
1.039569999999999936e+03, 3.040510000000000157e-01
1.039579999999999927e+03, -1.390640000000000098e+00
1.039599999999999909e+03, -1.584519999999999929e+00
1.039619999999999891e+03, -5.314750000000000307e-01
1.039630000000000109e+03, 1.109960000000000058e+00
1.039650000000000091e+03, -1.236820000000000003e-01
1.039670000000000073e+03, 3.085950000000000082e-01
1.039680000000000064e+03, -2.412579999999999933e-02
1.039700000000000045e+03, 7.429339999999999833e-01
1.039720000000000027e+03, 1.420929999999999971e-01
1.039730000000000018e+03, 7.651729999999999920e-01
1.039750000000000000e+03, 1.096720000000000056e-01
1.039769999999999982e+03, -2.771040000000000170e-01
1.039779999999999973e+03, 6.880159999999999609e-01
1.039799999999999955e+03, 1.997539999999999871e-01
1.039819999999999936e+03, 1.883159999999999945e+00
1.039829999999999927e+03, 6.021300000000000541e-01
1.039849999999999909e+03, -7.837260000000000337e-01
1.039869999999999891e+03, 4.987320000000000086e-01
1.039880000000000109e+03, 1.014049999999999896e+00
1.039900000000000091e+03, 8.562459999999999516e-01
1.039920000000000073e+03, 7.257190000000000030e-01
1.039930000000000064e+03, -5.107470000000000065e-02
1.039950000000000045e+03, -7.676830000000000043e-01
1.039970000000000027e+03, 4.771380000000000066e-02
1.039980000000000018e+03, -1.749519999999999964e+00
1.040000000000000000e+03, -1.353399999999999936e+00
1.040019999999999982e+03, -5.496729999999999672e-01
1.040029999999999973e+03, 1.297139999999999960e-01
1.040049999999999955e+03, -2.061689999999999912e-01
1.040069999999999936e+03, -4.954330000000000123e-01
1.040079999999999927e+03, 1.555869999999999996e-02
1.040099999999999909e+03, 2.843600000000000017e-01
1.040119999999999891e+03, 8.004200000000000204e-01
1.040130000000000109e+03, 1.415579999999999894e-01
1.040150000000000091e+03, 1.446220000000000061e+00
1.040170000000000073e+03, 2.712330000000000019e-01
1.040180000000000064e+03, 7.596769999999999912e-02
1.040200000000000045e+03, 2.955729999999999746e-01
1.040220000000000027e+03, -8.480710000000000193e-01
1.040230000000000018e+03, -5.684090000000000531e-01
1.040250000000000000e+03, -5.009770000000000056e-01
1.040269999999999982e+03, -3.579869999999999997e-01
1.040279999999999973e+03, -1.630679999999999907e+00
1.040299999999999955e+03, 9.797789999999999555e-01
1.040319999999999936e+03, 8.838380000000000125e-01
1.040329999999999927e+03, 1.744329999999999936e+00
1.040349999999999909e+03, 4.911010000000000097e-01
1.040369999999999891e+03, -1.329479999999999995e+00
1.040380000000000109e+03, -9.633049999999999669e-01
1.040400000000000091e+03, -9.112959999999999949e-01
1.040420000000000073e+03, -6.795710000000000361e-01
1.040430000000000064e+03, -3.988289999999999891e-01
1.040450000000000045e+03, 7.071130000000000471e-02
1.040470000000000027e+03, 6.807290000000000285e-01
1.040480000000000018e+03, -5.262189999999999923e-02
1.040500000000000000e+03, 7.418930000000000247e-01
1.040519999999999982e+03, 1.067800000000000082e+00
1.040529999999999973e+03, 4.831329999999999791e-01
1.040549999999999955e+03, -5.787539999999999907e-01
1.040569999999999936e+03, -1.222310000000000008e+00
1.040579999999999927e+03, -8.005179999999999518e-01
1.040599999999999909e+03, 1.406239999999999934e+00
1.040619999999999891e+03, 1.110219999999999985e+00
1.040630000000000109e+03, 1.619979999999999976e+00
1.040650000000000091e+03, -2.459369999999999890e-01
1.040670000000000073e+03, -8.316710000000000491e-01
1.040680000000000064e+03, -1.898290000000000033e+00
1.040700000000000045e+03, -9.218079999999999330e-02
1.040720000000000027e+03, -1.037239999999999940e+00
1.040730000000000018e+03, -1.222590000000000066e+00
1.040750000000000000e+03, 3.809109999999999996e-01
1.040769999999999982e+03, 6.901239999999999597e-01
1.040779999999999973e+03, 2.645250000000000101e-01
1.040799999999999955e+03, 7.442849999999999744e-01
1.040819999999999936e+03, 8.689119999999999830e-03
1.040829999999999927e+03, -1.376360000000000028e+00
1.040849999999999909e+03, -1.405690000000000106e+00
1.040869999999999891e+03, -9.111299999999999955e-01
1.040880000000000109e+03, -5.173950000000000077e-02
1.040900000000000091e+03, -3.752880000000000105e-01
1.040920000000000073e+03, -1.574540000000000051e+00
1.040930000000000064e+03, -1.139659999999999895e+00
1.040950000000000045e+03, 4.745739999999999958e-01
1.040970000000000027e+03, 2.889349999999999974e-01
1.040980000000000018e+03, 5.860140000000000349e-01
1.041000000000000000e+03, 3.453620000000000023e-01
1.041019999999999982e+03, -1.443799999999999972e+00
1.041029999999999973e+03, -6.744449999999999612e-01
1.041049999999999955e+03, -3.079319999999999835e-01
1.041069999999999936e+03, -7.089389999999999858e-01
1.041079999999999927e+03, 3.971660000000000190e-01
1.041099999999999909e+03, 1.034189999999999943e+00
1.041119999999999891e+03, -2.207560000000000078e-01
1.041130000000000109e+03, 8.662320000000000020e-01
1.041150000000000091e+03, 1.538460000000000105e-01
1.041170000000000073e+03, -2.374239999999999962e-01
1.041180000000000064e+03, -3.868590000000000084e-01
1.041200000000000045e+03, -8.937669999999999781e-01
1.041220000000000027e+03, -2.596510000000000207e-01
1.041230000000000018e+03, 1.222960000000000047e+00
1.041250000000000000e+03, 6.350120000000000209e-01
1.041269999999999982e+03, 6.920079999999999565e-01
1.041279999999999973e+03, 1.045779999999999932e+00
1.041299999999999955e+03, 1.203359999999999985e+00
1.041319999999999936e+03, -4.868970000000000242e-01
1.041329999999999927e+03, 1.056589999999999918e+00
1.041349999999999909e+03, 1.662910000000000110e+00
1.041369999999999891e+03, 3.079169999999999963e-01
1.041380000000000109e+03, -7.837450000000000250e-01
1.041400000000000091e+03, -6.539490000000000580e-02
1.041420000000000073e+03, 3.405710000000000126e-01
1.041430000000000064e+03, 1.198059999999999903e+00
1.041450000000000045e+03, 3.975000000000000200e-01
1.041470000000000027e+03, -1.738919999999999910e-01
1.041480000000000018e+03, -2.024750000000000050e+00
1.041500000000000000e+03, 1.186610000000000026e-01
1.041519999999999982e+03, 4.119789999999999841e-01
1.041529999999999973e+03, -2.614440000000000097e-01
1.041549999999999955e+03, 4.954259999999999775e-01
1.041569999999999936e+03, -6.668939999999999868e-01
1.041579999999999927e+03, -5.658690000000000248e-02
1.041599999999999909e+03, 1.064729999999999954e+00
1.041619999999999891e+03, 1.421180000000000110e+00
1.041630000000000109e+03, -5.365020000000000344e-01
1.041650000000000091e+03, -2.611010000000000275e-01
1.041670000000000073e+03, 4.203069999999999862e-01
1.041680000000000064e+03, -9.872750000000000137e-01
1.041700000000000045e+03, 4.830670000000000242e-01
1.041720000000000027e+03, -2.330560000000000132e-01
1.041730000000000018e+03, 3.900810000000000111e-01
1.041750000000000000e+03, -2.332739999999999814e+00
1.041769999999999982e+03, -1.715540000000000065e+00
1.041779999999999973e+03, -4.345859999999999723e-01
1.041799999999999955e+03, 7.450829999999999953e-02
1.041819999999999936e+03, 1.776219999999999910e+00
1.041829999999999927e+03, 1.477829999999999977e+00
1.041849999999999909e+03, -4.065559999999999730e-01
1.041869999999999891e+03, 1.107770000000000005e-01
1.041880000000000109e+03, -8.957209999999999894e-01
1.041900000000000091e+03, 5.786340000000000233e-02
1.041920000000000073e+03, 6.426669999999999883e-01
1.041930000000000064e+03, -3.902919999999999723e-01
1.041950000000000045e+03, -1.405159999999999965e+00
1.041970000000000027e+03, -6.097209999999999575e-01
1.041980000000000018e+03, 8.716629999999999656e-01
1.042000000000000000e+03, 1.303230000000000111e+00
1.042019999999999982e+03, 5.489349999999999508e-01
1.042029999999999973e+03, -3.878010000000000068e-01
1.042049999999999955e+03, -1.315570000000000073e-01
1.042069999999999936e+03, -1.599810000000000121e-01
1.042079999999999927e+03, 8.620130000000000292e-01
1.042099999999999909e+03, 6.116559999999999775e-01
1.042119999999999891e+03, 1.415820000000000134e-01
1.042130000000000109e+03, 1.314440000000000053e+00
1.042150000000000091e+03, 7.016250000000000542e-01
1.042170000000000073e+03, -4.380550000000000277e-01
1.042180000000000064e+03, -1.501530000000000087e-01
1.042200000000000045e+03, -2.677849999999999953e-01
1.042220000000000027e+03, -2.841139999999999777e-01
1.042230000000000018e+03, -1.677490000000000092e-01
1.042250000000000000e+03, -5.014349999999999641e-01
1.042269999999999982e+03, -8.141500000000000403e-01
1.042279999999999973e+03, 3.370859999999999967e-01
1.042299999999999955e+03, -5.622859999999999525e-01
1.042319999999999936e+03, -4.442309999999999870e-01
1.042329999999999927e+03, -4.601859999999999978e-02
1.042349999999999909e+03, 7.911430000000000407e-01
1.042369999999999891e+03, -9.353979999999999517e-01
1.042380000000000109e+03, -4.677520000000000011e-01
1.042400000000000091e+03, 3.615700000000000025e-01
1.042420000000000073e+03, 3.658379999999999965e-01
1.042430000000000064e+03, 7.759859999999999536e-01
1.042450000000000045e+03, 5.296629999999999949e-01
1.042470000000000027e+03, -2.624909999999999743e-01
1.042480000000000018e+03, -3.808679999999999843e-01
1.042500000000000000e+03, 6.130299999999999638e-01
1.042519999999999982e+03, -3.926140000000000185e-01
1.042529999999999973e+03, -1.144120000000000026e+00
1.042549999999999955e+03, 5.441599999999999770e-01
1.042569999999999936e+03, 1.496270000000000100e-01
1.042579999999999927e+03, -1.110810000000000075e+00
1.042599999999999909e+03, -8.759350000000000191e-01
1.042619999999999891e+03, 5.555109999999999770e-01
1.042630000000000109e+03, 3.289420000000000122e-01
1.042650000000000091e+03, 1.201399999999999968e-01
1.042670000000000073e+03, -4.878930000000000211e-01
1.042680000000000064e+03, 9.232209999999999583e-01
1.042700000000000045e+03, -2.878439999999999888e-01
1.042720000000000027e+03, -5.771950000000000136e-01
1.042730000000000018e+03, -3.513620000000000076e-01
1.042750000000000000e+03, -7.081089999999999884e-01
1.042769999999999982e+03, -8.713450000000000362e-01
1.042779999999999973e+03, -9.424700000000000299e-01
1.042799999999999955e+03, 2.853180000000000160e-01
1.042819999999999936e+03, 1.379559999999999953e-01
1.042829999999999927e+03, -1.664819999999999967e+00
1.042849999999999909e+03, -1.912760000000000016e+00
1.042869999999999891e+03, 2.189609999999999890e-01
1.042880000000000109e+03, -6.849189999999999445e-01
1.042900000000000091e+03, -1.081050000000000066e-01
1.042920000000000073e+03, 1.620880000000000098e+00
1.042930000000000064e+03, 9.797169999999999490e-01
1.042950000000000045e+03, 1.818790000000000129e-01
1.042970000000000027e+03, -1.514899999999999913e+00
1.042980000000000018e+03, -1.736620000000000053e+00
1.043000000000000000e+03, -1.485599999999999976e-01
1.043019999999999982e+03, -4.812170000000000059e-01
1.043029999999999973e+03, 7.233610000000000317e-01
1.043049999999999955e+03, 8.520389999999999908e-02
1.043069999999999936e+03, 1.167890000000000095e+00
1.043079999999999927e+03, -1.888650000000000051e-01
1.043099999999999909e+03, -1.798609999999999931e-01
1.043119999999999891e+03, -1.410490000000000022e+00
1.043130000000000109e+03, -6.250690000000000413e-02
1.043150000000000091e+03, -7.654980000000000118e-01
1.043170000000000073e+03, -2.667260000000000186e-01
1.043180000000000064e+03, -2.250900000000000123e-01
1.043200000000000045e+03, 6.189529999999999754e-01
1.043220000000000027e+03, -2.656859999999999777e-01
1.043230000000000018e+03, -1.178139999999999965e+00
1.043250000000000000e+03, 1.165569999999999995e+00
1.043269999999999982e+03, 3.618489999999999762e-01
1.043279999999999973e+03, 9.584740000000000482e-01
1.043299999999999955e+03, 9.711990000000000345e-01
1.043319999999999936e+03, 2.569910000000000139e+00
1.043329999999999927e+03, 1.799139999999999961e+00
1.043349999999999909e+03, 1.057269999999999932e+00
1.043369999999999891e+03, -7.938589999999999813e-01
1.043380000000000109e+03, 3.447910000000000141e-01
1.043400000000000091e+03, -8.964950000000000419e-01
1.043420000000000073e+03, -2.073449999999999793e+00
1.043430000000000064e+03, -1.334829999999999961e+00
1.043450000000000045e+03, -5.294870000000000410e-01
1.043470000000000027e+03, 5.433820000000000316e-01
1.043480000000000018e+03, 6.254469999999999752e-01
1.043500000000000000e+03, 1.241570000000000035e-01
1.043519999999999982e+03, 3.539459999999999829e-01
1.043529999999999973e+03, -3.218500000000000250e-01
1.043549999999999955e+03, 1.016650000000000054e-01
1.043569999999999936e+03, -2.365190000000000070e-01
1.043579999999999927e+03, 4.474279999999999924e-01
1.043599999999999909e+03, -1.586850000000000094e+00
1.043619999999999891e+03, 8.426489999999999814e-01
1.043630000000000109e+03, -2.829420000000000268e-01
1.043650000000000091e+03, -4.843290000000000095e-01
1.043670000000000073e+03, 1.207659999999999983e-01
1.043680000000000064e+03, 4.684510000000000063e-01
1.043700000000000045e+03, 1.966279999999999972e-01
1.043720000000000027e+03, 1.223989999999999911e+00
1.043730000000000018e+03, 2.578320000000000056e-01
1.043750000000000000e+03, -1.198130000000000028e-01
1.043769999999999982e+03, -8.189149999999999485e-01
1.043779999999999973e+03, -4.527089999999999725e-01
1.043799999999999955e+03, 1.185219999999999940e+00
1.043819999999999936e+03, 5.040780000000000260e-01
1.043829999999999927e+03, 1.269470000000000098e+00
1.043849999999999909e+03, 5.828419999999999712e-01
1.043869999999999891e+03, 1.341160000000000130e-01
1.043880000000000109e+03, -3.110359999999999792e-01
1.043900000000000091e+03, -1.767390000000000017e+00
1.043920000000000073e+03, -1.203389999999999960e+00
1.043930000000000064e+03, -6.247260000000000035e-01
1.043950000000000045e+03, -1.181319999999999926e+00
1.043970000000000027e+03, -6.982920000000000238e-01
1.043980000000000018e+03, 4.496299999999999741e-01
1.044000000000000000e+03, -1.789119999999999877e-01
1.044019999999999982e+03, 1.617830000000000101e-01
1.044029999999999973e+03, 3.302660000000000040e-01
1.044049999999999955e+03, 5.864179999999999948e-01
1.044069999999999936e+03, -7.783859999999999391e-02
1.044079999999999927e+03, 4.477450000000000006e-03
1.044099999999999909e+03, 6.116460000000000230e-01
1.044119999999999891e+03, -5.934899999999999620e-01
1.044130000000000109e+03, 2.390290000000000123e-02
1.044150000000000091e+03, -9.892229999999999634e-01
1.044170000000000073e+03, -6.723069999999999879e-01
1.044180000000000064e+03, -1.292149999999999910e+00
1.044200000000000045e+03, 3.704959999999999920e-01
1.044220000000000027e+03, 1.613239999999999952e-01
1.044230000000000018e+03, -6.913339999999999763e-02
1.044250000000000000e+03, -2.926700000000000135e-02
1.044269999999999982e+03, -1.049860000000000015e+00
1.044279999999999973e+03, 8.155350000000000099e-01
1.044299999999999955e+03, -1.515430000000000110e-01
1.044319999999999936e+03, 4.318060000000000231e-01
1.044329999999999927e+03, -9.820759999999999490e-01
1.044349999999999909e+03, -5.280669999999999809e-02
1.044369999999999891e+03, 1.367280000000000051e+00
1.044380000000000109e+03, 5.124720000000000386e-01
1.044400000000000091e+03, 4.137729999999999880e-02
1.044420000000000073e+03, -1.034270000000000023e+00
1.044430000000000064e+03, -9.011090000000000488e-01
1.044450000000000045e+03, -6.945999999999999952e-01
1.044470000000000027e+03, 1.970359999999999889e-01
1.044480000000000018e+03, -2.622120000000000006e-01
1.044500000000000000e+03, -1.049420000000000019e+00
1.044519999999999982e+03, 2.944300000000000250e-01
1.044529999999999973e+03, -5.753130000000000049e-02
1.044549999999999955e+03, 1.589470000000000049e-01
1.044569999999999936e+03, 7.940190000000000303e-01
1.044579999999999927e+03, 1.699230000000000018e+00
1.044599999999999909e+03, 5.026690000000000325e-01
1.044619999999999891e+03, 4.094889999999999919e-01
1.044630000000000109e+03, -3.266780000000000239e-01
1.044650000000000091e+03, -6.483579999999999899e-01
1.044670000000000073e+03, -4.593519999999999825e-01
1.044680000000000064e+03, 3.642050000000000010e-01
1.044700000000000045e+03, 5.512540000000000218e-01
1.044720000000000027e+03, 5.243160000000000043e-01
1.044730000000000018e+03, 1.279360000000000053e+00
1.044750000000000000e+03, -2.858089999999999797e-01
1.044769999999999982e+03, -1.390050000000000008e+00
1.044779999999999973e+03, -1.874500000000000055e-01
1.044799999999999955e+03, -2.619119999999999782e-01
1.044819999999999936e+03, 1.402369999999999894e+00
1.044829999999999927e+03, 1.826969999999999983e+00
1.044849999999999909e+03, 1.225090000000000012e+00
1.044869999999999891e+03, -1.117480000000000029e+00
1.044880000000000109e+03, 4.812509999999999843e-01
1.044900000000000091e+03, 1.634149999999999991e+00
1.044920000000000073e+03, 1.168719999999999981e+00
1.044930000000000064e+03, 2.452550000000000008e-01
1.044950000000000045e+03, 7.847840000000000371e-02
1.044970000000000027e+03, -1.689749999999999863e-01
1.044980000000000018e+03, 1.870300000000000018e-01
1.045000000000000000e+03, -1.034560000000000063e-01
1.045019999999999982e+03, 9.669069999999999609e-01
1.045029999999999973e+03, -8.168459999999999610e-01
1.045049999999999955e+03, 1.516139999999999988e-01
1.045069999999999936e+03, 5.172809999999999908e-01
1.045079999999999927e+03, 7.775090000000000057e-01
1.045099999999999909e+03, 1.354770000000000030e+00
1.045119999999999891e+03, -3.130669999999999842e-01
1.045130000000000109e+03, 1.945610000000000062e+00
1.045150000000000091e+03, -1.863599999999999923e+00
1.045170000000000073e+03, -2.212730000000000086e+00
1.045180000000000064e+03, 2.722129999999999828e-01
1.045200000000000045e+03, -5.477710000000000079e-01
1.045220000000000027e+03, -2.641069999999999876e-02
1.045230000000000018e+03, 1.477529999999999955e-01
1.045250000000000000e+03, -1.361299999999999955e+00
1.045269999999999982e+03, 7.769019999999999815e-01
1.045279999999999973e+03, -1.022189999999999932e+00
1.045299999999999955e+03, -6.724160000000000137e-01
1.045319999999999936e+03, 3.913429999999999964e-01
1.045329999999999927e+03, 8.007570000000000521e-01
1.045349999999999909e+03, 5.907019999999999493e-01
1.045369999999999891e+03, 2.092930000000000068e-01
1.045380000000000109e+03, 1.451470000000000038e+00
1.045400000000000091e+03, -9.418640000000000345e-01
1.045420000000000073e+03, -7.627049999999999802e-03
1.045430000000000064e+03, -7.200680000000000414e-01
1.045450000000000045e+03, 9.618100000000000538e-01
1.045470000000000027e+03, -6.543150000000000355e-02
1.045480000000000018e+03, -8.080929999999999502e-01
1.045500000000000000e+03, -1.830800000000000136e-02
1.045519999999999982e+03, -1.422770000000000090e+00
1.045529999999999973e+03, -3.786720000000000086e-01
1.045549999999999955e+03, 3.719100000000000183e-01
1.045569999999999936e+03, 1.862310000000000076e-01
1.045579999999999927e+03, 1.289779999999999927e+00
1.045599999999999909e+03, -1.613680000000000003e+00
1.045619999999999891e+03, 2.213019999999999918e-02
1.045630000000000109e+03, 1.424109999999999987e+00
1.045650000000000091e+03, 3.879349999999999743e-01
1.045670000000000073e+03, 5.897980000000000445e-01
1.045680000000000064e+03, -1.087680000000000036e-01
1.045700000000000045e+03, -6.260339999999999794e-01
1.045720000000000027e+03, -9.699710000000000276e-01
1.045730000000000018e+03, 1.336230000000000029e+00
1.045750000000000000e+03, 1.311799999999999911e-01
1.045769999999999982e+03, 8.059819999999999485e-02
1.045779999999999973e+03, 3.467689999999999939e-01
1.045799999999999955e+03, -5.473839999999999817e-01
1.045819999999999936e+03, 9.632279999999999731e-01
1.045829999999999927e+03, 6.318099999999999827e-01
1.045849999999999909e+03, -2.847669999999999924e-01
1.045869999999999891e+03, 1.577890000000000015e+00
1.045880000000000109e+03, -4.401089999999999725e-01
1.045900000000000091e+03, -1.029859999999999998e+00
1.045920000000000073e+03, 1.111979999999999968e+00
1.045930000000000064e+03, -1.144919999999999938e+00
1.045950000000000045e+03, -1.577979999999999938e+00
1.045970000000000027e+03, -1.077050000000000063e+00
1.045980000000000018e+03, -1.529430000000000067e+00
1.046000000000000000e+03, 8.670499999999999874e-01
1.046019999999999982e+03, -5.544729999999999936e-01
1.046029999999999973e+03, 8.564760000000000428e-02
1.046049999999999955e+03, -4.433730000000000171e-01
1.046069999999999936e+03, -1.557050000000000101e-01
1.046079999999999927e+03, -6.960279999999999800e-01
1.046099999999999909e+03, 2.966119999999999868e-02
1.046119999999999891e+03, 4.359279999999999822e-01
1.046130000000000109e+03, 1.774520000000000097e+00
1.046150000000000091e+03, 1.065020000000000078e+00
1.046170000000000073e+03, 2.554170000000000051e-01
1.046180000000000064e+03, -1.728620000000000045e+00
1.046200000000000045e+03, 6.383969999999999922e-01
1.046220000000000027e+03, -1.033519999999999994e-01
1.046230000000000018e+03, -1.410910000000000108e+00
1.046250000000000000e+03, -1.581979999999999942e+00
1.046269999999999982e+03, -1.175720000000000098e+00
1.046279999999999973e+03, -5.078070000000000084e-01
1.046299999999999955e+03, 5.661509999999999598e-01
1.046319999999999936e+03, 2.343580000000000108e-01
1.046329999999999927e+03, 5.022710000000000230e-01
1.046349999999999909e+03, 4.129220000000000113e-01
1.046369999999999891e+03, -9.437229999999999785e-01
1.046380000000000109e+03, 2.556129999999999861e-02
1.046400000000000091e+03, -3.187869999999999870e-01
1.046420000000000073e+03, 3.670579999999999954e-01
1.046430000000000064e+03, 1.483540000000000081e+00
1.046450000000000045e+03, 7.581590000000000551e-02
1.046470000000000027e+03, -2.353889999999999816e+00
1.046480000000000018e+03, 9.753760000000000208e-01
1.046500000000000000e+03, -9.771509999999999918e-01
1.046519999999999982e+03, 1.091440000000000049e-01
1.046529999999999973e+03, 8.492690000000000516e-01
1.046549999999999955e+03, -1.577339999999999964e+00
1.046569999999999936e+03, -1.512860000000000094e+00
1.046579999999999927e+03, 2.062100000000000044e-01
1.046599999999999909e+03, -8.494909999999999961e-01
1.046619999999999891e+03, -5.269779999999999465e-01
1.046630000000000109e+03, 9.799330000000000540e-01
1.046650000000000091e+03, 6.316819999999999657e-01
1.046670000000000073e+03, 9.218880000000000408e-01
1.046680000000000064e+03, -3.534559999999999924e-01
1.046700000000000045e+03, -2.690000000000000169e-01
1.046720000000000027e+03, 6.304959999999999454e-01
1.046730000000000018e+03, -6.871979999999999755e-01
1.046750000000000000e+03, 1.511200000000000099e+00
1.046769999999999982e+03, 1.239400000000000057e+00
1.046779999999999973e+03, -2.850320000000000076e-01
1.046799999999999955e+03, -6.949950000000000294e-01
1.046819999999999936e+03, -2.421069999999999889e-01
1.046829999999999927e+03, -7.710590000000000499e-01
1.046849999999999909e+03, -1.026240000000000041e+00
1.046869999999999891e+03, -4.265340000000000242e-01
1.046880000000000109e+03, -9.110799999999999454e-02
1.046900000000000091e+03, -2.223449999999999871e-01
1.046920000000000073e+03, -4.740030000000000077e-01
1.046930000000000064e+03, 2.849400000000000266e-01
1.046950000000000045e+03, 1.258550000000000058e+00
1.046970000000000027e+03, 2.849490000000000078e-01
1.046980000000000018e+03, 3.159279999999999866e-01
1.047000000000000000e+03, 6.944860000000000477e-01
1.047019999999999982e+03, 1.097849999999999937e-01
1.047029999999999973e+03, 1.843960000000000043e+00
1.047049999999999955e+03, 4.276940000000000186e-01
1.047069999999999936e+03, -1.102749999999999897e+00
1.047079999999999927e+03, -6.687750000000000083e-01
1.047099999999999909e+03, -1.012799999999999923e+00
1.047119999999999891e+03, -6.937419999999999698e-01
1.047130000000000109e+03, 1.275560000000000027e+00
1.047150000000000091e+03, -8.109420000000000517e-01
1.047170000000000073e+03, 6.265939999999999843e-01
1.047180000000000064e+03, 1.593229999999999924e+00
1.047200000000000045e+03, 4.904279999999999751e-01
1.047220000000000027e+03, 1.009499999999999981e-01
1.047230000000000018e+03, 1.286710000000000076e-01
1.047250000000000000e+03, -9.423209999999999642e-01
1.047269999999999982e+03, -1.294720000000000093e+00
1.047279999999999973e+03, -7.978359999999999896e-01
1.047299999999999955e+03, -5.801469999999999683e-01
1.047319999999999936e+03, 2.928390000000000160e-01
1.047329999999999927e+03, 6.262569999999999526e-01
1.047349999999999909e+03, 4.709800000000000098e-01
1.047369999999999891e+03, -9.873330000000000162e-01
1.047380000000000109e+03, -1.806370000000000031e+00
1.047400000000000091e+03, -6.129809999999999981e-01
1.047420000000000073e+03, 5.727850000000000302e-02
1.047430000000000064e+03, -8.993379999999999708e-01
1.047450000000000045e+03, -1.215100000000000069e+00
1.047470000000000027e+03, -2.979009999999999991e-02
1.047480000000000018e+03, -6.603339999999999765e-01
1.047500000000000000e+03, -2.994290000000000007e-01
1.047519999999999982e+03, -8.918019999999999836e-01
1.047529999999999973e+03, 9.985209999999999919e-01
1.047549999999999955e+03, -1.035970000000000057e+00
1.047569999999999936e+03, 6.123480000000000034e-01
1.047579999999999927e+03, 7.689310000000000311e-01
1.047599999999999909e+03, 6.219580000000000108e-01
1.047619999999999891e+03, -2.952389999999999737e-01
1.047630000000000109e+03, 8.421110000000000539e-01
1.047650000000000091e+03, -4.709249999999999825e-01
1.047670000000000073e+03, -4.123249999999999971e-01
1.047680000000000064e+03, -5.729589999999999961e-01
1.047700000000000045e+03, 5.338319999999999732e-01
1.047720000000000027e+03, 3.887809999999999877e-01
1.047730000000000018e+03, 3.377399999999999847e-01
1.047750000000000000e+03, 8.676270000000000371e-01
1.047769999999999982e+03, -1.434250000000000025e+00
1.047779999999999973e+03, 1.553499999999999881e-01
1.047799999999999955e+03, -1.419880000000000031e+00
1.047819999999999936e+03, -2.925650000000000195e-01
1.047829999999999927e+03, 4.160579999999999661e-03
1.047849999999999909e+03, -3.400600000000000150e-02
1.047869999999999891e+03, 2.561860000000000248e-01
1.047880000000000109e+03, 1.371110000000000051e+00
1.047900000000000091e+03, 3.830999999999999961e-01
1.047920000000000073e+03, -5.953659999999999508e-01
1.047930000000000064e+03, 9.119629999999999681e-01
1.047950000000000045e+03, 1.807769999999999933e-01
1.047970000000000027e+03, 8.757080000000000419e-01
1.047980000000000018e+03, 7.133129999999999749e-01
1.048000000000000000e+03, 2.119659999999999878e-01
1.048019999999999982e+03, -1.657790000000000097e+00
1.048029999999999973e+03, -1.263330000000000064e+00
1.048049999999999955e+03, -6.136540000000000328e-01
1.048069999999999936e+03, -7.055489999999999817e-01
1.048079999999999927e+03, -8.286710000000000464e-01
1.048099999999999909e+03, 1.651859999999999995e-01
1.048119999999999891e+03, 2.628559999999999786e+00
1.048130000000000109e+03, -5.170040000000000191e-01
1.048150000000000091e+03, -6.439669999999999561e-01
1.048170000000000073e+03, 9.423829999999999707e-01
1.048180000000000064e+03, -7.099370000000000402e-01
1.048200000000000045e+03, -1.528019999999999934e+00
1.048220000000000027e+03, -3.717670000000000141e-01
1.048230000000000018e+03, -3.675570000000000226e-01
1.048250000000000000e+03, 4.267219999999999902e-01
1.048269999999999982e+03, 5.699819999999999887e-01
1.048279999999999973e+03, 8.194240000000000412e-01
1.048299999999999955e+03, 6.138190000000000035e-01
1.048319999999999936e+03, 7.473020000000000218e-01
1.048329999999999927e+03, -6.709680000000000089e-01
1.048349999999999909e+03, -4.101830000000000198e-01
1.048369999999999891e+03, -1.297069999999999945e+00
1.048380000000000109e+03, 3.850299999999999834e-01
1.048400000000000091e+03, -7.659050000000000580e-02
1.048420000000000073e+03, 1.809679999999999955e+00
1.048430000000000064e+03, 1.145750000000000046e+00
1.048450000000000045e+03, 6.532519999999999993e-03
1.048470000000000027e+03, 3.273059999999999858e-01
1.048480000000000018e+03, -9.117779999999999774e-01
1.048500000000000000e+03, -5.691180000000000128e-01
1.048519999999999982e+03, 5.471439999999999637e-01
1.048529999999999973e+03, 8.526340000000000308e-02
1.048549999999999955e+03, 3.190649999999999875e-01
1.048569999999999936e+03, -6.141389999999999905e-01
1.048579999999999927e+03, -2.664119999999999822e-01
1.048599999999999909e+03, -5.291339999999999932e-01
1.048619999999999891e+03, -1.560829999999999995e-01
1.048630000000000109e+03, -5.486029999999999518e-01
1.048650000000000091e+03, -4.516430000000000167e-01
1.048670000000000073e+03, -1.308810000000000029e+00
1.048680000000000064e+03, -9.894770000000000509e-01
1.048700000000000045e+03, -1.273870000000000002e-01
1.048720000000000027e+03, 7.644560000000000244e-01
1.048730000000000018e+03, 3.244699999999999807e-01
1.048750000000000000e+03, -7.557819999999999538e-01
1.048769999999999982e+03, -7.257280000000000397e-01
1.048779999999999973e+03, -8.302000000000000490e-01
1.048799999999999955e+03, -9.832889999999999686e-02
1.048819999999999936e+03, 6.564520000000000355e-01
1.048829999999999927e+03, -5.503179999999999739e-01
1.048849999999999909e+03, -1.885010000000000019e-01
1.048869999999999891e+03, -8.294839999999999991e-01
1.048880000000000109e+03, -2.856949999999999767e-01
1.048900000000000091e+03, -1.024950000000000028e+00
1.048920000000000073e+03, -1.778579999999999883e-01
1.048930000000000064e+03, 2.198459999999999859e+00
1.048950000000000045e+03, 1.070980000000000043e+00
1.048970000000000027e+03, 4.000680000000000382e-03
1.048980000000000018e+03, -1.264880000000000004e+00
1.049000000000000000e+03, -5.604000000000000092e-01
1.049019999999999982e+03, -8.350919999999999455e-01
1.049029999999999973e+03, 4.766440000000000121e-01
1.049049999999999955e+03, 1.131800000000000028e-01
1.049069999999999936e+03, 9.759820000000000162e-01
1.049079999999999927e+03, -2.046499999999999986e+00
1.049099999999999909e+03, -5.795700000000000296e-01
1.049119999999999891e+03, -5.467090000000000144e-02
1.049130000000000109e+03, 1.693619999999999903e+00
1.049150000000000091e+03, 4.040779999999999927e-01
1.049170000000000073e+03, 1.153350000000000097e+00
1.049180000000000064e+03, 5.603169999999999540e-01
1.049200000000000045e+03, -5.503839999999999844e-01
1.049220000000000027e+03, -7.736849999999999561e-01
1.049230000000000018e+03, 4.214030000000000276e-01
1.049250000000000000e+03, 1.616450000000000109e-01
1.049269999999999982e+03, 3.084359999999999880e-01
1.049279999999999973e+03, -3.939130000000000131e-01
1.049299999999999955e+03, -1.215470000000000050e+00
1.049319999999999936e+03, -7.812810000000000588e-02
1.049329999999999927e+03, 7.121459999999999457e-01
1.049349999999999909e+03, 2.182830000000000048e+00
1.049369999999999891e+03, -7.921640000000000625e-02
1.049380000000000109e+03, 2.729889999999999817e-01
1.049400000000000091e+03, 1.048300000000000065e-01
1.049420000000000073e+03, 1.656779999999999919e+00
1.049430000000000064e+03, -1.400940000000000074e+00
1.049450000000000045e+03, -4.388079999999999758e-01
1.049470000000000027e+03, 7.306510000000000504e-01
1.049480000000000018e+03, 5.947240000000000304e-01
1.049500000000000000e+03, -5.894359999999999600e-01
1.049519999999999982e+03, -2.347920000000000007e-01
1.049529999999999973e+03, 6.353269999999999751e-01
1.049549999999999955e+03, -6.438359999999999916e-02
1.049569999999999936e+03, 4.119559999999999889e-01
1.049579999999999927e+03, 3.916739999999999805e-02
1.049599999999999909e+03, -3.126030000000000197e-01
1.049619999999999891e+03, -3.709439999999999960e-01
1.049630000000000109e+03, -2.991969999999999907e-01
1.049650000000000091e+03, 1.897429999999999950e-01
1.049670000000000073e+03, 7.331100000000000116e-03
1.049680000000000064e+03, 9.791959999999999553e-01
1.049700000000000045e+03, 3.975730000000000097e-01
1.049720000000000027e+03, -3.274869999999999726e-01
1.049730000000000018e+03, -7.816159999999999775e-01
1.049750000000000000e+03, -2.239859999999999907e-01
1.049769999999999982e+03, 1.652409999999999990e-01
1.049779999999999973e+03, 1.436620000000000008e+00
1.049799999999999955e+03, 6.775399999999999999e-03
1.049819999999999936e+03, -6.425600000000000200e-01
1.049829999999999927e+03, -4.496939999999999826e-01
1.049849999999999909e+03, 3.735769999999999924e-01
1.049869999999999891e+03, -2.242689999999999961e-01
1.049880000000000109e+03, -6.073669999999999902e-01
1.049900000000000091e+03, -5.685679999999999623e-01
1.049920000000000073e+03, -3.098540000000000183e-01
1.049930000000000064e+03, -1.230969999999999898e+00
1.049950000000000045e+03, 2.095239999999999991e+00
1.049970000000000027e+03, 1.880710000000000104e+00
1.049980000000000018e+03, 7.252110000000000500e-01
1.050000000000000000e+03, -7.233749999999999902e-01
1.050019999999999982e+03, -1.807509999999999950e+00
1.050029999999999973e+03, 2.699759999999999938e-01
1.050049999999999955e+03, 4.551100000000000145e-01
1.050069999999999936e+03, -7.650869999999999616e-01
1.050079999999999927e+03, -6.493820000000000148e-01
1.050099999999999909e+03, 1.017689999999999984e-01
1.050119999999999891e+03, 8.529809999999999892e-01
1.050130000000000109e+03, -1.644079999999999847e-02
1.050150000000000091e+03, -1.757479999999999876e-01
1.050170000000000073e+03, 4.004489999999999994e-01
1.050180000000000064e+03, -1.784050000000000080e-01
1.050200000000000045e+03, 1.339370000000000005e-01
1.050220000000000027e+03, 5.974930000000000518e-01
1.050230000000000018e+03, 9.171390000000000375e-01
1.050250000000000000e+03, 1.343579999999999997e+00
1.050269999999999982e+03, 1.372599999999999931e-01
1.050279999999999973e+03, -8.131389999999999452e-01
1.050299999999999955e+03, -1.420350000000000001e+00
1.050319999999999936e+03, -4.187679999999999736e-01
1.050329999999999927e+03, 8.211609999999999743e-02
1.050349999999999909e+03, -4.734590000000000326e-02
1.050369999999999891e+03, 4.667229999999999990e-01
1.050380000000000109e+03, 2.183560000000000015e-02
1.050400000000000091e+03, -9.874020000000000019e-01
1.050420000000000073e+03, -5.581270000000000397e-01
1.050430000000000064e+03, -2.746999999999999997e-01
1.050450000000000045e+03, 4.133660000000000112e-01
1.050470000000000027e+03, 2.101859999999999840e-02
1.050480000000000018e+03, 1.810700000000000087e-01
1.050500000000000000e+03, -3.656090000000000173e-01
1.050519999999999982e+03, 8.274580000000000268e-01
1.050529999999999973e+03, 1.339970000000000050e-01
1.050549999999999955e+03, 9.562519999999999909e-01
1.050569999999999936e+03, -1.173850000000000060e+00
1.050579999999999927e+03, -9.841630000000000100e-01
1.050599999999999909e+03, -3.784270000000000134e-01
1.050619999999999891e+03, -4.825829999999999842e-01
1.050630000000000109e+03, -5.125750000000000028e-01
1.050650000000000091e+03, 1.004850000000000049e-01
1.050670000000000073e+03, -1.049220000000000041e+00
1.050680000000000064e+03, 3.107639999999999847e-01
1.050700000000000045e+03, 2.387869999999999937e+00
1.050720000000000027e+03, 9.262439999999999563e-01
1.050730000000000018e+03, -7.590399999999999925e-02
1.050750000000000000e+03, -6.000280000000000058e-01
1.050769999999999982e+03, -9.716820000000000457e-01
1.050779999999999973e+03, -1.556470000000000076e-01
1.050799999999999955e+03, 7.424650000000000416e-01
1.050819999999999936e+03, 9.985230000000000494e-01
1.050829999999999927e+03, 1.046669999999999989e+00
1.050849999999999909e+03, -5.990429999999999922e-01
1.050869999999999891e+03, -1.596170000000000089e+00
1.050880000000000109e+03, -6.555060000000000331e-01
1.050900000000000091e+03, 9.831280000000000574e-02
1.050920000000000073e+03, 1.372630000000000017e+00
1.050930000000000064e+03, 1.040399999999999936e-01
1.050950000000000045e+03, 1.621019999999999905e+00
1.050970000000000027e+03, -3.877659999999999996e-01
1.050980000000000018e+03, 5.965179999999999927e-01
1.051000000000000000e+03, -1.913899999999999935e+00
1.051019999999999982e+03, -8.368910000000000515e-01
1.051029999999999973e+03, 2.864650000000000252e-01
1.051049999999999955e+03, 1.863460000000000116e-01
1.051069999999999936e+03, 4.976659999999999973e-01
1.051079999999999927e+03, 1.241239999999999899e+00
1.051099999999999909e+03, -1.129380000000000051e+00
1.051119999999999891e+03, -9.196170000000000178e-01
1.051130000000000109e+03, -2.324430000000000107e-01
1.051150000000000091e+03, -6.847480000000000233e-01
1.051170000000000073e+03, 1.621879999999999988e+00
1.051180000000000064e+03, -3.190230000000000010e-01
1.051200000000000045e+03, -9.393719999999999848e-02
1.051220000000000027e+03, -9.912310000000000565e-02
1.051230000000000018e+03, -1.018890000000000073e+00
1.051250000000000000e+03, 4.015059999999999740e-01
1.051269999999999982e+03, 4.910570000000000213e-01
1.051279999999999973e+03, 1.302859999999999907e+00
1.051299999999999955e+03, 4.660230000000000206e-01
1.051319999999999936e+03, -1.075220000000000065e+00
1.051329999999999927e+03, -2.453720000000000068e-01
1.051349999999999909e+03, 6.177139999999999853e-01
1.051369999999999891e+03, -6.782909999999999773e-01
1.051380000000000109e+03, 2.540089999999999848e-01
1.051400000000000091e+03, 1.594889999999999919e+00
1.051420000000000073e+03, -1.718849999999999892e-02
1.051430000000000064e+03, 1.918960000000000110e-01
1.051450000000000045e+03, 3.839980000000000060e-01
1.051470000000000027e+03, 3.479599999999999915e-01
1.051480000000000018e+03, 2.497119999999999895e-01
1.051500000000000000e+03, -6.119769999999999932e-01
1.051519999999999982e+03, -4.323600000000000221e-01
1.051529999999999973e+03, -9.588320000000000176e-01
1.051549999999999955e+03, 8.479929999999999968e-01
1.051569999999999936e+03, -4.190639999999999921e-01
1.051579999999999927e+03, 5.520969999999999489e-01
1.051599999999999909e+03, -2.817450000000000232e-01
1.051619999999999891e+03, -1.002170000000000005e+00
1.051630000000000109e+03, -4.745789999999999731e-02
1.051650000000000091e+03, 1.658650000000000055e-02
1.051670000000000073e+03, 1.197219999999999951e-01
1.051680000000000064e+03, -2.029829999999999968e-01
1.051700000000000045e+03, 5.054250000000000131e-01
1.051720000000000027e+03, -7.341720000000000468e-01
1.051730000000000018e+03, 9.772079999999999655e-01
1.051750000000000000e+03, 4.230780000000000096e-01
1.051769999999999982e+03, -8.005940000000000278e-01
1.051779999999999973e+03, 1.038300000000000001e+00
1.051799999999999955e+03, 4.911460000000000270e-01
1.051819999999999936e+03, -7.218679999999999541e-01
1.051829999999999927e+03, -1.209240000000000093e+00
1.051849999999999909e+03, -1.006920000000000037e+00
1.051869999999999891e+03, -1.739800000000000027e-02
1.051880000000000109e+03, -2.825969999999999871e-02
1.051900000000000091e+03, 6.137690000000000090e-01
1.051920000000000073e+03, 3.943260000000000098e-01
1.051930000000000064e+03, -1.338580000000000048e-01
1.051950000000000045e+03, -5.679400000000000004e-01
1.051970000000000027e+03, -3.856020000000000003e-01
1.051980000000000018e+03, -2.426929999999999921e-01
1.052000000000000000e+03, 4.160519999999999774e-01
1.052019999999999982e+03, 5.442599999999999660e-01
1.052029999999999973e+03, 2.615290000000000115e-01
1.052049999999999955e+03, 1.180080000000000018e+00
1.052069999999999936e+03, 1.946350000000000025e+00
1.052079999999999927e+03, 9.150679999999999925e-02
1.052099999999999909e+03, -9.155079999999999885e-01
1.052119999999999891e+03, 5.700319999999999832e-01
1.052130000000000109e+03, -9.262660000000000338e-01
1.052150000000000091e+03, -7.456420000000000270e-01
1.052170000000000073e+03, 1.597550000000000081e-01
1.052180000000000064e+03, 1.441199999999999946e-02
1.052200000000000045e+03, -6.145720000000000072e-01
1.052220000000000027e+03, -7.830890000000000351e-01
1.052230000000000018e+03, 5.520699999999999913e-02
1.052250000000000000e+03, -1.060179999999999900e+00
1.052269999999999982e+03, 6.718990000000000240e-01
1.052279999999999973e+03, -9.168119999999999603e-01
1.052299999999999955e+03, 1.166369999999999907e+00
1.052319999999999936e+03, 4.750039999999999818e-01
1.052329999999999927e+03, -1.423380000000000090e+00
1.052349999999999909e+03, -1.008250000000000091e+00
1.052369999999999891e+03, -5.381139999999999812e-01
1.052380000000000109e+03, 1.342140000000000000e-01
1.052400000000000091e+03, 1.612179999999999946e+00
1.052420000000000073e+03, 4.890180000000000082e-01
1.052430000000000064e+03, -1.856589999999999907e-01
1.052450000000000045e+03, -3.158850000000000269e-01
1.052470000000000027e+03, 6.016740000000000282e-02
1.052480000000000018e+03, 4.021319999999999895e-01
1.052500000000000000e+03, 1.466349999999999876e-01
1.052519999999999982e+03, -6.899680000000000257e-01
1.052529999999999973e+03, -2.055790000000000117e-01
1.052549999999999955e+03, 1.946730000000000071e+00
1.052569999999999936e+03, 1.055099999999999927e+00
1.052579999999999927e+03, 6.090179999999999483e-01
1.052599999999999909e+03, 4.558659999999999796e-02
1.052619999999999891e+03, 6.525349999999999762e-01
1.052630000000000109e+03, 1.202520000000000033e+00
1.052650000000000091e+03, -1.398760000000000003e+00
1.052670000000000073e+03, -1.682360000000000078e+00
1.052680000000000064e+03, -7.335490000000000066e-02
1.052700000000000045e+03, 6.171349999999999753e-02
1.052720000000000027e+03, 2.055000000000000160e+00
1.052730000000000018e+03, -1.785440000000000083e-01
1.052750000000000000e+03, -1.028029999999999999e+00
1.052769999999999982e+03, -4.504139999999999810e-01
1.052779999999999973e+03, -7.896680000000000366e-01
1.052799999999999955e+03, -1.406979999999999897e-01
1.052819999999999936e+03, 5.282999999999999918e-01
1.052829999999999927e+03, 2.189129999999999965e-01
1.052849999999999909e+03, 6.579629999999999646e-01
1.052869999999999891e+03, 1.332210000000000061e-01
1.052880000000000109e+03, -1.589990000000000014e+00
1.052900000000000091e+03, 8.961299999999999821e-01
1.052920000000000073e+03, -5.348640000000000339e-02
1.052930000000000064e+03, 2.317870000000000097e+00
1.052950000000000045e+03, 4.185309999999999864e-01
1.052970000000000027e+03, -5.658649999999999791e-02
1.052980000000000018e+03, 8.310880000000000489e-01
1.053000000000000000e+03, 5.457089999999999996e-01
1.053019999999999982e+03, -7.286749999999999616e-01
1.053029999999999973e+03, 1.399999999999999911e+00
1.053049999999999955e+03, 1.240880000000000039e-01
1.053069999999999936e+03, 3.036469999999999881e-03
1.053079999999999927e+03, -9.485540000000000083e-01
1.053099999999999909e+03, 6.579909999999999926e-01
1.053119999999999891e+03, 6.571590000000000487e-01
1.053130000000000109e+03, -2.055750000000000077e-01
1.053150000000000091e+03, 1.313110000000000110e-01
1.053170000000000073e+03, 8.560579999999999856e-01
1.053180000000000064e+03, -8.422789999999999999e-01
1.053200000000000045e+03, -9.809510000000000174e-01
1.053220000000000027e+03, -1.028119999999999923e+00
1.053230000000000018e+03, -1.110389999999999988e+00
1.053250000000000000e+03, 9.433070000000000344e-02
1.053269999999999982e+03, 7.079239999999999977e-01
1.053279999999999973e+03, 5.874390000000000445e-01
1.053299999999999955e+03, 1.367220000000000102e+00
1.053319999999999936e+03, 1.210849999999999982e+00
1.053329999999999927e+03, -1.320780000000000065e+00
1.053349999999999909e+03, -1.924400000000000110e+00
1.053369999999999891e+03, -9.219039999999999457e-01
1.053380000000000109e+03, -6.070119999999999960e-01
1.053400000000000091e+03, -1.018110000000000070e+00
1.053420000000000073e+03, 8.200549999999999784e-01
1.053430000000000064e+03, 7.103909999999999947e-01
1.053450000000000045e+03, 7.315080000000000471e-01
1.053470000000000027e+03, -6.937820000000000098e-02
1.053480000000000018e+03, 3.498669999999999836e-01
1.053500000000000000e+03, 1.054240000000000038e-01
1.053519999999999982e+03, 3.551790000000000225e-01
1.053529999999999973e+03, -5.862709999999999866e-01
1.053549999999999955e+03, 2.206819999999999893e-01
1.053569999999999936e+03, -6.796870000000000411e-01
1.053579999999999927e+03, -3.569519999999999915e-01
1.053599999999999909e+03, 1.164220000000000033e+00
1.053619999999999891e+03, -6.374360000000000026e-01
1.053630000000000109e+03, 4.528739999999999988e-01
1.053650000000000091e+03, -4.542530000000000179e-01
1.053670000000000073e+03, -6.751040000000000374e-01
1.053680000000000064e+03, 4.344899999999999873e-01
1.053700000000000045e+03, 1.563630000000000020e-01
1.053720000000000027e+03, 4.944549999999999779e-01
1.053730000000000018e+03, -4.259499999999999953e-01
1.053750000000000000e+03, -9.462709999999999733e-01
1.053769999999999982e+03, -9.533810000000000340e-01
1.053779999999999973e+03, -7.427540000000000253e-01
1.053799999999999955e+03, 3.832340000000000191e-01
1.053819999999999936e+03, 7.333499999999999464e-01
1.053829999999999927e+03, 3.239960000000000062e-01
1.053849999999999909e+03, 2.605169999999999986e-01
1.053869999999999891e+03, 7.481759999999999800e-02
1.053880000000000109e+03, 7.524589999999999890e-01
1.053900000000000091e+03, -2.136820000000000108e-01
1.053920000000000073e+03, -2.429560000000000053e-01
1.053930000000000064e+03, 7.892569999999999864e-01
1.053950000000000045e+03, 3.534189999999999832e-01
1.053970000000000027e+03, -3.705919999999999770e-01
1.053980000000000018e+03, -1.721200000000000063e+00
1.054000000000000000e+03, 7.152910000000000101e-01
1.054019999999999982e+03, 7.769420000000000492e-02
1.054029999999999973e+03, 2.577490000000000059e-01
1.054049999999999955e+03, -5.356889999999999707e-01
1.054069999999999936e+03, 1.372470000000000079e+00
1.054079999999999927e+03, -3.000900000000000234e-01
1.054099999999999909e+03, -3.119660000000000211e-01
1.054119999999999891e+03, -4.802150000000000030e-01
1.054130000000000109e+03, -7.931519999999999682e-01
1.054150000000000091e+03, -3.506739999999999857e-01
1.054170000000000073e+03, -2.365049999999999930e-01
1.054180000000000064e+03, -2.816930000000000267e-01
1.054200000000000045e+03, -1.387440000000000062e-01
1.054220000000000027e+03, 2.585529999999999773e-01
1.054230000000000018e+03, 5.963650000000000340e-01
1.054250000000000000e+03, -1.223169999999999952e-01
1.054269999999999982e+03, 1.468310000000000004e+00
1.054279999999999973e+03, -2.711129999999999929e-01
1.054299999999999955e+03, -6.869539999999999536e-01
1.054319999999999936e+03, 6.535990000000000411e-01
1.054329999999999927e+03, 3.897180000000000089e-01
1.054349999999999909e+03, 1.574529999999999985e+00
1.054369999999999891e+03, 3.215270000000000072e-01
1.054380000000000109e+03, -5.387530000000000374e-01
1.054400000000000091e+03, -1.148870000000000058e+00
1.054420000000000073e+03, -5.231369999999999632e-01
1.054430000000000064e+03, -2.165769999999999917e-01
1.054450000000000045e+03, -4.641449999999999743e-01
1.054470000000000027e+03, 2.647490000000000121e-01
1.054480000000000018e+03, 1.208749999999999991e+00
1.054500000000000000e+03, -9.265120000000000300e-02
1.054519999999999982e+03, -1.009099999999999997e-01
1.054529999999999973e+03, -3.105740000000000167e-01
1.054549999999999955e+03, -1.858249999999999902e-01
1.054569999999999936e+03, -1.951450000000000129e-01
1.054579999999999927e+03, 6.256559999999999899e-01
1.054599999999999909e+03, -1.477629999999999999e+00
1.054619999999999891e+03, -1.288269999999999971e-01
1.054630000000000109e+03, -6.643310000000000048e-01
1.054650000000000091e+03, 8.717669999999999586e-01
1.054670000000000073e+03, -7.535530000000000006e-02
1.054680000000000064e+03, -4.900600000000000095e-02
1.054700000000000045e+03, 3.064410000000000189e-01
1.054720000000000027e+03, 1.211410000000000098e+00
1.054730000000000018e+03, 9.572289999999999965e-01
1.054750000000000000e+03, 9.598790000000000100e-02
1.054769999999999982e+03, -4.758299999999999752e-01
1.054779999999999973e+03, 5.016610000000000236e-01
1.054799999999999955e+03, 6.014979999999999771e-01
1.054819999999999936e+03, 1.183259999999999978e+00
1.054829999999999927e+03, 8.882870000000000488e-01
1.054849999999999909e+03, -5.422320000000000473e-01
1.054869999999999891e+03, -2.702149999999999830e-01
1.054880000000000109e+03, 1.264780000000000071e-01
1.054900000000000091e+03, 6.485210000000000141e-01
1.054920000000000073e+03, -2.403720000000000162e-02
1.054930000000000064e+03, 1.941070000000000018e-01
1.054950000000000045e+03, -1.569770000000000110e+00
1.054970000000000027e+03, -7.592820000000000125e-01
1.054980000000000018e+03, -1.002380000000000049e+00
1.055000000000000000e+03, -3.613890000000000158e-01
1.055019999999999982e+03, 3.836760000000000170e-01
1.055029999999999973e+03, 1.200860000000000039e+00
1.055049999999999955e+03, 4.561600000000000099e-01
1.055069999999999936e+03, 5.169019999999999865e-02
1.055079999999999927e+03, 6.393689999999999651e-01
1.055099999999999909e+03, -7.228909999999999503e-01
1.055119999999999891e+03, -5.393970000000000153e-01
1.055130000000000109e+03, 3.446870000000000211e-01
1.055150000000000091e+03, -3.962050000000000294e-02
1.055170000000000073e+03, 1.054559999999999942e+00
1.055180000000000064e+03, 1.793130000000000002e-01
1.055200000000000045e+03, 6.960679999999999645e-02
1.055220000000000027e+03, 1.452550000000000008e+00
1.055230000000000018e+03, -3.758900000000000019e-01
1.055250000000000000e+03, -1.084529999999999994e+00
1.055269999999999982e+03, -3.043750000000000067e-01
1.055279999999999973e+03, -6.479249999999999732e-01
1.055299999999999955e+03, -3.978990000000000304e-02
1.055319999999999936e+03, 1.029679999999999929e+00
1.055329999999999927e+03, -2.996389999999999887e-01
1.055349999999999909e+03, 7.796990000000000309e-01
1.055369999999999891e+03, 3.054069999999999840e-01
1.055380000000000109e+03, 1.712819999999999898e-01
1.055400000000000091e+03, -5.901370000000000227e-01
1.055420000000000073e+03, -4.240760000000000085e-01
1.055430000000000064e+03, -6.549190000000000289e-01
1.055450000000000045e+03, -5.479349999999999499e-01
1.055470000000000027e+03, 2.148670000000000080e+00
1.055480000000000018e+03, -6.256109999999999449e-02
1.055500000000000000e+03, 1.748230000000000062e-01
1.055519999999999982e+03, 3.049560000000000048e-01
1.055529999999999973e+03, -3.258519999999999750e-01
1.055549999999999955e+03, -2.497699999999999920e-01
1.055569999999999936e+03, -2.912219999999999809e-01
1.055579999999999927e+03, -2.541390000000000038e-01
1.055599999999999909e+03, 5.951680000000000303e-01
1.055619999999999891e+03, -9.176929999999999810e-02
1.055630000000000109e+03, 4.028329999999999966e-01
1.055650000000000091e+03, 7.700099999999999723e-01
1.055670000000000073e+03, 9.917420000000000402e-02
1.055680000000000064e+03, -1.303469999999999906e+00
1.055700000000000045e+03, -2.767609999999999792e-01
1.055720000000000027e+03, -1.550890000000000102e+00
1.055730000000000018e+03, -7.782080000000000108e-01
1.055750000000000000e+03, -8.368309999999999638e-02
1.055769999999999982e+03, 1.016520000000000090e+00
1.055779999999999973e+03, 9.953030000000000488e-01
1.055799999999999955e+03, -1.032089999999999952e-01
1.055819999999999936e+03, 3.608999999999999986e-01
1.055829999999999927e+03, 3.254250000000000198e-01
1.055849999999999909e+03, 1.132929999999999993e+00
1.055869999999999891e+03, 9.620549999999999935e-02
1.055880000000000109e+03, -1.129979999999999984e+00
1.055900000000000091e+03, 3.425469999999999904e-01
1.055920000000000073e+03, 3.234940000000000038e-01
1.055930000000000064e+03, 5.933669999999999778e-01
1.055950000000000045e+03, -1.143150000000000110e+00
1.055970000000000027e+03, -2.495409999999999989e-02
1.055980000000000018e+03, -9.602939999999999809e-01
1.056000000000000000e+03, -1.048519999999999897e+00
1.056019999999999982e+03, 4.274580000000000046e-01
1.056029999999999973e+03, 8.836779999999999635e-01
1.056049999999999955e+03, -6.887290000000000356e-01
1.056069999999999936e+03, -1.221289999999999987e+00
1.056079999999999927e+03, 6.956940000000000346e-01
1.056099999999999909e+03, 1.688260000000000038e-01
1.056119999999999891e+03, -2.392309999999999992e-01
1.056130000000000109e+03, -4.463300000000000045e-01
1.056150000000000091e+03, -1.013169999999999904e+00
1.056170000000000073e+03, 2.941139999999999866e-01
1.056180000000000064e+03, 8.531220000000000470e-02
1.056200000000000045e+03, 6.174800000000000288e-01
1.056220000000000027e+03, 6.434469999999999912e-01
1.056230000000000018e+03, 1.099580000000000002e-01
1.056250000000000000e+03, 1.079180000000000028e+00
1.056269999999999982e+03, -1.846619999999999928e-01
1.056279999999999973e+03, -2.021209999999999951e-01
1.056299999999999955e+03, -1.104959999999999942e+00
1.056319999999999936e+03, 4.575839999999999907e-01
1.056329999999999927e+03, -7.895050000000000678e-02
1.056349999999999909e+03, -1.234169999999999989e+00
1.056369999999999891e+03, 2.927939999999999987e-01
1.056380000000000109e+03, -1.023609999999999909e+00
1.056400000000000091e+03, 4.223199999999999732e-01
1.056420000000000073e+03, 7.756589999999999874e-01
1.056430000000000064e+03, 8.139819999999999833e-01
1.056450000000000045e+03, 4.059450000000000003e-01
1.056470000000000027e+03, 1.358489999999999975e+00
1.056480000000000018e+03, 5.912830000000000169e-02
1.056500000000000000e+03, -1.523770000000000124e-01
1.056519999999999982e+03, -7.763750000000000373e-01
1.056529999999999973e+03, -4.437570000000000126e-01
1.056549999999999955e+03, 5.405299999999999550e-01
1.056569999999999936e+03, -2.985119999999999996e-01
1.056579999999999927e+03, 1.926940000000000097e+00
1.056599999999999909e+03, 6.658119999999999594e-01
1.056619999999999891e+03, -4.810329999999999884e-01
1.056630000000000109e+03, 4.989219999999999766e-01
1.056650000000000091e+03, -1.169070000000000054e+00
1.056670000000000073e+03, -6.932069999999999899e-02
1.056680000000000064e+03, 6.679389999999999494e-01
1.056700000000000045e+03, -3.899699999999999833e-01
1.056720000000000027e+03, -1.534699999999999953e+00
1.056730000000000018e+03, -4.571890000000000120e-01
1.056750000000000000e+03, -1.132370000000000099e+00
1.056769999999999982e+03, 6.398139999999999938e-01
1.056779999999999973e+03, 5.565320000000000267e-01
1.056799999999999955e+03, -1.545249999999999957e-01
1.056819999999999936e+03, 1.466040000000000010e+00
1.056829999999999927e+03, 1.328009999999999913e+00
1.056849999999999909e+03, 2.106550000000000089e-01
1.056869999999999891e+03, -1.933940000000000103e-01
1.056880000000000109e+03, -4.464250000000000163e-01
1.056900000000000091e+03, -1.378940000000000055e+00
1.056920000000000073e+03, -1.810629999999999962e+00
1.056930000000000064e+03, -5.883930000000000549e-01
1.056950000000000045e+03, -2.458660000000000012e-01
1.056970000000000027e+03, -1.580630000000000090e-01
1.056980000000000018e+03, 1.654470000000000107e+00
1.057000000000000000e+03, -1.098169999999999980e-01
1.057019999999999982e+03, -3.775240000000000262e-01
1.057029999999999973e+03, -8.594429999999999570e-01
1.057049999999999955e+03, -1.157319999999999904e+00
1.057069999999999936e+03, 2.317980000000000040e-01
1.057079999999999927e+03, -8.264820000000000499e-01
1.057099999999999909e+03, 1.568869999999999987e-01
1.057119999999999891e+03, 1.154369999999999896e+00
1.057130000000000109e+03, 1.125889999999999946e-01
1.057150000000000091e+03, -2.738340000000000218e-01
1.057170000000000073e+03, -3.453640000000000043e-01
1.057180000000000064e+03, -1.728949999999999987e+00
1.057200000000000045e+03, 7.173129999999999784e-02
1.057220000000000027e+03, 1.292740000000000000e+00
1.057230000000000018e+03, 4.710190000000000210e-01
1.057250000000000000e+03, 4.964700000000000224e-01
1.057269999999999982e+03, 1.457330000000000014e+00
1.057279999999999973e+03, 7.724860000000000060e-02
1.057299999999999955e+03, -6.985810000000000075e-01
1.057319999999999936e+03, 8.745629999999999793e-01
1.057329999999999927e+03, -1.018909999999999982e+00
1.057349999999999909e+03, -8.503300000000000303e-01
1.057369999999999891e+03, -7.594230000000000425e-02
1.057380000000000109e+03, -2.336920000000000108e+00
1.057400000000000091e+03, 9.412179999999999991e-01
1.057420000000000073e+03, -8.485660000000000425e-02
1.057430000000000064e+03, 5.613369999999999749e-01
1.057450000000000045e+03, 1.962530000000000108e-01
1.057470000000000027e+03, 3.360460000000000114e-01
1.057480000000000018e+03, -1.384900000000000020e+00
1.057500000000000000e+03, -1.644940000000000069e+00
1.057519999999999982e+03, -1.101869999999999905e+00
1.057529999999999973e+03, -3.231649999999999801e-01
1.057549999999999955e+03, -3.961109999999999909e-01
1.057569999999999936e+03, -1.161999999999999922e+00
1.057579999999999927e+03, -9.976380000000000248e-01
1.057599999999999909e+03, -3.437600000000000100e-01
1.057619999999999891e+03, 7.639399999999999524e-01
1.057630000000000109e+03, 1.132640000000000091e+00
1.057650000000000091e+03, 7.906929999999999792e-01
1.057670000000000073e+03, -4.392559999999999798e-01
1.057680000000000064e+03, -7.475210000000000188e-02
1.057700000000000045e+03, 8.078870000000000218e-01
1.057720000000000027e+03, 1.157319999999999904e+00
1.057730000000000018e+03, 1.733349999999999891e-01
1.057750000000000000e+03, -8.078990000000000338e-01
1.057769999999999982e+03, -9.533490000000000020e-02
1.057779999999999973e+03, -2.654779999999999918e-01
1.057799999999999955e+03, -8.663899999999999935e-01
1.057819999999999936e+03, -1.191610000000000058e+00
1.057829999999999927e+03, -6.859589999999999854e-01
1.057849999999999909e+03, 9.733749999999999902e-01
1.057869999999999891e+03, 2.900399999999999867e+00
1.057880000000000109e+03, 1.336130000000000040e+00
1.057900000000000091e+03, -1.552630000000000121e-01
1.057920000000000073e+03, -2.123730000000000118e+00
1.057930000000000064e+03, 1.134530000000000038e+00
1.057950000000000045e+03, 2.677849999999999953e-01
1.057970000000000027e+03, 1.008599999999999941e+00
1.057980000000000018e+03, 1.611210000000000031e+00
1.058000000000000000e+03, -5.346440000000000220e-02
1.058019999999999982e+03, -8.576019999999999754e-01
1.058029999999999973e+03, -1.241219999999999990e+00
1.058049999999999955e+03, -1.084680000000000089e+00
1.058069999999999936e+03, -1.347769999999999913e+00
1.058079999999999927e+03, -1.715520000000000100e-01
1.058099999999999909e+03, 6.828469999999999818e-01
1.058119999999999891e+03, 1.452949999999999964e+00
1.058130000000000109e+03, 4.333400000000000030e-01
1.058150000000000091e+03, 1.071989999999999998e+00
1.058170000000000073e+03, -2.065619999999999956e-01
1.058180000000000064e+03, -1.494709999999999983e+00
1.058200000000000045e+03, -4.566910000000000136e-01
1.058220000000000027e+03, 9.732990000000000252e-01
1.058230000000000018e+03, 1.100570000000000020e-01
1.058250000000000000e+03, 5.582960000000000006e-02
1.058269999999999982e+03, -8.606940000000000424e-02
1.058279999999999973e+03, -4.552289999999999948e-01
1.058299999999999955e+03, 1.323059999999999903e+00
1.058319999999999936e+03, 8.370950000000000335e-01
1.058329999999999927e+03, -4.715579999999999772e-01
1.058349999999999909e+03, -9.535179999999999767e-01
1.058369999999999891e+03, -2.479999999999999982e+00
1.058380000000000109e+03, 1.560159999999999880e-01
1.058400000000000091e+03, -1.584959999999999980e-01
1.058420000000000073e+03, 9.717510000000000314e-01
1.058430000000000064e+03, -1.355320000000000136e-01
1.058450000000000045e+03, -3.455790000000000251e-01
1.058470000000000027e+03, -1.234969999999999901e+00
1.058480000000000018e+03, 2.015109999999999957e-01
1.058500000000000000e+03, -1.837380000000000013e+00
1.058519999999999982e+03, -2.132929999999999993e+00
1.058529999999999973e+03, 7.376239999999999464e-01
1.058549999999999955e+03, 1.287690000000000001e+00
1.058569999999999936e+03, 1.048110000000000097e+00
1.058579999999999927e+03, 1.994939999999999936e+00
1.058599999999999909e+03, 7.009390000000000065e-02
1.058619999999999891e+03, -1.175839999999999996e+00
1.058630000000000109e+03, -1.028489999999999904e+00
1.058650000000000091e+03, -5.231620000000000159e-01
1.058670000000000073e+03, 3.055189999999999850e-01
1.058680000000000064e+03, -6.708199999999999719e-01
1.058700000000000045e+03, 8.200060000000000335e-03
1.058720000000000027e+03, 4.870809999999999862e-01
1.058730000000000018e+03, 5.136030000000000317e-01
1.058750000000000000e+03, 7.909749999999999837e-01
1.058769999999999982e+03, 5.048139999999999850e-01
1.058779999999999973e+03, -1.814230000000000009e+00
1.058799999999999955e+03, 7.870540000000000314e-01
1.058819999999999936e+03, 9.264320000000000332e-01
1.058829999999999927e+03, 2.908359999999999834e-01
1.058849999999999909e+03, -3.384159999999999946e-01
1.058869999999999891e+03, 1.276790000000000092e+00
1.058880000000000109e+03, -8.288889999999999869e-01
1.058900000000000091e+03, -2.030949999999999811e+00
1.058920000000000073e+03, -1.306400000000000006e+00
1.058930000000000064e+03, -6.081410000000000426e-01
1.058950000000000045e+03, 1.650349999999999984e+00
1.058970000000000027e+03, -4.221420000000000172e-01
1.058980000000000018e+03, -2.545180000000000220e-01
1.059000000000000000e+03, -5.394440000000000346e-01
1.059019999999999982e+03, 6.864390000000000214e-01
1.059029999999999973e+03, 5.511559999999999793e-01
1.059049999999999955e+03, 2.362609999999999988e-01
1.059069999999999936e+03, -8.194320000000000492e-01
1.059079999999999927e+03, -9.188209999999999988e-01
1.059099999999999909e+03, 1.268170000000000019e+00
1.059119999999999891e+03, 9.514160000000000394e-01
1.059130000000000109e+03, -2.812209999999999988e-01
1.059150000000000091e+03, 8.182029999999999859e-02
1.059170000000000073e+03, 6.772259999999999946e-01
1.059180000000000064e+03, -5.919609999999999594e-01
1.059200000000000045e+03, 3.978140000000000009e-01
1.059220000000000027e+03, 9.097030000000000394e-01
1.059230000000000018e+03, -3.622630000000000294e-02
1.059250000000000000e+03, 5.653120000000000367e-01
1.059269999999999982e+03, 1.449010000000000020e-01
1.059279999999999973e+03, -6.355410000000000226e-01
1.059299999999999955e+03, 2.688320000000000154e-01
1.059319999999999936e+03, 1.395069999999999921e-01
1.059329999999999927e+03, -3.915739999999999776e-01
1.059349999999999909e+03, 4.328190000000000093e-01
1.059369999999999891e+03, 7.883419999999999872e-01
1.059380000000000109e+03, -2.671419999999999906e-01
1.059400000000000091e+03, -1.973670000000000035e+00
1.059420000000000073e+03, -1.244129999999999958e+00
1.059430000000000064e+03, 1.969499999999999862e-01
1.059450000000000045e+03, 4.945780000000000176e-01
1.059470000000000027e+03, 5.387319999999999887e-01
1.059480000000000018e+03, -1.165529999999999955e+00
1.059500000000000000e+03, -8.399609999999999577e-01
1.059519999999999982e+03, -7.065010000000000456e-01
1.059529999999999973e+03, -1.638149999999999884e-01
1.059549999999999955e+03, 4.098780000000000201e-01
1.059569999999999936e+03, 3.400899999999999757e-02
1.059579999999999927e+03, -8.110129999999999839e-01
1.059599999999999909e+03, -8.567160000000000331e-01
1.059619999999999891e+03, -2.473539999999999905e-01
1.059630000000000109e+03, 3.244270000000000209e-01
1.059650000000000091e+03, 2.125440000000000107e-01
1.059670000000000073e+03, -4.691819999999999879e-01
1.059680000000000064e+03, -1.405759999999999899e+00
1.059700000000000045e+03, -7.990399999999999725e-01
1.059720000000000027e+03, -1.352640000000000065e+00
1.059730000000000018e+03, 3.305560000000000165e-01
1.059750000000000000e+03, 1.590140000000000109e+00
1.059769999999999982e+03, 1.033900000000000041e+00
1.059779999999999973e+03, 5.418070000000000386e-01
1.059799999999999955e+03, 3.264699999999999824e-01
1.059819999999999936e+03, 5.625310000000000032e-01
1.059829999999999927e+03, 3.269540000000000224e-01
1.059849999999999909e+03, 4.881059999999999843e-01
1.059869999999999891e+03, 1.161029999999999979e-01
1.059880000000000109e+03, 4.624219999999999997e-01
1.059900000000000091e+03, 9.412360000000000171e-02
1.059920000000000073e+03, -7.230729999999999658e-01
1.059930000000000064e+03, -6.846379999999999688e-01
1.059950000000000045e+03, -6.514269999999999783e-01
1.059970000000000027e+03, -5.065770000000000550e-01
1.059980000000000018e+03, -2.670010000000000092e-02
1.060000000000000000e+03, -1.904389999999999972e-01
1.060019999999999982e+03, -8.688730000000000064e-02
1.060029999999999973e+03, -7.494560000000000111e-02
1.060049999999999955e+03, -8.651140000000000219e-02
1.060069999999999936e+03, -8.554310000000000525e-01
1.060079999999999927e+03, 1.954859999999999931e-01
1.060099999999999909e+03, -5.042759999999999465e-01
1.060119999999999891e+03, -1.904049999999999909e-01
1.060130000000000109e+03, 3.917849999999999944e-01
1.060150000000000091e+03, 1.212280000000000024e+00
1.060170000000000073e+03, 6.164140000000000175e-01
1.060180000000000064e+03, -7.074660000000000393e-01
1.060200000000000045e+03, -7.229139999999999455e-01
1.060220000000000027e+03, -2.886000000000000232e-01
1.060230000000000018e+03, -1.536590000000000004e-02
1.060250000000000000e+03, -7.495420000000000416e-01
1.060269999999999982e+03, 2.019730000000000136e-01
1.060279999999999973e+03, 4.829649999999999777e-01
1.060299999999999955e+03, -6.164410000000000028e-02
1.060319999999999936e+03, -4.500910000000000188e-01
1.060329999999999927e+03, -4.285260000000000180e-01
1.060349999999999909e+03, -2.350119999999999987e+00
1.060369999999999891e+03, -1.950320000000000054e+00
1.060380000000000109e+03, -8.862910000000000510e-01
1.060400000000000091e+03, 5.628570000000000101e-02
1.060420000000000073e+03, 3.924329999999999763e-01
1.060430000000000064e+03, 1.672740000000000060e-01
1.060450000000000045e+03, -6.317909999999999915e-01
1.060470000000000027e+03, -8.953659999999999952e-01
1.060480000000000018e+03, -1.685250000000000081e-01
1.060500000000000000e+03, -4.323040000000000216e-01
1.060519999999999982e+03, 4.810570000000000124e-01
1.060529999999999973e+03, 2.683499999999999996e+00
1.060549999999999955e+03, 5.847729999999999873e-01
1.060569999999999936e+03, 6.885590000000000321e-01
1.060579999999999927e+03, -6.253800000000000470e-01
1.060599999999999909e+03, -1.415730000000000044e-01
1.060619999999999891e+03, 3.073529999999999873e-01
1.060630000000000109e+03, 3.605240000000000111e-01
1.060650000000000091e+03, -2.449330000000000118e-01
1.060670000000000073e+03, -9.168279999999999763e-01
1.060680000000000064e+03, -1.145580000000000043e+00
1.060700000000000045e+03, 2.023959999999999926e-01
1.060720000000000027e+03, 2.718249999999999833e-01
1.060730000000000018e+03, 2.033830000000000082e-01
1.060750000000000000e+03, -1.676209999999999922e-01
1.060769999999999982e+03, -1.498240000000000016e+00
1.060779999999999973e+03, -1.025530000000000053e+00
1.060799999999999955e+03, 4.082270000000000065e-01
1.060819999999999936e+03, -7.115290000000000503e-02
1.060829999999999927e+03, 8.934079999999999799e-01
1.060849999999999909e+03, -4.997269999999999768e-01
1.060869999999999891e+03, -9.584540000000000282e-01
1.060880000000000109e+03, 9.492690000000000294e-01
1.060900000000000091e+03, 9.792619999999999658e-01
1.060920000000000073e+03, -9.832620000000000249e-02
1.060930000000000064e+03, 2.648789999999999756e-01
1.060950000000000045e+03, 4.428090000000000082e-01
1.060970000000000027e+03, 4.599119999999999875e-01
1.060980000000000018e+03, 9.849639999999999507e-01
1.061000000000000000e+03, 3.913470000000000004e-01
1.061019999999999982e+03, -1.198490000000000055e+00
1.061029999999999973e+03, -1.519470000000000098e+00
1.061049999999999955e+03, -1.116740000000000066e+00
1.061069999999999936e+03, 5.098230000000000262e-01
1.061079999999999927e+03, 9.024830000000000352e-01
1.061099999999999909e+03, 2.372489999999999877e-01
1.061119999999999891e+03, -4.216659999999999853e-01
1.061130000000000109e+03, 1.261910000000000087e+00
1.061150000000000091e+03, -2.039690000000000114e-01
1.061170000000000073e+03, 1.169939999999999980e+00
1.061180000000000064e+03, -1.214979999999999949e+00
1.061200000000000045e+03, -6.427840000000000220e-01
1.061220000000000027e+03, -4.968679999999999763e-01
1.061230000000000018e+03, -3.875569999999999710e-02
1.061250000000000000e+03, -5.390230000000000299e-01
1.061269999999999982e+03, -2.805679999999999841e-01
1.061279999999999973e+03, 1.387469999999999981e+00
1.061299999999999955e+03, 1.117159999999999931e+00
1.061319999999999936e+03, 3.580809999999999826e-01
1.061329999999999927e+03, -5.565430000000000099e-01
1.061349999999999909e+03, 1.070340000000000041e-01
1.061369999999999891e+03, 1.382629999999999970e-01
1.061380000000000109e+03, 5.919309999999999850e-01
1.061400000000000091e+03, 8.608190000000000008e-01
1.061420000000000073e+03, -8.660619999999999985e-01
1.061430000000000064e+03, 1.075600000000000028e-01
1.061450000000000045e+03, -6.868090000000000028e-01
1.061470000000000027e+03, -6.514180000000000526e-01
1.061480000000000018e+03, -1.126330000000000053e+00
1.061500000000000000e+03, 4.593720000000000026e-01
1.061519999999999982e+03, 6.605870000000000353e-01
1.061529999999999973e+03, -3.033229999999999954e-02
1.061549999999999955e+03, 9.952530000000000543e-01
1.061569999999999936e+03, 8.217149999999999732e-01
1.061579999999999927e+03, 2.672160000000000091e-01
1.061599999999999909e+03, 9.245589999999999364e-02
1.061619999999999891e+03, 6.732050000000000534e-01
1.061630000000000109e+03, 9.375529999999999697e-01
1.061650000000000091e+03, 4.893100000000000227e-01
1.061670000000000073e+03, -1.490930000000000089e+00
1.061680000000000064e+03, -5.181550000000000322e-01
1.061700000000000045e+03, 3.767349999999999866e-01
1.061720000000000027e+03, 9.693589999999999707e-01
1.061730000000000018e+03, 1.201859999999999928e+00
1.061750000000000000e+03, 9.734450000000000047e-01
1.061769999999999982e+03, -4.891510000000000025e-01
1.061779999999999973e+03, -1.133590000000000098e+00
1.061799999999999955e+03, -6.475170000000000092e-01
1.061819999999999936e+03, -9.538069999999999604e-01
1.061829999999999927e+03, 8.747150000000000203e-01
1.061849999999999909e+03, -1.165879999999999972e-01
1.061869999999999891e+03, 1.042259999999999964e+00
1.061880000000000109e+03, -9.308610000000000495e-01
1.061900000000000091e+03, -3.856410000000000116e-01
1.061920000000000073e+03, 1.483019999999999894e-01
1.061930000000000064e+03, 2.074239999999999973e-01
1.061950000000000045e+03, 7.331699999999999884e-01
1.061970000000000027e+03, 4.460399999999999920e-01
1.061980000000000018e+03, -4.493369999999999864e-01
1.062000000000000000e+03, -4.995899999999999785e-01
1.062019999999999982e+03, 1.586090000000000000e-01
1.062029999999999973e+03, 3.208380000000000121e-01
1.062049999999999955e+03, 9.399480000000000057e-01
1.062069999999999936e+03, 3.984210000000000251e-01
1.062079999999999927e+03, -4.452579999999999871e-01
1.062099999999999909e+03, -3.268409999999999926e-01
1.062119999999999891e+03, 8.203479999999999661e-01
1.062130000000000109e+03, -4.222400000000000042e-01
1.062150000000000091e+03, -1.283130000000000104e+00
1.062170000000000073e+03, -1.336840000000000028e+00
1.062180000000000064e+03, -8.086670000000000247e-01
1.062200000000000045e+03, 2.694230000000000236e-01
1.062220000000000027e+03, -1.764449999999999907e-01
1.062230000000000018e+03, -3.939840000000000009e-01
1.062250000000000000e+03, 3.895440000000000014e-01
1.062269999999999982e+03, -1.427279999999999938e-01
1.062279999999999973e+03, 1.209770000000000012e+00
1.062299999999999955e+03, 4.798839999999999772e-01
1.062319999999999936e+03, 7.154390000000000471e-01
1.062329999999999927e+03, -1.420730000000000048e+00
1.062349999999999909e+03, 6.671209999999999640e-02
1.062369999999999891e+03, 1.073739999999999972e-01
1.062380000000000109e+03, -6.511949999999999683e-01
1.062400000000000091e+03, 2.044840000000000213e+00
1.062420000000000073e+03, 2.625720000000000276e-01
1.062430000000000064e+03, -4.789919999999999733e-01
1.062450000000000045e+03, 7.090680000000000316e-01
1.062470000000000027e+03, -9.869900000000000340e-01
1.062480000000000018e+03, -7.621109999999999829e-01
1.062500000000000000e+03, 3.493080000000000074e-01
1.062519999999999982e+03, 9.996420000000000305e-01
1.062529999999999973e+03, -1.133110000000000062e+00
1.062549999999999955e+03, 1.291039999999999965e+00
1.062569999999999936e+03, 1.489810000000000079e+00
1.062579999999999927e+03, 7.354739999999999611e-01
1.062599999999999909e+03, -1.318259999999999987e+00
1.062619999999999891e+03, -1.192909999999999915e+00
1.062630000000000109e+03, -1.424809999999999910e+00
1.062650000000000091e+03, -4.381099999999999994e-01
1.062670000000000073e+03, -7.395709999999999784e-01
1.062680000000000064e+03, -6.825369999999999493e-01
1.062700000000000045e+03, 2.549770000000000092e-01
1.062720000000000027e+03, 1.922629999999999895e-01
1.062730000000000018e+03, 9.334280000000000355e-01
1.062750000000000000e+03, 1.104249999999999954e+00
1.062769999999999982e+03, 1.038910000000000000e+00
1.062779999999999973e+03, 7.984550000000000258e-01
1.062799999999999955e+03, 9.541009999999999769e-01
1.062819999999999936e+03, -1.075010000000000021e+00
1.062829999999999927e+03, -6.648249999999999993e-01
1.062849999999999909e+03, -6.413900000000000157e-01
1.062869999999999891e+03, 7.914110000000000589e-02
1.062880000000000109e+03, 2.233529999999999960e-01
1.062900000000000091e+03, -2.947540000000000160e-01
1.062920000000000073e+03, -4.926139999999999963e-01
1.062930000000000064e+03, -3.285540000000000127e-01
1.062950000000000045e+03, -1.399909999999999988e+00
1.062970000000000027e+03, -8.905760000000000343e-01
1.062980000000000018e+03, -7.863140000000000407e-02
1.063000000000000000e+03, 3.920449999999999768e-01
1.063019999999999982e+03, 6.223189999999999555e-01
1.063029999999999973e+03, 3.810970000000000191e-01
1.063049999999999955e+03, -5.823880000000000168e-01
1.063069999999999936e+03, 4.905189999999999828e-01
1.063079999999999927e+03, 1.007949999999999902e+00
1.063099999999999909e+03, 9.446769999999999889e-01
1.063119999999999891e+03, 2.201699999999999838e-02
1.063130000000000109e+03, -6.457500000000000462e-01
1.063150000000000091e+03, 5.733279999999999488e-01
1.063170000000000073e+03, 1.923590000000000022e-01
1.063180000000000064e+03, 2.417209999999999914e-01
1.063200000000000045e+03, 4.548309999999999853e-01
1.063220000000000027e+03, 1.018290000000000028e-01
1.063230000000000018e+03, -4.802379999999999982e-01
1.063250000000000000e+03, 1.128289999999999987e-01
1.063269999999999982e+03, 4.581270000000000064e-01
1.063279999999999973e+03, -2.690589999999999926e-01
1.063299999999999955e+03, 8.050810000000000466e-01
1.063319999999999936e+03, 1.951769999999999894e-01
1.063329999999999927e+03, -1.588779999999999915e-01
1.063349999999999909e+03, 4.108289999999999997e-01
1.063369999999999891e+03, -6.785739999999999827e-02
1.063380000000000109e+03, 7.567019999999999857e-01
1.063400000000000091e+03, 1.348519999999999941e+00
1.063420000000000073e+03, -4.918680000000000274e-01
1.063430000000000064e+03, -2.113929999999999976e-01
1.063450000000000045e+03, 1.084070000000000034e-01
1.063470000000000027e+03, 7.134359999999999313e-02
1.063480000000000018e+03, -4.731219999999999870e-01
1.063500000000000000e+03, -7.097909999999999497e-01
1.063519999999999982e+03, -4.331079999999999930e-01
1.063529999999999973e+03, 1.144579999999999931e+00
1.063549999999999955e+03, 1.502930000000000099e+00
1.063569999999999936e+03, 5.989839999999999609e-01
1.063579999999999927e+03, -3.696260000000000101e-01
1.063599999999999909e+03, -2.140600000000000058e+00
1.063619999999999891e+03, 9.861879999999999535e-01
1.063630000000000109e+03, 5.680279999999999774e-01
1.063650000000000091e+03, 1.124440000000000106e+00
1.063670000000000073e+03, 1.684390000000000054e+00
1.063680000000000064e+03, 7.114530000000000021e-01
1.063700000000000045e+03, 7.517220000000000013e-01
1.063720000000000027e+03, -9.716620000000000257e-01
1.063730000000000018e+03, -3.326390000000000180e-01
1.063750000000000000e+03, -6.962209999999999788e-01
1.063769999999999982e+03, -1.053560000000000052e+00
1.063779999999999973e+03, -8.817569999999999575e-02
1.063799999999999955e+03, -1.889969999999999983e-01
1.063819999999999936e+03, 7.832100000000000173e-02
1.063829999999999927e+03, 1.112570000000000059e+00
1.063849999999999909e+03, 8.870029999999999859e-01
1.063869999999999891e+03, -1.172299999999999898e+00
1.063880000000000109e+03, -1.988250000000000073e+00
1.063900000000000091e+03, 1.359379999999999963e-02
1.063920000000000073e+03, 9.961750000000000119e-03
1.063930000000000064e+03, 6.908250000000000224e-01
1.063950000000000045e+03, 2.935249999999999804e-01
1.063970000000000027e+03, -1.434600000000000097e+00
1.063980000000000018e+03, -1.089190000000000103e+00
1.064000000000000000e+03, -5.142280000000000184e-01
1.064019999999999982e+03, 6.261860000000000204e-01
1.064029999999999973e+03, 1.103180000000000049e+00
1.064049999999999955e+03, 8.484699999999999465e-01
1.064069999999999936e+03, -1.314480000000000093e+00
1.064079999999999927e+03, 3.843429999999999902e-01
1.064099999999999909e+03, -2.524469999999999770e-01
1.064119999999999891e+03, 3.516259999999999941e-01
1.064130000000000109e+03, 7.455610000000000293e-01
1.064150000000000091e+03, -1.868809999999999916e-01
1.064170000000000073e+03, 1.543360000000000010e-01
1.064180000000000064e+03, -1.841150000000000009e-01
1.064200000000000045e+03, -1.481479999999999908e+00
1.064220000000000027e+03, -8.878610000000000113e-01
1.064230000000000018e+03, -1.183480000000000087e+00
1.064250000000000000e+03, 1.179710000000000064e-01
1.064269999999999982e+03, -3.851069999999999771e-01
1.064279999999999973e+03, -2.862120000000000219e-01
1.064299999999999955e+03, -8.986990000000000256e-01
1.064319999999999936e+03, 1.462839999999999974e-01
1.064329999999999927e+03, 7.954269999999999952e-01
1.064349999999999909e+03, 8.422549999999999759e-01
1.064369999999999891e+03, 1.413300000000000112e-01
1.064380000000000109e+03, 5.290740000000000026e-02
1.064400000000000091e+03, -4.597640000000000060e-01
1.064420000000000073e+03, -2.596060000000000034e-01
1.064430000000000064e+03, 1.135920000000000041e+00
1.064450000000000045e+03, 2.364469999999999905e-01
1.064470000000000027e+03, 1.062610000000000054e+00
1.064480000000000018e+03, -5.712500000000000216e-02
1.064500000000000000e+03, 1.373830000000000051e-01
1.064519999999999982e+03, 1.672160000000000091e+00
1.064529999999999973e+03, -1.056730000000000030e-01
1.064549999999999955e+03, 2.326110000000000122e-01
1.064569999999999936e+03, -1.005069999999999908e+00
1.064579999999999927e+03, 4.957539999999999725e-01
1.064599999999999909e+03, 3.944340000000000068e-01
1.064619999999999891e+03, -5.791629999999999695e-02
1.064630000000000109e+03, 4.238279999999999825e-01
1.064650000000000091e+03, -6.933890000000000331e-01
1.064670000000000073e+03, -2.044699999999999990e-02
1.064680000000000064e+03, -2.229659999999999975e-01
1.064700000000000045e+03, 1.156500000000000083e+00
1.064720000000000027e+03, 5.070269999999999985e-03
1.064730000000000018e+03, -2.418109999999999982e+00
1.064750000000000000e+03, -9.718579999999999997e-01
1.064769999999999982e+03, 1.612470000000000014e-01
1.064779999999999973e+03, 1.236399999999999944e+00
1.064799999999999955e+03, 2.330299999999999816e+00
1.064819999999999936e+03, 3.386129999999999973e-01
1.064829999999999927e+03, 1.129499999999999948e+00
1.064849999999999909e+03, 4.853840000000000238e-02
1.064869999999999891e+03, -5.196560000000000068e-01
1.064880000000000109e+03, -5.823180000000000023e-01
1.064900000000000091e+03, 6.501810000000000089e-01
1.064920000000000073e+03, -2.341910000000000103e-01
1.064930000000000064e+03, -1.647800000000000098e-01
1.064950000000000045e+03, -4.033050000000000246e-01
1.064970000000000027e+03, -1.093429999999999902e+00
1.064980000000000018e+03, -1.571049999999999947e-01
1.065000000000000000e+03, -4.184010000000000229e-01
1.065019999999999982e+03, -1.501290000000000013e+00
1.065029999999999973e+03, -1.359920000000000018e-01
1.065049999999999955e+03, 3.140389999999999848e-02
1.065069999999999936e+03, 4.830969999999999986e-01
1.065079999999999927e+03, 8.217940000000000245e-01
1.065099999999999909e+03, 5.806440000000000490e-01
1.065119999999999891e+03, 2.224230000000000096e-01
1.065130000000000109e+03, 1.124870000000000037e+00
1.065150000000000091e+03, -2.799309999999999854e-01
1.065170000000000073e+03, 8.358839999999999604e-01
1.065180000000000064e+03, 1.430330000000000101e+00
1.065200000000000045e+03, -3.207439999999999736e-01
1.065220000000000027e+03, -1.125979999999999981e+00
1.065230000000000018e+03, -5.039360000000000506e-01
1.065250000000000000e+03, -6.231689999999999729e-01
1.065269999999999982e+03, 1.058710000000000068e-01
1.065279999999999973e+03, 7.269099999999999451e-01
1.065299999999999955e+03, -6.631780000000000452e-01
1.065319999999999936e+03, 1.889329999999999954e+00
1.065329999999999927e+03, 6.383619999999999850e-01
1.065349999999999909e+03, 1.213870000000000005e+00
1.065369999999999891e+03, -1.250630000000000075e-01
1.065380000000000109e+03, 6.698999999999999400e-02
1.065400000000000091e+03, 1.656349999999999989e+00
1.065420000000000073e+03, 9.893420000000000547e-01
1.065430000000000064e+03, -6.380040000000000155e-01
1.065450000000000045e+03, -1.918139999999999956e+00
1.065470000000000027e+03, 5.326710000000000056e-01
1.065480000000000018e+03, -3.849429999999999796e-01
1.065500000000000000e+03, 4.128560000000000008e-01
1.065519999999999982e+03, -3.589470000000000161e-02
1.065529999999999973e+03, 5.775029999999999886e-01
1.065549999999999955e+03, 7.795910000000000339e-01
1.065569999999999936e+03, -6.368380000000000152e-01
1.065579999999999927e+03, -1.034170000000000034e+00
1.065599999999999909e+03, -4.914100000000000135e-01
1.065619999999999891e+03, -2.992690000000000072e-01
1.065630000000000109e+03, 8.565720000000000001e-01
1.065650000000000091e+03, 3.307959999999999789e-01
1.065670000000000073e+03, 8.669700000000000184e-01
1.065680000000000064e+03, 2.498029999999999973e-01
1.065700000000000045e+03, 1.032559999999999922e+00
1.065720000000000027e+03, 5.393350000000000088e-01
1.065730000000000018e+03, 6.541489999999999805e-01
1.065750000000000000e+03, -2.469449999999999978e-01
1.065769999999999982e+03, 1.933089999999999975e+00
1.065779999999999973e+03, 4.970780000000000198e-01
1.065799999999999955e+03, 1.035449999999999982e+00
1.065819999999999936e+03, 5.823390000000000510e-01
1.065829999999999927e+03, 4.638610000000000233e-01
1.065849999999999909e+03, -2.100440000000000085e-01
1.065869999999999891e+03, -1.504299999999999971e+00
1.065880000000000109e+03, -8.148039999999999727e-01
1.065900000000000091e+03, -1.582330000000000014e+00
1.065920000000000073e+03, 1.426469999999999960e-01
1.065930000000000064e+03, 2.939010000000000233e-01
1.065950000000000045e+03, 4.505669999999999953e-01
1.065970000000000027e+03, 1.258000000000000007e+00
1.065980000000000018e+03, -4.373850000000000238e-01
1.066000000000000000e+03, -4.332449999999999912e-01
1.066019999999999982e+03, -2.522780000000000022e-01
1.066029999999999973e+03, 7.166120000000000267e-01
1.066049999999999955e+03, 9.992220000000000546e-01
1.066069999999999936e+03, 5.763319999999999554e-01
1.066079999999999927e+03, 1.180989999999999984e+00
1.066099999999999909e+03, -2.290820000000000078e-01
1.066119999999999891e+03, -9.576059999999999572e-01
1.066130000000000109e+03, -6.156040000000000401e-01
1.066150000000000091e+03, 4.273839999999999861e-01
1.066170000000000073e+03, 6.609469999999999512e-01
1.066180000000000064e+03, 1.956010000000000026e+00
1.066200000000000045e+03, -2.420150000000000079e-01
1.066220000000000027e+03, 3.143779999999999908e-01
1.066230000000000018e+03, 1.618680000000000119e-01
1.066250000000000000e+03, 2.183279999999999943e-01
1.066269999999999982e+03, 1.007439999999999891e+00
1.066279999999999973e+03, 3.830009999999999803e-01
1.066299999999999955e+03, -2.272590000000000027e-02
1.066319999999999936e+03, 7.774410000000000487e-01
1.066329999999999927e+03, -5.227640000000000065e-01
1.066349999999999909e+03, 6.785460000000000103e-03
1.066369999999999891e+03, 4.637390000000000123e-01
1.066380000000000109e+03, -1.540459999999999940e+00
1.066400000000000091e+03, -4.438380000000000103e-02
1.066420000000000073e+03, -1.409080000000000110e+00
1.066430000000000064e+03, -6.139750000000000485e-01
1.066450000000000045e+03, 2.084419999999999884e-01
1.066470000000000027e+03, -8.804840000000000444e-01
1.066480000000000018e+03, 1.390949999999999909e+00
1.066500000000000000e+03, 1.227629999999999999e+00
1.066519999999999982e+03, 6.850519999999999943e-01
1.066529999999999973e+03, -3.629229999999999956e-01
1.066549999999999955e+03, 8.070730000000000404e-01
1.066569999999999936e+03, -2.524600000000000177e-01
1.066579999999999927e+03, 2.245119999999999894e-01
1.066599999999999909e+03, 7.595799999999999774e-02
1.066619999999999891e+03, -3.301760000000000250e-01
1.066630000000000109e+03, 5.228260000000000129e-01
1.066650000000000091e+03, 3.269020000000000259e-01
1.066670000000000073e+03, 2.411739999999999995e-01
1.066680000000000064e+03, -6.911760000000000126e-01
1.066700000000000045e+03, -6.540050000000000030e-02
1.066720000000000027e+03, 1.415089999999999959e+00
1.066730000000000018e+03, -1.973119999999999874e-01
1.066750000000000000e+03, -1.425319999999999920e+00
1.066769999999999982e+03, -6.457249999999999934e-01
1.066779999999999973e+03, 1.497740000000000071e+00
1.066799999999999955e+03, 4.755179999999999962e-01
1.066819999999999936e+03, 9.209169999999999856e-01
1.066829999999999927e+03, 1.038470000000000004e+00
1.066849999999999909e+03, -1.599560000000000093e+00
1.066869999999999891e+03, -8.179450000000000331e-01
1.066880000000000109e+03, -8.506620000000000292e-01
1.066900000000000091e+03, 5.201950000000000324e-02
1.066920000000000073e+03, -1.095909999999999940e+00
1.066930000000000064e+03, -5.788910000000000444e-01
1.066950000000000045e+03, -9.923319999999999919e-01
1.066970000000000027e+03, 4.515529999999999822e-01
1.066980000000000018e+03, -1.574319999999999886e-01
1.067000000000000000e+03, -1.577909999999999868e-01
1.067019999999999982e+03, 1.539419999999999955e-01
1.067029999999999973e+03, -3.188730000000000037e-02
1.067049999999999955e+03, 1.348989999999999911e-01
1.067069999999999936e+03, 3.207949999999999968e-01
1.067079999999999927e+03, 2.088459999999999983e+00
1.067099999999999909e+03, -3.784529999999999839e-02
1.067119999999999891e+03, -5.286210000000000214e-02
1.067130000000000109e+03, -2.729269999999999752e-01
1.067150000000000091e+03, 1.644700000000000051e+00
1.067170000000000073e+03, -2.722600000000000020e-01
1.067180000000000064e+03, -1.128079999999999972e+00
1.067200000000000045e+03, -1.473829999999999862e-01
1.067220000000000027e+03, -8.669240000000000279e-02
1.067230000000000018e+03, 2.764860000000000095e-01
1.067250000000000000e+03, 6.837870000000000059e-02
1.067269999999999982e+03, 1.011349999999999971e+00
1.067279999999999973e+03, -2.704780000000000031e-02
1.067299999999999955e+03, -6.643569999999999753e-01
1.067319999999999936e+03, -5.417110000000000536e-01
1.067329999999999927e+03, 5.325940000000000119e-01
1.067349999999999909e+03, 6.381710000000000438e-01
1.067369999999999891e+03, 3.150569999999999760e-01
1.067380000000000109e+03, 2.410229999999999873e-01
1.067400000000000091e+03, -5.847400000000000375e-01
1.067420000000000073e+03, -2.804209999999999758e-01
1.067430000000000064e+03, 2.666419999999999901e-01
1.067450000000000045e+03, -6.178480000000000083e-02
1.067470000000000027e+03, 1.085820000000000007e+00
1.067480000000000018e+03, 4.516749999999999932e-01
1.067500000000000000e+03, -3.679459999999999675e-02
1.067519999999999982e+03, 9.124360000000000248e-01
1.067529999999999973e+03, 4.087779999999999747e-01
1.067549999999999955e+03, -6.435999999999999499e-01
1.067569999999999936e+03, -1.448949999999999960e-01
1.067579999999999927e+03, 7.215850000000000319e-01
1.067599999999999909e+03, 1.766000000000000014e+00
1.067619999999999891e+03, -2.188979999999999926e+00
1.067630000000000109e+03, -2.913959999999999884e+00
1.067650000000000091e+03, -6.714149999999999840e-01
1.067670000000000073e+03, -8.899010000000000253e-02
1.067680000000000064e+03, 1.172190000000000065e+00
1.067700000000000045e+03, 1.178099999999999925e+00
1.067720000000000027e+03, 2.942320000000000046e+00
1.067730000000000018e+03, 1.388230000000000075e+00
1.067750000000000000e+03, 5.464369999999999505e-01
1.067769999999999982e+03, -2.419659999999999922e+00
1.067779999999999973e+03, -1.346260000000000012e+00
1.067799999999999955e+03, 1.399480000000000057e+00
1.067819999999999936e+03, 1.785110000000000030e-01
1.067829999999999927e+03, 1.356349999999999945e+00
1.067849999999999909e+03, 7.353739999999999721e-01
1.067869999999999891e+03, -2.521430000000000060e-01
1.067880000000000109e+03, -1.783230000000000093e-01
1.067900000000000091e+03, -8.103890000000000260e-01
1.067920000000000073e+03, 7.870660000000000434e-01
1.067930000000000064e+03, 6.769819999999999727e-01
1.067950000000000045e+03, -2.456480000000000052e-01
1.067970000000000027e+03, -1.558489999999999931e+00
1.067980000000000018e+03, -1.310929999999999929e+00
1.068000000000000000e+03, -9.527409999999999490e-01
1.068019999999999982e+03, 7.391320000000000112e-01
1.068029999999999973e+03, 8.181890000000000551e-01
1.068049999999999955e+03, 1.154910000000000103e+00
1.068069999999999936e+03, -1.048270000000000035e-01
1.068079999999999927e+03, 1.739200000000000079e+00
1.068099999999999909e+03, 3.276370000000000116e-01
1.068119999999999891e+03, -1.586339999999999972e-01
1.068130000000000109e+03, -7.626399999999999846e-01
1.068150000000000091e+03, -4.727000000000000091e-01
1.068170000000000073e+03, -6.163279999999999870e-01
1.068180000000000064e+03, 5.613200000000000134e-02
1.068200000000000045e+03, -6.650670000000000193e-02
1.068220000000000027e+03, 3.995609999999999995e-01
1.068230000000000018e+03, 4.653709999999999791e-01
1.068250000000000000e+03, -9.634789999999999743e-01
1.068269999999999982e+03, -6.968040000000000345e-02
1.068279999999999973e+03, -1.254000000000000115e-01
1.068299999999999955e+03, -6.348030000000000062e-01
1.068319999999999936e+03, -1.373790000000000067e+00
1.068329999999999927e+03, -1.143029999999999990e+00
1.068349999999999909e+03, -6.159890000000000088e-01
1.068369999999999891e+03, -8.078499999999999570e-01
1.068380000000000109e+03, 2.348139999999999949e-01
1.068400000000000091e+03, -2.830030000000000046e-01
1.068420000000000073e+03, 7.067620000000000013e-01
1.068430000000000064e+03, 8.523289999999999339e-03
1.068450000000000045e+03, 1.725869999999999835e-02
1.068470000000000027e+03, -3.329369999999999830e-01
1.068480000000000018e+03, -4.012160000000000171e-01
1.068500000000000000e+03, 2.381429999999999936e+00
1.068519999999999982e+03, 6.604229999999999823e-01
1.068529999999999973e+03, 7.566080000000000028e-02
1.068549999999999955e+03, 7.558200000000000474e-01
1.068569999999999936e+03, -7.362220000000000431e-01
1.068579999999999927e+03, 2.759710000000000218e-01
1.068599999999999909e+03, -3.094000000000000083e-01
1.068619999999999891e+03, -2.122739999999999905e-01
1.068630000000000109e+03, 2.567490000000000050e-01
1.068650000000000091e+03, 4.484049999999999980e-01
1.068670000000000073e+03, 2.173989999999999867e+00
1.068680000000000064e+03, 1.247459999999999958e-01
1.068700000000000045e+03, -2.900050000000000128e-01
1.068720000000000027e+03, -1.382599999999999940e-01
1.068730000000000018e+03, -8.394949999999999912e-01
1.068750000000000000e+03, -1.908470000000000111e+00
1.068769999999999982e+03, 8.858570000000000055e-01
1.068779999999999973e+03, -6.368979999999999642e-01
1.068799999999999955e+03, 4.453849999999999754e-01
1.068819999999999936e+03, -7.031519999999999992e-01
1.068829999999999927e+03, -5.039230000000000098e-01
1.068849999999999909e+03, -1.335220000000000018e-01
1.068869999999999891e+03, -7.254800000000000137e-01
1.068880000000000109e+03, -9.444890000000000230e-01
1.068900000000000091e+03, 3.377809999999999979e-01
1.068920000000000073e+03, 7.878159999999999608e-01
1.068930000000000064e+03, -3.359210000000000251e-01
1.068950000000000045e+03, -2.508920000000000039e-01
1.068970000000000027e+03, 3.922289999999999943e-01
1.068980000000000018e+03, -2.740850000000000231e-01
1.069000000000000000e+03, 8.602220000000000422e-01
1.069019999999999982e+03, 7.128740000000000077e-01
1.069029999999999973e+03, -1.674490000000000006e-02
1.069049999999999955e+03, 6.542189999999999950e-01
1.069069999999999936e+03, -5.311200000000000365e-01
1.069079999999999927e+03, 1.782489999999999908e-01
1.069099999999999909e+03, 3.382319999999999771e-01
1.069119999999999891e+03, -2.448970000000000036e-01
1.069130000000000109e+03, -1.117720000000000047e+00
1.069150000000000091e+03, -4.205039999999999889e-01
1.069170000000000073e+03, 7.831510000000000415e-01
1.069180000000000064e+03, 5.555780000000000163e-01
1.069200000000000045e+03, 1.607679999999999998e+00
1.069220000000000027e+03, 1.235759999999999970e+00
1.069230000000000018e+03, 4.805700000000000249e-02
1.069250000000000000e+03, -4.190550000000000108e-01
1.069269999999999982e+03, -7.163779999999999593e-01
1.069279999999999973e+03, 8.216560000000000530e-02
1.069299999999999955e+03, -6.884730000000000016e-01
1.069319999999999936e+03, -5.240979999999999528e-01
1.069329999999999927e+03, 5.411049999999999471e-01
1.069349999999999909e+03, 1.857879999999999976e+00
1.069369999999999891e+03, 1.717219999999999969e+00
1.069380000000000109e+03, 9.043780000000000152e-01
1.069400000000000091e+03, -1.722450000000000037e+00
1.069420000000000073e+03, 3.357299999999999729e-01
1.069430000000000064e+03, 3.935250000000000137e-01
1.069450000000000045e+03, -8.606519999999999726e-01
1.069470000000000027e+03, -8.090910000000000046e-01
1.069480000000000018e+03, -9.356550000000000145e-01
1.069500000000000000e+03, -3.504120000000000013e-01
1.069519999999999982e+03, -1.071030000000000038e-01
1.069529999999999973e+03, 1.082510000000000083e+00
1.069549999999999955e+03, 8.380469999999999864e-01
1.069569999999999936e+03, 3.694410000000000194e-01
1.069579999999999927e+03, -8.250250000000000083e-01
1.069599999999999909e+03, -5.249679999999999902e-01
1.069619999999999891e+03, -9.818700000000000205e-01
1.069630000000000109e+03, -1.068009999999999932e-01
1.069650000000000091e+03, 6.710920000000000218e-01
1.069670000000000073e+03, 1.875250000000000083e+00
1.069680000000000064e+03, 4.698289999999999966e-01
1.069700000000000045e+03, 4.315740000000000132e-01
1.069720000000000027e+03, 1.804840000000000055e-01
1.069730000000000018e+03, -8.546709999999999585e-01
1.069750000000000000e+03, -3.899549999999999961e-01
1.069769999999999982e+03, -1.116840000000000055e-01
1.069779999999999973e+03, 6.501879999999999882e-01
1.069799999999999955e+03, 5.781610000000000360e-01
1.069819999999999936e+03, -5.278469999999999551e-01
1.069829999999999927e+03, 1.050450000000000106e+00
1.069849999999999909e+03, -6.910030000000000339e-02
1.069869999999999891e+03, 8.162000000000000366e-01
1.069880000000000109e+03, -1.689659999999999940e+00
1.069900000000000091e+03, -4.948359999999999981e-01
1.069920000000000073e+03, -9.150979999999999670e-01
1.069930000000000064e+03, 2.421949999999999936e-01
1.069950000000000045e+03, 2.679810000000000247e-01
1.069970000000000027e+03, -4.885650000000000270e-01
1.069980000000000018e+03, 3.566099999999999826e-01
1.070000000000000000e+03, -1.384070000000000022e-01
1.070019999999999982e+03, -3.911239999999999856e-02
1.070029999999999973e+03, -2.028320000000000123e-01
1.070049999999999955e+03, 6.161320000000000130e-01
1.070069999999999936e+03, -3.833779999999999966e-01
1.070079999999999927e+03, 1.328430000000000000e+00
1.070099999999999909e+03, -5.116119999999999557e-01
1.070119999999999891e+03, 2.571910000000000029e-01
1.070130000000000109e+03, -3.339380000000000126e-01
1.070150000000000091e+03, -9.077380000000000448e-01
1.070170000000000073e+03, 9.379579999999999584e-01
1.070180000000000064e+03, 6.654879999999999685e-01
1.070200000000000045e+03, 8.252340000000000231e-01
1.070220000000000027e+03, -5.332080000000000153e-01
1.070230000000000018e+03, -1.179869999999999974e+00
1.070250000000000000e+03, 1.157439999999999997e-01
1.070269999999999982e+03, -2.230209999999999970e-01
1.070279999999999973e+03, -9.851370000000000404e-01
1.070299999999999955e+03, -5.531629999999999603e-01
1.070319999999999936e+03, -6.884029999999999316e-02
1.070329999999999927e+03, -2.288399999999999879e-01
1.070349999999999909e+03, -2.439209999999999989e-01
1.070369999999999891e+03, 3.670280000000000209e-01
1.070380000000000109e+03, -8.543669999999999876e-01
1.070400000000000091e+03, -4.984350000000000169e-01
1.070420000000000073e+03, -1.343669999999999864e-01
1.070430000000000064e+03, 4.963219999999999854e-01
1.070450000000000045e+03, -6.105410000000000004e-01
1.070470000000000027e+03, -3.842439999999999745e-01
1.070480000000000018e+03, -4.270090000000000274e-01
1.070500000000000000e+03, 1.045020000000000060e+00
1.070519999999999982e+03, 1.018729999999999913e+00
1.070529999999999973e+03, 1.120239999999999903e+00
1.070549999999999955e+03, 1.313819999999999988e+00
1.070569999999999936e+03, -3.148489999999999900e-01
1.070579999999999927e+03, -3.600099999999999967e-01
1.070599999999999909e+03, 1.938269999999999993e-01
1.070619999999999891e+03, 9.435970000000000191e-01
1.070630000000000109e+03, 6.017169999999999463e-01
1.070650000000000091e+03, 9.422730000000000272e-01
1.070670000000000073e+03, 4.537700000000000067e-01
1.070680000000000064e+03, 2.080130000000000035e-01
1.070700000000000045e+03, -8.214730000000000643e-02
1.070720000000000027e+03, 1.185729999999999951e+00
1.070730000000000018e+03, 7.198449999999999571e-01
1.070750000000000000e+03, 8.459959999999999702e-01
1.070769999999999982e+03, -1.117750000000000021e+00
1.070779999999999973e+03, 3.127940000000000165e-01
1.070799999999999955e+03, 1.079870000000000108e+00
1.070819999999999936e+03, -5.046009999999999662e-01
1.070829999999999927e+03, -2.342589999999999950e-01
1.070849999999999909e+03, -3.569479999999999875e-01
1.070869999999999891e+03, 1.349950000000000039e-01
1.070880000000000109e+03, -1.034310000000000063e+00
1.070900000000000091e+03, -9.856970000000000454e-01
1.070920000000000073e+03, -3.157409999999999939e-01
1.070930000000000064e+03, -9.682070000000000398e-01
1.070950000000000045e+03, 1.995770000000000044e+00
1.070970000000000027e+03, -7.184529999999999736e-04
1.070980000000000018e+03, -2.180310000000000026e-01
1.071000000000000000e+03, -1.076759999999999939e+00
1.071019999999999982e+03, -9.039719999999999700e-02
1.071029999999999973e+03, -1.707670000000000021e-01
1.071049999999999955e+03, 1.051230000000000109e+00
1.071069999999999936e+03, -6.284539999999999571e-02
1.071079999999999927e+03, 2.382589999999999986e-01
1.071099999999999909e+03, 3.073290000000000188e-01
1.071119999999999891e+03, -1.327599999999999891e+00
1.071130000000000109e+03, -1.907669999999999977e+00
1.071150000000000091e+03, -1.571339999999999959e+00
1.071170000000000073e+03, -3.551570000000000005e-01
1.071180000000000064e+03, 2.512200000000000240e-04
1.071200000000000045e+03, -2.649409999999999821e-01
1.071220000000000027e+03, -7.627850000000000463e-01
1.071230000000000018e+03, -1.143429999999999946e+00
1.071250000000000000e+03, -9.543500000000000316e-01
1.071269999999999982e+03, 6.200609999999999733e-01
1.071279999999999973e+03, 1.710150000000000059e+00
1.071299999999999955e+03, -2.489890000000000159e-02
1.071319999999999936e+03, 5.928240000000000176e-01
1.071329999999999927e+03, -1.913450000000000095e+00
1.071349999999999909e+03, -9.530969999999999720e-02
1.071369999999999891e+03, -1.535639999999999894e+00
1.071380000000000109e+03, 4.782080000000000219e-01
1.071400000000000091e+03, 4.008729999999999793e-01
1.071420000000000073e+03, 4.841639999999999833e-01
1.071430000000000064e+03, 6.459390000000000409e-01
1.071450000000000045e+03, -9.195680000000000520e-02
1.071470000000000027e+03, -3.464590000000000169e-01
1.071480000000000018e+03, 7.384479999999999933e-01
1.071500000000000000e+03, 1.108840000000000048e+00
1.071519999999999982e+03, 1.311350000000000016e+00
1.071529999999999973e+03, 1.145969999999999933e+00
1.071549999999999955e+03, -4.064729999999999732e-02
1.071569999999999936e+03, -4.680259999999999976e-01
1.071579999999999927e+03, -1.882079999999999975e+00
1.071599999999999909e+03, -1.491190000000000015e-01
1.071619999999999891e+03, -8.540020000000000389e-01
1.071630000000000109e+03, -9.247520000000000184e-01
1.071650000000000091e+03, 3.229170000000000096e-01
1.071670000000000073e+03, -1.658709999999999907e-01
1.071680000000000064e+03, -9.224689999999999834e-01
1.071700000000000045e+03, 2.200020000000000031e-01
1.071720000000000027e+03, 7.571350000000000025e-01
1.071730000000000018e+03, 1.461310000000000109e+00
1.071750000000000000e+03, 1.628689999999999971e+00
1.071769999999999982e+03, 5.507639999999999758e-02
1.071779999999999973e+03, -2.217139999999999944e-01
1.071799999999999955e+03, 1.660709999999999908e+00
1.071819999999999936e+03, -9.170639999999999903e-01
1.071829999999999927e+03, -1.281879999999999908e+00
1.071849999999999909e+03, -1.421270000000000033e+00
1.071869999999999891e+03, -8.097550000000000581e-02
1.071880000000000109e+03, -3.240950000000000220e-01
1.071900000000000091e+03, 1.126810000000000089e+00
1.071920000000000073e+03, 1.140740000000000087e+00
1.071930000000000064e+03, -5.157880000000000242e-01
1.071950000000000045e+03, -8.903929999999999900e-01
1.071970000000000027e+03, -1.191179999999999906e+00
1.071980000000000018e+03, -1.167399999999999993e+00
1.072000000000000000e+03, -8.766009999999999636e-01
1.072019999999999982e+03, -2.104820000000000024e-01
1.072029999999999973e+03, -8.023860000000000436e-01
1.072049999999999955e+03, -6.579369999999999941e-01
1.072069999999999936e+03, -8.316329999999999556e-01
1.072079999999999927e+03, 1.709259999999999946e-01
1.072099999999999909e+03, 7.590329999999999577e-01
1.072119999999999891e+03, -1.765750000000000097e-01
1.072130000000000109e+03, 4.027669999999999861e-01
1.072150000000000091e+03, -1.156509999999999927e+00
1.072170000000000073e+03, 9.106809999999999627e-01
1.072180000000000064e+03, 2.169909999999999783e+00
1.072200000000000045e+03, 9.811060000000000336e-01
1.072220000000000027e+03, 1.443040000000000100e+00
1.072230000000000018e+03, 1.013130000000000086e+00
1.072250000000000000e+03, -1.440150000000000041e+00
1.072269999999999982e+03, -1.591339999999999977e+00
1.072279999999999973e+03, -7.071800000000000308e-01
1.072299999999999955e+03, -2.924959999999999782e-01
1.072319999999999936e+03, -8.302209999999999868e-01
1.072329999999999927e+03, 5.162400000000000322e-01
1.072349999999999909e+03, 3.309940000000000104e-01
1.072369999999999891e+03, -1.175900000000000001e-01
1.072380000000000109e+03, -1.878730000000000122e-01
1.072400000000000091e+03, 4.224899999999999767e-01
1.072420000000000073e+03, -2.386419999999999930e-01
1.072430000000000064e+03, 9.634850000000000358e-02
1.072450000000000045e+03, -1.425899999999999945e+00
1.072470000000000027e+03, -9.310789999999999900e-01
1.072480000000000018e+03, -3.497589999999999866e-01
1.072500000000000000e+03, 2.148780000000000134e-01
1.072519999999999982e+03, 3.803159999999999874e-01
1.072529999999999973e+03, 8.852250000000000396e-01
1.072549999999999955e+03, 6.481379999999999919e-01
1.072569999999999936e+03, -3.449550000000000116e-01
1.072579999999999927e+03, -2.841699999999999782e-01
1.072599999999999909e+03, -4.731290000000000218e-01
1.072619999999999891e+03, 3.706709999999999727e-01
1.072630000000000109e+03, 8.631760000000000543e-01
1.072650000000000091e+03, 6.054500000000000437e-01
1.072670000000000073e+03, -1.404740000000000100e+00
1.072680000000000064e+03, -1.819560000000000066e+00
1.072700000000000045e+03, -1.367469999999999963e+00
1.072720000000000027e+03, -9.679320000000000146e-01
1.072730000000000018e+03, 2.921479999999999910e-02
1.072750000000000000e+03, 1.417229999999999990e+00
1.072769999999999982e+03, 1.184059999999999890e+00
1.072779999999999973e+03, 2.538819999999999966e-01
1.072799999999999955e+03, 2.459739999999999982e-01
1.072819999999999936e+03, -6.540259999999999962e-01
1.072829999999999927e+03, 3.686670000000000225e-01
1.072849999999999909e+03, -6.710629999999999373e-02
1.072869999999999891e+03, -5.476060000000000372e-01
1.072880000000000109e+03, 8.447240000000000304e-01
1.072900000000000091e+03, 4.960419999999999829e-01
1.072920000000000073e+03, 5.627269999999999772e-01
1.072930000000000064e+03, 2.238249999999999851e+00
1.072950000000000045e+03, -6.198040000000000216e-01
1.072970000000000027e+03, -9.093750000000000444e-01
1.072980000000000018e+03, -5.318270000000000497e-01
1.073000000000000000e+03, -5.052720000000000544e-01
1.073019999999999982e+03, 3.480360000000000120e-01
1.073029999999999973e+03, -1.239289999999999975e-01
1.073049999999999955e+03, -1.677789999999999893e+00
1.073069999999999936e+03, -1.638429999999999886e-01
1.073079999999999927e+03, -7.140530000000000488e-01
1.073099999999999909e+03, 1.751530000000000031e+00
1.073119999999999891e+03, -2.576890000000000014e-01
1.073130000000000109e+03, 1.967289999999999872e-01
1.073150000000000091e+03, -5.638729999999999576e-01
1.073170000000000073e+03, -8.019760000000000222e-01
1.073180000000000064e+03, 2.213659999999999933e-02
1.073200000000000045e+03, -5.119850000000000234e-01
1.073220000000000027e+03, 1.498339999999999950e-01
1.073230000000000018e+03, -2.068319999999999936e+00
1.073250000000000000e+03, -4.115849999999999786e-01
1.073269999999999982e+03, 1.723910000000000053e+00
1.073279999999999973e+03, 1.030040000000000067e+00
1.073299999999999955e+03, 1.322659999999999947e+00
1.073319999999999936e+03, 9.224029999999999729e-02
1.073329999999999927e+03, -1.095339999999999980e+00
1.073349999999999909e+03, -9.820179999999999465e-01
1.073369999999999891e+03, -7.168060000000000542e-01
1.073380000000000109e+03, 7.124989999999999934e-01
1.073400000000000091e+03, 7.764860000000000095e-01
1.073420000000000073e+03, 6.068660000000000165e-01
1.073430000000000064e+03, 1.440539999999999932e+00
1.073450000000000045e+03, -5.057920000000000194e-01
1.073470000000000027e+03, -1.151099999999999953e-03
1.073480000000000018e+03, 2.444919999999999871e-01
1.073500000000000000e+03, -5.515590000000000215e-01
1.073519999999999982e+03, 9.881659999999999888e-01
1.073529999999999973e+03, 3.088139999999999774e-01
1.073549999999999955e+03, -1.023530000000000051e+00
1.073569999999999936e+03, 9.864000000000000545e-01
1.073579999999999927e+03, 4.184249999999999914e-01
1.073599999999999909e+03, -2.232250000000000068e-01
1.073619999999999891e+03, 1.124140000000000000e-01
1.073630000000000109e+03, -1.799469999999999903e+00
1.073650000000000091e+03, -4.088140000000000107e-01
1.073670000000000073e+03, 5.339239999999999542e-01
1.073680000000000064e+03, 1.288640000000000063e-01
1.073700000000000045e+03, 1.490370000000000028e-01
1.073720000000000027e+03, -2.643480000000000274e-01
1.073730000000000018e+03, 1.184849999999999959e+00
1.073750000000000000e+03, 8.524169999999999803e-01
1.073769999999999982e+03, 2.738329999999999931e-01
1.073779999999999973e+03, -4.518130000000000202e-01
1.073799999999999955e+03, -1.285789999999999988e+00
1.073819999999999936e+03, -1.616710000000000091e+00
1.073829999999999927e+03, 1.367439999999999989e+00
1.073849999999999909e+03, -1.382980000000000043e-01
1.073869999999999891e+03, 5.741969999999999574e-01
1.073880000000000109e+03, 1.947240000000000082e-01
1.073900000000000091e+03, -2.167969999999999897e-01
1.073920000000000073e+03, -6.316059999999999730e-02
1.073930000000000064e+03, 1.620610000000000106e+00
1.073950000000000045e+03, 1.459400000000000031e+00
1.073970000000000027e+03, 7.779260000000000064e-01
1.073980000000000018e+03, -2.439459999999999962e-01
1.074000000000000000e+03, -3.974509999999999987e-01
1.074019999999999982e+03, 1.228360000000000007e-01
1.074029999999999973e+03, 4.466339999999999755e-01
1.074049999999999955e+03, 3.376489999999999769e-01
1.074069999999999936e+03, -1.924250000000000127e-01
1.074079999999999927e+03, 4.589420000000000166e-01
1.074099999999999909e+03, -1.881079999999999974e-01
1.074119999999999891e+03, -2.561990000000000101e-01
1.074130000000000109e+03, 2.280999999999999972e-01
1.074150000000000091e+03, -7.411769999999999470e-02
1.074170000000000073e+03, 1.076699999999999990e+00
1.074180000000000064e+03, 4.063269999999999937e-01
1.074200000000000045e+03, -8.017599999999999727e-02
1.074220000000000027e+03, 8.818610000000000337e-02
1.074230000000000018e+03, -1.918039999999999967e+00
1.074250000000000000e+03, -1.277260000000000062e+00
1.074269999999999982e+03, 7.548639999999999795e-01
1.074279999999999973e+03, 1.042289999999999939e+00
1.074299999999999955e+03, -5.636679999999999469e-01
1.074319999999999936e+03, 1.968509999999999982e-01
1.074329999999999927e+03, -1.125559999999999894e+00
1.074349999999999909e+03, 1.060040000000000093e+00
1.074369999999999891e+03, 3.030459999999999821e-01
1.074380000000000109e+03, -6.352560000000000429e-01
1.074400000000000091e+03, 3.596130000000000160e-01
1.074420000000000073e+03, 1.980879999999999863e-01
1.074430000000000064e+03, -9.218129999999999935e-01
1.074450000000000045e+03, -3.606440000000000201e-01
1.074470000000000027e+03, 1.070489999999999942e+00
1.074480000000000018e+03, 1.496410000000000018e+00
1.074500000000000000e+03, 1.622049999999999881e-01
1.074519999999999982e+03, 1.424769999999999925e-01
1.074529999999999973e+03, -6.089210000000000456e-01
1.074549999999999955e+03, 4.021239999999999815e-01
1.074569999999999936e+03, 1.068149999999999933e+00
1.074579999999999927e+03, 7.011840000000000295e-01
1.074599999999999909e+03, 3.830529999999999768e-01
1.074619999999999891e+03, -1.201640000000000041e+00
1.074630000000000109e+03, -7.107499999999999929e-01
1.074650000000000091e+03, -4.624010000000000065e-01
1.074670000000000073e+03, -4.864959999999999840e-01
1.074680000000000064e+03, -2.338590000000000113e-01
1.074700000000000045e+03, -1.344440000000000079e+00
1.074720000000000027e+03, 7.347519999999999607e-01
1.074730000000000018e+03, -1.851750000000000063e-01
1.074750000000000000e+03, 6.428279999999999550e-01
1.074769999999999982e+03, -2.809209999999999763e-01
1.074779999999999973e+03, 2.307950000000000002e-01
1.074799999999999955e+03, -8.922249999999999626e-02
1.074819999999999936e+03, 7.377730000000000121e-01
1.074829999999999927e+03, 2.622999999999999776e-01
1.074849999999999909e+03, 6.238489999999999869e-01
1.074869999999999891e+03, 2.768939999999999735e-01
1.074880000000000109e+03, -4.813729999999999953e-01
1.074900000000000091e+03, -5.403390000000000137e-01
1.074920000000000073e+03, 2.033599999999999991e-03
1.074930000000000064e+03, -2.186269999999999880e-01
1.074950000000000045e+03, 4.173319999999999808e-01
1.074970000000000027e+03, 4.933060000000000223e-01
1.074980000000000018e+03, 1.154430000000000067e+00
1.075000000000000000e+03, 1.207559999999999967e+00
1.075019999999999982e+03, -8.727800000000000002e-01
1.075029999999999973e+03, -3.628750000000000031e-01
1.075049999999999955e+03, 8.996769999999999767e-02
1.075069999999999936e+03, -2.337769999999999904e+00
1.075079999999999927e+03, 1.885670000000000124e-01
1.075099999999999909e+03, -3.181410000000000071e-01
1.075119999999999891e+03, 5.926249999999999574e-01
1.075130000000000109e+03, -1.697019999999999917e-01
1.075150000000000091e+03, -2.024799999999999864e-02
1.075170000000000073e+03, 4.850700000000000012e-01
1.075180000000000064e+03, -2.026330000000000187e+00
1.075200000000000045e+03, -7.152969999999999814e-03
1.075220000000000027e+03, 5.622909999999999853e-01
1.075230000000000018e+03, 1.038259999999999961e+00
1.075250000000000000e+03, 6.342799999999999550e-01
1.075269999999999982e+03, 6.597699999999999676e-01
1.075279999999999973e+03, 1.885300000000000031e-01
1.075299999999999955e+03, -5.260040000000000271e-01
1.075319999999999936e+03, -6.534739999999999993e-01
1.075329999999999927e+03, -8.230309999999999571e-01
1.075349999999999909e+03, -1.420039999999999969e+00
1.075369999999999891e+03, -4.327299999999999897e-02
1.075380000000000109e+03, 1.479819999999999913e+00
1.075400000000000091e+03, 2.362369999999999859e+00
1.075420000000000073e+03, 1.345919999999999894e-01
1.075430000000000064e+03, -7.940730000000000011e-02
1.075450000000000045e+03, 3.054209999999999980e-01
1.075470000000000027e+03, -1.235090000000000021e+00
1.075480000000000018e+03, -1.755689999999999973e+00
1.075500000000000000e+03, -1.486199999999999966e+00
1.075519999999999982e+03, -2.142349999999999977e+00
1.075529999999999973e+03, -3.585679999999999978e-01
1.075549999999999955e+03, -1.076070000000000082e+00
1.075569999999999936e+03, -1.455380000000000042e-02
1.075579999999999927e+03, -4.679969999999999963e-01
1.075599999999999909e+03, -9.783160000000000467e-02
1.075619999999999891e+03, 9.292390000000000372e-01
1.075630000000000109e+03, 2.359219999999999928e-01
1.075650000000000091e+03, -2.110440000000000094e-01
1.075670000000000073e+03, -5.026490000000000125e-01
1.075680000000000064e+03, -2.052289999999999948e-01
1.075700000000000045e+03, -8.576340000000000074e-01
1.075720000000000027e+03, 4.491800000000000237e-01
1.075730000000000018e+03, 3.657509999999999928e-01
1.075750000000000000e+03, 6.862260000000000026e-01
1.075769999999999982e+03, -1.069350000000000023e-01
1.075779999999999973e+03, -3.887740000000000085e-01
1.075799999999999955e+03, 4.120670000000000166e-01
1.075819999999999936e+03, -2.548679999999999835e-01
1.075829999999999927e+03, -5.152870000000000505e-01
1.075849999999999909e+03, 9.777310000000000167e-02
1.075869999999999891e+03, 6.769439999999999902e-01
1.075880000000000109e+03, -1.096789999999999932e+00
1.075900000000000091e+03, -5.008099999999999774e-01
1.075920000000000073e+03, -9.144160000000000066e-01
1.075930000000000064e+03, 4.659749999999999726e-01
1.075950000000000045e+03, 2.187170000000000059e+00
1.075970000000000027e+03, 7.227230000000000043e-01
1.075980000000000018e+03, -1.694129999999999914e+00
1.076000000000000000e+03, -4.834330000000000016e-01
1.076019999999999982e+03, -1.491280000000000105e-01
1.076029999999999973e+03, 6.804620000000000113e-01
1.076049999999999955e+03, 8.956140000000000212e-01
1.076069999999999936e+03, -1.702529999999999877e-01
1.076079999999999927e+03, 2.903109999999999857e-01
1.076099999999999909e+03, 4.024139999999999662e-02
1.076119999999999891e+03, 4.641370000000000218e-01
1.076130000000000109e+03, 9.377799999999999470e-01
1.076150000000000091e+03, -1.105750000000000066e-01
1.076170000000000073e+03, 3.761619999999999964e-01
1.076180000000000064e+03, -1.066769999999999996e+00
1.076200000000000045e+03, -1.755460000000000020e+00
1.076220000000000027e+03, -4.357519999999999727e-01
1.076230000000000018e+03, 9.620389999999999775e-01
1.076250000000000000e+03, -7.029149999999999565e-01
1.076269999999999982e+03, -8.056360000000000188e-01
1.076279999999999973e+03, 1.033349999999999963e-01
1.076299999999999955e+03, -1.886339999999999961e-01
1.076319999999999936e+03, 8.000720000000000054e-01
1.076329999999999927e+03, -7.999789999999999957e-01
1.076349999999999909e+03, -3.958400000000000252e-01
1.076369999999999891e+03, -3.120979999999999865e-01
1.076380000000000109e+03, 1.624149999999999983e+00
1.076400000000000091e+03, 1.947100000000000053e+00
1.076420000000000073e+03, 8.866079999999999517e-01
1.076430000000000064e+03, -6.706640000000000379e-01
1.076450000000000045e+03, -2.623159999999999936e-01
1.076470000000000027e+03, -4.417030000000000123e-01
1.076480000000000018e+03, -9.423449999999999882e-01
1.076500000000000000e+03, -1.222800000000000109e+00
1.076519999999999982e+03, 8.842729999999999757e-01
1.076529999999999973e+03, 1.140970000000000040e+00
1.076549999999999955e+03, 5.707609999999999628e-01
1.076569999999999936e+03, -3.040579999999999949e-01
1.076579999999999927e+03, -1.775370000000000004e-01
1.076599999999999909e+03, -1.567800000000000082e+00
1.076619999999999891e+03, 2.149500000000000022e-02
1.076630000000000109e+03, -1.528099999999999944e-02
1.076650000000000091e+03, 1.429410000000000125e-01
1.076670000000000073e+03, 9.061080000000000245e-01
1.076680000000000064e+03, 1.670900000000000052e+00
1.076700000000000045e+03, -2.963790000000000036e-01
1.076720000000000027e+03, -5.450850000000000417e-01
1.076730000000000018e+03, -4.303850000000000176e-01
1.076750000000000000e+03, -1.029090000000000060e+00
1.076769999999999982e+03, 4.648510000000000142e-01
1.076779999999999973e+03, -1.454490000000000061e+00
1.076799999999999955e+03, -1.316670000000000007e+00
1.076819999999999936e+03, -1.659319999999999906e+00
1.076829999999999927e+03, -1.055099999999999927e+00
1.076849999999999909e+03, 1.443759999999999932e+00
1.076869999999999891e+03, 7.662409999999999499e-01
1.076880000000000109e+03, 4.844570000000000265e-01
1.076900000000000091e+03, 1.547109999999999874e-01
1.076920000000000073e+03, 3.978940000000000254e-01
1.076930000000000064e+03, -3.490219999999999989e-01
1.076950000000000045e+03, -4.646319999999999895e-01
1.076970000000000027e+03, 7.603900000000000103e-01
1.076980000000000018e+03, 1.852139999999999898e+00
1.077000000000000000e+03, 1.634339999999999904e+00
1.077019999999999982e+03, 1.492529999999999968e-01
1.077029999999999973e+03, 6.158689999999999998e-01
1.077049999999999955e+03, -5.663070000000000048e-01
1.077069999999999936e+03, -8.658050000000000468e-01
1.077079999999999927e+03, -6.964320000000000510e-01
1.077099999999999909e+03, 4.390839999999999743e-01
1.077119999999999891e+03, 4.459850000000000203e-01
1.077130000000000109e+03, 9.985600000000000032e-02
1.077150000000000091e+03, -7.103840000000000154e-01
1.077170000000000073e+03, -1.207959999999999923e+00
1.077180000000000064e+03, -4.852830000000000338e-02
1.077200000000000045e+03, 1.688830000000000053e-01
1.077220000000000027e+03, -3.107880000000000087e-01
1.077230000000000018e+03, -2.789369999999999905e-01
1.077250000000000000e+03, 5.688060000000000338e-01
1.077269999999999982e+03, -1.235750000000000043e-01
1.077279999999999973e+03, -1.236809999999999965e+00
1.077299999999999955e+03, -3.643310000000000159e-01
1.077319999999999936e+03, -1.101250000000000062e+00
1.077329999999999927e+03, 1.157429999999999987e-01
1.077349999999999909e+03, 5.871800000000000352e-01
1.077369999999999891e+03, 5.931300000000000461e-01
1.077380000000000109e+03, -9.907000000000000250e-01
1.077400000000000091e+03, 2.852680000000000216e-01
1.077420000000000073e+03, -1.826170000000000015e-01
1.077430000000000064e+03, -3.315350000000000241e-02
1.077450000000000045e+03, 1.878740000000000132e-01
1.077470000000000027e+03, -9.925070000000000281e-01
1.077480000000000018e+03, -5.468769999999999465e-01
1.077500000000000000e+03, 4.526020000000000043e-01
1.077519999999999982e+03, 1.794650000000000079e+00
1.077529999999999973e+03, -6.698020000000000362e-02
1.077549999999999955e+03, -9.553099999999999925e-01
1.077569999999999936e+03, -4.142100000000000226e-01
1.077579999999999927e+03, 4.819049999999999723e-01
1.077599999999999909e+03, -1.427059999999999995e+00
1.077619999999999891e+03, 4.558559999999999834e-01
1.077630000000000109e+03, 4.250349999999999961e-01
1.077650000000000091e+03, -3.813619999999999788e-01
1.077670000000000073e+03, 8.181540000000000479e-01
1.077680000000000064e+03, -1.171480000000000077e+00
1.077700000000000045e+03, 1.294009999999999883e-01
1.077720000000000027e+03, -2.745099999999999763e-01
1.077730000000000018e+03, 2.032200000000000006e+00
1.077750000000000000e+03, 9.532329999999999970e-02
1.077769999999999982e+03, -1.381270000000000067e-02
1.077779999999999973e+03, -2.797450000000000214e-01
1.077799999999999955e+03, 6.689899999999999736e-01
1.077819999999999936e+03, -8.336320000000000396e-01
1.077829999999999927e+03, -9.741189999999999571e-01
1.077849999999999909e+03, -1.561690000000000023e+00
1.077869999999999891e+03, -1.154919999999999947e+00
1.077880000000000109e+03, -1.186220000000000052e+00
1.077900000000000091e+03, -1.307670000000000110e+00
1.077920000000000073e+03, -1.024089999999999945e+00
1.077930000000000064e+03, -3.328940000000000232e-01
1.077950000000000045e+03, 4.304939999999999878e-01
1.077970000000000027e+03, 3.633190000000000031e-01
1.077980000000000018e+03, -2.534339999999999926e-01
1.078000000000000000e+03, 4.331050000000000177e-01
1.078019999999999982e+03, -8.299619999999999775e-01
1.078029999999999973e+03, -1.853760000000000130e-01
1.078049999999999955e+03, 3.634910000000000085e-01
1.078069999999999936e+03, -8.614029999999999951e-03
1.078079999999999927e+03, -3.975330000000000252e-01
1.078099999999999909e+03, -4.788459999999999939e-01
1.078119999999999891e+03, 1.201149999999999940e+00
1.078130000000000109e+03, 8.806629999999999736e-01
1.078150000000000091e+03, 8.359910000000000396e-01
1.078170000000000073e+03, -1.473019999999999885e-01
1.078180000000000064e+03, 1.591380000000000017e-01
1.078200000000000045e+03, 8.274070000000000036e-01
1.078220000000000027e+03, 6.353490000000000526e-01
1.078230000000000018e+03, -8.626390000000000446e-01
1.078250000000000000e+03, 1.868180000000000118e-01
1.078269999999999982e+03, 3.734439999999999982e-02
1.078279999999999973e+03, -5.981580000000000230e-02
1.078299999999999955e+03, 5.043819999999999970e-01
1.078319999999999936e+03, 1.787169999999999870e-01
1.078329999999999927e+03, 7.430639999999999468e-01
1.078349999999999909e+03, 1.269130000000000091e+00
1.078369999999999891e+03, 6.000569999999999515e-01
1.078380000000000109e+03, 1.441759999999999986e-01
1.078400000000000091e+03, -3.427160000000000206e-01
1.078420000000000073e+03, -9.888030000000000430e-02
1.078430000000000064e+03, 2.991210000000000258e-01
1.078450000000000045e+03, -2.437509999999999954e-01
1.078470000000000027e+03, -1.355220000000000091e+00
1.078480000000000018e+03, 9.683089999999999753e-01
1.078500000000000000e+03, -8.076619999999999910e-01
1.078519999999999982e+03, -4.829069999999999752e-01
1.078529999999999973e+03, 1.828029999999999933e-01
1.078549999999999955e+03, 7.031549999999999745e-01
1.078569999999999936e+03, 4.952679999999999860e-01
1.078579999999999927e+03, 6.176369999999999916e-01
1.078599999999999909e+03, -2.193690000000000084e-01
1.078619999999999891e+03, -6.384109999999999507e-01
1.078630000000000109e+03, 7.561160000000000103e-01
1.078650000000000091e+03, 1.698540000000000050e-01
1.078670000000000073e+03, 7.195920000000000094e-01
1.078680000000000064e+03, -4.250390000000000001e-01
1.078700000000000045e+03, 1.314740000000000020e+00
1.078720000000000027e+03, 8.938009999999999566e-01
1.078730000000000018e+03, 1.746479999999999977e-01
1.078750000000000000e+03, 1.069080000000000030e+00
1.078769999999999982e+03, -5.898200000000000109e-01
1.078779999999999973e+03, -1.205249999999999932e-01
1.078799999999999955e+03, 4.007939999999999836e-01
1.078819999999999936e+03, -5.143499999999999739e-01
1.078829999999999927e+03, -7.985160000000000036e-01
1.078849999999999909e+03, -3.664609999999999812e-01
1.078869999999999891e+03, -7.443929999999999714e-01
1.078880000000000109e+03, -1.262229999999999963e+00
1.078900000000000091e+03, -6.448260000000000103e-01
1.078920000000000073e+03, 1.137729999999999991e-01
1.078930000000000064e+03, 4.265579999999999927e-01
1.078950000000000045e+03, 1.183519999999999905e+00
1.078970000000000027e+03, -6.196650000000000214e-01
1.078980000000000018e+03, -5.555889999999999995e-01
1.079000000000000000e+03, 3.633990000000000276e-01
1.079019999999999982e+03, 8.440229999999999677e-01
1.079029999999999973e+03, 3.950779999999999847e-01
1.079049999999999955e+03, -1.165569999999999939e-01
1.079069999999999936e+03, -2.303929999999999867e-01
1.079079999999999927e+03, -8.003829999999999556e-01
1.079099999999999909e+03, 2.339240000000000069e-02
1.079119999999999891e+03, 3.559209999999999874e-01
1.079130000000000109e+03, -2.805719999999999881e-01
1.079150000000000091e+03, -2.981659999999999866e-01
1.079170000000000073e+03, -9.700640000000000651e-02
1.079180000000000064e+03, 3.530559999999999810e-01
1.079200000000000045e+03, 3.105490000000000195e-01
1.079220000000000027e+03, 1.048599999999999977e+00
1.079230000000000018e+03, 1.360439999999999983e-01
1.079250000000000000e+03, 3.536259999999999959e-01
1.079269999999999982e+03, 2.804389999999999938e-01
1.079279999999999973e+03, -5.299979999999999691e-01
1.079299999999999955e+03, -1.015779999999999905e+00
1.079319999999999936e+03, -3.410119999999999818e-01
1.079329999999999927e+03, 8.178490000000000482e-01
1.079349999999999909e+03, -4.171039999999999748e-01
1.079369999999999891e+03, -4.411209999999999853e-01
1.079380000000000109e+03, 2.892529999999999824e-01
1.079400000000000091e+03, -3.780140000000000167e-01
1.079420000000000073e+03, 9.813150000000000484e-01
1.079430000000000064e+03, 8.811099999999999488e-01
1.079450000000000045e+03, 1.185049999999999992e-01
1.079470000000000027e+03, 2.437110000000000110e-01
1.079480000000000018e+03, 8.859770000000000145e-02
1.079500000000000000e+03, -1.426429999999999920e-01
1.079519999999999982e+03, 1.398430000000000062e+00
1.079529999999999973e+03, 3.831180000000000141e-01
1.079549999999999955e+03, 7.142590000000000050e-02
1.079569999999999936e+03, -4.544839999999999991e-01
1.079579999999999927e+03, 1.268760000000000110e+00
1.079599999999999909e+03, 1.802449999999999886e-01
1.079619999999999891e+03, -5.669319999999999915e-01
1.079630000000000109e+03, -1.515269999999999895e+00
1.079650000000000091e+03, -1.469309999999999894e+00
1.079670000000000073e+03, -1.018469999999999931e-01
1.079680000000000064e+03, -7.605340000000000433e-01
1.079700000000000045e+03, 4.943489999999999829e-01
1.079720000000000027e+03, 3.101450000000000040e-01
1.079730000000000018e+03, -1.159089999999999954e+00
1.079750000000000000e+03, -2.645509999999999806e-01
1.079769999999999982e+03, 3.050030000000000241e-01
1.079779999999999973e+03, -3.310690000000000022e-01
1.079799999999999955e+03, 4.338679999999999759e-01
1.079819999999999936e+03, -9.862480000000000135e-01
1.079829999999999927e+03, -5.255560000000000231e-01
1.079849999999999909e+03, -1.526469999999999994e+00
1.079869999999999891e+03, 4.981260000000000132e-01
1.079880000000000109e+03, 1.758649999999999936e-01
1.079900000000000091e+03, -6.757870000000000266e-01
1.079920000000000073e+03, 6.811730000000000285e-01
1.079930000000000064e+03, 1.598110000000000086e-01
1.079950000000000045e+03, 1.703780000000000017e-01
1.079970000000000027e+03, -9.284639999999999560e-01
1.079980000000000018e+03, -3.333059999999999912e-01
1.080000000000000000e+03, -4.506689999999999863e-01
1.080019999999999982e+03, 3.433260000000000201e-01
1.080029999999999973e+03, -7.839359999999999662e-01
1.080049999999999955e+03, 6.175829999999999931e-01
1.080069999999999936e+03, -5.359730000000000327e-01
1.080079999999999927e+03, 1.060710000000000042e+00
1.080099999999999909e+03, -4.778080000000000105e-01
1.080119999999999891e+03, -1.510799999999999921e+00
1.080130000000000109e+03, -9.005539999999999379e-02
1.080150000000000091e+03, 3.515409999999999924e-01
1.080170000000000073e+03, -1.005859999999999949e-01
1.080180000000000064e+03, -5.147689999999999905e-02
1.080200000000000045e+03, -4.269060000000000077e-01
1.080220000000000027e+03, -1.023679999999999923e+00
1.080230000000000018e+03, 6.315279999999999783e-01
1.080250000000000000e+03, 8.740259999999999696e-01
1.080269999999999982e+03, 4.219879999999999742e-01
1.080279999999999973e+03, 6.062250000000000139e-01
1.080299999999999955e+03, 4.291920000000000179e-01
1.080319999999999936e+03, -8.701619999999999910e-01
1.080329999999999927e+03, 2.875909999999999855e-01
1.080349999999999909e+03, -8.565369999999999928e-01
1.080369999999999891e+03, 1.783750000000000058e-01
1.080380000000000109e+03, -3.106229999999999825e-01
1.080400000000000091e+03, -1.071860000000000035e+00
1.080420000000000073e+03, -1.153010000000000090e+00
1.080430000000000064e+03, -5.975530000000000008e-01
1.080450000000000045e+03, 1.731959999999999888e-01
1.080470000000000027e+03, -1.052589999999999915e+00
1.080480000000000018e+03, 1.869310000000000138e-01
1.080500000000000000e+03, -4.854390000000000094e-01
1.080519999999999982e+03, 8.318860000000000143e-01
1.080529999999999973e+03, 4.977509999999999990e-01
1.080549999999999955e+03, 1.477849999999999997e-01
1.080569999999999936e+03, -2.319319999999999826e+00
1.080579999999999927e+03, -1.768170000000000019e+00
1.080599999999999909e+03, -4.463679999999999870e-01
1.080619999999999891e+03, -4.471289999999999987e-01
1.080630000000000109e+03, -8.429240000000000066e-01
1.080650000000000091e+03, 9.710590000000000055e-01
1.080670000000000073e+03, 1.124049999999999994e+00
1.080680000000000064e+03, 9.064050000000000162e-01
1.080700000000000045e+03, 1.558610000000000051e+00
1.080720000000000027e+03, 1.009570000000000078e+00
1.080730000000000018e+03, 5.146600000000000064e-01
1.080750000000000000e+03, 1.354740000000000111e-01
1.080769999999999982e+03, 1.678949999999999942e+00
1.080779999999999973e+03, 2.199149999999999938e+00
1.080799999999999955e+03, 5.050329999999999542e-01
1.080819999999999936e+03, -1.105860000000000065e+00
1.080829999999999927e+03, -2.046689999999999898e+00
1.080849999999999909e+03, -1.594659999999999966e+00
1.080869999999999891e+03, -1.308640000000000025e+00
1.080880000000000109e+03, -1.032000000000000028e+00
1.080900000000000091e+03, -7.599519999999999609e-01
1.080920000000000073e+03, 4.071389999999999731e-01
1.080930000000000064e+03, 8.154470000000000329e-01
1.080950000000000045e+03, -4.189050000000000273e-01
1.080970000000000027e+03, -2.879739999999999991e-03
1.080980000000000018e+03, 3.592259999999999898e-02
1.081000000000000000e+03, -1.122829999999999939e-01
1.081019999999999982e+03, 1.032629999999999937e+00
1.081029999999999973e+03, -2.843609999999999749e-01
1.081049999999999955e+03, 4.610970000000000346e-02
1.081069999999999936e+03, -1.490609999999999991e-01
1.081079999999999927e+03, 2.784530000000000061e-01
1.081099999999999909e+03, 5.678630000000000067e-01
1.081119999999999891e+03, 6.895569999999999755e-01
1.081130000000000109e+03, 1.357080000000000064e+00
1.081150000000000091e+03, -3.436429999999999763e-01
1.081170000000000073e+03, -2.759960000000000191e-01
1.081180000000000064e+03, -1.128160000000000052e+00
1.081200000000000045e+03, -8.617550000000000487e-01
1.081220000000000027e+03, 3.435929999999999818e-01
1.081230000000000018e+03, -1.176780000000000048e-01
1.081250000000000000e+03, 4.774860000000000215e-01
1.081269999999999982e+03, 6.159359999999999835e-02
1.081279999999999973e+03, -9.961119999999999974e-01
1.081299999999999955e+03, -1.652730000000000032e+00
1.081319999999999936e+03, -1.280939999999999968e+00
1.081329999999999927e+03, 5.233600000000000474e-01
1.081349999999999909e+03, -4.075940000000000119e-01
1.081369999999999891e+03, -6.656919999999999504e-01
1.081380000000000109e+03, -3.431690000000000018e-01
1.081400000000000091e+03, -1.310880000000000045e+00
1.081420000000000073e+03, -1.087790000000000035e+00
1.081430000000000064e+03, 2.624969999999999803e-01
1.081450000000000045e+03, 6.187869999999999759e-01
1.081470000000000027e+03, 8.551450000000000440e-01
1.081480000000000018e+03, -3.226149999999999851e-01
1.081500000000000000e+03, 1.533140000000000058e-01
1.081519999999999982e+03, -2.564520000000000133e-01
1.081529999999999973e+03, 1.579099999999999948e-01
1.081549999999999955e+03, 5.976220000000000143e-02
1.081569999999999936e+03, 1.630260000000000042e+00
1.081579999999999927e+03, 2.692620000000000013e-01
1.081599999999999909e+03, 1.144770000000000065e+00
1.081619999999999891e+03, -7.233640000000000070e-01
1.081630000000000109e+03, 2.193619999999999945e-02
1.081650000000000091e+03, 4.505109999999999670e-02
1.081670000000000073e+03, 1.549260000000000081e-01
1.081680000000000064e+03, 1.728649999999999909e-01
1.081700000000000045e+03, -1.456760000000000055e+00
1.081720000000000027e+03, -1.012750000000000039e-01
1.081730000000000018e+03, 3.070039999999999991e-01
1.081750000000000000e+03, 4.405459999999999932e-01
1.081769999999999982e+03, -2.838910000000000045e-01
1.081779999999999973e+03, -4.819780000000000175e-01
1.081799999999999955e+03, 2.539889999999999856e-02
1.081819999999999936e+03, -1.990020000000000122e-01
1.081829999999999927e+03, -4.389020000000000143e-01
1.081849999999999909e+03, 9.442019999999999857e-01
1.081869999999999891e+03, 1.301469999999999905e+00
1.081880000000000109e+03, 9.659999999999999698e-01
1.081900000000000091e+03, 1.056440000000000046e+00
1.081920000000000073e+03, 3.766249999999999876e-01
1.081930000000000064e+03, -5.112449999999999495e-01
1.081950000000000045e+03, -5.048570000000000002e-01
1.081970000000000027e+03, -1.148919999999999941e+00
1.081980000000000018e+03, 7.413699999999999735e-01
1.082000000000000000e+03, 1.419049999999999923e+00
1.082019999999999982e+03, 1.886549999999999894e-01
1.082029999999999973e+03, -1.072340000000000071e+00
1.082049999999999955e+03, 1.350409999999999978e-02
1.082069999999999936e+03, -9.247929999999999762e-01
1.082079999999999927e+03, 1.086049999999999960e+00
1.082099999999999909e+03, 7.572510000000000074e-01
1.082119999999999891e+03, 2.404479999999999951e-01
1.082130000000000109e+03, -1.198819999999999997e+00
1.082150000000000091e+03, -1.091939999999999911e+00
1.082170000000000073e+03, -2.886589999999999989e-01
1.082180000000000064e+03, 3.424789999999999779e-01
1.082200000000000045e+03, -6.051710000000000145e-01
1.082220000000000027e+03, 3.809699999999999753e-01
1.082230000000000018e+03, -5.812399999999999789e-01
1.082250000000000000e+03, -2.397539999999999949e-01
1.082269999999999982e+03, 4.049510000000000054e-01
1.082279999999999973e+03, 7.680989999999999762e-01
1.082299999999999955e+03, -9.498089999999999311e-02
1.082319999999999936e+03, -6.687450000000000339e-01
1.082329999999999927e+03, -1.599529999999999896e+00
1.082349999999999909e+03, -1.264399999999999968e+00
1.082369999999999891e+03, 7.686830000000000052e-02
1.082380000000000109e+03, -1.973189999999999944e-01
1.082400000000000091e+03, 1.616120000000000001e+00
1.082420000000000073e+03, 1.610020000000000062e-01
1.082430000000000064e+03, 1.244569999999999954e+00
1.082450000000000045e+03, 1.900000000000000022e-01
1.082470000000000027e+03, 1.619899999999999896e+00
1.082480000000000018e+03, -9.743300000000000294e-01
1.082500000000000000e+03, -5.844549999999999468e-01
1.082519999999999982e+03, -5.499129999999999852e-01
1.082529999999999973e+03, 1.117080000000000073e+00
1.082549999999999955e+03, -3.303360000000000185e-01
1.082569999999999936e+03, 5.935789999999999678e-01
1.082579999999999927e+03, -3.044169999999999932e-01
1.082599999999999909e+03, -6.754350000000000076e-01
1.082619999999999891e+03, 5.072309999999999874e-01
1.082630000000000109e+03, 1.110369999999999968e-01
1.082650000000000091e+03, -3.093890000000000251e-01
1.082670000000000073e+03, -4.905149999999999788e-01
1.082680000000000064e+03, -9.112149999999999972e-01
1.082700000000000045e+03, 8.015160000000000340e-03
1.082720000000000027e+03, -1.998119999999999896e+00
1.082730000000000018e+03, -9.942779999999999951e-01
1.082750000000000000e+03, -1.174980000000000052e-01
1.082769999999999982e+03, 2.802540000000000031e-01
1.082779999999999973e+03, 2.443929999999999991e-01
1.082799999999999955e+03, 1.580119999999999969e+00
1.082819999999999936e+03, -4.085409999999999875e-01
1.082829999999999927e+03, 1.932089999999999919e-01
1.082849999999999909e+03, -5.293689999999999785e-01
1.082869999999999891e+03, -2.767919999999999825e-01
1.082880000000000109e+03, 3.396680000000000255e-01
1.082900000000000091e+03, 1.322459999999999969e+00
1.082920000000000073e+03, 4.442829999999999835e-01
1.082930000000000064e+03, -1.216429999999999900e+00
1.082950000000000045e+03, -2.225950000000000095e+00
1.082970000000000027e+03, -3.558040000000000092e+00
1.082980000000000018e+03, -1.372649999999999981e-01
1.083000000000000000e+03, 4.964500000000000024e-01
1.083019999999999982e+03, -1.967250000000000110e-01
1.083029999999999973e+03, 3.173329999999999762e-01
1.083049999999999955e+03, 4.084200000000000053e-01
1.083069999999999936e+03, 1.122600000000000042e+00
1.083079999999999927e+03, -7.361590000000000078e-01
1.083099999999999909e+03, -1.553430000000000089e+00
1.083119999999999891e+03, -1.548680000000000057e+00
1.083130000000000109e+03, -3.625599999999999656e-02
1.083150000000000091e+03, 8.652180000000000426e-01
1.083170000000000073e+03, -5.656139999999999501e-01
1.083180000000000064e+03, -6.883399999999999519e-01
1.083200000000000045e+03, -8.436919999999999975e-01
1.083220000000000027e+03, -1.027959999999999985e+00
1.083230000000000018e+03, 1.081930000000000058e+00
1.083250000000000000e+03, -5.089510000000000423e-01
1.083269999999999982e+03, 1.695099999999999940e-01
1.083279999999999973e+03, 7.710810000000000164e-01
1.083299999999999955e+03, 1.858919999999999906e+00
1.083319999999999936e+03, -2.466260000000000119e-01
1.083329999999999927e+03, -3.788119999999999682e-02
1.083349999999999909e+03, 6.785780000000000145e-01
1.083369999999999891e+03, -1.215029999999999999e-01
1.083380000000000109e+03, -4.028619999999999979e-01
1.083400000000000091e+03, -9.063660000000000050e-01
1.083420000000000073e+03, -1.345449999999999979e-01
1.083430000000000064e+03, 5.822119999999999518e-01
1.083450000000000045e+03, 1.061949999999999950e+00
1.083470000000000027e+03, 1.396439999999999904e+00
1.083480000000000018e+03, -8.470990000000000464e-01
1.083500000000000000e+03, 6.068689999999999918e-01
1.083519999999999982e+03, -2.753050000000000219e-01
1.083529999999999973e+03, 3.751059999999999950e-01
1.083549999999999955e+03, -1.292650000000000077e+00
1.083569999999999936e+03, -1.717149999999999954e+00
1.083579999999999927e+03, 1.323849999999999971e+00
1.083599999999999909e+03, -7.760680000000000356e-02
1.083619999999999891e+03, 9.806970000000000409e-01
1.083630000000000109e+03, -1.076650000000000107e+00
1.083650000000000091e+03, 9.046699999999999742e-01
1.083670000000000073e+03, -5.851469999999999727e-01
1.083680000000000064e+03, 9.815020000000000688e-02
1.083700000000000045e+03, -6.631099999999999772e-01
1.083720000000000027e+03, -1.776880000000000015e+00
1.083730000000000018e+03, -4.264260000000000272e-01
1.083750000000000000e+03, 3.241319999999999757e-01
1.083769999999999982e+03, -1.769360000000000099e-01
1.083779999999999973e+03, -2.165640000000000065e-01
1.083799999999999955e+03, -6.961580000000000545e-01
1.083819999999999936e+03, -3.131720000000000337e-02
1.083829999999999927e+03, -1.319530000000000092e+00
1.083849999999999909e+03, 1.076019999999999976e+00
1.083869999999999891e+03, 5.787740000000000107e-01
1.083880000000000109e+03, 5.169529999999999959e-01
1.083900000000000091e+03, -1.593650000000000067e-01
1.083920000000000073e+03, 3.366600000000000148e-01
1.083930000000000064e+03, -2.154169999999999974e-01
1.083950000000000045e+03, -2.116219999999999907e-02
1.083970000000000027e+03, -1.116710000000000091e+00
1.083980000000000018e+03, -9.668440000000000367e-01
1.084000000000000000e+03, -5.227969999999999562e-01
1.084019999999999982e+03, 1.152209999999999956e+00
1.084029999999999973e+03, 8.671820000000000084e-01
1.084049999999999955e+03, 1.604420000000000013e-01
1.084069999999999936e+03, -7.702890000000000015e-01
1.084079999999999927e+03, -9.226079999999999837e-01
1.084099999999999909e+03, -1.528780000000000028e+00
1.084119999999999891e+03, 5.706989999999999980e-02
1.084130000000000109e+03, -3.542170000000000041e-01
1.084150000000000091e+03, 3.075840000000000241e-01
1.084170000000000073e+03, 1.045500000000000096e+00
1.084180000000000064e+03, 1.626079999999999970e+00
1.084200000000000045e+03, -7.920710000000000250e-02
1.084220000000000027e+03, 1.637260000000000104e-01
1.084230000000000018e+03, -2.935749999999999749e-01
1.084250000000000000e+03, -5.346630000000000132e-02
1.084269999999999982e+03, -5.070670000000000455e-01
1.084279999999999973e+03, -3.132320000000000104e-01
1.084299999999999955e+03, 6.921620000000000550e-01
1.084319999999999936e+03, -8.252899999999999681e-01
1.084329999999999927e+03, 1.984420000000000073e-01
1.084349999999999909e+03, 8.660759999999999570e-01
1.084369999999999891e+03, 1.110200000000000076e+00
1.084380000000000109e+03, 1.196310000000000012e-01
1.084400000000000091e+03, -2.623789999999999734e-01
1.084420000000000073e+03, -1.056100000000000039e+00
1.084430000000000064e+03, -9.547579999999999956e-01
1.084450000000000045e+03, 4.189039999999999986e-01
1.084470000000000027e+03, 5.170529999999999848e-01
1.084480000000000018e+03, 1.028010000000000090e+00
1.084500000000000000e+03, 7.677969999999999517e-01
1.084519999999999982e+03, 2.489860000000000129e-01
1.084529999999999973e+03, -7.883679999999999577e-01
1.084549999999999955e+03, -3.656999999999999834e-02
1.084569999999999936e+03, -1.259379999999999944e+00
1.084579999999999927e+03, -6.406019999999999770e-02
1.084599999999999909e+03, -1.746979999999999922e-01
1.084619999999999891e+03, 1.471510000000000040e-01
1.084630000000000109e+03, -1.981149999999999967e+00
1.084650000000000091e+03, -5.861189999999999456e-01
1.084670000000000073e+03, 1.283209999999999962e+00
1.084680000000000064e+03, 8.661750000000000282e-01
1.084700000000000045e+03, -2.346209999999999962e-01
1.084720000000000027e+03, 1.218489999999999990e-01
1.084730000000000018e+03, 5.741420000000000412e-01
1.084750000000000000e+03, 1.004869999999999930e+00
1.084769999999999982e+03, -5.203170000000000295e-01
1.084779999999999973e+03, 7.184169999999999723e-01
1.084799999999999955e+03, 3.527829999999999855e-02
1.084819999999999936e+03, -3.942049999999999721e-02
1.084829999999999927e+03, -3.128819999999999935e-01
1.084849999999999909e+03, 5.244550000000000045e-01
1.084869999999999891e+03, 1.761340000000000128e-02
1.084880000000000109e+03, 1.259589999999999876e-01
1.084900000000000091e+03, 7.399609999999999799e-01
1.084920000000000073e+03, 4.605220000000000147e-02
1.084930000000000064e+03, 7.561480000000000423e-01
1.084950000000000045e+03, -8.928430000000000533e-01
1.084970000000000027e+03, 4.363230000000000164e-01
1.084980000000000018e+03, 1.432049999999999990e-01
1.085000000000000000e+03, 9.317159999999999331e-02
1.085019999999999982e+03, 2.223660000000000081e-01
1.085029999999999973e+03, 1.389909999999999930e-02
1.085049999999999955e+03, 5.833320000000000172e-02
1.085069999999999936e+03, 5.095049999999999857e-01
1.085079999999999927e+03, 1.996209999999999929e-01
1.085099999999999909e+03, -4.353690000000000060e-01
1.085119999999999891e+03, 1.006739999999999968e+00
1.085130000000000109e+03, -7.664140000000000397e-01
1.085150000000000091e+03, -1.030429999999999957e-01
1.085170000000000073e+03, 1.487940000000000040e+00
1.085180000000000064e+03, 5.966430000000000344e-01
1.085200000000000045e+03, 9.442420000000000258e-01
1.085220000000000027e+03, 6.816750000000000309e-01
1.085230000000000018e+03, -7.401380000000000459e-02
1.085250000000000000e+03, -1.083259999999999890e+00
1.085269999999999982e+03, -2.660359999999999947e-01
1.085279999999999973e+03, -4.600200000000000122e-02
1.085299999999999955e+03, 6.791490000000000027e-01
1.085319999999999936e+03, -7.398219999999999796e-01
1.085329999999999927e+03, 4.014280000000000070e-01
1.085349999999999909e+03, 9.661659999999999693e-01
1.085369999999999891e+03, -5.773949999999999916e-01
1.085380000000000109e+03, 1.611239999999999895e-02
1.085400000000000091e+03, 5.546510000000000051e-01
1.085420000000000073e+03, -2.877009999999999845e-01
1.085430000000000064e+03, 7.341469999999999940e-02
1.085450000000000045e+03, -6.712280000000000468e-01
1.085470000000000027e+03, -1.462080000000000046e-01
1.085480000000000018e+03, 3.567100000000000271e-01
1.085500000000000000e+03, -5.269030000000000102e-01
1.085519999999999982e+03, -2.469699999999999951e-01
1.085529999999999973e+03, 4.821790000000000243e-01
1.085549999999999955e+03, 2.030579999999999885e-01
1.085569999999999936e+03, 3.504030000000000200e-01
1.085579999999999927e+03, -1.547070000000000112e-01
1.085599999999999909e+03, 1.059469999999999912e+00
1.085619999999999891e+03, -3.331419999999999937e-01
1.085630000000000109e+03, -2.180419999999999803e+00
1.085650000000000091e+03, -1.275700000000000056e+00
1.085670000000000073e+03, -4.078300000000000258e-01
1.085680000000000064e+03, 3.121120000000000005e-01
1.085700000000000045e+03, 6.100170000000000314e-01
1.085720000000000027e+03, -9.072959999999999914e-01
1.085730000000000018e+03, 1.909419999999999867e-02
1.085750000000000000e+03, 6.389759999999999884e-01
1.085769999999999982e+03, -4.939550000000000191e-02
1.085779999999999973e+03, -3.710620000000000029e-01
1.085799999999999955e+03, -5.774599999999999872e-02
1.085819999999999936e+03, -1.032519999999999966e-01
1.085829999999999927e+03, 1.221789999999999959e-01
1.085849999999999909e+03, -3.724949999999999789e-02
1.085869999999999891e+03, 6.095650000000000235e-01
1.085880000000000109e+03, -2.022490000000000121e-01
1.085900000000000091e+03, -5.142790000000000417e-01
1.085920000000000073e+03, 3.320319999999999938e-01
1.085930000000000064e+03, 1.320600000000000107e-01
1.085950000000000045e+03, -1.147070000000000034e+00
1.085970000000000027e+03, -1.260459999999999914e+00
1.085980000000000018e+03, -5.207979999999999832e-01
1.086000000000000000e+03, 4.009220000000000006e-01
1.086019999999999982e+03, 2.819329999999999892e-01
1.086029999999999973e+03, -4.864550000000000263e-01
1.086049999999999955e+03, 8.845990000000000242e-01
1.086069999999999936e+03, 9.285710000000000353e-01
1.086079999999999927e+03, -9.832089999999999996e-01
1.086099999999999909e+03, 6.212530000000000552e-01
1.086119999999999891e+03, 7.319140000000000368e-02
1.086130000000000109e+03, 2.260020000000000084e-01
1.086150000000000091e+03, 1.110309999999999908e+00
1.086170000000000073e+03, 6.734489999999999921e-02
1.086180000000000064e+03, 8.513920000000000377e-01
1.086200000000000045e+03, 7.535669999999999868e-01
1.086220000000000027e+03, -4.951559999999999850e-01
1.086230000000000018e+03, -4.208689999999999931e-01
1.086250000000000000e+03, -6.037390000000000256e-01
1.086269999999999982e+03, -1.283910000000000107e+00
1.086279999999999973e+03, 8.712109999999999577e-01
1.086299999999999955e+03, 2.096890000000000143e+00
1.086319999999999936e+03, 7.575420000000000487e-01
1.086329999999999927e+03, 5.892079999999999540e-01
1.086349999999999909e+03, -1.648620000000000085e-01
1.086369999999999891e+03, 1.519490000000000007e-01
1.086380000000000109e+03, -1.079280000000000017e+00
1.086400000000000091e+03, 1.645310000000000106e-01
1.086420000000000073e+03, -7.273070000000000368e-01
1.086430000000000064e+03, -9.071019999999999639e-01
1.086450000000000045e+03, -9.368260000000000476e-01
1.086470000000000027e+03, 5.263259999999999605e-01
1.086480000000000018e+03, -5.706630000000000313e-01
1.086500000000000000e+03, -6.420099999999999418e-02
1.086519999999999982e+03, 5.918719999999999537e-01
1.086529999999999973e+03, -1.278810000000000002e+00
1.086549999999999955e+03, -1.675540000000000085e-01
1.086569999999999936e+03, 7.465429999999999566e-01
1.086579999999999927e+03, 9.446339999999999737e-01
1.086599999999999909e+03, -1.140789999999999998e-01
1.086619999999999891e+03, -1.612829999999999986e+00
1.086630000000000109e+03, -6.530939999999999523e-01
1.086650000000000091e+03, 5.713489999999999958e-01
1.086670000000000073e+03, 2.145519999999999872e+00
1.086680000000000064e+03, -1.018080000000000096e+00
1.086700000000000045e+03, 9.123529999999999696e-01
1.086720000000000027e+03, -1.156490000000000018e-01
1.086730000000000018e+03, 1.179040000000000088e+00
1.086750000000000000e+03, 3.262840000000000185e-02
1.086769999999999982e+03, -5.458929999999999616e-01
1.086779999999999973e+03, -9.262820000000000498e-01
1.086799999999999955e+03, 8.084149999999999947e-01
1.086819999999999936e+03, 9.464380000000000015e-01
1.086829999999999927e+03, 8.685389999999999500e-01
1.086849999999999909e+03, -5.261590000000000433e-01
1.086869999999999891e+03, -3.608299999999999841e-01
1.086880000000000109e+03, -1.240040000000000031e+00
1.086900000000000091e+03, -1.602379999999999916e-01
1.086920000000000073e+03, 6.641350000000000309e-01
1.086930000000000064e+03, 6.045779999999999488e-01
1.086950000000000045e+03, 3.796849999999999947e-01
1.086970000000000027e+03, 1.199500000000000011e-01
1.086980000000000018e+03, -3.465590000000000059e-01
1.087000000000000000e+03, -3.078609999999999958e-01
1.087019999999999982e+03, 7.257390000000000230e-01
1.087029999999999973e+03, -9.680060000000000331e-01
1.087049999999999955e+03, 9.913779999999999815e-01
1.087069999999999936e+03, -9.819790000000000463e-01
1.087079999999999927e+03, -1.147809999999999997e+00
1.087099999999999909e+03, -1.840590000000000004e-01
1.087119999999999891e+03, -5.126460000000000461e-01
1.087130000000000109e+03, -6.263499999999999623e-01
1.087150000000000091e+03, -3.915790000000000104e-01
1.087170000000000073e+03, -9.683859999999999690e-01
1.087180000000000064e+03, -8.279919999999999503e-01
1.087200000000000045e+03, -5.002769999999999717e-01
1.087220000000000027e+03, 2.421860000000000124e-01
1.087230000000000018e+03, -2.729679999999999884e-01
1.087250000000000000e+03, -4.989580000000000126e-01
1.087269999999999982e+03, -4.989230000000000054e-01
1.087279999999999973e+03, -4.200420000000000265e-01
1.087299999999999955e+03, 4.535509999999999819e-01
1.087319999999999936e+03, -2.023689999999999933e-01
1.087329999999999927e+03, 2.043620000000000159e-02
1.087349999999999909e+03, -3.977749999999999897e-01
1.087369999999999891e+03, 5.755519999999999525e-01
1.087380000000000109e+03, 3.160510000000000264e-01
1.087400000000000091e+03, 1.023419999999999996e+00
1.087420000000000073e+03, 7.547779999999999490e-01
1.087430000000000064e+03, 7.453940000000000010e-01
1.087450000000000045e+03, 9.275569999999999649e-02
1.087470000000000027e+03, -8.817249999999999810e-01
1.087480000000000018e+03, -1.165270000000000028e+00
1.087500000000000000e+03, 1.033700000000000063e+00
1.087519999999999982e+03, 4.274459999999999926e-01
1.087529999999999973e+03, 1.216409999999999991e+00
1.087549999999999955e+03, -3.334599999999999786e-01
1.087569999999999936e+03, -2.410879999999999967e-01
1.087579999999999927e+03, -8.710110000000000074e-02
1.087599999999999909e+03, 2.250780000000000003e-01
1.087619999999999891e+03, -4.412539999999999796e-01
1.087630000000000109e+03, -1.591529999999999889e+00
1.087650000000000091e+03, 8.135809999999999986e-01
1.087670000000000073e+03, 5.631559999999999899e-01
1.087680000000000064e+03, 6.901739999999999542e-01
1.087700000000000045e+03, 3.282189999999999830e-01
1.087720000000000027e+03, -3.268130000000000202e-01
1.087730000000000018e+03, 3.950719999999999787e-01
1.087750000000000000e+03, 2.921119999999999828e-01
1.087769999999999982e+03, 1.371269999999999989e+00
1.087779999999999973e+03, 6.854419999999999957e-01
1.087799999999999955e+03, -1.022049999999999903e+00
1.087819999999999936e+03, -9.975509999999999655e-01
1.087829999999999927e+03, 9.290720000000000089e-01
1.087849999999999909e+03, 9.177539999999999587e-01
1.087869999999999891e+03, 9.879670000000000396e-01
1.087880000000000109e+03, -1.159850000000000048e+00
1.087900000000000091e+03, -1.146959999999999980e+00
1.087920000000000073e+03, -2.119999999999999940e-01
1.087930000000000064e+03, 1.518039999999999945e-01
1.087950000000000045e+03, 5.126899999999999791e-01
1.087970000000000027e+03, 8.922259999999999636e-01
1.087980000000000018e+03, 1.274659999999999904e+00
1.088000000000000000e+03, -2.297859999999999903e-01
1.088019999999999982e+03, -1.021150000000000002e+00
1.088029999999999973e+03, -5.190690000000000026e-01
1.088049999999999955e+03, 4.230760000000000076e-02
1.088069999999999936e+03, 8.649799999999999711e-01
1.088079999999999927e+03, 5.186859999999999804e-01
1.088099999999999909e+03, 1.630710000000000104e+00
1.088119999999999891e+03, -3.891330000000000067e-01
1.088130000000000109e+03, 1.901049999999999962e-01
1.088150000000000091e+03, -8.688360000000000527e-01
1.088170000000000073e+03, -1.884439999999999893e+00
1.088180000000000064e+03, 1.863809999999999911e-01
1.088200000000000045e+03, 6.324570000000000469e-01
1.088220000000000027e+03, 2.213630000000000209e+00
1.088230000000000018e+03, -3.826419999999999821e-02
1.088250000000000000e+03, -4.920829999999999926e-01
1.088269999999999982e+03, -8.227849999999999886e-01
1.088279999999999973e+03, -3.726229999999999820e-01
1.088299999999999955e+03, 5.124159999999999826e-01
1.088319999999999936e+03, -7.228010000000000268e-01
1.088329999999999927e+03, 1.275919999999999943e+00
1.088349999999999909e+03, 6.632719999999999727e-01
1.088369999999999891e+03, -2.266930000000000056e-01
1.088380000000000109e+03, -7.136080000000000201e-01
1.088400000000000091e+03, 4.264669999999999850e-01
1.088420000000000073e+03, -4.447780000000000067e-01
1.088430000000000064e+03, -6.107180000000000247e-02
1.088450000000000045e+03, -2.455019999999999980e-01
1.088470000000000027e+03, -1.265160000000000062e+00
1.088480000000000018e+03, -1.008359999999999951e-01
1.088500000000000000e+03, -6.716360000000000108e-01
1.088519999999999982e+03, -1.081409999999999982e+00
1.088529999999999973e+03, -1.205529999999999990e+00
1.088549999999999955e+03, 9.117619999999999614e-01
1.088569999999999936e+03, -5.612059999999999826e-01
1.088579999999999927e+03, 7.143289999999999917e-01
1.088599999999999909e+03, -3.260739999999999750e-01
1.088619999999999891e+03, -7.988769999999999483e-01
1.088630000000000109e+03, 4.306010000000000115e-01
1.088650000000000091e+03, 1.564669999999999950e-01
1.088670000000000073e+03, -9.076520000000000143e-01
1.088680000000000064e+03, 6.378589999999999538e-01
1.088700000000000045e+03, 4.092950000000000199e-01
1.088720000000000027e+03, 2.542949999999999933e-01
1.088730000000000018e+03, -8.378029999999999644e-01
1.088750000000000000e+03, -2.296800000000000175e+00
1.088769999999999982e+03, -1.083560000000000079e+00
1.088779999999999973e+03, 4.901860000000000245e-02
1.088799999999999955e+03, 7.808519999999999905e-01
1.088819999999999936e+03, 3.086269999999999847e-01
1.088829999999999927e+03, 1.995609999999999884e-01
1.088849999999999909e+03, 9.012999999999999901e-01
1.088869999999999891e+03, 2.970670000000000255e-01
1.088880000000000109e+03, 6.314809999999999590e-01
1.088900000000000091e+03, -3.840230000000000032e-01
1.088920000000000073e+03, -1.481889999999999930e+00
1.088930000000000064e+03, -1.272809999999999997e+00
1.088950000000000045e+03, 5.460460000000000313e-01
1.088970000000000027e+03, -9.646749999999999492e-01
1.088980000000000018e+03, -1.388620000000000132e-01
1.089000000000000000e+03, -1.955959999999999921e+00
1.089019999999999982e+03, -6.812110000000000110e-01
1.089029999999999973e+03, 2.963980000000000087e-02
1.089049999999999955e+03, 7.168339999999999712e-01
1.089069999999999936e+03, 7.674490000000000478e-01
1.089079999999999927e+03, 2.612630000000000230e-01
1.089099999999999909e+03, 5.235600000000000254e-01
1.089119999999999891e+03, 1.002899999999999903e+00
1.089130000000000109e+03, 5.945319999999999494e-01
1.089150000000000091e+03, 1.031020000000000048e+00
1.089170000000000073e+03, -5.083969999999999878e-01
1.089180000000000064e+03, -1.890529999999999988e-02
1.089200000000000045e+03, -1.898680000000000090e-01
1.089220000000000027e+03, 1.509530000000000038e-01
1.089230000000000018e+03, 3.648790000000000089e-01
1.089250000000000000e+03, -3.850009999999999821e-01
1.089269999999999982e+03, -5.768689999999999651e-01
1.089279999999999973e+03, -5.093999999999999639e-01
1.089299999999999955e+03, 6.980530000000000346e-01
1.089319999999999936e+03, 1.030459999999999932e+00
1.089329999999999927e+03, -5.273039999999999949e-01
1.089349999999999909e+03, 1.540100000000000080e-01
1.089369999999999891e+03, 1.319479999999999986e+00
1.089380000000000109e+03, 3.838860000000000050e-01
1.089400000000000091e+03, 1.090750000000000053e-01
1.089420000000000073e+03, -8.540429999999999966e-01
1.089430000000000064e+03, -8.301500000000000545e-01
1.089450000000000045e+03, 1.155299999999999994e+00
1.089470000000000027e+03, 1.458299999999999930e+00
1.089480000000000018e+03, 1.292289999999999939e+00
1.089500000000000000e+03, 6.510249999999999648e-01
1.089519999999999982e+03, -1.346950000000000092e+00
1.089529999999999973e+03, -1.084999999999999964e+00
1.089549999999999955e+03, -5.037150000000000238e-01
1.089569999999999936e+03, -3.656329999999999858e-01
1.089579999999999927e+03, 1.093469999999999942e+00
1.089599999999999909e+03, 2.368599999999999872e-01
1.089619999999999891e+03, 1.028659999999999991e-01
1.089630000000000109e+03, 1.727859999999999951e+00
1.089650000000000091e+03, 3.480509999999999993e-01
1.089670000000000073e+03, -9.400159999999999627e-01
1.089680000000000064e+03, -1.537660000000000027e+00
1.089700000000000045e+03, 7.296600000000000308e-02
1.089720000000000027e+03, -1.381860000000000033e-01
1.089730000000000018e+03, -9.620959999999999512e-01
1.089750000000000000e+03, 1.591539999999999899e-01
1.089769999999999982e+03, 1.301370000000000027e-01
1.089779999999999973e+03, 6.425769999999999538e-01
1.089799999999999955e+03, 4.463679999999999870e-01
1.089819999999999936e+03, -1.309909999999999908e+00
1.089829999999999927e+03, 3.144279999999999853e-01
1.089849999999999909e+03, -7.320269999999999833e-01
1.089869999999999891e+03, -5.473670000000000480e-01
1.089880000000000109e+03, -2.301390000000000102e-01
1.089900000000000091e+03, 1.242219999999999991e-01
1.089920000000000073e+03, 9.300920000000000298e-01
1.089930000000000064e+03, -2.936460000000000181e-01
1.089950000000000045e+03, 3.021590000000000109e-01
1.089970000000000027e+03, 5.923640000000000017e-01
1.089980000000000018e+03, -7.559799999999999853e-01
1.090000000000000000e+03, -2.179629999999999901e-01
1.090019999999999982e+03, -3.367720000000000158e-01
1.090029999999999973e+03, -4.388220000000000315e-02
1.090049999999999955e+03, -4.127810000000000090e-01
1.090069999999999936e+03, 1.211270000000000069e+00
1.090079999999999927e+03, -1.153300000000000020e-01
1.090099999999999909e+03, 4.363849999999999674e-02
1.090119999999999891e+03, 1.323490000000000055e+00
1.090130000000000109e+03, 9.925180000000000113e-01
1.090150000000000091e+03, 1.253069999999999906e+00
1.090170000000000073e+03, -3.150620000000000087e-01
1.090180000000000064e+03, -2.037949999999999928e+00
1.090200000000000045e+03, -1.352109999999999923e+00
1.090220000000000027e+03, -1.380400000000000030e-02
1.090230000000000018e+03, 2.454929999999999890e-01
1.090250000000000000e+03, 1.016790000000000083e+00
1.090269999999999982e+03, 9.647959999999999869e-01
1.090279999999999973e+03, 4.061560000000000170e-01
1.090299999999999955e+03, 4.072970000000000201e-01
1.090319999999999936e+03, 9.759679999999999744e-02
1.090329999999999927e+03, -1.141499999999999959e+00
1.090349999999999909e+03, 4.909310000000000063e-01
1.090369999999999891e+03, 7.103559999999999874e-01
1.090380000000000109e+03, -8.267780000000000129e-01
1.090400000000000091e+03, -1.761879999999999891e+00
1.090420000000000073e+03, -2.922139999999999738e-01
1.090430000000000064e+03, 1.378079999999999972e+00
1.090450000000000045e+03, 1.629650000000000043e+00
1.090470000000000027e+03, 1.047469999999999901e+00
1.090480000000000018e+03, 7.319179999999999575e-01
1.090500000000000000e+03, -9.182529999999999859e-01
1.090519999999999982e+03, -8.409820000000000073e-01
1.090529999999999973e+03, -8.989489999999999981e-01
1.090549999999999955e+03, 5.289439999999999698e-01
1.090569999999999936e+03, 2.632829999999999893e-01
1.090579999999999927e+03, -8.141620000000000523e-01
1.090599999999999909e+03, 8.803170000000000439e-02
1.090619999999999891e+03, -3.954679999999999862e-01
1.090630000000000109e+03, 1.562200000000000033e+00
1.090650000000000091e+03, -1.313130000000000130e-01
1.090670000000000073e+03, 4.352329999999999810e-01
1.090680000000000064e+03, -5.017350000000000421e-01
1.090700000000000045e+03, -8.882560000000000455e-02
1.090720000000000027e+03, -1.158579999999999943e+00
1.090730000000000018e+03, 7.219039999999999901e-01
1.090750000000000000e+03, -1.090009999999999923e+00
1.090769999999999982e+03, 3.299480000000000190e-01
1.090779999999999973e+03, 7.445500000000000451e-01
1.090799999999999955e+03, 1.801349999999999896e-01
1.090819999999999936e+03, 3.306899999999999840e-01
1.090829999999999927e+03, 1.224190000000000000e-01
1.090849999999999909e+03, 5.788780000000000037e-01
1.090869999999999891e+03, -2.372470000000000134e-01
1.090880000000000109e+03, -2.813579999999999970e-01
1.090900000000000091e+03, -5.806339999999999835e-01
1.090920000000000073e+03, 3.894610000000000016e-01
1.090930000000000064e+03, 2.285179999999999989e-01
1.090950000000000045e+03, 1.218760000000000066e+00
1.090970000000000027e+03, 2.898930000000000118e-01
1.090980000000000018e+03, -2.457280000000000020e-01
1.091000000000000000e+03, 1.477559999999999985e-01
1.091019999999999982e+03, 8.893250000000000322e-01
1.091029999999999973e+03, 3.255109999999999948e-01
1.091049999999999955e+03, 3.505729999999999957e-02
1.091069999999999936e+03, -1.048209999999999975e-01
1.091079999999999927e+03, -9.358549999999999924e-01
1.091099999999999909e+03, -7.614469999999999850e-01
1.091119999999999891e+03, -1.236229999999999968e-01
1.091130000000000109e+03, -6.846750000000000336e-01
1.091150000000000091e+03, -2.145710000000000117e-01
1.091170000000000073e+03, -5.877839999999999732e-01
1.091180000000000064e+03, -5.962950000000000195e-01
1.091200000000000045e+03, 8.986529999999999518e-02
1.091220000000000027e+03, 1.285940000000000083e+00
1.091230000000000018e+03, -1.044419999999999932e-01
1.091250000000000000e+03, 5.345609999999999529e-01
1.091269999999999982e+03, 2.154129999999999934e-01
1.091279999999999973e+03, -8.962670000000000359e-02
1.091299999999999955e+03, 9.476069999999999771e-01
1.091319999999999936e+03, -5.387399999999999967e-01
1.091329999999999927e+03, -1.936430000000000096e+00
1.091349999999999909e+03, -1.166660000000000030e+00
1.091369999999999891e+03, -6.545109999999999539e-01
1.091380000000000109e+03, -3.939549999999999996e-02
1.091400000000000091e+03, -4.203830000000000067e-01
1.091420000000000073e+03, -5.590610000000000301e-01
1.091430000000000064e+03, 3.973929999999999962e-01
1.091450000000000045e+03, 5.575740000000000141e-01
1.091470000000000027e+03, 7.384239999999999693e-01
1.091480000000000018e+03, -2.017619999999999969e-01
1.091500000000000000e+03, 3.563680000000000181e-01
1.091519999999999982e+03, 6.073049999999999837e-01
1.091529999999999973e+03, 4.352199999999999819e-02
1.091549999999999955e+03, -1.284620000000000095e+00
1.091569999999999936e+03, -8.963670000000000249e-01
1.091579999999999927e+03, -1.028680000000000011e-01
1.091599999999999909e+03, 9.468370000000000397e-01
1.091619999999999891e+03, 3.267199999999999965e-02
1.091630000000000109e+03, 1.240350000000000064e+00
1.091650000000000091e+03, 9.026279999999999859e-01
1.091670000000000073e+03, 2.595529999999999782e-01
1.091680000000000064e+03, -9.291850000000000387e-01
1.091700000000000045e+03, 5.875709999999999544e-01
1.091720000000000027e+03, -1.129429999999999934e+00
1.091730000000000018e+03, -1.855779999999999985e+00
1.091750000000000000e+03, -2.936099999999999821e-01
1.091769999999999982e+03, 7.997150000000000092e-02
1.091779999999999973e+03, 3.530130000000000073e-02
1.091799999999999955e+03, -1.495809999999999917e-01
1.091819999999999936e+03, -6.485370000000000301e-01
1.091829999999999927e+03, -1.245039999999999925e+00
1.091849999999999909e+03, 8.007050000000000001e-01
1.091869999999999891e+03, 4.998070000000000290e-02
1.091880000000000109e+03, 2.193879999999999997e-01
1.091900000000000091e+03, -1.501969999999999972e-01
1.091920000000000073e+03, -6.892960000000000198e-01
1.091930000000000064e+03, -5.602279999999999760e-02
1.091950000000000045e+03, 4.060659999999999825e-01
1.091970000000000027e+03, -8.771160000000000068e-03
1.091980000000000018e+03, -9.703399999999999803e-01
1.092000000000000000e+03, 1.977270000000000139e-01
1.092019999999999982e+03, 9.266729999999999690e-01
1.092029999999999973e+03, 2.850199999999999956e-01
1.092049999999999955e+03, 2.098019999999999996e+00
1.092069999999999936e+03, -1.613860000000000072e+00
1.092079999999999927e+03, 3.274180000000000146e-02
1.092099999999999909e+03, -5.189369999999999816e-01
1.092119999999999891e+03, 2.649150000000000116e-01
1.092130000000000109e+03, 4.576319999999999832e-01
1.092150000000000091e+03, 4.975760000000000183e-01
1.092170000000000073e+03, 1.439959999999999907e+00
1.092180000000000064e+03, 1.052110000000000101e+00
1.092200000000000045e+03, 3.118210000000000148e-01
1.092220000000000027e+03, 8.373359999999999692e-01
1.092230000000000018e+03, -7.111100000000000199e-01
1.092250000000000000e+03, -2.001280000000000003e-01
